CUSIP,Ticker,Company,Shares,Delta_Shares,Value,Delta_Value,Delta,Portfolio%
88160R101,TSLA,TESLA INC,510127,510127,226.81M,226.81M,NEW,2.7%
780087102,RY,ROYAL BK CDA,1746400,1498000,257.18M,220.6M,+603.1%,3%
21873S108,CRWV,COREWEAVE INC,1454769,1454769,199.22M,199.22M,NEW,2.4%
891160509,TD,TORONTO DOMINION BK ONT,2451600,2408334,196.03M,192.57M,+5566.3%,2.3%
64110L106,NFLX,NETFLIX INC,231068,141333,276.91M,169.37M,+157.5%,3.3%
69608A108,PLTR,PALANTIR TECHNOLOGIES INC,1687875,911361,307.9M,166.25M,+117.4%,3.6%
136375102,CNI,CANADIAN NATL RY CO,1739700,1642700,164.04M,154.9M,+1693.5%,1.9%
N82405106,STLA,STELLANTIS N.V,14945564,14706375,137.89M,135.68M,+6148.4%,1.6%
56501R106,MFC,MANULIFE FINL CORP,4229500,4197592,131.74M,130.75M,+13155.3%,1.6%
770700102,HOOD,ROBINHOOD MKTS INC,1799296,880105,257.62M,126.01M,+95.7%,3%
G1151C101,ACN,ACCENTURE PLC IRELAND,497152,497152,122.62M,122.62M,NEW,1.5%
09857L108,BKNG,BOOKING HOLDINGS INC,20291,20291,109.46M,109.46M,NEW,1.3%
11135F101,AVGO,BROADCOM INC,331708,331708,109.4M,109.4M,NEW,1.3%
007903107,AMD,ADVANCED MICRO DEVICES INC,723392,562870,117.02M,91.05M,+350.6%,1.4%
907818108,UNP,UNION PAC CORP,382027,382027,90.28M,90.28M,NEW,1.1%
532457108,LLY,ELI LILLY & CO,115864,115864,88.33M,88.33M,NEW,1%
30303M102,META,META PLATFORMS INC,211578,109872,155.32M,80.66M,+108%,1.8%
496902404,KGC,KINROSS GOLD CORP,3232200,3232200,80.3M,80.3M,NEW,0.95%
40412C101,HCA,HCA HEALTHCARE INC,200999,182339,85.67M,77.72M,+977.2%,1%
500767306,KWEB,KRANESHARES TRUST,2377418,1849107,99.88M,77.68M,+350%,1.2%
464287523,SOXX,ISHARES TR,264625,260365,71.77M,70.62M,+6111.9%,0.85%
06849F108,B,BARRICK MNG CORP,3984800,2115800,130.76M,69.43M,+113.2%,1.5%
008474108,AEM,AGNICO EAGLE MINES LTD,406200,406200,68.47M,68.47M,NEW,0.81%
81369Y308,XLP,SELECT SECTOR SPDR TR,859020,859020,67.33M,67.33M,NEW,0.8%
L8681T102,SPOT,SPOTIFY TECHNOLOGY S A,87273,87273,60.91M,60.91M,NEW,0.72%
62914V106,NIO,NIO INC,7657001,7657001,58.31M,58.31M,NEW,0.69%
92189F676,SMH,VANECK ETF TRUST,179946,174754,58.73M,57.03M,+3365.8%,0.69%
N3167Y103,RACE,FERRARI N V,155352,117368,75.01M,56.67M,+309%,0.89%
92532F100,VRTX,VERTEX PHARMACEUTICALS INC,149908,131995,58.69M,51.68M,+736.9%,0.69%
149123101,CAT,CATERPILLAR INC,144789,103793,69.07M,49.51M,+253.2%,0.82%
172573107,CRCL,CIRCLE INTERNET GROUP INC,359270,359270,47.61M,47.61M,NEW,0.56%
00724F101,ADBE,ADOBE INC,207797,132173,73.3M,46.62M,+174.8%,0.87%
78464A631,XAR,SPDR SERIES TRUST,195732,195732,46.03M,46.03M,NEW,0.54%
03027X100,AMT,AMERICAN TOWER CORP NEW,244268,231129,46.96M,44.44M,+1759.1%,0.56%
46222L108,IONQ,IONQ INC,722407,722407,44.4M,44.4M,NEW,0.53%
N07059210,ASML,ASML HOLDING N V N Y REGISTRY,51882,41343,50.21M,40.01M,+392.3%,0.59%
80004C200,SNDK,SANDISK CORP,375653,355392,42.12M,39.85M,+1754.1%,0.5%
00214Q104,ARKK,ARK ETF TR,453929,453929,39.27M,39.27M,NEW,0.46%
46428Q109,SLV,ISHARES SILVER TR,960353,906747,40.68M,38.41M,+1691.5%,0.48%
58733R102,MELI,MERCADOLIBRE INC,40895,16241,95.57M,37.95M,+65.9%,1.1%
808513105,SCHW,SCHWAB CHARLES CORP,414898,374421,39.6M,35.73M,+925%,0.47%
450913108,IAG,IAMGOLD CORP,2670421,2616878,34.53M,33.84M,+4887.4%,0.41%
74347G192,SQQQ,PROSHARES TR,2189526,2189526,33.37M,33.37M,NEW,0.39%
36118L106,FUTU,FUTU HLDGS LTD,211407,188379,36.77M,32.76M,+818%,0.43%
722304102,PDD,PDD HOLDINGS INC,228754,228754,30.23M,30.23M,NEW,0.36%
146869102,CVNA,CARVANA CO,92515,76419,34.92M,28.85M,+474.8%,0.41%
803054204,SAP,SAP SE,106096,106096,28.36M,28.36M,NEW,0.34%
458140100,INTC,INTEL CORP,2107996,783054,70.7M,26.26M,+59.1%,0.84%
98138H101,WDAY,WORKDAY INC,105510,105510,25.4M,25.4M,NEW,0.3%
110122108,BMY,BRISTOL-MYERS SQUIBB CO,532436,532436,24.01M,24.01M,NEW,0.28%
87241L109,TFII,TFI INTL INC,273700,267155,24.1M,23.52M,+4081.8%,0.29%
29250N105,ENB,ENBRIDGE INC,504100,458259,25.43M,23.12M,+999.7%,0.3%
464288760,ITA,ISHARES TR,108837,108837,22.78M,22.78M,NEW,0.27%
00214Q401,ARKW,ARK ETF TR,129639,129639,22.63M,22.63M,NEW,0.27%
872590104,TMUS,T-MOBILE US INC,96141,94183,23.01M,22.54M,+4810.2%,0.27%
04016X101,ARGX,ARGENX SE,50603,30102,37.33M,22.21M,+146.8%,0.44%
02043Q107,ALNY,ALNYLAM PHARMACEUTICALS INC,48920,47033,22.3M,21.44M,+2492.5%,0.26%
35671D857,FCX,FREEPORT-MCMORAN INC,554538,537750,21.75M,21.09M,+3203.2%,0.26%
911312106,UPS,UNITED PARCEL SERVICE INC,320161,241332,26.74M,20.16M,+306.1%,0.32%
478160104,JNJ,JOHNSON & JOHNSON,105744,105744,19.6M,19.6M,NEW,0.23%
19260Q107,COIN,COINBASE GLOBAL INC,207137,56097,69.91M,18.93M,+37.1%,0.83%
539830109,LMT,LOCKHEED MARTIN CORP,52907,37123,26.41M,18.53M,+235.2%,0.31%
337738108,FISV,FISERV INC,478890,143193,61.74M,18.46M,+42.7%,0.73%
29446Y502,EQX,EQUINOX GOLD CORP,1868151,1610651,20.95M,18.07M,+625.5%,0.25%
55024U109,LITE,LUMENTUM HLDGS INC,110188,110188,17.93M,17.93M,NEW,0.21%
26922A420,QTUM,ETF SER SOLUTIONS DEFIANCE QUANTUM,222448,168976,23.33M,17.72M,+316%,0.28%
78468R556,XOP,SPDR SERIES TRUST,222891,129890,29.46M,17.17M,+139.7%,0.35%
126408103,CSX,CSX CORP,468978,468978,16.64M,16.64M,NEW,0.2%
74347W601,UGL,PROSHARES TR II,356000,356000,16.39M,16.39M,NEW,0.19%
345370860,F,FORD MTR CO,2567646,1331828,30.7M,15.92M,+107.8%,0.36%
92204A306,VDE,VANGUARD WORLD FD,126011,126011,15.86M,15.86M,NEW,0.19%
92189F411,BIZD,VANECK ETF TRUST,1061303,1061303,15.85M,15.85M,NEW,0.19%
249906108,DSGX,DESCARTES SYS GROUP INC,165700,165700,15.6M,15.6M,NEW,0.18%
46120E602,ISRG,INTUITIVE SURGICAL INC,34685,34685,15.51M,15.51M,NEW,0.18%
46137V100,PPA,INVESCO EXCHANGE TRADED FD T,98137,98137,15.26M,15.26M,NEW,0.18%
697435105,PANW,PALO ALTO NETWORKS INC,72859,72859,14.83M,14.83M,NEW,0.18%
958102105,WDC,WESTERN DIGITAL CORP,121308,121308,14.56M,14.56M,NEW,0.17%
166764100,CVX,CHEVRON CORP NEW,93770,93770,14.56M,14.56M,NEW,0.17%
595112103,MU,MICRON TECHNOLOGY INC,778302,84644,130.26M,14.17M,+12.2%,1.5%
02376R102,AAL,AMERICAN AIRLS GROUP INC,1243925,1228359,13.97M,13.79M,+7891.3%,0.17%
67077M108,NTR,NUTRIEN LTD,240709,234722,14.14M,13.78M,+3920.5%,0.17%
91913Y100,VLO,VALERO ENERGY CORP,85829,78327,14.61M,13.33M,+1044.1%,0.17%
90384S303,ULTA,ULTA BEAUTY INC,35238,23657,19.27M,12.93M,+204.3%,0.23%
036752103,ELV,ELEVANCE HEALTH INC FORMERLY,116874,39630,37.77M,12.81M,+51.3%,0.45%
81369Y506,XLE,SELECT SECTOR SPDR TR,142222,142222,12.7M,12.7M,NEW,0.15%
78464A698,KRE,SPDR SERIES TRUST,200376,200376,12.68M,12.68M,NEW,0.15%
46429B598,INDA,ISHARES TR,243579,243579,12.68M,12.68M,NEW,0.15%
366651107,IT,GARTNER INC,48098,48098,12.64M,12.64M,NEW,0.15%
92189H805,REMX,VANECK ETF TRUST,212795,182497,13.99M,12M,+602.3%,0.17%
Q4982L109,IREN,IREN LIMITED,255802,255802,12M,12M,NEW,0.14%
46625H100,JPM,JPMORGAN CHASE & CO.,90195,37673,28.44M,11.88M,+71.7%,0.34%
747525103,QCOM,QUALCOMM INC,70664,70664,11.76M,11.76M,NEW,0.14%
90353T100,UBER,UBER TECHNOLOGIES INC,403780,117422,39.54M,11.5M,+41%,0.47%
83671M105,SOBO,SOUTH BOW CORP,467000,406302,13.21M,11.5M,+669.4%,0.16%
438516106,HON,HONEYWELL INTL INC,53089,53089,11.18M,11.18M,NEW,0.13%
H1467J104,CB,CHUBB LIMITED,39382,39382,11.11M,11.11M,NEW,0.13%
60937P106,MDB,MONGODB INC,53110,35208,16.49M,10.93M,+196.7%,0.2%
773121108,RKLB,ROCKET LAB CORP,391213,214158,18.75M,10.26M,+121%,0.22%
76655K103,RGTI,RIGETTI COMPUTING INC,825139,338578,24.6M,10.09M,+69.6%,0.29%
76954A103,RIVN,RIVIAN AUTOMOTIVE INC,686421,686421,10.07M,10.07M,NEW,0.12%
464288794,IAI,ISHARES TR,56881,56881,10.05M,10.05M,NEW,0.12%
09290D101,BLK,BLACKROCK INC,8937,8503,10.42M,9.91M,+1959.2%,0.12%
04626A103,ALAB,ASTERA LABS INC,50206,50206,9.84M,9.84M,NEW,0.12%
56585A102,MPC,MARATHON PETE CORP,50747,50747,9.78M,9.78M,NEW,0.12%
25459W862,SPXL,DIREXION,61207,45295,12.96M,9.59M,+284.7%,0.15%
464287226,AGG,ISHARES TR,93291,93291,9.35M,9.35M,NEW,0.11%
12532H104,GIB,CGI INC,102500,102500,9.13M,9.13M,NEW,0.11%
03076C106,AMP,AMERIPRISE FINL INC,18240,18240,8.96M,8.96M,NEW,0.11%
49177J102,KVUE,KENVUE INC,547686,547686,8.89M,8.89M,NEW,0.11%
922042718,VSS,VANGUARD INTL EQUITY INDEX F FTSE SMCAP ETF,67864,61965,9.67M,8.83M,+1050.4%,0.11%
22822V101,CCI,CROWN CASTLE INC,93865,90508,9.06M,8.73M,+2696.1%,0.11%
81369Y100,XLB,SELECT SECTOR SPDR TR,96747,96747,8.67M,8.67M,NEW,0.1%
77543R102,ROKU,ROKU INC,134501,83218,13.47M,8.33M,+162.3%,0.16%
36317J209,GLXY,GALAXY DIGITAL INC.,237890,237890,8.04M,8.04M,NEW,0.1%
00214Q708,ARKF,ARK ETF TR,132499,132499,7.54M,7.54M,NEW,0.09%
219350105,GLW,CORNING INC,111953,88469,9.18M,7.26M,+376.7%,0.11%
78464A714,XRT,SPDR SERIES TRUST,81995,81995,7.07M,7.07M,NEW,0.08%
244199105,DE,DEERE & CO,15296,15296,6.99M,6.99M,NEW,0.08%
097023105,BA,BOEING CO,192936,32383,41.64M,6.99M,+20.2%,0.49%
G9572D103,BULL,WEBULL CORP,496011,452558,7.33M,6.69M,+1041.5%,0.09%
595017104,MCHP,MICROCHIP TECHNOLOGY INC.,102997,102997,6.61M,6.61M,NEW,0.08%
26922A842,JETS,ETF SER SOLUTIONS US GLB JETS,263936,263936,6.51M,6.51M,NEW,0.08%
152006102,CGAU,CENTERRA GOLD INC,916837,605037,9.83M,6.49M,+194%,0.12%
46138E800,CQQQ,INVESCO EXCH TRADED FD TR,124840,107605,7.37M,6.35M,+624.3%,0.09%
921937835,BND,VANGUARD BD INDEX FDS,84168,84168,6.26M,6.26M,NEW,0.07%
443628102,HBM,HUDBAY MINERALS INC,442566,410679,6.71M,6.22M,+1287.9%,0.08%
31946M103,FCNCA,FIRST CTZNS BANCSHARES INC D,3433,3433,6.15M,6.15M,NEW,0.07%
464287440,IEF,ISHARES TR,61593,61593,5.94M,5.94M,NEW,0.07%
33733E807,FCG,FIRST TR,251539,251539,5.9M,5.9M,NEW,0.07%
07317Q105,BTE,BAYTEX ENERGY CORP,2855200,2521962,6.67M,5.89M,+756.8%,0.08%
G7997R103,STX,SEAGATE TECHNOLOGY HLDNGS PL,24685,24685,5.83M,5.83M,NEW,0.07%
464287465,EFA,ISHARES TR,60788,60788,5.68M,5.68M,NEW,0.07%
015658107,ASTL,ALGOMA STL GROUP INC,1529100,1518530,5.44M,5.4M,+14366.4%,0.06%
68236H204,ONDS,ONDAS HLDGS INC,1064702,699311,8.21M,5.39M,+191.4%,0.1%
46429B606,EPOL,ISHARES TR,163409,163409,5.27M,5.27M,NEW,0.06%
518439104,EL,LAUDER ESTEE COS INC,107297,58476,9.46M,5.15M,+119.8%,0.11%
58506Q109,MEDP,MEDPACE HLDGS INC,9986,9986,5.13M,5.13M,NEW,0.06%
H2927K103,AMRZ,AMRIZE LTD,105667,105667,5.13M,5.13M,NEW,0.06%
G4124C109,GRAB,GRAB HOLDINGS LIMITED CLASS A,1664748,841964,10.01M,5.06M,+102.3%,0.12%
464286533,EEMV,ISHARES INC,78874,78874,5.03M,5.03M,NEW,0.06%
46138E628,KBWB,INVESCO EXCH TRADED FD TR,62942,62942,4.92M,4.92M,NEW,0.06%
01921D204,AAUC,ALLIED GOLD CORP,601497,279000,10.51M,4.88M,+86.5%,0.12%
14448C104,CARR,CARRIER GLOBAL CORPORATION,80953,80953,4.83M,4.83M,NEW,0.06%
12514G108,CDW,CDW CORP,30307,30307,4.83M,4.83M,NEW,0.06%
46641Q332,JEPI,J P MORGAN EXCHANGE TRADED F EQUITY PREMIUM,126398,83482,7.22M,4.77M,+194.5%,0.09%
11777Q209,BTG,B2GOLD CORP,1642000,954377,8.12M,4.72M,+138.8%,0.1%
46434G822,EWJ,ISHARES INC,58593,58593,4.7M,4.7M,NEW,0.06%
053332102,AZO,AUTOZONE INC,1093,1093,4.69M,4.69M,NEW,0.06%
718172109,PM,PHILIP MORRIS INTL INC,73912,28589,11.99M,4.64M,+63.1%,0.14%
37960A529,SHLD,GLOBAL X FDS,399221,65556,28.04M,4.6M,+19.6%,0.33%
74347G440,BITO,PROSHARES TR,233612,233612,4.6M,4.6M,NEW,0.05%
78464A870,XBI,SPDR SERIES TRUST,45501,45501,4.56M,4.56M,NEW,0.05%
37045V100,GM,GENERAL MTRS CO,105148,72214,6.41M,4.4M,+219.3%,0.08%
M2682V108,CYBR,CYBERARK SOFTWARE LTD,9039,9039,4.37M,4.37M,NEW,0.05%
55354G100,MSCI,MSCI INC,7674,7674,4.36M,4.36M,NEW,0.05%
464288661,IEI,ISHARES TR,35819,35819,4.28M,4.28M,NEW,0.05%
46438F101,IBIT,ISHARES BITCOIN TRUST ETF,65525,65525,4.26M,4.26M,NEW,0.05%
952845105,WFG,WEST FRASER TIMBER CO LTD,60600,60600,4.12M,4.12M,NEW,0.05%
45841N107,IBKR,INTERACTIVE BROKERS GROUP IN,58847,58847,4.05M,4.05M,NEW,0.05%
644535106,NGD,NEW GOLD INC CDA,933710,557310,6.7M,4M,+148.1%,0.08%
247361702,DAL,DELTA AIR LINES INC DEL,96872,69601,5.5M,3.95M,+255.2%,0.07%
74347Y730,VIXY,PROSHARES TR II,119876,119876,3.86M,3.86M,NEW,0.05%
92206C870,VCIT,VANGUARD SCOTTSDALE FDS,43395,43395,3.65M,3.65M,NEW,0.04%
002824100,ABT,ABBOTT LABS,26550,26550,3.56M,3.56M,NEW,0.04%
47215P106,JD,JD.COM INC,282479,101250,9.88M,3.54M,+55.9%,0.12%
732908108,PONY,PONY AI INC,153750,153750,3.46M,3.46M,NEW,0.04%
74347X823,UDOW,PROSHARES TR,32251,32251,3.46M,3.46M,NEW,0.04%
464287812,IYK,ISHARES TR,48449,48449,3.31M,3.31M,NEW,0.04%
233912104,DJCO,DAILY JOURNAL CORP,7055,7055,3.29M,3.29M,NEW,0.04%
46641Q217,BBJP,J P MORGAN EXCHANGE TRADED F BETABULDRS JAPAN,49379,49379,3.27M,3.27M,NEW,0.04%
87612E106,TGT,TARGET CORP,106330,36459,9.54M,3.27M,+52.2%,0.11%
94419L101,W,WAYFAIR INC,78056,35097,6.97M,3.14M,+81.7%,0.08%
72346Q104,PNFP,PINNACLE FINL PARTNERS INC,32788,32788,3.07M,3.07M,NEW,0.04%
46434G772,EWT,ISHARES INC,47934,47934,3.05M,3.05M,NEW,0.04%
384637104,GHC,GRAHAM HLDGS CO,3332,2585,3.93M,3.05M,+346.1%,0.05%
33733E500,QCLN,FIRST TR,72333,72333,3.03M,3.03M,NEW,0.04%
256677105,DG,DOLLAR GEN CORP NEW,71229,29042,7.36M,3M,+68.8%,0.09%
316092402,FENY,FIDELITY COVINGTON TRUST,387630,120076,9.59M,2.97M,+44.9%,0.11%
91912E105,VALE,VALE S A,614557,273203,6.68M,2.97M,+80%,0.08%
654106103,NKE,NIKE INC,42045,42045,2.93M,2.93M,NEW,0.03%
25460G500,GUSH,DIREXION,116483,116483,2.86M,2.86M,NEW,0.03%
00162Q452,AMLP,ALPS ETF TR,58890,58890,2.77M,2.77M,NEW,0.03%
016255101,ALGN,ALIGN TECHNOLOGY INC,21850,21850,2.74M,2.74M,NEW,0.03%
15135B101,CNC,CENTENE CORP DEL,138524,75696,4.94M,2.7M,+120.5%,0.06%
922042858,VWO,VANGUARD INTL EQUITY INDEX F FTSE EMR MKT ETF,49590,49590,2.69M,2.69M,NEW,0.03%
477143101,JBLU,JETBLUE AWYS CORP,540779,540779,2.66M,2.66M,NEW,0.03%
403949100,DINO,HF SINCLAIR CORP,58242,50609,3.05M,2.65M,+663%,0.04%
92204A207,VDC,VANGUARD WORLD FD,12286,12286,2.63M,2.63M,NEW,0.03%
884903808,TRI,THOMSON REUTERS CORP,16900,16900,2.62M,2.62M,NEW,0.03%
536797103,LAD,LITHIA MTRS INC,8289,8289,2.62M,2.62M,NEW,0.03%
743315103,PGR,PROGRESSIVE CORP,10577,10577,2.61M,2.61M,NEW,0.03%
29414B104,EPAM,EPAM SYS INC,28275,16845,4.26M,2.54M,+147.4%,0.05%
256163106,DOCU,DOCUSIGN INC,35069,35069,2.53M,2.53M,NEW,0.03%
92189F817,VNM,VANECK ETF TRUST,275634,141950,4.91M,2.53M,+106.2%,0.06%
219948106,CPAY,CORPAY INC,8458,8458,2.44M,2.44M,NEW,0.03%
666807102,NOC,NORTHROP GRUMMAN CORP,7680,3918,4.68M,2.39M,+104.1%,0.06%
57060D108,MKTX,MARKETAXESS HLDGS INC,24639,13653,4.29M,2.38M,+124.3%,0.05%
20337X109,VISN,COMMSCOPE HLDG CO INC,152731,152731,2.36M,2.36M,NEW,0.03%
46429B671,MCHI,ISHARES TR,198399,35741,13.06M,2.35M,+22%,0.15%
653656108,NICE,NICE LTD,16243,16243,2.35M,2.35M,NEW,0.03%
398905109,GPI,GROUP 1 AUTOMOTIVE INC,10129,5190,4.43M,2.27M,+105.1%,0.05%
25460E661,DFEN,DIREXION,66876,32773,4.61M,2.26M,+96.1%,0.05%
580135101,MCD,MCDONALDS CORP,19667,7396,5.98M,2.25M,+60.3%,0.07%
25459Y694,FAS,DIREXION,12605,12605,2.25M,2.25M,NEW,0.03%
81369Y407,XLY,SELECT SECTOR SPDR TR,9314,9314,2.23M,2.23M,NEW,0.03%
74348A210,RWM,PROSHARES TR,131243,131243,2.2M,2.2M,NEW,0.03%
09075V102,BNTX,BIONTECH SE,22203,22203,2.19M,2.19M,NEW,0.03%
03064D108,COLD,AMERICOLD REALTY TRUST INC,199009,178695,2.44M,2.19M,+879.7%,0.03%
617700109,MORN,MORNINGSTAR INC,9300,9300,2.16M,2.16M,NEW,0.03%
25461A494,TECS,DIREXION,110774,110774,2.15M,2.15M,NEW,0.03%
900111204,TKC,TURKCELL ILETISIM HIZMETLERI,417557,356211,2.51M,2.14M,+580.7%,0.03%
30290Y101,FSCO,FS CREDIT OPPORTUNITIES CORP,316147,305303,2.18M,2.11M,+2815.4%,0.03%
21036P108,STZ,CONSTELLATION BRANDS INC,15483,15483,2.08M,2.08M,NEW,0.02%
60770K107,MRNA,MODERNA INC,146053,80710,3.77M,2.08M,+123.5%,0.04%
36352H100,GAU,GALIANO GOLD INC,1390134,943634,3.03M,2.05M,+211.3%,0.04%
40415F101,HDB,HDFC BANK LTD,59477,59477,2.03M,2.03M,NEW,0.02%
37954Y236,DTCR,GLOBAL X FDS,97807,97807,2M,2M,NEW,0.02%
00130H105,AES,AES CORP,147191,147191,1.94M,1.94M,NEW,0.02%
981419104,WRLD,WORLD ACCEP CORPORATION,11354,11354,1.93M,1.93M,NEW,0.02%
099502106,BAH,BOOZ ALLEN HAMILTON HLDG COR,28240,19263,2.82M,1.93M,+214.6%,0.03%
64828T201,RITM,RITHM CAPITAL CORP,168637,168637,1.92M,1.92M,NEW,0.02%
921937819,BIV,VANGUARD BD INDEX FDS,24572,24572,1.92M,1.92M,NEW,0.02%
92206C409,VCSH,VANGUARD SCOTTSDALE FDS SHRT TRM CORP,23896,23896,1.91M,1.91M,NEW,0.02%
53656F383,SPRX,LISTED FDS TR,49563,49563,1.91M,1.91M,NEW,0.02%
278768106,ECHO,ECHOSTAR CORP,24990,24990,1.91M,1.91M,NEW,0.02%
M3760D101,ESLT,ELBIT SYS LTD,16606,3730,8.46M,1.9M,+29%,0.1%
03214Q108,AMPX,AMPRIUS TECHNOLOGIES INC,180197,180197,1.9M,1.9M,NEW,0.02%
46434V613,IUSB,ISHARES TR,40440,40440,1.89M,1.89M,NEW,0.02%
45167R104,IEX,IDEX CORP,11584,11584,1.89M,1.89M,NEW,0.02%
16935C109,CHYM,CHIME FINL INC COM,91490,91490,1.85M,1.85M,NEW,0.02%
74347Y797,SCO,PROSHARES TR II,105865,105865,1.84M,1.84M,NEW,0.02%
00971T101,AKAM,AKAMAI TECHNOLOGIES INC,24258,24258,1.84M,1.84M,NEW,0.02%
26853E102,EH,EHANG HLDGS LTD,132176,96542,2.46M,1.79M,+270.9%,0.03%
921078101,OUNZ,VANECK MERK GOLD ETF GOLD,684538,48199,25.46M,1.79M,+7.6%,0.3%
92189F452,MORT,VANECK ETF TRUST,166069,166069,1.79M,1.79M,NEW,0.02%
500255104,KSS,KOHLS CORP,114051,114051,1.75M,1.75M,NEW,0.02%
446413106,HII,HUNTINGTON INGALLS INDS INC,5918,5918,1.7M,1.7M,NEW,0.02%
66987E206,NG,NOVAGOLD RES INC,200751,189967,1.78M,1.68M,+1761.6%,0.02%
09261X102,BXSL,BLACKSTONE SECD LENDING FD,64250,64250,1.68M,1.68M,NEW,0.02%
679580100,ODFL,OLD DOMINION FREIGHT LINE IN,11704,11704,1.65M,1.65M,NEW,0.02%
74967X103,RH,RH,8017,8017,1.63M,1.63M,NEW,0.02%
G7486J109,VNTG,VANTAGE CORP,220132,220132,1.6M,1.6M,NEW,0.02%
55826T102,SPHR,SPHERE ENTERTAINMENT CO,25653,25653,1.59M,1.59M,NEW,0.02%
31620M106,FIS,FIDELITY NATL INFORMATION SV,23826,23826,1.57M,1.57M,NEW,0.02%
78464A755,XME,SPDR SERIES TRUST,16684,16684,1.55M,1.55M,NEW,0.02%
46138E511,PGX,INVESCO EXCH TRADED FD TR,133629,133629,1.55M,1.55M,NEW,0.02%
52490G102,LEGN,LEGEND BIOTECH CORP,47278,47278,1.54M,1.54M,NEW,0.02%
46434G780,EWS,ISHARES INC,51889,51889,1.47M,1.47M,NEW,0.02%
72919P202,PLUG,PLUG POWER INC,915906,625694,2.14M,1.46M,+215.6%,0.03%
29269R105,EFXT,ENERFLEX LTD,133509,133509,1.44M,1.44M,NEW,0.02%
302635206,FSK,FS KKR CAP CORP,94939,94939,1.42M,1.42M,NEW,0.02%
171757206,CDTX,CIDARA THERAPEUTICS INC,31398,14514,3M,1.39M,+86%,0.04%
G92Y4F100,UFG,UNI-FUELS HLDGS LTD,165935,165935,1.38M,1.38M,NEW,0.02%
654484609,NB,NIOCORP DEVS LTD,203665,203665,1.36M,1.36M,NEW,0.02%
68902V107,OTIS,OTIS WORLDWIDE CORP,14710,14710,1.34M,1.34M,NEW,0.02%
69318G106,PBF,PBF ENERGY INC,44427,44427,1.34M,1.34M,NEW,0.02%
014752109,ALX,ALEXANDERS INC,7091,5684,1.67M,1.33M,+404%,0.02%
00214Q302,ARKG,ARK ETF TR,48028,48028,1.33M,1.33M,NEW,0.02%
923725105,VET,VERMILION ENERGY INC,170700,170700,1.33M,1.33M,NEW,0.02%
04351P101,ASND,ASCENDIS PHARMA A/S,6531,6531,1.3M,1.3M,NEW,0.02%
92828Q109,VRTS,VIRTUS INVT PARTNERS INC,8539,6752,1.62M,1.28M,+377.8%,0.02%
33734X127,FXN,FIRST TR EXCHANGE TRADED FD,222036,77794,3.62M,1.27M,+53.9%,0.04%
05329W102,AN,AUTONATION INC,11301,5761,2.47M,1.26M,+104%,0.03%
25434V732,DFEM,DIMENSIONAL ETF TRUST,39205,39205,1.26M,1.26M,NEW,0.01%
688239201,OSK,OSHKOSH CORP,9483,9483,1.23M,1.23M,NEW,0.01%
003260106,PPLT,ABRDN PLATINUM ETF TRUST,8601,8601,1.23M,1.23M,NEW,0.01%
09174C104,BITB,BITWISE BITCOIN ETF TR,19263,19263,1.2M,1.2M,NEW,0.01%
87161C501,SNV,SYNOVUS FINL CORP,24029,24029,1.18M,1.18M,NEW,0.01%
09175A206,BMNR,BITMINE IMMERSION TECNOLOGIE,22396,22396,1.16M,1.16M,NEW,0.01%
46434G103,IEMG,ISHARES INC,17245,17245,1.14M,1.14M,NEW,0.01%
92206C706,VGIT,VANGUARD SCOTTSDALE FDS,18809,18809,1.13M,1.13M,NEW,0.01%
284902509,EGO,ELDORADO GOLD CORP NEW,39000,39000,1.13M,1.13M,NEW,0.01%
38748T103,PLTM,GRANITESHARES PLATINUM TR,73753,73753,1.12M,1.12M,NEW,0.01%
15643U104,LEU,CENTRUS ENERGY CORP,3584,3584,1.11M,1.11M,NEW,0.01%
759351604,RGA,REINSURANCE GRP OF AMERICA I,10196,5712,1.96M,1.1M,+127.4%,0.02%
356390104,FRHC,FREEDOM HLDG CORP NEV,6351,6351,1.09M,1.09M,NEW,0.01%
372303206,GMAB,GENMAB A/S,35502,35502,1.09M,1.09M,NEW,0.01%
83356Q108,SY,SO YOUNG INTERNATIONAL INC,279801,279801,1.08M,1.08M,NEW,0.01%
97717W851,DXJ,WISDOMTREE TR,13213,8404,1.69M,1.08M,+174.8%,0.02%
25460G328,DRIP,DIREXION,124998,124998,1.07M,1.07M,NEW,0.01%
63010H108,NNE,NANO NUCLEAR ENERGY INC,27708,27708,1.07M,1.07M,NEW,0.01%
46641Q225,BBCA,J P MORGAN EXCHANGE TRADED F BETABUILDERS CDA,15740,12222,1.37M,1.07M,+347.4%,0.02%
48241A105,KB,KB FINL GROUP INC,12791,12791,1.06M,1.06M,NEW,0.01%
G00894108,ARX,ACCELERANT HOLDINGS,70759,70759,1.05M,1.05M,NEW,0.01%
00751Y106,AAP,ADVANCE AUTO PARTS INC,17131,17131,1.05M,1.05M,NEW,0.01%
969904101,WSM,WILLIAMS SONOMA INC,5323,5323,1.04M,1.04M,NEW,0.01%
298736109,EEFT,EURONET WORLDWIDE INC,11468,11468,1.01M,1.01M,NEW,0.01%
15102K100,CELC,CELCUITY INC,20265,20265,1M,1M,NEW,0.01%
191098102,COKE,COCA COLA CONS INC,8529,8529,999.51K,999.51K,NEW,0.01%
404251100,HNI,HNI CORP,20899,20899,979.33K,979.33K,NEW,0.01%
69121K104,OBDC,BLUE OWL CAPITAL CORPORATION,76086,76086,970.48K,970.48K,NEW,0.01%
21871X109,CRBG,COREBRIDGE FINL INC,29880,29880,957.8K,957.8K,NEW,0.01%
78410G104,SBAC,SBA COMMUNICATIONS CORP NEW,4841,4841,935.91K,935.91K,NEW,0.01%
78397Q109,SES,SES AI CORPORATION,553525,553525,924.39K,924.39K,NEW,0.01%
78435P105,SEZL,SEZZLE INC,11603,11603,922.9K,922.9K,NEW,0.01%
832248207,SFD,SMITHFIELD FOODS INC,47236,38723,1.11M,909.22K,+454.9%,0.01%
36315X101,LKFT,GALAPAGOS NV,26245,26245,909.13K,909.13K,NEW,0.01%
464286806,EWG,ISHARES INC,21771,21771,906.22K,906.22K,NEW,0.01%
M7516K103,NVMI,NOVA LTD,2824,2824,902.72K,902.72K,NEW,0.01%
33738R704,AIRR,FIRST TR EXCHANGE TRADED FD,9237,9237,893.59K,893.59K,NEW,0.01%
G5225N100,FMFC,KANDAL M VENTURE LTD,60077,60077,884.93K,884.93K,NEW,0.01%
37940X102,GPN,GLOBAL PMTS INC,20611,10593,1.71M,880.54K,+105.7%,0.02%
808524763,FNDA,SCHWAB STRATEGIC TR,27883,27883,869.11K,869.11K,NEW,0.01%
08986R408,BHA,BIGLARI HLDGS INC,560,560,865.58K,865.58K,NEW,0.01%
528877103,LX,LEXINFINTECH HLDGS LTD,185754,158568,991.93K,846.75K,+583.3%,0.01%
76155X100,RVMD,REVOLUTION MEDICINES INC,17874,17874,834.63K,834.63K,NEW,<.01%
72201R833,MINT,PIMCO ETF TR,8275,8275,833.25K,833.25K,NEW,<.01%
302130109,EXPD,EXPEDITORS INTL WASH INC,6649,6649,815.43K,815.43K,NEW,<.01%
61774A103,MSDL,MORGAN STANLEY DIRECT LENDIN,50699,50699,814.73K,814.73K,NEW,<.01%
740444104,PLPC,PREFORMED LINE PRODS CO,4142,4142,810.96K,810.96K,NEW,<.01%
40090E106,CIB,GRUPO CIBEST SA,15268,15268,792.87K,792.87K,NEW,<.01%
36165L108,GDS,GDS HLDGS LTD,20453,20453,791.74K,791.74K,NEW,<.01%
921910725,VSGX,VANGUARD WORLD FD,11393,11393,790.22K,790.22K,NEW,<.01%
00214Q203,ARKQ,ARK ETF TR,7080,7080,789.77K,789.77K,NEW,<.01%
29415C101,EOSE,EOS ENERGY ENTERPRISES INC,69260,69260,787.49K,787.49K,NEW,<.01%
91531W106,TIGR,UP FINTECH HLDG LTD,130200,72948,1.39M,777.63K,+127.4%,0.02%
10948W103,AAMI,ACADIAN ASSET MANAGEMENT INC,16012,16012,770.98K,770.98K,NEW,<.01%
445658107,JBHT,HUNT J B TRANS SVCS INC,5714,5714,766.42K,766.42K,NEW,<.01%
92707Y108,VFF,VILLAGE FARMS INTL INC,256103,241593,801.6K,756.19K,+1665%,<.01%
L44385109,GLOB,GLOBANT S A,13150,13150,755.21K,755.21K,NEW,<.01%
G75398100,RZLV,REZOLVE AI PLC,150999,150999,755K,755K,NEW,<.01%
577933104,MMS,MAXIMUS INC,13470,8195,1.23M,748.86K,+155.4%,0.01%
015857105,AQN,ALGONQUIN PWR UTILS CORP,172600,136867,926.43K,734.63K,+383%,0.01%
67577C105,OCGN,OCUGEN INC,451582,451582,733.82K,733.82K,NEW,<.01%
00191U102,EFOR,ASGN INC,28333,15255,1.34M,722.32K,+116.6%,0.02%
92347M100,VERI,VERITONE INC,148530,148530,715.91K,715.91K,NEW,<.01%
53566V106,LINE,LINEAGE INC,18337,18337,709.27K,709.27K,NEW,<.01%
591774104,MCB,METROPOLITAN BK HLDG CORP,9464,9464,707.67K,707.67K,NEW,<.01%
209115104,ED,CONSOLIDATED EDISON INC,6980,6980,701.49K,701.49K,NEW,<.01%
001084102,AGCO,AGCO CORP,6435,6435,688.8K,688.8K,NEW,<.01%
56418H100,MAN,MANPOWERGROUP INC WIS,18100,18100,685.9K,685.9K,NEW,<.01%
G6564A105,NOMD,NOMAD FOODS LTD,52137,52137,685.6K,685.6K,NEW,<.01%
71377E105,PHLT,PERFORMANT HEALTHCARE INC,88715,88715,685.32K,685.32K,NEW,<.01%
48020Q107,JLL,JONES LANG LASALLE INC,3233,2290,963.47K,682.44K,+242.8%,0.01%
46434G848,PICK,ISHARES INC,15185,15185,676.04K,676.04K,NEW,<.01%
37637K108,GTLB,GITLAB INC CLASS A,14985,14985,675.22K,675.22K,NEW,<.01%
76680V108,REI,RING ENERGY INC,616493,616493,668.89K,668.89K,NEW,<.01%
63942X106,NVTS,NAVITAS SEMICONDUCTOR CORP,92480,92480,668.17K,668.17K,NEW,<.01%
784305104,HTO,H2O AMERICA,13662,13662,665.61K,665.61K,NEW,<.01%
47103J105,JANX,JANUX THERAPEUTICS INC,26861,26861,656.48K,656.48K,NEW,<.01%
12618T105,CRAI,CRA INTL INC,3141,3141,655.31K,655.31K,NEW,<.01%
46435G342,REM,ISHARES TR,29748,29748,653.27K,653.27K,NEW,<.01%
011311107,ALG,ALAMO GROUP INC,3405,3405,649.44K,649.44K,NEW,<.01%
G6007A100,MSGY,MASONGLORY LTD,31781,31781,647.38K,647.38K,NEW,<.01%
Y4600W108,KARO,KAROOOOO LTD,18871,11286,1.08M,645K,+148.8%,0.01%
872280102,CGBD,CARLYLE SECURED LENDING INC,51610,51610,644.61K,644.61K,NEW,<.01%
45256X103,IBRX,IMMUNITYBIO INC,262391,262391,642.86K,642.86K,NEW,<.01%
30049H102,EVLV,EVOLV TECHNOLOGIES HLDNGS IN,84056,84056,634.2K,634.2K,NEW,<.01%
464287234,EEM,ISHARES TR,11787,11787,629.01K,629.01K,NEW,<.01%
46432F842,IEFA,ISHARES TR,7135,7135,622.74K,622.74K,NEW,<.01%
040919102,ARKB,ARK 21SHARES BITCOIN ETF,16366,16366,622.24K,622.24K,NEW,<.01%
33737A108,GRID,FIRST TR EXCHANGE TRADED FD,4110,4110,620.77K,620.77K,NEW,<.01%
533900106,LECO,LINCOLN ELEC HLDGS INC,2623,2623,618.48K,618.48K,NEW,<.01%
48268K101,KT,KT CORP,31167,31167,607.29K,607.29K,NEW,<.01%
824596100,SHG,SHINHAN FINANCIAL GROUP CO L SPN,12038,12038,606.23K,606.23K,NEW,<.01%
742718109,PG,PROCTER AND GAMBLE CO,3908,3908,600.31K,600.31K,NEW,<.01%
47089W104,AIFC,ALT5 SIGMA CORP,222867,222867,599.51K,599.51K,NEW,<.01%
91733P107,USAR,USA RARE EARTH INC,34645,34645,595.55K,595.55K,NEW,<.01%
535555106,LNN,LINDSAY CORP,4221,4221,594.11K,594.11K,NEW,<.01%
G79483106,LAES,SEALSQ CORP,158005,158005,593.31K,593.31K,NEW,<.01%
00138L108,RERE,ATRENEW INC,128660,128660,593.12K,593.12K,NEW,<.01%
19240Q201,COGT,COGENT BIOSCIENCES INC,40475,40475,580.82K,580.82K,NEW,<.01%
G0403H108,AON,AON PLC,1628,1628,580.27K,580.27K,NEW,<.01%
46137V134,PBW,INVESCO EXCHANGE TRADED FD T,20010,20010,576.69K,576.69K,NEW,<.01%
74460D109,PSA,PUBLIC STORAGE OPER CO,1996,1996,576.49K,576.49K,NEW,<.01%
M46528101,FRO,FRONTLINE PLC,25225,25225,575K,575K,NEW,<.01%
502175102,LTC,LTC PPTYS INC,15431,15431,568.63K,568.63K,NEW,<.01%
45245E109,IMAX,IMAX CORP,17234,17234,564.24K,564.24K,NEW,<.01%
559166103,MGIC,MAGIC SOFTWARE ENTERPRISES L,27496,27496,560.92K,560.92K,NEW,<.01%
05338F306,AVTX,AVALO THERAPEUTICS INC,54999,44023,695.74K,556.89K,+401.1%,<.01%
25461A577,JDST,DIREXION,129082,129082,555.7K,555.7K,NEW,<.01%
376535878,GLAD,GLADSTONE CAPITAL CORP,25211,25211,552K,552K,NEW,<.01%
78464A797,KBE,SPDR SERIES TRUST,9229,9229,548.62K,548.62K,NEW,<.01%
252828108,DNTH,DIANTHUS THERAPEUTICS INC,13939,13939,548.5K,548.5K,NEW,<.01%
913259107,UTL,UNITIL CORP,11397,11397,545.86K,545.86K,NEW,<.01%
83012A109,TSLX,SIXTH STREET SPECIALTY LENDI,23806,23806,544.21K,544.21K,NEW,<.01%
025537101,AEP,AMERICAN ELEC PWR CO INC,4824,4824,542.55K,542.55K,NEW,<.01%
46141D203,UUP,INVESCO DB US DLR INDEX TR,19601,19601,539.13K,539.13K,NEW,<.01%
74934Q108,RICK,RCI HOSPITALITY HLDGS INC,17657,17657,538.18K,538.18K,NEW,<.01%
571748102,MRSH,MARSH & MCLENNAN COS INC,2597,2597,523.36K,523.36K,NEW,<.01%
12520L109,CFBK,CF BANKSHARES INC,21718,21718,521.01K,521.01K,NEW,<.01%
30214U102,EXPO,EXPONENT INC,7484,7484,520.14K,520.14K,NEW,<.01%
517834107,LVS,LAS VEGAS SANDS CORP,9602,9602,516.4K,516.4K,NEW,<.01%
76118Y104,REZI,RESIDEO TECHNOLOGIES INC,11945,11945,515.85K,515.85K,NEW,<.01%
44916E100,IPX,IPERIONX LTD,10447,10447,515.56K,515.56K,NEW,<.01%
Y1968P121,DAC,DANAOS CORPORATION,5674,5674,508.11K,508.11K,NEW,<.01%
29260V105,DAVA,ENDAVA PLC,55686,55686,506.74K,506.74K,NEW,<.01%
451051106,IBTA,IBOTTA INC CLASS A,18171,18171,505.7K,505.7K,NEW,<.01%
24665A103,DK,DELEK US HLDGS INC NEW,15583,15583,502.47K,502.47K,NEW,<.01%
78648T100,SAFT,SAFETY INS GROUP INC,7098,7098,502.04K,502.04K,NEW,<.01%
20451W101,CMPS,COMPASS PATHWAYS PLC,87724,87724,501.78K,501.78K,NEW,<.01%
16119P108,CHTR,CHARTER COMMUNICATIONS INC N,1819,1819,500.23K,500.23K,NEW,<.01%
87164F105,SNDX,SYNDAX PHARMACEUTICALS INC,32360,32360,497.7K,497.7K,NEW,<.01%
808524839,SCHZ,SCHWAB STRATEGIC TR,21025,21025,493.35K,493.35K,NEW,<.01%
260557103,DOW,DOW INC,21326,21326,489K,489K,NEW,<.01%
844741108,LUV,SOUTHWEST AIRLS CO,15184,15184,484.45K,484.45K,NEW,<.01%
912318409,UNG,UNITED STS NAT GAS FD LP,132946,37041,1.74M,484.31K,+38.6%,0.02%
30050B101,EVH,EVOLENT HEALTH INC,70073,57304,591.77K,483.93K,+448.8%,<.01%
020398707,ALM,ALMONTY INDS INC,80076,80076,482.86K,482.86K,NEW,<.01%
12047B105,BMBL,BUMBLE INC,78720,78720,480.19K,480.19K,NEW,<.01%
38911N206,GRVY,GRAVITY CO LTD,7433,7433,475.71K,475.71K,NEW,<.01%
31189P102,FATE,FATE THERAPEUTICS INC,377357,377357,475.47K,475.47K,NEW,<.01%
744320102,PRU,PRUDENTIAL FINL INC,4558,4558,472.87K,472.87K,NEW,<.01%
25460G179,ERY,DIREXION,23288,23288,471.12K,471.12K,NEW,<.01%
464287192,IYT,ISHARES TR,6533,6533,468.68K,468.68K,NEW,<.01%
05156V102,AUPH,AURINIA PHARMACEUTICALS INC,42316,42316,467.59K,467.59K,NEW,<.01%
647551100,NMFC,NEW MTN FIN CORP,48488,48488,467.42K,467.42K,NEW,<.01%
808524805,SCHF,SCHWAB STRATEGIC TR,19995,19995,465.58K,465.58K,NEW,<.01%
36467J108,GLPI,GAMING & LEISURE PPTYS INC,9988,9988,465.44K,465.44K,NEW,<.01%
46429B267,GOVT,ISHARES TR,20109,20109,464.82K,464.82K,NEW,<.01%
52603B107,TREE,LENDINGTREE INC NEW,7164,7164,463.8K,463.8K,NEW,<.01%
767204100,RIO,RIO TINTO PLC,7018,7018,463.15K,463.15K,NEW,<.01%
67080N101,NUVB,NUVATION BIO INC,124437,124437,459.8K,459.8K,NEW,<.01%
045396207,ASMB,ASSEMBLY BIOSCIENCES INC,17935,17935,459.14K,459.14K,NEW,<.01%
25459W458,SOXL,DIREXION,13139,13139,457.89K,457.89K,NEW,<.01%
428050108,HSAI,HESAI GROUP,72941,16228,2.05M,456.33K,+28.6%,0.02%
177835105,CHCO,CITY HLDG CO,3676,3676,455.68K,455.68K,NEW,<.01%
842587107,SO,SOUTHERN CO,31125,4753,2.95M,450.44K,+18%,0.03%
254067101,DDS,DILLARDS INC,2663,734,1.63M,450.35K,+38.1%,0.02%
69404D108,PACB,PACIFIC BIOSCIENCES CALIF IN,352355,352355,449.25K,449.25K,NEW,<.01%
22788C105,CRWD,CROWDSTRIKE HLDGS INC,914,914,448.25K,448.25K,NEW,<.01%
59935V107,MIST,MILESTONE PHARMACEUTICALS IN,223470,223470,448.06K,448.06K,NEW,<.01%
52634L108,LNSR,LENSAR INC,35894,35894,443.29K,443.29K,NEW,<.01%
464287713,IYZ,ISHARES TR,13630,13630,440.05K,440.04K,NEW,<.01%
740367404,PFBC,PREFERRED BK LOS ANGELES CA,4876,4876,439.99K,439.99K,NEW,<.01%
683797104,OPY,OPPENHEIMER HLDGS INC,5940,5940,439.14K,439.14K,NEW,<.01%
92937A102,WPP,WPP PLC NEW,17398,17398,435.56K,435.56K,NEW,<.01%
433323102,HIFS,HINGHAM INSTN SVGS MASS,1644,1644,433.67K,433.67K,NEW,<.01%
00183L201,ANGI,ANGI INC,26490,26490,430.73K,430.73K,NEW,<.01%
649445400,FLG,FLAGSTAR FINANCIAL INC,37033,37033,428.1K,428.1K,NEW,<.01%
05280R100,AUTL,AUTOLUS THERAPEUTICS PLC,357263,261047,582.34K,425.51K,+271.3%,<.01%
46435G326,IDEV,ISHARES TR,5301,5301,424.95K,424.95K,NEW,<.01%
90187B804,TWO,TWO HBRS INVT CORP,42961,42961,424.45K,424.45K,NEW,<.01%
81369Y704,XLI,SELECT SECTOR SPDR TR,2750,2750,424.16K,424.16K,NEW,<.01%
939653101,ELME,ELME,25059,25059,422.37K,422.37K,NEW,<.01%
80517M109,SVV,SAVERS VALUE VLG INC,31845,31845,421.95K,421.95K,NEW,<.01%
78468R549,XES,SPDR SERIES TRUST,5798,5798,419.08K,419.08K,NEW,<.01%
447011107,HUN,HUNTSMAN CORP,46444,46444,417.07K,417.07K,NEW,<.01%
714266103,PPTA,PERPETUA RESOURCES CORP,20592,20592,416.78K,416.78K,NEW,<.01%
440407104,HBNC,HORIZON BANCORP INC,25819,25819,414.14K,414.14K,NEW,<.01%
98936T208,ZENA,ZENATECH INC,85869,85869,412.6K,412.6K,NEW,<.01%
724479100,PBI,PITNEY BOWES INC,60464,36090,690.2K,411.97K,+148.1%,<.01%
878972108,TECX,TECTONIC THERAPEUTIC INC,26272,26272,411.42K,411.42K,NEW,<.01%
67090S108,NCDL,NUVEEN CHURCHILL DIRECT LEND,29757,29757,410.94K,410.94K,NEW,<.01%
N20944109,CNH,CNH INDL N V,126994,37747,1.37M,406.93K,+42.3%,0.02%
G3041J106,EMPG,EMPRO GROUP INC,23854,23854,401.22K,401.22K,NEW,<.01%
29605J106,ESAB,ESAB CORPORATION,3589,3589,401.21K,401.21K,NEW,<.01%
911163103,UNFI,UNITED NAT FOODS INC,10658,10658,400.95K,400.95K,NEW,<.01%
25434V302,DFAE,DIMENSIONAL ETF TRUST,12655,12655,399.45K,399.45K,NEW,<.01%
83413U100,SLRC,SLR INVESTMENT CORP,26127,26127,399.22K,399.22K,NEW,<.01%
23284F105,CTMX,CYTOMX THERAPEUTICS INC,125035,125035,398.86K,398.86K,NEW,<.01%
34986A104,FWRD,FORWARD AIR CORP,25550,15465,655.36K,396.68K,+153.3%,<.01%
00182C103,ANIP,ANI PHARMACEUTICALS INC,4320,4320,395.67K,395.67K,NEW,<.01%
67119K102,NUTR,NUSATRIP INC,49410,49410,394.29K,394.29K,NEW,<.01%
10501L106,BWAY,BRAINSWAY LTD,26148,26148,392.22K,392.22K,NEW,<.01%
167239102,REFI,CHICAGO ATLANTIC REAL ESTATE,30593,30593,391.59K,391.59K,NEW,<.01%
959802109,WU,WESTERN UN CO,48906,48906,390.27K,390.27K,NEW,<.01%
01626W101,ALIT,ALIGHT INC,136859,119699,446.16K,390.22K,+697.5%,<.01%
G3139J109,EFTY,ETOILES CAP GROUP CO. LTD,23200,23200,389.76K,389.76K,NEW,<.01%
70806A106,PFLT,PENNANTPARK FLOATING RATE CA,43217,43217,383.77K,383.77K,NEW,<.01%
043436104,ABG,ASBURY AUTOMOTIVE GROUP INC,1534,1534,374.88K,374.88K,NEW,<.01%
675746606,ONIT,ONITY GROUP INC,9306,9306,373.26K,373.26K,NEW,<.01%
253393102,DKS,DICKS SPORTING GOODS INC,19138,1675,4.26M,372.42K,+9.6%,0.05%
78440X887,SLG,SL GREEN RLTY CORP,6153,6153,368.04K,368.04K,NEW,<.01%
12685J105,CABO,CABLE ONE INC,2066,2066,365.89K,365.89K,NEW,<.01%
422819102,HSII,HEIDRICK & STRUGGLES INTL IN,7309,7309,363.62K,363.62K,NEW,<.01%
011642105,ALRM,ALARM COM HLDGS INC,6815,6815,361.88K,361.88K,NEW,<.01%
880345103,TNC,TENNANT CO,4467,4467,361.34K,361.34K,NEW,<.01%
25264R207,DHIL,DIAMOND HILL INVT GROUP INC,4437,2575,621.85K,360.89K,+138.3%,<.01%
464287242,LQD,ISHARES TR,3233,3233,360.38K,360.38K,NEW,<.01%
38500T200,GTE,GRAN TIERRA ENERGY INC,94704,82873,409.02K,357.93K,+700.5%,<.01%
19243B102,CGTX,COGNITION THERAPEUTICS INC,263087,263087,357.8K,357.8K,NEW,<.01%
71722W107,PHAT,PHATHOM PHARMACEUTICALS INC,30272,30272,356K,356K,NEW,<.01%
25460E869,SPDN,DIREXION,36902,36902,354.81K,354.81K,NEW,<.01%
G06973112,AUGO,AURA MINERALS INC,9537,9537,354.2K,354.2K,NEW,<.01%
M96088105,URGN,UROGEN PHARMA LTD,17714,17714,353.75K,353.75K,NEW,<.01%
M5R635108,INVZ,INNOVIZ TECHNOLOGIES LTD,199530,172793,408.04K,353.36K,+646.3%,<.01%
008492100,ADC,AGREE RLTY CORP,4968,4968,353.03K,353.03K,NEW,<.01%
G7496G103,RNR,RENAISSANCERE HLDGS LTD,1377,1377,349.7K,349.7K,NEW,<.01%
052800109,ALV,AUTOLIV INC,2828,2828,349.09K,349.09K,NEW,<.01%
913456109,UVV,UNIVERSAL CORP VA,6241,6241,348.56K,348.56K,NEW,<.01%
042735100,ARW,ARROW ELECTRS INC,2836,2836,343.24K,343.24K,NEW,<.01%
79546E104,SBH,SALLY BEAUTY HLDGS INC,21014,21014,341.9K,341.9K,NEW,<.01%
55087P104,LYFT,LYFT INC,125503,15441,2.76M,339.55K,+14%,0.03%
205750409,LODE,COMSTOCK INC,98597,98597,338.68K,338.68K,NEW,<.01%
674482203,OBE,OBSIDIAN ENERGY LTD,67303,51814,439.29K,338.19K,+334.5%,<.01%
383082104,GRC,GORMAN RUPP CO,7280,7280,337.57K,337.57K,NEW,<.01%
44862P208,HYMC,HYCROFT MINING HOLDING CORP,54355,54355,337.55K,337.55K,NEW,<.01%
130788102,CWT,CALIFORNIA WTR SVC GROUP,7231,7231,331.98K,331.98K,NEW,<.01%
493732101,KFRC,KFORCE INC,11019,11019,330.68K,330.68K,NEW,<.01%
58463J304,MPT,MEDICAL PPTYS TRUST INC,65060,65060,329.85K,329.85K,NEW,<.01%
774515100,RCKY,ROCKY BRANDS INC,10976,10976,328.84K,328.84K,NEW,<.01%
74347B201,TBT,PROSHARES TR,9660,9660,326.7K,326.7K,NEW,<.01%
875372203,TNDM,TANDEM DIABETES CARE INC,26756,26756,325.08K,325.08K,NEW,<.01%
00773J202,SYRE,SPYRE THERAPEUTICS INC,19366,19366,324.77K,324.77K,NEW,<.01%
499049104,KNX,KNIGHT-SWIFT TRANSN HLDGS IN,8214,8214,324.54K,324.54K,NEW,<.01%
14174T107,CTRE,CARETRUST REIT INC,9298,9298,322.36K,322.36K,NEW,<.01%
G9471C206,EVTL,VERTICAL AEROSPACE LTD,62350,62350,322.04K,322.04K,NEW,<.01%
46134L105,ISTR,INVESTAR HLDG CORP,13838,13838,321.6K,321.6K,NEW,<.01%
45781V101,IIPR,INNOVATIVE INDL PPTYS INC,5968,5968,319.5K,319.5K,NEW,<.01%
609027107,MCRI,MONARCH CASINO & RESORT INC,3004,3004,318.33K,318.33K,NEW,<.01%
868927203,SRFM,SURF AIR MOBILITY INC,73422,73422,315.71K,315.71K,NEW,<.01%
043113208,ARTNA,ARTESIAN RES CORP,9647,9647,314.44K,314.44K,NEW,<.01%
46144X131,SARK,INVESTMENT MANAGERS SER TR I,10868,10868,312.13K,312.13K,NEW,<.01%
69888T207,PARR,PAR PAC HOLDINGS INC,28793,8771,1.02M,310.41K,+43.8%,0.01%
204409601,CIG,CIA ENERGETICA DE MINAS GERA SP,147832,147832,309.71K,309.71K,NEW,<.01%
528872302,LXRX,LEXICON PHARMACEUTICALS INC,228209,228209,309.22K,309.22K,NEW,<.01%
637215104,NPK,NATIONAL PRESTO INDS INC,2762,2762,308.94K,308.94K,NEW,<.01%
133131102,CPT,CAMDEN PPTY TR,2885,2885,307.97K,307.97K,NEW,<.01%
447462102,HURN,HURON CONSULTING GROUP INC,2097,2097,307.84K,307.84K,NEW,<.01%
02209S103,MO,ALTRIA GROUP INC,12761,4660,842.99K,307.84K,+57.5%,<.01%
36164V800,GLIBK,GCI LIBERTY INC,8234,8234,306.63K,306.63K,NEW,<.01%
53566P109,LCTX,LINEAGE CELL THERAPEUTICS IN,179031,179031,304.35K,304.35K,NEW,<.01%
76680R206,RNG,RINGCENTRAL INC,10697,10697,303.37K,303.37K,NEW,<.01%
87583X109,TNGX,TANGO THERAPEUTICS INC,36189,36189,303.26K,303.26K,NEW,<.01%
48662X105,KBDC,KAYNE ANDERSON BDC INC,22659,22659,301.25K,301.25K,NEW,<.01%
023111404,AMRN,AMARIN CORP PLC,18346,18346,300.32K,300.32K,NEW,<.01%
55380K109,MPTI,M-TRON INDS INC,10355,5417,572.63K,299.56K,+109.7%,<.01%
447324104,HURC,HURCO CO,17222,17222,299.32K,299.32K,NEW,<.01%
30263Y104,FSBW,FS BANCORP INC,7473,7473,298.55K,298.55K,NEW,<.01%
30063P105,EXAS,EXACT SCIENCES CORP,5390,5390,294.89K,294.89K,NEW,<.01%
521865204,LEA,LEAR CORP,2912,2912,293.02K,293.02K,NEW,<.01%
669549107,NWFL,NORWOOD FINANCIAL CORP,11479,11479,292.37K,292.37K,NEW,<.01%
418056107,HAS,HASBRO INC,3850,3850,292.02K,292.02K,NEW,<.01%
64135M105,NGNE,NEUROGENE INC,16828,16828,291.97K,291.97K,NEW,<.01%
12769G100,CZR,CAESARS ENTERTAINMENT INC NE,10789,10789,291.63K,291.63K,NEW,<.01%
85237B101,TRON,TRON INC,150121,150121,288.23K,288.23K,NEW,<.01%
07782B104,BLTE,BELITE BIO INC,3830,3830,283.31K,283.31K,NEW,<.01%
09624H208,BXC,BLUELINX HLDGS INC,3849,3849,281.09K,281.09K,NEW,<.01%
G2788T111,DOGZ,DOGNESS INTERNATIONAL CORP SHS NEW USD,21545,21545,279.98K,279.98K,NEW,<.01%
353514102,FELE,FRANKLIN ELEC INC,2940,2940,279.98K,279.98K,NEW,<.01%
811543107,SEB,SEABOARD CORP DEL,75,75,274.13K,274.13K,NEW,<.01%
20464U100,COMP,COMPASS INC,34068,34068,273.4K,273.4K,NEW,<.01%
773903109,ROK,ROCKWELL AUTOMATION INC,777,777,271.49K,271.49K,NEW,<.01%
711040105,PFIS,PEOPLES FINL SVCS CORP,5546,5546,269.48K,269.48K,NEW,<.01%
42238D107,HTFL,HEARTFLOW INC,7998,7998,268.49K,268.49K,NEW,<.01%
001744101,AMN,AMN HEALTHCARE SVCS INC,24869,13832,481.71K,267.93K,+125.3%,<.01%
37954Y343,MLPA,GLOBAL X FDS,5476,5476,265.81K,265.81K,NEW,<.01%
23204G100,CUBI,CUSTOMERS BANCORP INC,4049,4049,264.48K,264.48K,NEW,<.01%
74349Y100,EETH,PROSHARES TR,3893,3893,264.14K,264.14K,NEW,<.01%
G4388N106,HELE,HELEN OF TROY LTD,10389,10389,261.91K,261.91K,NEW,<.01%
N4732M103,JBS,JBS N.V.,17487,17487,260.91K,260.91K,NEW,<.01%
G3156P103,ASA,ASA GOLD AND PRECIOUS MTLS L,5683,5683,260K,260K,NEW,<.01%
374396406,GEVO,GEVO INC,131654,131654,259.36K,259.36K,NEW,<.01%
73933G202,PSIX,POWER SOLUTIONS INTL INC,2637,2637,259.32K,259.32K,NEW,<.01%
580907103,MH,MCGRAW HILL INC,20573,20573,258.19K,258.19K,NEW,<.01%
921946810,VIGI,VANGUARD WHITEHALL FDS,2866,2866,256.68K,256.68K,NEW,<.01%
30041R108,EVER,EVERQUOTE INC,11200,11200,256.03K,256.03K,NEW,<.01%
G96115103,WYFI,WHITEFIBER INC,9404,9404,255.41K,255.41K,NEW,<.01%
83545G102,SAH,SONIC AUTOMOTIVE INC,3356,3356,255.06K,255.06K,NEW,<.01%
68621T102,OBK,ORIGIN BANCORP INC,7286,7286,251.66K,251.66K,NEW,<.01%
268948106,EGBN,EAGLE BANCORP INC MD,12300,12300,248.58K,248.58K,NEW,<.01%
B38564108,CMBT,CMB.TECH NV,26300,26300,247.09K,247.09K,NEW,<.01%
05684B107,BCSF,BAIN CAP SPECIALTY FIN INC,17191,17191,245.49K,245.49K,NEW,<.01%
143905107,CSV,CARRIAGE SVCS INC,5508,5508,245.27K,245.27K,NEW,<.01%
70959W103,PAG,PENSKE AUTOMOTIVE GRP INC,1405,1405,244.47K,244.47K,NEW,<.01%
353469109,FC,FRANKLIN COVEY CO,12523,12523,243.32K,243.32K,NEW,<.01%
57686G105,MATX,MATSON INC,4411,2463,435.04K,242.91K,+126.4%,<.01%
86627T108,SMMT,SUMMIT THERAPEUTICS INC,11721,11721,242.1K,242.1K,NEW,<.01%
64110Y108,NLOP,NET LEASE OFFICE PROPERTIES,8163,8163,242.03K,242.03K,NEW,<.01%
37954Y855,LIT,GLOBAL X FDS,4248,4248,241.29K,241.29K,NEW,<.01%
69374H857,CALF,PACER FDS TR,5509,5509,241.27K,241.27K,NEW,<.01%
019770106,ALLO,ALLOGENE THERAPEUTICS INC,237937,193887,293.85K,239.45K,+440.2%,<.01%
199333105,CMCO,COLUMBUS MCKINNON CORP N Y,16586,16586,238.01K,238.01K,NEW,<.01%
M81865111,RDCM,RADCOM LTD,16354,16354,236.97K,236.97K,NEW,<.01%
046513206,ATRA,ATARA BIOTHERAPEUTICS INC,16542,16542,236.88K,236.88K,NEW,<.01%
G4660A103,HSHP,HIMALAYA SHIPPING LTD,28672,28672,235.83K,235.83K,NEW,<.01%
78464A144,SPBO,SPDR SERIES TRUST,7946,7946,235.48K,235.48K,NEW,<.01%
49457M106,NAKA,KINDLY MD INC,218944,218944,235.37K,235.37K,NEW,<.01%
164024101,CHMG,CHEMUNG FINL CORP,4453,4453,235.07K,235.07K,NEW,<.01%
928031103,VABK,VIRGINIA NATL BANKSHARES COR,6050,6050,234.8K,234.8K,NEW,<.01%
466032109,JJSF,J & J SNACK FOODS CORP,2441,2441,234.6K,234.6K,NEW,<.01%
174615104,CZFS,CITIZENS FINL SVCS INC,3868,3868,234.32K,234.32K,NEW,<.01%
887098101,TSBK,TIMBERLAND BANCORP INC,7004,7004,233.86K,233.86K,NEW,<.01%
92766K403,SPCE,VIRGIN GALACTIC HOLDINGS INC,60614,60614,233.06K,233.06K,NEW,<.01%
92206C771,VMBS,VANGUARD SCOTTSDALE FDS,4954,4954,232.66K,232.66K,NEW,<.01%
140501107,CSWC,CAPITAL SOUTHWEST CORP,10605,10605,231.51K,231.51K,NEW,<.01%
87918A105,TDOC,TELADOC HEALTH INC,29820,29820,230.36K,230.36K,NEW,<.01%
449172105,HY,HYSTER-YALE INC,6167,6167,227.81K,227.81K,NEW,<.01%
G9161K112,MF,U-BX TECHNOLOGY LTD,130372,130372,226.85K,226.85K,NEW,<.01%
46436E726,IBDV,ISHARES TR,10200,10200,225.88K,225.88K,NEW,<.01%
832696405,SJM,SMUCKER J M CO,2066,2066,224.35K,224.35K,NEW,<.01%
00165C302,AMC,AMC ENTMT HLDGS INC,317338,76864,921.87K,223.29K,+32%,0.01%
75686R202,RRBI,RED RIVER BANCSHARES INC,3412,3412,222.29K,222.29K,NEW,<.01%
92343V104,VZ,VERIZON COMMUNICATIONS INC,4991,4991,219.28K,219.28K,NEW,<.01%
901476101,TWIN,TWIN DISC INC,15871,15871,219.18K,219.18K,NEW,<.01%
05356F105,AVAH,AVEANNA HEALTHCARE HLDGS INC,24592,24592,218.38K,218.38K,NEW,<.01%
19623P101,CBAN,COLONY BANKCORP INC,12812,12812,217.8K,217.8K,NEW,<.01%
06417N103,OZK,BANK OZK LITTLE ROCK ARK,4269,4269,217.46K,217.46K,NEW,<.01%
799566104,SANA,SANA BIOTECHNOLOGY INC,61232,61232,217.37K,217.37K,NEW,<.01%
22266M104,COUR,COURSERA INC,18529,18529,216.97K,216.97K,NEW,<.01%
Y27183600,GSL,GLOBAL SHIP LEASE INC NEW,7065,7065,216.79K,216.79K,NEW,<.01%
44891N208,PPLI,IAC INC,6324,6324,215.59K,215.59K,NEW,<.01%
633707104,NBHC,NATIONAL BK HLDGS CORP,5573,5573,215.45K,215.45K,NEW,<.01%
843380106,SMBC,SOUTHERN MO BANCORP INC,4094,4094,215.22K,215.22K,NEW,<.01%
50186V102,LPL,LG DISPLAY CO LTD,41420,41420,215.18K,215.18K,NEW,<.01%
69380Q107,PACS,PACS GROUP INC,44173,15642,606.5K,214.76K,+54.8%,<.01%
339382103,FLXS,FLEXSTEEL INDS INC,4624,4624,214.69K,214.69K,NEW,<.01%
29430C102,VSTS,VESTIS CORPORATION,73605,47384,333.06K,214.41K,+180.7%,<.01%
49456W105,KLC,KINDERCARE LEARNING COMPANIE,52341,32247,347.81K,214.28K,+160.5%,<.01%
433313103,HNGE,HINGE HEALTH INC,4362,4362,214K,214K,NEW,<.01%
464288851,IEO,ISHARES TR,2276,2276,210.87K,210.87K,NEW,<.01%
92189L103,ETHV,VANECK ETHEREUM TR,3449,3449,210.11K,210.11K,NEW,<.01%
877163105,TAYD,TAYLOR DEVICES INC,4342,4342,209.46K,209.46K,NEW,<.01%
G4766E116,INDV,INDIVIOR PLC,8600,8600,207.35K,207.35K,NEW,<.01%
651718504,NPKI,NPK INTERNATIONAL INC,18289,18289,206.48K,206.48K,NEW,<.01%
00776X109,ALMU,AELUMA INC,12840,12840,206.47K,206.47K,NEW,<.01%
10240L102,BOW,BOWHEAD SPECIALTY HLDGS INC,7456,7456,201.69K,201.69K,NEW,<.01%
000868109,ACNB,ACNB CORP,4531,4531,200.72K,200.72K,NEW,<.01%
12135Y108,BHRB,BURKE HERBERT FINL SVCS CORP,3251,3251,200.52K,200.52K,NEW,<.01%
376536108,GOOD,GLADSTONE COMMERCIAL CORP,16150,16150,198.81K,198.81K,NEW,<.01%
98372W202,XYF,X FINL,14339,14339,197.45K,197.45K,NEW,<.01%
97651M109,WIT,WIPRO LTD,74373,74373,194.86K,194.86K,NEW,<.01%
38147U107,GSBD,GOLDMAN SACHS BDC INC,18491,18491,188.33K,188.33K,NEW,<.01%
929566107,WNC,WABASH NATL CORP,19089,19089,188.31K,188.31K,NEW,<.01%
86887Q109,NSLR,SURO CAPITAL CORP,20833,20833,187.91K,187.91K,NEW,<.01%
90355N101,USCB,USCB FINANCIAL HOLDINGS INC CLASS A,10694,10694,187.04K,187.04K,NEW,<.01%
64440N103,NFGC,NEW FOUND GOLD CORP,136288,78395,325.05K,186.97K,+135.4%,<.01%
64082B102,NRDS,NERDWALLET INC,17343,17343,186.78K,186.78K,NEW,<.01%
L01800108,ALVO,ALVOTECH,22729,22729,185.92K,185.92K,NEW,<.01%
75689M101,RRGB,RED ROBIN GOURMET BURGERS IN,27069,27069,185.69K,185.69K,NEW,<.01%
G7486B106,RITR,REITAR LOGTECH HLDGS LTD,26199,26199,184.44K,184.44K,NEW,<.01%
03762U105,ARI,APOLLO COML REAL EST FIN INC,17920,17920,181.53K,181.53K,NEW,<.01%
39813G109,GDYN,GRID DYNAMICS HLDGS INC,23472,23472,180.85K,180.85K,NEW,<.01%
43538H103,HLLY,HOLLEY INC,57200,57200,179.89K,179.89K,NEW,<.01%
09077A106,BMEA,BIOMEA FUSION INC,88262,88262,179.61K,179.61K,NEW,<.01%
094235108,BLMN,BLOOMIN BRANDS INC,24930,24930,179K,179K,NEW,<.01%
13462K109,CWH,CAMPING WORLD HLDGS INC,11248,11248,177.72K,177.72K,NEW,<.01%
758075402,RWT,REDWOOD TRUST INC,30539,30539,176.97K,176.97K,NEW,<.01%
16934Q802,CIM,CHIMERA INVT CORP,13073,13073,172.69K,172.69K,NEW,<.01%
15961R303,CHPT,CHARGEPOINT HOLDINGS INC,15620,15620,170.73K,170.73K,NEW,<.01%
Y23592135,ESEA,EUROSEAS LTD,9919,2827,591.27K,168.52K,+39.9%,<.01%
78163D100,RWAY,RUNWAY GROWTH FINANCE CORP,16564,16564,168.46K,168.46K,NEW,<.01%
48251K100,KREF,KKR REAL ESTATE FIN TR INC,18631,18631,168.05K,168.05K,NEW,<.01%
20454B104,CMPX,COMPASS THERAPEUTICS INC,47427,47427,166K,166K,NEW,<.01%
45254E107,IMRX,IMMUNEERING CORP CLASS A,23785,23785,165.9K,165.9K,NEW,<.01%
29270J100,ERII,ENERGY RECOVERY INC,10747,10747,165.61K,165.61K,NEW,<.01%
90114C107,TUYA,TUYA INC SPONSERED,86390,66621,212.95K,164.22K,+337%,<.01%
80401C100,SATL,SATELLOGIC INC,49973,49973,164.16K,164.16K,NEW,<.01%
203668108,CYH,COMMUNITY HEALTH SYS INC NEW,87251,51219,279.64K,164.16K,+142.1%,<.01%
71601V105,WOOF,PETCO HEALTH & WELLNESS CO I,42407,42407,163.69K,163.69K,NEW,<.01%
030420103,AWK,AMERICAN WTR WKS CO INC NEW,3332,1170,463.58K,162.78K,+54.1%,<.01%
44925C103,ICFI,ICF INTL INC,5675,1702,526.64K,157.95K,+42.8%,<.01%
00857U107,AGL,AGILON HEALTH INC,153887,153887,157.73K,157.73K,NEW,<.01%
53934A206,LXEH,LIXIANG ED HLDG CO LTD,50338,50338,157.31K,157.31K,NEW,<.01%
488152208,KELYA,KELLY SVCS INC,11792,11792,154.83K,154.83K,NEW,<.01%
06759L103,BBDC,BARINGS BDC INC,17584,17584,154.12K,154.12K,NEW,<.01%
45826T509,ITRG,INTEGRA RES CORP,52225,52225,154.06K,154.06K,NEW,<.01%
374163103,GERN,GERON CORP,261865,111159,358.75K,152.29K,+73.8%,<.01%
04335A105,ARVN,ARVINAS INC,53499,17753,456.08K,151.34K,+49.7%,<.01%
33829M101,FIVE,FIVE BELOW INC,2940,971,454.67K,150.17K,+49.3%,<.01%
81758H106,SERV,SERVE ROBOTICS INC,12847,12847,149.41K,149.41K,NEW,<.01%
858568108,SCM,STELLUS CAP INVT CORP,11383,11383,148.66K,148.66K,NEW,<.01%
92337C203,VSTM,VERASTEM INC,16659,16659,146.93K,146.93K,NEW,<.01%
45258D105,IMCR,IMMUNOCORE HLDGS PLC,19013,4038,689.79K,146.5K,+27%,<.01%
682310875,ONCY,ONCOLYTICS BIOTECH INC,106076,106076,146.38K,146.38K,NEW,<.01%
09354A100,BLNK,BLINK CHARGING CO,89110,89110,146.14K,146.14K,NEW,<.01%
902673102,UFPT,UFP TECHNOLOGIES INC,4885,732,975.24K,146.14K,+17.6%,0.01%
500688106,KOS,KOSMOS ENERGY LTD,139390,87763,230.69K,145.25K,+170%,<.01%
31447P100,FENC,FENNEC PHARMACEUTICALS INC,15321,15321,143.56K,143.56K,NEW,<.01%
798241105,SJT,SAN JUAN BASIN RTY TR,23554,23554,142.62K,142.62K,NEW,<.01%
871565107,ACNT,ASCENT INDUSTRIES CO,10908,10908,141.26K,141.26K,NEW,<.01%
92971A109,MAPS,WM TECHNOLOGY INC,120135,120135,139.36K,139.36K,NEW,<.01%
Y73760400,SHIP,SEANERGY MARITIME HLDGS CORP,16867,16867,139.15K,139.15K,NEW,<.01%
92919F103,VOXR,VOX ROYALTY CORP,138415,31854,596.57K,137.29K,+29.9%,<.01%
485859201,KPLT,KATAPULT HOLDINGS INC,11134,11134,136.28K,136.28K,NEW,<.01%
20440W105,SID,COMPANHIA SIDERURGICA NACION,102449,90907,153.16K,135.91K,+787.6%,<.01%
464287796,IYE,ISHARES TR,28410,2848,1.35M,135.39K,+11.1%,0.02%
00851L103,API,AGORA INC,35215,35215,134.7K,134.7K,NEW,<.01%
M8744T106,TBLA,TABOOLA.COM LTD,39372,39372,134.46K,134.46K,NEW,<.01%
030371108,AVD,AMERICAN VANGUARD CORP,22183,22183,127.44K,127.44K,NEW,<.01%
013872106,AA,ALCOA CORP,57468,3853,1.89M,126.76K,+7.2%,0.02%
92762J103,VIOT,VIOMI TECHNOLOGY CO LTD,37586,37586,125.16K,125.16K,NEW,<.01%
09249E101,BHK,BLACKROCK CORE BD TR,12534,12534,124.78K,124.78K,NEW,<.01%
G9451V109,VINP,VINCI COMPASS INVESTMENTS LT,11393,11393,122.25K,122.25K,NEW,<.01%
902685106,UDMY,UDEMY INC,17375,17375,121.97K,121.97K,NEW,<.01%
805111101,SVRA,SAVARA INC,52039,33580,185.26K,119.54K,+181.9%,<.01%
50127T109,KURA,KURA ONCOLOGY INC,13331,13331,118.25K,118.25K,NEW,<.01%
G9001E128,LILAK,LIBERTY LATIN AMERICA LTD,13982,13982,118.15K,118.15K,NEW,<.01%
22717L101,CRON,CRONOS GROUP INC,78616,42301,219.34K,118.02K,+116.5%,<.01%
563571405,MTW,MANITOWOC CO INC,11653,11653,116.76K,116.76K,NEW,<.01%
09739D100,BCC,BOISE CASCADE CO DEL,4684,1502,361.98K,116.07K,+47.2%,<.01%
22407B108,COYA,COYA THERAPEUTICS INC,19894,19894,113.79K,113.79K,NEW,<.01%
126327105,LAW,CS DISCO INC,17231,17231,111.66K,111.66K,NEW,<.01%
739650109,PROP,PRAIRIE OPER CO,79974,54861,159.15K,109.17K,+218.5%,<.01%
88162F105,TTI,TETRA TECHNOLOGIES INC DEL,18623,18623,107.17K,107.17K,NEW,<.01%
98421M106,XRX,XEROX HOLDINGS CORP,74257,28213,279.21K,106.08K,+61.3%,<.01%
45685K102,INFU,INFUSYSTEM HLDGS INC,10063,10063,104.15K,104.15K,NEW,<.01%
29384C108,TRDA,ENTRADA THERAPEUTICS INC,17894,17894,103.43K,103.43K,NEW,<.01%
00258Y104,ABX,ABACUS GLOBAL MGMT INC,17728,17728,101.76K,101.76K,NEW,<.01%
G29201103,ECX,ECARX HOLDINGS INC CLASS A,50598,50598,101.45K,101.45K,NEW,<.01%
82728C102,SVCO,SILVACO GROUP INC,18534,18534,100.64K,100.64K,NEW,<.01%
01438T106,ALDX,ALDEYRA THERAPEUTICS INC,19275,19275,100.52K,100.52K,NEW,<.01%
12674W109,CABA,CABALETTA BIO INC,42912,42912,100.41K,100.41K,NEW,<.01%
17259U204,CION,CION INVT CORP,10557,10557,100.19K,100.19K,NEW,<.01%
34965K107,FTRE,FORTREA HLDGS INC,11897,11897,100.17K,100.17K,NEW,<.01%
393657101,GBX,GREENBRIER COS INC,8092,2148,373.37K,99.11K,+36.1%,<.01%
M6240T109,KMDA,KAMADA LTD,14262,14262,98.84K,98.84K,NEW,<.01%
640491106,NEOG,NEOGEN CORP,79910,17310,455.89K,98.75K,+27.7%,<.01%
444097109,HPP,HUDSON PAC PPTYS INC,170062,35574,471.92K,98.72K,+26.5%,<.01%
69002R103,TEAD,TEADS HLDG CO,59362,59362,97.95K,97.95K,NEW,<.01%
55262C100,MBI,MBIA INC,12991,12991,96.72K,96.72K,NEW,<.01%
75629V104,RXRX,RECURSION PHARMACEUTICALS IN,195902,19676,955.02K,95.92K,+11.2%,0.01%
670002401,NVAX,NOVAVAX INC,41188,10867,357.1K,94.22K,+35.8%,<.01%
927926303,VGZ,VISTA GOLD CORP,42812,42812,90.55K,90.55K,NEW,<.01%
83193G107,SMRT,SMARTRENT INC,63607,63607,90K,90K,NEW,<.01%
09259E108,TCPC,BLACKROCK TCP CAPITAL CORP,14465,14465,89.54K,89.54K,NEW,<.01%
02074J501,ACOG,ALPHA COGNITION INC,13642,13642,88.81K,88.81K,NEW,<.01%
74319N100,ACDC,PROFRAC HLDG CORP CLASS A,23844,23844,88.22K,88.22K,NEW,<.01%
682143102,OMER,OMEROS CORP,21533,21533,88.18K,88.18K,NEW,<.01%
26142Q304,DPRO,DRAGANFLY INC.,10812,10812,88.01K,88.01K,NEW,<.01%
33833Q106,FPH,FIVE POINT HOLDINGS LLC,14156,14156,86.92K,86.92K,NEW,<.01%
45773H409,INO,INOVIO PHARMACEUTICALS INC,37115,37115,86.85K,86.85K,NEW,<.01%
30052C107,EOLS,EVOLUS INC,13927,13927,85.72K,85.72K,NEW,<.01%
974637100,WGO,WINNEBAGO INDS INC,11611,2528,388.04K,84.49K,+27.8%,<.01%
903899102,ULBI,ULTRALIFE CORP,12458,12458,84.09K,84.09K,NEW,<.01%
46489V302,CATX,PERSPECTIVE THERAPEUTICS INC,24221,24221,83.68K,83.68K,NEW,<.01%
266042407,DUOT,DUOS TECHNOLOGIES GROUP INC,11197,11197,82.86K,82.86K,NEW,<.01%
230031106,CGEM,CULLINAN THERAPEUTICS INC,13942,13942,82.68K,82.68K,NEW,<.01%
G88912103,TLSA,TIZIANA LIFE SCIENCES LTD,37405,37405,80.8K,80.8K,NEW,<.01%
20460L104,SPWR,COMPLETE SOLARIA INC,45424,45424,80.4K,80.4K,NEW,<.01%
G3040B104,ENGS,ENERGYS GROUP LTD,12674,12674,80.23K,80.23K,NEW,<.01%
87990A106,TNYA,TENAYA THERAPEUTICS INC,49024,49024,80.15K,80.15K,NEW,<.01%
M8216R109,RSKD,RISKIFIED LTD,29180,17083,136.56K,79.95K,+141.2%,<.01%
088786108,BCYC,BICYCLE THERAPEUTICS PLC,27894,10156,215.62K,78.51K,+57.3%,<.01%
B5950S113,MDXH,MDXHEALTH SA,16749,16749,77.72K,77.72K,NEW,<.01%
65487U108,NKTX,NKARTA INC,37289,37289,77.38K,77.38K,NEW,<.01%
88675P103,TYGO,TIGO ENERGY INC,31113,31113,77.16K,77.16K,NEW,<.01%
N71542109,PRQR,PROQR THRAPEUTICS N V,36140,36140,77.16K,77.16K,NEW,<.01%
74019P207,DTIL,PRECISION BIOSCIENCES INC,13971,13971,77.12K,77.12K,NEW,<.01%
770323103,RHI,ROBERT HALF INC.,30637,2266,1.04M,77K,+8%,0.01%
10586A108,GRO,BRAZIL POTASH CORP,28489,28489,76.07K,76.07K,NEW,<.01%
46604H204,IZEA,IZEA WORLDWIDE INC,20161,20161,74.8K,74.8K,NEW,<.01%
00175J107,POWW,OUTDOOR HOLDING CO,49511,49511,73.77K,73.77K,NEW,<.01%
83125X103,SNBRQ,SLEEP NUMBER CORP,10318,10318,72.43K,72.43K,NEW,<.01%
M53637100,QTEX,INSPIRA TECHNOLOGIES OXY BHN,57091,57091,71.94K,71.94K,NEW,<.01%
04523Y105,ASPN,ASPEN AEROGELS INC,10210,10210,71.11K,71.11K,NEW,<.01%
74275G107,PRTH,PRIORITY TECHNOLOGY HLDGS IN,10247,10247,70.6K,70.6K,NEW,<.01%
137404109,CADL,CANDEL THERAPEUTICS INC,13831,13831,70.54K,70.54K,NEW,<.01%
594960304,MVIS,MICROVISION INC DEL,56173,56173,69.94K,69.94K,NEW,<.01%
49907V201,KSCP,KNIGHTSCOPE INC,12087,12087,69.86K,69.86K,NEW,<.01%
009496100,AIRS,AIRSCULPT TECHNOLOGIES INC,24817,8610,199.53K,69.22K,+53.1%,<.01%
35909R108,ULCC,FRONTIER GROUP HLDGS INC,15298,15298,67.46K,67.46K,NEW,<.01%
759419104,REKR,REKOR SYSTEMS INC,42486,42486,66.92K,66.92K,NEW,<.01%
405217100,HAIN,HAIN CELESTIAL GROUP INC,42554,42554,66.81K,66.81K,NEW,<.01%
192005106,CDXS,CODEXIS INC,26926,26926,65.56K,65.56K,NEW,<.01%
83086J200,SKYE,SKYE BIOSCIENCE INC,16408,16408,64.81K,64.81K,NEW,<.01%
G46440114,HUHU,HUHUTECH INTL GROUP INC,12456,12456,63.9K,63.9K,NEW,<.01%
09077V100,BIOA,BIOAGE LABS INC,10734,10734,63.12K,63.12K,NEW,<.01%
517125100,LRMR,LARIMAR THERAPEUTICS INC,19515,19515,62.94K,62.94K,NEW,<.01%
89854M101,TCRX,TSCAN THERAPEUTICS INC,56666,34166,103.42K,62.35K,+151.8%,<.01%
12430A300,BZFD,BUZZFEED INC,36518,36518,62.08K,62.08K,NEW,<.01%
34988V106,FOSL,FOSSIL GROUP INC,23094,23094,59.24K,59.24K,NEW,<.01%
G1117K114,BIOX,BIOCERES CROP SOLUTIONS CORP,42196,42196,59.07K,59.07K,NEW,<.01%
48581R205,KSPI,KASPI KZ JSC,8964,697,732.18K,56.93K,+8.4%,<.01%
G5005R107,JRVR,JAMES RIV GROUP LTD,20835,10129,115.84K,56.32K,+94.6%,<.01%
74168J101,PRME,PRIME MEDICINE INC,10182,10182,56.26K,56.26K,NEW,<.01%
92840H400,VTGN,VISTAGEN THERAPEUTICS INC,15752,15752,55.76K,55.76K,NEW,<.01%
206787103,CNDT,CONDUENT INC,19655,19655,55.13K,55.13K,NEW,<.01%
02451V309,ABAT,AMERICAN BATTERY TECHNOLOGY,11338,11338,55.05K,55.05K,NEW,<.01%
45569U101,INDI,INDIE SEMICONDUCTOR INC CLASS A,13182,13182,53.65K,53.65K,NEW,<.01%
745848101,LUNG,PULMONX CORP,32876,32876,53.42K,53.42K,NEW,<.01%
23130Q107,CURI,CURIOSITYSTREAM INC,10018,10018,53.15K,53.15K,NEW,<.01%
18270D106,CMTG,CLAROS MTG TR INC,49761,15493,165.46K,51.51K,+45.2%,<.01%
157085101,CERS,CERUS CORP,43128,32131,69K,51.41K,+292.2%,<.01%
00534A102,IVVD,INVIVYD INC,46012,46012,50.61K,50.61K,NEW,<.01%
75574U101,RC,READY CAPITAL CORP,13050,13050,50.57K,50.57K,NEW,<.01%
G51405101,CRGO,FREIGHTOS LTD,14794,14794,48.97K,48.97K,NEW,<.01%
55933J203,MX,MAGNACHIP SEMICONDUCTOR CORP,15557,15557,48.85K,48.85K,NEW,<.01%
91851C201,EGY,VAALCO ENERGY INC,11921,11921,47.92K,47.92K,NEW,<.01%
909214306,UIS,UNISYS CORP,25551,12132,99.52K,47.25K,+90.4%,<.01%
750102105,RXT,RACKSPACE TECHNOLOGY INC,53929,33324,76.31K,47.15K,+161.7%,<.01%
30219Q106,EXFY,EXPENSIFY INC,24080,24080,44.67K,44.67K,NEW,<.01%
45783Q100,NOTV,INOTIV INC,29947,29947,43.72K,43.72K,NEW,<.01%
816307300,SLQT,SELECTQUOTE INC,21843,21843,43.14K,43.14K,NEW,<.01%
09203E105,BDTX,BLACK DIAMOND THERAPEUTICS I,11366,11366,43.08K,43.08K,NEW,<.01%
68373J104,LPRO,OPEN LENDING CORP,20210,20210,42.44K,42.44K,NEW,<.01%
811054402,SSP,SCRIPPS E W CO OHIO,17069,17069,41.99K,41.99K,NEW,<.01%
456237106,ILPT,INDUSTRIAL LOGISTICS PPTYS T,21751,6731,126.92K,39.28K,+44.8%,<.01%
68572M106,OBIO,ORCHESTRA BIOMED HLDGS INC,15577,15577,38.48K,38.48K,NEW,<.01%
65340G205,NXDT,NEXPOINT DIVERSIFIED REL ET,10233,10233,37.76K,37.76K,NEW,<.01%
14838T204,CTM,CASTELLUM INC,55719,34630,60.45K,37.57K,+164.2%,<.01%
63008G203,NNDM,NANO DIMENSION LTD,23628,23628,37.21K,37.21K,NEW,<.01%
33767U107,FSUN,FIRSTSUN CAP BANCORP,7257,947,281.86K,36.78K,+15%,<.01%
205826209,CMTL,COMTECH TELECOMMUNICATIONS C,14249,14249,36.69K,36.69K,NEW,<.01%
556099109,MGNX,MACROGENICS INC,42714,21609,71.76K,36.3K,+102.4%,<.01%
690469101,OVID,OVID THERAPEUTICS INC,27703,27703,35.88K,35.88K,NEW,<.01%
82657M105,SGHT,SIGHT SCIENCES INC,10387,10387,35.73K,35.73K,NEW,<.01%
G72800108,PRTA,PROTHENA CORP PLC,27215,3463,265.35K,33.76K,+14.6%,<.01%
75508B104,RYAM,RAYONIER ADVANCED MATLS INC,18003,4471,130.16K,32.33K,+33%,<.01%
68629Y103,ONL,ORION PROPERTIES INC,35400,11900,95.4K,32.07K,+50.6%,<.01%
61218C103,MNTK,MONTAUK RENEWABLES INC,15707,15707,31.73K,31.73K,NEW,<.01%
449778109,IOBTQ,IO BIOTECH INC,83382,83382,30.28K,30.28K,NEW,<.01%
19249H103,CHRS,COHERUS ONCOLOGY INC,18172,18172,29.71K,29.71K,NEW,<.01%
Y81669106,GASS,STEALTHGAS INC,36891,4471,241.64K,29.29K,+13.8%,<.01%
826165201,SIDU,SIDUS SPACE INC,28325,28325,29.03K,29.03K,NEW,<.01%
84757T105,MDAI,SPECTRAL AI INC,11926,11926,27.31K,27.31K,NEW,<.01%
57777K106,MXCT,MAXCYTE INC,44117,16357,70.15K,26.01K,+58.9%,<.01%
00791N102,ADV,ADVANTAGE SOLUTIONS INC,16862,16862,25.88K,25.88K,NEW,<.01%
G8437Q101,STFS,STAR FASHION CULTURE HLDGS L,132243,132243,25.09K,25.09K,NEW,<.01%
74365U107,TARA,PROTARA THERAPEUTICS INC,17346,5755,75.11K,24.92K,+49.7%,<.01%
81761L102,SVC,SERVICE PPTYS TR,26280,8369,71.74K,22.85K,+46.7%,<.01%
35168W103,GUTS,FRACTYL HEALTH INC,13540,13540,21.39K,21.39K,NEW,<.01%
913483103,UEIC,UNIVERSAL ELECTRS INC,16913,4538,78.81K,21.15K,+36.7%,<.01%
44148G204,RKTO,HOTH THERAPEUTICS INC,12830,12830,20.66K,20.66K,NEW,<.01%
15672X201,CISO,CISO GLOBAL INC,18033,18033,18.84K,18.84K,NEW,<.01%
48301N104,KAPA,KAIROS PHARMA LTD,14887,14887,17.42K,17.42K,NEW,<.01%
14147L108,CRDF,CARDIFF ONCOLOGY INC,31493,8376,64.72K,17.21K,+36.2%,<.01%
78471E105,SKYX,SKYX PLATFORMS CORP,15002,15002,16.88K,16.88K,NEW,<.01%
G3730L107,GSIW,GARDEN STAGE LIMITED,104369,104369,15.69K,15.69K,NEW,<.01%
98943L107,ZNTL,ZENTALIS PHARMACEUTICALS INC,60651,8195,92.19K,12.46K,+15.6%,<.01%
39986L109,GRWG,GROWGENERATION CORP,15633,5280,29.31K,9.9K,+51%,<.01%
68218J103,OABI,OMNIAB INC,17446,5188,27.74K,8.25K,+42.3%,<.01%
679369108,OLPX,OLAPLEX HLDGS INC,25175,2067,33.1K,2.72K,+8.9%,<.01%
04342Y104,ASAN,ASANA INC,25850,58,345.23K,774.59,+0.2%,<.01%
92826C839,V,VISA INC,85035,1,29.01M,341.21,+0%,0.34%
921937793,BLV,VANGUARD BD INDEX FDS,21538,0,1.53M,0,NO CHANGE,0.02%
29275Y102,ENS,ENERSYS,10509,-1,1.19M,-112.98,-0%,0.01%
911549103,UAMY,UNITED STATES ANTIMONY CORP,64128,-592,399.2K,-3.69K,-0.9%,<.01%
28617K101,ELDN,ELEDON PHARMACEUTICALS INC,27100,-1958,70.33K,-5.08K,-6.7%,<.01%
18453H106,CCO,CLEAR CHANNEL OUTDOOR HLDGS,132913,-3508,210.67K,-5.56K,-2.6%,<.01%
45782C102,FFTY,INNOVATOR ETFS TRUST,11411,-156,426.77K,-5.83K,-1.3%,<.01%
92922P106,WTI,W & T OFFSHORE INC,102809,-3259,186.6K,-5.92K,-3.1%,<.01%
81642T209,SLS,SELLAS LIFE SCIENCES GROUP I,16579,-7705,26.61K,-12.37K,-31.7%,<.01%
00461U105,ACRS,ACLARIS THERAPEUTICS INC,31553,-6697,59.63K,-12.66K,-17.5%,<.01%
G7385S101,ATTT,RAYTECH HLDG LTD,0,-11351,0,-13.39K,CLOSE,0%
747324101,PYXS,PYXIS ONCOLOGY INC,0,-12334,0,-13.57K,CLOSE,0%
38741L107,GPMT,GRANITE PT MTG TR INC,29138,-4664,87.56K,-14.02K,-13.8%,<.01%
03237H101,AMLX,AMYLYX PHARMACEUTICALS INC,28286,-1144,384.12K,-15.54K,-3.9%,<.01%
G9TY5A101,ZURA,ZURA BIO LTD CLASS A,0,-15158,0,-15.84K,CLOSE,0%
12529R107,CCCC,C4 THERAPEUTICS INC,0,-13547,0,-19.3K,CLOSE,0%
98850P109,YUMC,YUM CHINA HLDGS INC,43963,-463,1.89M,-19.86K,-1%,0.02%
281020107,EIX,EDISON INTL,10224,-389,565.28K,-21.51K,-3.7%,<.01%
693691107,PSQH,PSQ HOLDINGS INC,0,-11066,0,-22.74K,CLOSE,0%
77313F106,RCKT,ROCKET PHARMACEUTICALS INC,85513,-7079,279.2K,-23.11K,-7.6%,<.01%
346563109,FORR,FORRESTER RESH INC,13803,-2420,146.45K,-25.68K,-14.9%,<.01%
004890109,ACRV,ACRIVON THERAPEUTICS INC,0,-22175,0,-26.28K,CLOSE,0%
95075A107,HOWL,WEREWOLF THERAPEUTICS INC,0,-25791,0,-27.98K,CLOSE,0%
654503101,NIPG,NIP GROUP INC,0,-11782,0,-28.51K,CLOSE,0%
M1R95N100,ARBE,ARBE ROBOTICS LTD,0,-16023,0,-28.6K,CLOSE,0%
54948X109,LUCD,LUCID DIAGNOSTICS INC,0,-24917,0,-28.66K,CLOSE,0%
72814P109,PLBY,PLAYBOY INC,13549,-20107,19.92K,-29.56K,-59.7%,<.01%
35471R106,FSP,FRANKLIN STR PPTYS CORP,0,-18620,0,-30.72K,CLOSE,0%
L02235106,AMBP,ARDAGH METAL PACKAGING S A,38818,-8037,154.69K,-32.03K,-17.2%,<.01%
282914100,EGHT,8X8 INC NEW,13684,-15525,29.08K,-32.99K,-53.2%,<.01%
69012T305,OTLK,OUTLOOK THERAPEUTICS INC,0,-21683,0,-34.8K,CLOSE,0%
729139105,PLRX,PLIANT THERAPEUTICS INC,37595,-23626,55.45K,-34.85K,-38.6%,<.01%
M20598104,CSTE,CAESARSTONE LTD,0,-18340,0,-35.95K,CLOSE,0%
68554V108,OSUR,ORASURE TECHNOLOGIES INC,0,-12232,0,-36.76K,CLOSE,0%
64131A105,STIM,NEURONETICS INC,14666,-13860,40.19K,-37.98K,-48.6%,<.01%
501976104,KYTX,KYVERNA THERAPEUTICS INC,0,-12392,0,-37.98K,CLOSE,0%
25065K104,DXLG,DESTINATION XL GROUP INC,0,-34471,0,-38.44K,CLOSE,0%
202608105,CVGI,COMMERCIAL VEH GROUP INC,0,-23712,0,-39.12K,CLOSE,0%
18270P109,CLAR,CLARUS CORP NEW,0,-11310,0,-39.25K,CLOSE,0%
883203101,TXT,TEXTRON INC,10179,-465,859.82K,-39.28K,-4.4%,0.01%
84920Y106,SPWH,SPORTSMANS WHSE HLDGS INC,0,-11452,0,-39.51K,CLOSE,0%
629337106,NNBR,NN INC,0,-18888,0,-39.66K,CLOSE,0%
62857J201,MYO,MYOMO INC,0,-18586,0,-39.96K,CLOSE,0%
09352U108,BLND,BLEND LABS INC,0,-12221,0,-40.27K,CLOSE,0%
34984V209,FET,FORUM ENERGY TECHNOLOGIES IN,10538,-1538,281.15K,-41.03K,-12.7%,<.01%
090683103,BTMD,BIOTE CORP CLASS A,0,-10214,0,-41.06K,CLOSE,0%
35104E100,FDMT,4D MOLECULAR THERAPEUTICS IN,0,-11257,0,-41.76K,CLOSE,0%
36257Y109,GOTU,GAOTU TECHEDU INC,0,-11631,0,-41.87K,CLOSE,0%
38341P102,GOSS,GOSSAMER BIO INC,79709,-16087,209.24K,-42.23K,-16.8%,<.01%
320551104,DIBS,1STDIBS COM INC,0,-15482,0,-42.5K,CLOSE,0%
29975E109,EB,EVENTBRITE INC,0,-16422,0,-43.27K,CLOSE,0%
88636J790,AIYY,TIDAL TR II,0,-10031,0,-43.53K,CLOSE,0%
90400P101,UGP,ULTRAPAR PARTICIPACOES SA SP,0,-13660,0,-44.87K,CLOSE,0%
29664W105,ESPR,ESPERION THERAPEUTICS INC NE,0,-46274,0,-45.63K,CLOSE,0%
75943R102,RLAY,RELAY THERAPEUTICS INC,0,-13496,0,-46.76K,CLOSE,0%
81578P106,SEER,SEER INC,0,-22174,0,-47.23K,CLOSE,0%
00081T108,ACCO,ACCO BRANDS CORP,0,-13223,0,-47.34K,CLOSE,0%
294375209,EPSN,EPSILON ENERGY LTD,16074,-9382,81.17K,-47.38K,-36.9%,<.01%
72815G108,MYPS,PLAYSTUDIOS INC CLASS A,0,-37331,0,-48.53K,CLOSE,0%
46655E100,DC,DAKOTA GOLD CORP,0,-13285,0,-49.02K,CLOSE,0%
03589W102,ANNX,ANNEXON INC,0,-20515,0,-49.13K,CLOSE,0%
G67927114,OST,OSTIN TECHNOLOGY GROUP CO LT SHS NEW,0,-318100,0,-49.24K,CLOSE,0%
12466Q104,CFFI,C & F FINL CORP,3179,-756,213.82K,-50.85K,-19.2%,<.01%
155923105,CTRI,CENTURI HOLDINGS INC,40519,-2456,857.99K,-52.01K,-5.7%,0.01%
65345M108,NXDR,NEXTDOOR HOLDINGS INC,0,-31688,0,-52.44K,CLOSE,0%
25445D101,DDL,DINGDONG CAYMAN LTD,0,-26583,0,-53.7K,CLOSE,0%
98585N106,YEXT,YEXT INC,12594,-6592,107.36K,-56.2K,-34.4%,<.01%
68247W109,OSS,ONE STOP SYS INC,0,-16025,0,-56.97K,CLOSE,0%
95805V108,WRN,WESTERN COPPER & GOLD CORP,190600,-30000,375.25K,-59.06K,-13.6%,<.01%
G33856108,GSM,FERROGLOBE PLC,0,-16205,0,-59.31K,CLOSE,0%
06684L103,BZUN,BAOZUN INC,0,-24323,0,-61.05K,CLOSE,0%
29842P105,EPRX,EUPRAXIA PHARMACEUTICALS INC,0,-10700,0,-61.39K,CLOSE,0%
43157M102,HLVX,HILLEVAX INC,0,-30942,0,-61.58K,CLOSE,0%
66510M204,NAK,NORTHERN DYNASTY MINERALS LT,0,-46294,0,-62.5K,CLOSE,0%
08975P108,CMRC,BIGCOMMERCE HLDGS INC,0,-13000,0,-65.06K,CLOSE,0%
589492107,MREO,MEREO BIOPHARMA GROUP PLC,0,-25399,0,-69.08K,CLOSE,0%
N0731H103,ATAI,ATAI LIFE SCIENCES NV,0,-32222,0,-70.41K,CLOSE,0%
37890B100,GBTG,GLOBAL BUSINESS TRAVEL GROUP,0,-11207,0,-70.66K,CLOSE,0%
89686D303,TRVG,TRIVAGO N V,0,-19236,0,-72.52K,CLOSE,0%
24661P807,DCTH,DELCATH SYS INC,14025,-6858,150.77K,-73.72K,-32.8%,<.01%
393222104,GPRE,GREEN PLAINS INC,0,-12420,0,-74.89K,CLOSE,0%
G1466R173,BORR,BORR DRILLING LTD,0,-45499,0,-83.04K,CLOSE,0%
98955N207,ZH,ZHIHU INC,0,-21108,0,-84.11K,CLOSE,0%
46266A109,IRMD,IRADIMED CORP,3234,-1202,230.49K,-85.67K,-27.1%,<.01%
24477E103,DH,DEFINITIVE HEALTHCARE CORP CLASS A,0,-22187,0,-86.64K,CLOSE,0%
23335Q100,DLHC,DLH HLDGS CORP,0,-15348,0,-89.17K,CLOSE,0%
36241U106,GSIT,GSI TECHNOLOGY INC,0,-26751,0,-89.62K,CLOSE,0%
45675Y104,III,INFORMATION SVCS GROUP INC,12318,-15662,71.01K,-90.29K,-56%,<.01%
84833T103,SPRO,SPERO THERAPEUTICS INC,0,-31205,0,-90.5K,CLOSE,0%
47580P103,JELD,JELD-WEN HLDG INC,19485,-19076,95.57K,-93.57K,-49.5%,<.01%
48115J109,DERM,JOURNEY MED CORP,0,-13181,0,-94.38K,CLOSE,0%
25460E547,EDZ,DIREXION,0,-18156,0,-97.59K,CLOSE,0%
G63365103,MURA,MURAL ONCOLOGY PUB LTD CO,0,-39285,0,-97.62K,CLOSE,0%
024061103,DCH,AMERICAN AXLE & MFG HLDGS IN,21017,-16252,126.42K,-97.76K,-43.6%,<.01%
88338K103,STKS,THE ONE GROUP HOSPITALITY IN,0,-24560,0,-99.71K,CLOSE,0%
92556V106,VTRS,VIATRIS INC,0,-11208,0,-100.14K,CLOSE,0%
34385P108,LAB,STANDARD BIOTOOLS INC,0,-84162,0,-100.57K,CLOSE,0%
76674Q107,RMNI,RIMINI STR INC DEL,0,-26730,0,-100.91K,CLOSE,0%
92859G608,VZLA,VIZSLA SILVER CORP,0,-35238,0,-103.42K,CLOSE,0%
62878D100,NABL,N-ABLE INC,0,-13024,0,-105.49K,CLOSE,0%
36472T109,TDAY,GANNETT CO INC,42963,-25670,177.22K,-105.89K,-37.4%,<.01%
81734D104,SEPN,SEPTERNA INC,0,-10125,0,-107.33K,CLOSE,0%
72815L107,PLTK,PLAYTIKA HLDG CORP,0,-22867,0,-108.05K,CLOSE,0%
76200L309,RZLT,REZOLUTE INC,0,-24504,0,-109.04K,CLOSE,0%
59124U605,MTA,METALLA RTY & STREAMING LTD,12648,-17930,80.57K,-114.21K,-58.6%,<.01%
53946R106,LDI,LOANDEPOT INC,0,-90363,0,-114.31K,CLOSE,0%
142038108,CRBU,CARIBOU BIOSCIENCES INC,0,-91110,0,-114.34K,CLOSE,0%
24703L202,DELL,DELL TECHNOLOGIES INC,76965,-807,10.91M,-114.41K,-1%,0.13%
76029N106,REPL,REPLIMUNE GROUP INC,0,-12671,0,-117.84K,CLOSE,0%
67421J207,OTLY,OATLY GROUP AB,0,-10098,0,-119.56K,CLOSE,0%
52886X107,LXEO,LEXEO THERAPEUTICS INC,0,-29779,0,-120.31K,CLOSE,0%
38246G108,GDRX,GOODRX HLDGS INC,0,-24659,0,-122.8K,CLOSE,0%
053774105,CAR,AVIS BUDGET GROUP,25039,-767,4.02M,-123.24K,-3%,0.05%
M51474118,GILT,GILAT SATELLITE NETWORKS LTD,0,-17594,0,-124.57K,CLOSE,0%
384313508,EAF,GRAFTECH INTL LTD,0,-131020,0,-127.38K,CLOSE,0%
14179K101,CRGX,CARGO THERAPEUTICS INC,0,-30980,0,-127.64K,CLOSE,0%
879382208,TELFY,TELEFONICA S A,0,-24438,0,-127.69K,CLOSE,0%
68628V308,ORN,ORION GROUP HLDGS INC,0,-14238,0,-129.28K,CLOSE,0%
307359885,FFAI,FARADAY FUTURE INTLGT ELEC I COM NEW,0,-77941,0,-131.72K,CLOSE,0%
78349D107,RXST,RXSIGHT INC,10631,-14683,95.57K,-132K,-58%,<.01%
57638P104,MBC,MASTERBRAND INC,0,-12249,0,-133.88K,CLOSE,0%
904311107,UAA,UNDER ARMOUR INC,63329,-27603,316.64K,-138.01K,-30.4%,<.01%
68236X100,STLN,THE ONCOLOGY INSTITUTE INC,40273,-39480,141.16K,-138.38K,-49.5%,<.01%
69924R108,PGRE,PARAMOUNT GROUP INC,0,-22740,0,-138.49K,CLOSE,0%
89532M101,TRVI,TREVI THERAPEUTICS INC,0,-25848,0,-141.39K,CLOSE,0%
524660107,LEG,LEGGETT & PLATT INC,0,-16076,0,-143.32K,CLOSE,0%
410345102,HBI,HANESBRANDS INC,0,-31716,0,-145.58K,CLOSE,0%
26873J107,EMX,EMX RTY CORP,0,-57854,0,-145.79K,CLOSE,0%
Y2990R101,HAFN,HAFNIA LTD,0,-29459,0,-147K,CLOSE,0%
53626N102,LION,LIONSGATE STUDIOS CORP,0,-25409,0,-147.63K,CLOSE,0%
00370M103,ABVX,ABIVAX SA,0,-19367,0,-148.16K,CLOSE,0%
14575E105,CARS,CARS COM INC,0,-12561,0,-148.91K,CLOSE,0%
53216B104,LFMD,LIFEMD INC,0,-11545,0,-157.13K,CLOSE,0%
N30577105,ZGN,ERMENEGILDO ZEGNA N V,0,-18615,0,-159.25K,CLOSE,0%
29258Y103,EXK,ENDEAVOUR SILVER CORP,0,-32955,0,-162.3K,CLOSE,0%
603170101,MLYS,MINERALYS THERAPEUTICS INC,0,-11987,0,-162.42K,CLOSE,0%
P5626F128,IFS,INTERCORP FINL SVCS INC,10703,-4042,431.33K,-162.89K,-27.4%,<.01%
071734107,BHC,BAUSCH HEALTH COS INC,0,-24485,0,-163.07K,CLOSE,0%
76029L100,RPAY,REPAY HLDGS CORP,0,-33901,0,-163.57K,CLOSE,0%
450056106,IRTC,IRHYTHM TECHNOLOGIES INC,1406,-954,241.52K,-163.88K,-40.4%,<.01%
45826J105,NTLA,INTELLIA THERAPEUTICS INC,0,-17649,0,-165.37K,CLOSE,0%
40049J206,TV,GRUPO TELEVISA S A B,0,-76672,0,-168.29K,CLOSE,0%
244916102,DEFT,DEFI TECHNOLOGIES INC,0,-57596,0,-168.47K,CLOSE,0%
51509F105,LE,LANDS END INC NEW,0,-15851,0,-169.76K,CLOSE,0%
69354N106,PRAA,PRA GROUP INC,0,-11708,0,-172.58K,CLOSE,0%
624580106,MOV,MOVADO GROUP INC,0,-11306,0,-172.64K,CLOSE,0%
08774B508,BETR,BETTER HOME & FINANCE HOLDIN COM NEW,0,-13930,0,-172.73K,CLOSE,0%
89346D107,TAC,TRANSALTA CORP,0,-16056,0,-173.16K,CLOSE,0%
678026105,OIS,OIL STS INTL INC,0,-33109,0,-177.46K,CLOSE,0%
88556E102,TDUP,THREDUP INC,0,-24017,0,-179.53K,CLOSE,0%
G01125106,AFYA,AFYA LTD,0,-10107,0,-180.66K,CLOSE,0%
112463104,BKD,BROOKDALE SR LIVING INC,14073,-21312,119.48K,-180.94K,-60.2%,<.01%
656811106,NOA,NORTH AMERN CONSTR GROUP LTD,0,-11405,0,-182.14K,CLOSE,0%
55406W103,LUXE,LUXEXPERIENCE BV,0,-23186,0,-183.75K,CLOSE,0%
M2197Q107,CLBT,CELLEBRITE DI LTD,0,-11635,0,-186.04K,CLOSE,0%
125269100,CF,CF INDS HLDGS INC,34657,-2080,3.11M,-186.47K,-5.7%,0.04%
942622200,WSO,WATSCO INC,540,-468,218.54K,-189.4K,-46.4%,<.01%
36870C104,GENK,GEN RESTAURENT GROUP,0,-49044,0,-190.78K,CLOSE,0%
554382101,MAC,MACERICH CO,0,-11791,0,-190.9K,CLOSE,0%
39304D102,GDOT,GREEN DOT CORP,0,-17795,0,-191.92K,CLOSE,0%
74969N103,RLX,RLX TECHNOLOGY INC,0,-88297,0,-195.14K,CLOSE,0%
00972D105,AKBA,AKEBIA THERAPEUTICS INC,10268,-71676,28.08K,-196.03K,-87.5%,<.01%
690742101,OC,OWENS CORNING NEW,3824,-1387,541.06K,-196.25K,-26.6%,<.01%
948596101,WB,WEIBO CORP,0,-20672,0,-196.9K,CLOSE,0%
514952100,LB,LANDBRIDGE COMPANY LLC,9990,-3722,533.02K,-198.59K,-27.1%,<.01%
G7500M104,RNW,RENEW ENERGY GLOBAL PLC,0,-28983,0,-200.27K,CLOSE,0%
120076104,BBW,BUILD-A-BEAR WORKSHOP INC,0,-3891,0,-200.54K,CLOSE,0%
31810T101,FINV,FINVOLUTION GROUP,0,-21513,0,-203.73K,CLOSE,0%
457030104,IMKTA,INGLES MKTS INC,0,-3254,0,-205.98K,CLOSE,0%
40416E103,HCI,HCI GROUP INC,1184,-1075,227.45K,-206.51K,-47.6%,<.01%
04071F102,TETH,21SHARES CORE ETHEREUM ETF,0,-16492,0,-207.47K,CLOSE,0%
78573M104,SABR,SABRE CORP,0,-66910,0,-210.77K,CLOSE,0%
00912X302,AL,AIR LEASE CORP,0,-3629,0,-212.19K,CLOSE,0%
F21107101,CSTM,CONSTELLIUM SE,0,-15964,0,-212.24K,CLOSE,0%
146229109,CRI,CARTERS INC,0,-7082,0,-213.31K,CLOSE,0%
02005N100,ALLY,ALLY FINL INC,0,-5484,0,-213.63K,CLOSE,0%
853606101,SLI,STANDARD LITHIUM LTD,45787,-63067,155.45K,-214.11K,-57.9%,<.01%
38149W622,GPIX,GOLDMAN SACHS ETF TR,0,-4300,0,-214.18K,CLOSE,0%
30068X103,XGN,EXAGEN INC,11414,-19641,124.75K,-214.68K,-63.2%,<.01%
053906103,ASM,AVINO SILVER & GOLD MINES LT,0,-60148,0,-215.93K,CLOSE,0%
05278C107,ATHM,AUTOHOME INC SP ADS RP,0,-8390,0,-216.46K,CLOSE,0%
13100M509,CALX,CALIX INC,0,-4079,0,-216.96K,CLOSE,0%
33751L105,MYFW,FIRST WESTN FINL INC,0,-9682,0,-218.52K,CLOSE,0%
689648103,OTTR,OTTER TAIL CORP,0,-2847,0,-219.45K,CLOSE,0%
81619Q105,SEM,SELECT MED HLDGS CORP,0,-14475,0,-219.59K,CLOSE,0%
20603L102,CON,CONCENTRA GROUP HOLDINGS PAR,0,-10728,0,-220.78K,CLOSE,0%
319835104,FCCO,FIRST CMNTY CORP S C,0,-9128,0,-222.45K,CLOSE,0%
25401T603,DBRG,DIGITALBRIDGE GROUP INC,0,-21508,0,-222.61K,CLOSE,0%
632347100,NATH,NATHANS FAMOUS INC NEW,0,-2024,0,-223.65K,CLOSE,0%
226718104,CRTO,CRITEO S A,0,-9396,0,-225.32K,CLOSE,0%
483497103,KALV,KALVISTA PHARMACEUTICALS INC,0,-19973,0,-225.9K,CLOSE,0%
419870100,HE,HAWAIIAN ELEC INDUSTRIES,0,-21418,0,-227.57K,CLOSE,0%
758750103,RRX,REGAL REXNORD CORPORATION,0,-1571,0,-227.79K,CLOSE,0%
698884103,PAR,PAR TECHNOLOGY CORP,0,-3285,0,-227.81K,CLOSE,0%
221006109,CRVL,CORVEL CORP,0,-2243,0,-230.56K,CLOSE,0%
67098H104,OI,O-I GLASS INC,0,-15690,0,-231.43K,CLOSE,0%
714236106,PBT,PERMIAN BASIN RTY TR,0,-18597,0,-231.72K,CLOSE,0%
05508R106,BGS,B & G FOODS INC NEW,0,-54978,0,-232.28K,CLOSE,0%
G9087Q102,TROX,TRONOX HOLDINGS PLC,29313,-57847,117.84K,-232.54K,-66.4%,<.01%
292554102,ECPG,ENCORE CAP GROUP INC,0,-6011,0,-232.99K,CLOSE,0%
48123V102,ZD,ZIFF DAVIS INC,0,-7709,0,-233.27K,CLOSE,0%
46138E107,GOVI,INVESCO EXCH TRADED FD TR,0,-8516,0,-233.89K,CLOSE,0%
296315104,ESE,ESCO TECHNOLOGIES INC,0,-1228,0,-235.62K,CLOSE,0%
15117B202,CLDX,CELLDEX THERAPEUTICS INC NEW,0,-11656,0,-237.55K,CLOSE,0%
782011100,RSI,RUSH STREET INTERACTIVE INC,0,-15962,0,-237.99K,CLOSE,0%
654902204,NOK,NOKIA CORP,0,-46197,0,-238.84K,CLOSE,0%
98422E103,XERS,XERIS BIOPHARMA HOLDINGS INC,17289,-29467,140.82K,-240.01K,-63%,<.01%
680665205,OLN,OLIN CORP,0,-11960,0,-240.1K,CLOSE,0%
57164Y107,VAC,MARRIOTT VACATIONS WORLDWIDE,0,-3327,0,-240.44K,CLOSE,0%
33738R308,FTHI,FIRST TR EXCHANGE TRADED FD,0,-10552,0,-241.11K,CLOSE,0%
03073E105,COR,CENCORA INC,0,-805,0,-241.34K,CLOSE,0%
950915108,WRD,WERIDE INC,59969,-24559,593.69K,-243.13K,-29.1%,<.01%
33734X101,FXD,FIRST TR EXCHANGE TRADED FD,0,-3869,0,-245.35K,CLOSE,0%
G3855L106,GHRS,GH RESEARCH PLC,0,-20108,0,-245.52K,CLOSE,0%
N53745100,LYB,LYONDELLBASELL INDUSTRIES N,0,-4251,0,-246K,CLOSE,0%
G3090S106,EPSM,EPSIUM ENTERPRISE LTD,0,-18673,0,-247.04K,CLOSE,0%
749360400,RCMT,RCM TECHNOLOGIES INC,0,-10484,0,-247.11K,CLOSE,0%
462260100,IOVA,IOVANCE BIOTHERAPEUTICS INC,0,-144124,0,-247.17K,CLOSE,0%
868459108,SUPN,SUPERNUS PHARMACEUTICALS INC,0,-7850,0,-247.43K,CLOSE,0%
023608102,AEE,AMEREN CORP,0,-2579,0,-247.62K,CLOSE,0%
11040G103,VTOL,BRISTOW GROUP INC,0,-7512,0,-247.82K,CLOSE,0%
06777U200,BNED,BARNES & NOBLE ED INC,0,-21101,0,-248.15K,CLOSE,0%
74933W452,TBIL,RBB FD INC,0,-4964,0,-248.18K,CLOSE,0%
703343103,PATK,PATRICK INDS INC,0,-2706,0,-249.9K,CLOSE,0%
23834J201,DAVE,DAVE INC CLASS A,8495,-1256,1.69M,-250.2K,-12.9%,0.02%
192108504,CDE,COEUR MNG INC,26451,-13414,495.96K,-251.51K,-33.6%,<.01%
433539202,HIPO,HIPPO HLDGS INC,0,-9062,0,-252.97K,CLOSE,0%
03152W109,FOLD,AMICUS THERAPEUTICS INC,0,-44512,0,-255.05K,CLOSE,0%
783513203,RYAAY,RYANAIR HOLDINGS PLC,0,-4445,0,-256.34K,CLOSE,0%
29364G103,ETR,ENTERGY CORP NEW,0,-3114,0,-258.81K,CLOSE,0%
731105201,PSNY,POLESTAR AUTOMOTIVE HLDG UK,0,-241593,0,-259.71K,CLOSE,0%
29357K103,ENVA,ENOVA INTL INC,0,-2365,0,-263.67K,CLOSE,0%
320218100,THFF,FIRST FINANCIAL CORPORATION,0,-4898,0,-265.42K,CLOSE,0%
G8060N102,ST,SENSATA TECHNOLOGIES HLDG PL,0,-8832,0,-265.93K,CLOSE,0%
500600101,KOPN,KOPIN CORP,0,-174487,0,-266.96K,CLOSE,0%
74340E103,PGNY,PROGYNY INC,0,-12173,0,-267.56K,CLOSE,0%
337344105,QQEW,FIRST TR EXCHANGE-TRADED FD,0,-1975,0,-269.53K,CLOSE,0%
75585H206,REAX,THE REAL BROKERAGE INC,0,-59910,0,-269.89K,CLOSE,0%
25961D105,DOUG,DOUGLAS ELLIMAN INC,17865,-94361,51.18K,-270.34K,-84.1%,<.01%
03823U102,AAOI,APPLIED OPTOELECTRONICS INC,0,-10642,0,-273.18K,CLOSE,0%
037598109,APOG,APOGEE ENTERPRISES INC,0,-6755,0,-274.12K,CLOSE,0%
204448104,BVN,COMPANIA DE MINAS BUENAVENTU,0,-16884,0,-277.07K,CLOSE,0%
55405W104,MYRG,MYR GROUP INC DEL,0,-1529,0,-277.5K,CLOSE,0%
53220K504,LGND,LIGAND PHARMACEUTICALS INC,1487,-1569,263.26K,-277.78K,-51.3%,<.01%
693718108,PCAR,PACCAR INC,0,-2938,0,-279.14K,CLOSE,0%
415858109,HROW,HARROW INC,0,-9156,0,-279.62K,CLOSE,0%
35922N100,FVR,FRONTVIEW REIT INC,0,-23285,0,-279.65K,CLOSE,0%
464287374,IGE,ISHARES TR,0,-6349,0,-281.07K,CLOSE,0%
01644J108,ALKT,ALKAMI TECHNOLOGY INC,0,-9352,0,-281.92K,CLOSE,0%
25459Y207,QQQE,DIREXION,0,-2872,0,-282K,CLOSE,0%
69343T107,PJT,PJT PARTNERS INC,0,-1711,0,-282.21K,CLOSE,0%
002120202,ATYR,ATYR PHARMA INC,0,-56022,0,-282.91K,CLOSE,0%
87261Y106,TMC,TMC THE METALS COMPANY INC,0,-43029,0,-283.99K,CLOSE,0%
602566309,MIND,MIND TECHNOLOGY INC,0,-33519,0,-284.58K,CLOSE,0%
651229106,NWL,NEWELL BRANDS INC,0,-52798,0,-284.58K,CLOSE,0%
45769N105,IA,INNOVATIVE SOLUTIONS & SUPPO,0,-20630,0,-286.34K,CLOSE,0%
666762109,NRIM,NORTHRIM BANCORP INC,0,-12292,0,-286.89K,CLOSE,0%
G0084W101,ADNT,ADIENT PLC,0,-14760,0,-287.38K,CLOSE,0%
205306103,TBRG,TRUBRIDGE INC,0,-12304,0,-288.16K,CLOSE,0%
G52694109,KNSA,KINIKSA PHARMACEUTICALS INTL,0,-10440,0,-288.88K,CLOSE,0%
03753U106,APLS,APELLIS PHARMACEUTICALS INC,0,-16798,0,-290.61K,CLOSE,0%
404280406,HSBC,HSBC HLDGS PLC,0,-4792,0,-291.19K,CLOSE,0%
G8588X103,SGHC,SUPER GROUP SGHC LIMITED,0,-26932,0,-295.31K,CLOSE,0%
030506109,AMWD,AMERICAN WOODMARK CORPORATIO,0,-5649,0,-301.71K,CLOSE,0%
G5509L101,LIVN,LIVANOVA PLC,0,-6731,0,-303.03K,CLOSE,0%
88033G407,THC,TENET HEALTHCARE CORP,15713,-1505,3.19M,-305.33K,-8.7%,0.04%
15202L107,CSR,CENTERSPACE,0,-5089,0,-305.85K,CLOSE,0%
04247X102,AWI,ARMSTRONG WORLD INDS INC NEW,3623,-1562,710.33K,-306.25K,-30.1%,<.01%
92837L109,VIST,VISTA ENERGY S.A.B. DE C.V.,0,-6504,0,-310.89K,CLOSE,0%
464287499,IWR,ISHARES TR,0,-3402,0,-312.85K,CLOSE,0%
030111207,AMSC,AMERICAN SUPERCONDUCTOR CORP,0,-8533,0,-313.08K,CLOSE,0%
68634K106,ORLA,ORLA MNG LTD NEW,0,-31500,0,-314.83K,CLOSE,0%
15678C102,CBLL,CERIBELL INC,0,-16960,0,-317.49K,CLOSE,0%
790148100,JOE,ST JOE CO,0,-6728,0,-320.93K,CLOSE,0%
358054104,FRSH,FRESHWORKS INC CLASS A,0,-21591,0,-321.71K,CLOSE,0%
38149W630,GPIQ,GOLDMAN SACHS ETF TR,0,-6475,0,-322.45K,CLOSE,0%
399473206,GRPN,GROUPON INC,0,-9693,0,-324.23K,CLOSE,0%
606822104,MUFG,MITSUBISHI UFJ FINL GROUP IN,0,-23706,0,-325.13K,CLOSE,0%
52736R102,LEVI,LEVI STRAUSS & CO NEW CL A,0,-17884,0,-330.59K,CLOSE,0%
002474104,AZZ,AZZ INC,0,-3499,0,-330.97K,CLOSE,0%
86366E106,GPCR,STRUCTURE THERAPEUTICS INC,0,-16079,0,-333.8K,CLOSE,0%
300426103,ECG,EVERUS CONSTR GROUP,0,-5255,0,-335.53K,CLOSE,0%
228903100,AORT,ARTIVION INC,0,-10982,0,-341.81K,CLOSE,0%
185899101,CLF,CLEVELAND-CLIFFS INC NEW,62094,-28231,757.86K,-344.56K,-31.3%,<.01%
30052F100,EVGO,EVGO INC,10834,-73046,51.35K,-346.24K,-87.1%,<.01%
33738D606,LGOV,FIRST TR,0,-16214,0,-347.47K,CLOSE,0%
68386H103,OPFI,OPPFI INC,0,-24848,0,-348K,CLOSE,0%
97717W315,DEM,WISDOMTREE TR,0,-7738,0,-350.38K,CLOSE,0%
01625V104,ALHC,ALIGNMENT HEALTHCARE INC,0,-25084,0,-351.05K,CLOSE,0%
86771W105,RUN,SUNRUN INC,0,-43047,0,-352.34K,CLOSE,0%
35953D104,FUBO,FUBOTV INC,272485,-85123,1.13M,-352.83K,-23.8%,0.01%
636180101,NFG,NATIONAL FUEL GAS CO,0,-4169,0,-353.03K,CLOSE,0%
46435U556,ARTY,ISHARES TR,0,-8634,0,-354.25K,CLOSE,0%
20717M103,CFLT,CONFLUENT INC CLASS A,0,-14238,0,-354.95K,CLOSE,0%
604749101,MIRM,MIRUM PHARMACEUTICALS INC,2872,-4879,210.55K,-357.68K,-62.9%,<.01%
012653101,ALB,ALBEMARLE CORP,0,-5778,0,-362.05K,CLOSE,0%
45337C102,INCY,INCYTE CORP,0,-5330,0,-362.97K,CLOSE,0%
91823B109,UWMC,UWM HOLDINGS CORPORATION,0,-89030,0,-368.58K,CLOSE,0%
047649108,ATKR,ATKORE INC,0,-5226,0,-368.82K,CLOSE,0%
04956D107,ATMU,ATMUS FILTRATION TECHNOLOGIE,0,-10126,0,-369.19K,CLOSE,0%
G1110E107,BHVN,BIOHAVEN LTD,19372,-24591,291.06K,-369.48K,-55.9%,<.01%
464288430,AIA,ISHARES TR,2954,-3916,279.54K,-370.57K,-57%,<.01%
98379L100,XPEL,XPEL INC,0,-10372,0,-371.63K,CLOSE,0%
H8817H100,RIG,TRANSOCEAN LTD REGISTERED,0,-143830,0,-371.8K,CLOSE,0%
877619106,TSHA,TAYSHA GENE THERAPIES INC,47328,-114612,154.29K,-373.63K,-70.8%,<.01%
74383L105,PVBC,PROVIDENT BANCORP INC,0,-30000,0,-374.7K,CLOSE,0%
33739N108,FMB,FIRST TR EXCH TRADED FD III,0,-7549,0,-376.09K,CLOSE,0%
165303108,CPK,CHESAPEAKE UTILS CORP,0,-3162,0,-379.91K,CLOSE,0%
G98239109,XP,XP INC,0,-18843,0,-380.53K,CLOSE,0%
921932505,VOOG,VANGUARD ADMIRAL FDS INC,0,-963,0,-382.59K,CLOSE,0%
011659109,ALK,ALASKA AIR GROUP INC,0,-7745,0,-382.99K,CLOSE,0%
74587B101,PLSE,PULSE BIOSCIENCES INC,0,-25585,0,-387.61K,CLOSE,0%
579780206,MKC,MCCORMICK & CO INC,0,-5115,0,-387.67K,CLOSE,0%
420261109,HWKN,HAWKINS INC,0,-2728,0,-387.68K,CLOSE,0%
38526M106,LOPE,GRAND CANYON ED INC,0,-2069,0,-391.19K,CLOSE,0%
008252108,AMG,AFFILIATED MANAGERS GROUP IN,1588,-1642,378.82K,-391.7K,-50.8%,<.01%
775133101,ROG,ROGERS CORP,0,-5720,0,-392.11K,CLOSE,0%
38071H106,GROY,GOLD ROYALTY CORP,0,-177498,0,-393.16K,CLOSE,0%
10922N103,BHF,BRIGHTHOUSE FINL INC,0,-7344,0,-394.52K,CLOSE,0%
55345K103,MRC,MRC GLOBAL INC,0,-28784,0,-394.92K,CLOSE,0%
46591M109,JOYY,JOYY INC,0,-7750,0,-394.94K,CLOSE,0%
G0176J109,ALLE,ALLEGION PLC,0,-2742,0,-395.29K,CLOSE,0%
52468L406,LVHD,LEGG MASON ETF INVT,0,-9967,0,-397.38K,CLOSE,0%
437076102,HD,HOME DEPOT INC,0,-1093,0,-400.63K,CLOSE,0%
867224107,SU,SUNCOR ENERGY INC NEW,0,-10800,0,-402.64K,CLOSE,0%
29082A107,EMBJ,EMBRAER S.A.,0,-7163,0,-407.75K,CLOSE,0%
75704L104,RDVT,RED VIOLET INC,0,-8287,0,-408.13K,CLOSE,0%
457642205,INOD,INNODATA INC,0,-8193,0,-419.64K,CLOSE,0%
80359A205,PDYN,PALLADYNE AI CORP,0,-48818,0,-422.76K,CLOSE,0%
464287564,ICF,ISHARES TR,0,-6910,0,-422.82K,CLOSE,0%
92206C623,VTWG,VANGUARD SCOTTSDALE FDS,0,-2030,0,-423.6K,CLOSE,0%
90139K100,QLTY,2023 ETF SERIES TRUST,0,-12361,0,-423.86K,CLOSE,0%
82575P107,SBSW,SIBANYE STILLWATER LTD,0,-58744,0,-424.43K,CLOSE,0%
400764106,GNTY,GUARANTY BANCSHARES INC TEX,0,-10074,0,-428.45K,CLOSE,0%
927107409,VLGEA,VILLAGE SUPER MKT INC,0,-11237,0,-432.62K,CLOSE,0%
69047Q102,OVV,OVINTIV INC,0,-11463,0,-436.17K,CLOSE,0%
423403104,MOMO,HELLO GROUP INC,59938,-59242,445.04K,-439.87K,-49.7%,<.01%
43689E107,HBCP,HOME BANCORP INC,0,-8571,0,-444.58K,CLOSE,0%
87652V109,TASK,TASKUS INC CLASS A,0,-26552,0,-445.01K,CLOSE,0%
457187102,INGR,INGREDION INC,2522,-3658,308.04K,-446.79K,-59.2%,<.01%
35905A109,FTDR,FRONTDOOR INC,0,-7647,0,-450.71K,CLOSE,0%
72703X106,PL,PLANET LABS PBC,0,-74421,0,-453.6K,CLOSE,0%
58933Y105,MRK,MERCK & CO INC,13128,-5409,1.1M,-453.92K,-29.2%,0.01%
46982L108,J,JACOBS SOLUTIONS INC,0,-3470,0,-456.13K,CLOSE,0%
302492103,FLYW,FLYWIRE CORPORATION,0,-39016,0,-456.29K,CLOSE,0%
109194100,BFAM,BRIGHT HORIZONS FAM SOL IN D,0,-3694,0,-456.87K,CLOSE,0%
33738R118,TDIV,FIRST TR EXCHANGE TRADED FD,0,-5182,0,-467.62K,CLOSE,0%
69366J200,PTCT,PTC THERAPEUTICS INC,0,-9582,0,-467.7K,CLOSE,0%
74340W103,PLD,PROLOGIS INC.,0,-4472,0,-469.87K,CLOSE,0%
233331107,DTE,DTE ENERGY CO,0,-3559,0,-471.43K,CLOSE,0%
136385101,CNQ,CANADIAN NAT RES LTD,0,-15015,0,-471.47K,CLOSE,0%
461804106,ITIC,INVESTORS TITLE CO NC,1824,-1764,489.8K,-473.69K,-49.2%,<.01%
64125C109,NBIX,NEUROCRINE BIOSCIENCES INC,11376,-3433,1.6M,-481.72K,-23.2%,0.02%
46138G649,QQQM,INVESCO EXCH TRADED FD TR,0,-2140,0,-485.87K,CLOSE,0%
377322102,GKOS,GLAUKOS CORP,0,-4715,0,-487.23K,CLOSE,0%
464287549,IGM,ISHARES TR,0,-4351,0,-488.75K,CLOSE,0%
48242W106,KBR,KBR INC,0,-10311,0,-494.21K,CLOSE,0%
29278D105,ENIC,ENEL CHILE S.A.,0,-135656,0,-494.47K,CLOSE,0%
46125A100,LUNR,INTUITIVE MACHINES INC CLASS A,0,-45589,0,-495.1K,CLOSE,0%
92673K108,VIGL,VIGIL NEUROSCIENCE INC,0,-62271,0,-495.37K,CLOSE,0%
185123106,CWAN,CLEARWATER ANALYTICS HLDGS I,0,-22633,0,-496.34K,CLOSE,0%
464288521,USRT,ISHARES TR,0,-8791,0,-497.04K,CLOSE,0%
316092808,FTEC,FIDELITY COVINGTON TRUST,0,-2537,0,-500.47K,CLOSE,0%
53224K302,LTBR,LIGHTBRIDGE CORP,0,-37726,0,-504.02K,CLOSE,0%
000957100,ABM,ABM INDS INC,0,-10689,0,-504.52K,CLOSE,0%
90400D108,RARE,ULTRAGENYX PHARMACEUTICAL IN,0,-13944,0,-506.86K,CLOSE,0%
38748G101,BAR,GRANITESHARES GOLD TR,0,-15707,0,-512.6K,CLOSE,0%
03770N101,APGE,APOGEE THERAPEUTICS INC,0,-11829,0,-513.38K,CLOSE,0%
G6674U108,NVCR,NOVOCURE LTD,0,-28834,0,-513.53K,CLOSE,0%
706327103,PBA,PEMBINA PIPELINE CORP,0,-13700,0,-513.75K,CLOSE,0%
254687106,DIS,DISNEY WALT CO,129327,-4494,14.8M,-514.43K,-3.4%,0.18%
65345N106,NN,NEXTNAV INC,0,-33963,0,-516.58K,CLOSE,0%
92189F437,ANGL,VANECK ETF TRUST,0,-17715,0,-518.61K,CLOSE,0%
22207T101,BASE,COUCHBASE INC,0,-21393,0,-521.56K,CLOSE,0%
87043Q108,SG,SWEETGREEN INC,73882,-65446,589.58K,-522.26K,-47%,<.01%
077347300,BELFB,BEL FUSE INC,0,-5359,0,-523.52K,CLOSE,0%
03062D803,USAS,AMERICAS GOLD AND SILVER COR,20960,-140042,78.47K,-524.26K,-87%,<.01%
946760105,CLMB,CLIMB GLOBAL SOLUTIONS INC,2235,-3893,301.37K,-524.93K,-63.5%,<.01%
G0585R106,AGO,ASSURED GUARANTY LTD,0,-6045,0,-526.34K,CLOSE,0%
500643200,KFY,KORN FERRY,0,-7181,0,-526.65K,CLOSE,0%
25434V823,DFAR,DIMENSIONAL ETF TRUST,0,-22490,0,-527.5K,CLOSE,0%
302491303,FMC,FMC CORP,0,-12688,0,-529.47K,CLOSE,0%
125896100,CMS,CMS ENERGY CORP,0,-7683,0,-532.2K,CLOSE,0%
874080104,TAL,TAL EDUCATION GROUP,52979,-47597,593.37K,-533.09K,-47.3%,<.01%
42704L104,HRI,HERC HLDGS INC,3315,-4592,386.6K,-535.52K,-58.1%,<.01%
46434G814,EWM,ISHARES INC,0,-22030,0,-535.99K,CLOSE,0%
45765U103,NSIT,INSIGHT ENTERPRISES INC,2987,-4738,338.9K,-537.57K,-61.3%,<.01%
78473E103,SPXC,SPX TECHNOLOGIES INC,0,-3213,0,-538.79K,CLOSE,0%
74158E104,PNRG,PRIMEENERGY RESOURCES CORP,0,-3700,0,-541.61K,CLOSE,0%
294268107,PLUS,EPLUS INC,0,-7541,0,-543.86K,CLOSE,0%
40145W101,GRDN,GUARDIAN PHARMACY SVCS INC,0,-25608,0,-545.84K,CLOSE,0%
92763W103,VIPS,VIPSHOP HLDGS LTD,0,-36290,0,-546.35K,CLOSE,0%
29355A107,ENPH,ENPHASE ENERGY INC,25447,-15498,900.06K,-548.16K,-37.9%,0.01%
980228308,WDS,WOODSIDE ENERGY GROUP LTD,0,-35682,0,-550.57K,CLOSE,0%
96208T104,WEX,WEX INC,2809,-3498,442.56K,-551.11K,-55.5%,<.01%
74347Y888,UCO,PROSHARES TR II,0,-24962,0,-559.65K,CLOSE,0%
20030N101,CMCSA,COMCAST CORP NEW,0,-15713,0,-560.4K,CLOSE,0%
091955104,ETHW,BITWISE ETHEREUM ETF,0,-31064,0,-560.71K,CLOSE,0%
68373M107,OPRA,OPERA LTD,0,-29883,0,-564.49K,CLOSE,0%
92647N535,USTB,VICTORY PORTFOLIOS II,0,-11194,0,-568.88K,CLOSE,0%
901109108,TPC,TUTOR PERINI CORP,0,-12176,0,-569.11K,CLOSE,0%
92243G108,PCVX,VAXCYTE INC,25807,-15990,929.57K,-575.96K,-38.3%,0.01%
05965X109,BSAC,BANCO SANTANDER CHILE NEW SP,0,-22885,0,-576.7K,CLOSE,0%
018581108,BFH,BREAD FINANCIAL HOLDINGS INC,0,-10127,0,-578.05K,CLOSE,0%
492327101,KROS,KEROS THERAPEUTICS INC,10362,-36638,163.93K,-579.61K,-78%,<.01%
35969L108,YMM,FULL TRUCK ALLIANCE CO LTD,0,-49106,0,-579.94K,CLOSE,0%
22160K105,COST,COSTCO WHSL CORP NEW,0,-591,0,-585K,CLOSE,0%
550241103,LUMN,LUMEN TECHNOLOGIES INC,0,-133757,0,-585.19K,CLOSE,0%
925050106,VRNA,VERONA PHARMA PLC,0,-6197,0,-585.8K,CLOSE,0%
87650L103,TARS,TARSUS PHARMACEUTICALS INC,0,-14500,0,-588.41K,CLOSE,0%
74347G374,DXD,PROSHARES TR,0,-24442,0,-591.86K,CLOSE,0%
60687Y109,MFG,MIZUHO FINANCIAL GROUP INC,0,-106623,0,-592.29K,CLOSE,0%
16115Q308,GTLS,CHART INDS INC,0,-3600,0,-592.67K,CLOSE,0%
942749102,WTS,WATTS WATER TECHNOLOGIES INC,0,-2432,0,-598.39K,CLOSE,0%
89377M109,TMDX,TRANSMEDICS GROUP INC,3499,-5408,392.48K,-606.62K,-60.7%,<.01%
55405Y100,MTSI,MACOM TECH SOLUTIONS HLDGS I,0,-4246,0,-608.11K,CLOSE,0%
912008109,USFD,US FOODS HLDG CORP,0,-7904,0,-608.61K,CLOSE,0%
46817M107,JXN,JACKSON FINANCIAL INC,0,-6853,0,-608.68K,CLOSE,0%
68278B107,OS,ONESTREAM INC,0,-21613,0,-611K,CLOSE,0%
070830104,BBWI,BATH & BODY WORKS INC,0,-20431,0,-612.22K,CLOSE,0%
74736L109,QTWO,Q2 HLDGS INC,0,-6546,0,-612.77K,CLOSE,0%
258278100,DORM,DORMAN PRODS INC,0,-5030,0,-616.78K,CLOSE,0%
02553E106,AEO,AMERICAN EAGLE OUTFITTERS IN,0,-65514,0,-629.92K,CLOSE,0%
87256C101,TKO,TKO GROUP HOLDINGS INC,0,-3496,0,-636.06K,CLOSE,0%
26923N538,AIPI,ETF OPPORTUNITIES TRUST,5624,-15337,236.32K,-644.46K,-73.2%,<.01%
413216300,HMY,HARMONY GOLD MINING CO LTD,0,-46340,0,-647.37K,CLOSE,0%
525327102,LDOS,LEIDOS HOLDINGS INC,0,-4108,0,-648K,CLOSE,0%
48563L101,KRT,KARAT PACKAGING INC,0,-23018,0,-648.88K,CLOSE,0%
78464A284,HYMB,SPDR SERIES TRUST,0,-26339,0,-652.94K,CLOSE,0%
92189H201,ITM,VANECK ETF TRUST,0,-14669,0,-667.07K,CLOSE,0%
88025T102,TENB,TENABLE HLDGS INC,0,-19801,0,-668.68K,CLOSE,0%
099406100,BOOT,BOOT BARN HLDGS INC,0,-4415,0,-670.77K,CLOSE,0%
18467V109,YOU,CLEAR SECURE INC,0,-24159,0,-670.77K,CLOSE,0%
761152107,RMD,RESMED INC,0,-2606,0,-672.24K,CLOSE,0%
12503M108,CBOE,CBOE GLOBAL MKTS INC,0,-2894,0,-673.93K,CLOSE,0%
N00985106,AER,AERCAP HOLDINGS NV,0,-5762,0,-674.04K,CLOSE,0%
G85158106,STNE,STONECO LTD,0,-42104,0,-675.35K,CLOSE,0%
402635502,GPOR,GULFPORT ENERGY CORP,0,-3381,0,-680.36K,CLOSE,0%
143130102,KMX,CARMAX INC,0,-10125,0,-680.6K,CLOSE,0%
904767704,UL,UNILEVER PLC,0,-11279,0,-689.82K,CLOSE,0%
74623V103,PCT,PURECYCLE TECHNOLOGIES INC,0,-50533,0,-692.3K,CLOSE,0%
926400102,VSXY,VICTORIAS SECRET AND CO,0,-38309,0,-710.06K,CLOSE,0%
233377407,DXPE,DXP ENTERPRISES INC,0,-8144,0,-712.44K,CLOSE,0%
83192D402,SMA,SMARTSTOP SELF STORAG REIT I,0,-19684,0,-713.35K,CLOSE,0%
464288414,MUB,ISHARES TR,0,-6875,0,-718.23K,CLOSE,0%
913915104,UTI,UNIVERSAL TECHNICAL INST INC,0,-21221,0,-719.18K,CLOSE,0%
92552V100,VSAT,VIASAT INC,0,-49332,0,-719.75K,CLOSE,0%
50189K103,LCII,LCI INDS,0,-7892,0,-719.99K,CLOSE,0%
33739Q408,FTSM,FIRST TR EXCHANGE-TRADED FD FIRST TR,0,-12041,0,-720.89K,CLOSE,0%
74766W108,QUBT,QUANTUM COMPUTING INC,0,-37725,0,-723.19K,CLOSE,0%
971378104,WSC,WILLSCOT HLDGS CORP,0,-26773,0,-733.85K,CLOSE,0%
099724106,BWA,BORGWARNER INC,0,-22078,0,-738.51K,CLOSE,0%
920253101,VMI,VALMONT INDS INC,4086,-1911,1.58M,-741.28K,-31.9%,0.02%
46137V811,PTF,INVESCO EXCHANGE TRADED FD T,0,-10936,0,-746.82K,CLOSE,0%
N3168P101,FER,FERROVIAL SE,0,-13946,0,-746.95K,CLOSE,0%
35473P769,FLIN,FRANKLIN TEMPLETON ETF TR,0,-19141,0,-763.44K,CLOSE,0%
00090Q103,ADT,ADT INC DEL,0,-90361,0,-764K,CLOSE,0%
903731107,ULS,UL SOLUTIONS INC CLASS A,0,-10714,0,-780.14K,CLOSE,0%
464288844,IEZ,ISHARES TR,0,-46359,0,-787.41K,CLOSE,0%
233051200,DBEF,DBX ETF TR,0,-18025,0,-789.23K,CLOSE,0%
88636J154,QQQY,TIDAL TR II,0,-30674,0,-801.36K,CLOSE,0%
73044W302,POET,POET TECHNOLOGIES INC,18545,-145655,102.92K,-808.39K,-88.7%,<.01%
199908104,FIX,COMFORT SYS USA INC,0,-1511,0,-809.98K,CLOSE,0%
44930G107,ICUI,ICU MED INC,0,-6223,0,-822.43K,CLOSE,0%
056752108,BIDU,BAIDU INC,0,-9631,0,-825.76K,CLOSE,0%
891092108,TTC,TORO CO,0,-11708,0,-827.52K,CLOSE,0%
37954Y632,AIQ,GLOBAL X FDS,0,-19114,0,-835.09K,CLOSE,0%
02215L209,KNTK,KINETIK HOLDINGS INC COM NEW,0,-19007,0,-837.07K,CLOSE,0%
464288562,REZ,ISHARES TR,0,-10176,0,-837.49K,CLOSE,0%
P31076105,CPA,COPA HOLDINGS SA,0,-7684,0,-845.09K,CLOSE,0%
26884L109,EQT,EQT CORP,0,-14560,0,-849.14K,CLOSE,0%
650111107,NYT,NEW YORK TIMES CO,0,-15212,0,-851.57K,CLOSE,0%
92337R101,VERA,VERA THERAPEUTICS INC,0,-36136,0,-851.73K,CLOSE,0%
88557W101,QFIN,QIFU TECHNOLOGY INC,0,-19755,0,-857.17K,CLOSE,0%
84858T772,EUAD,SPINNAKER ETF SERIES SELECT STOXX EUR,288234,-18305,13.53M,-859.51K,-6%,0.16%
87162W100,SNX,TD SYNNEX CORPORATION,0,-6351,0,-861.64K,CLOSE,0%
084670702,BRK.B,BERKSHIRE HATHAWAY INC,11502,-1716,5.78M,-862.6K,-13%,0.07%
576323109,MTZ,MASTEC INC,0,-5073,0,-864.49K,CLOSE,0%
960413102,WLK,WESTLAKE CORPORATION,0,-11392,0,-864.77K,CLOSE,0%
05368X102,AVDX,AVIDXCHANGE HOLDINGS INC,0,-88456,0,-865.98K,CLOSE,0%
46138J635,BSJQ,INVESCO EXCH TRD SLF IDX FD,0,-37449,0,-874.06K,CLOSE,0%
29446M102,EQNR,EQUINOR ASA,14686,-36186,357.97K,-882.03K,-71.1%,<.01%
17243V102,CNK,CINEMARK HLDGS INC,16092,-31499,450.9K,-882.6K,-66.2%,<.01%
879369106,TFX,TELEFLEX INCORPORATED,6611,-7276,808.66K,-890K,-52.4%,<.01%
881624209,TEVA,TEVA PHARMACEUTICAL INDS LTD,116643,-44857,2.36M,-907.46K,-27.8%,0.03%
39854F101,GRND,GRINDR INC,0,-39985,0,-908.06K,CLOSE,0%
808625107,SAIC,SCIENCE APPLICATIONS INTL CO,2991,-9193,297.22K,-913.51K,-75.5%,<.01%
N5749R100,MRUS,MERUS N V,0,-17573,0,-924.69K,CLOSE,0%
95082P105,WCC,WESCO INTL INC,0,-5087,0,-942.52K,CLOSE,0%
72201R882,ZROZ,PIMCO ETF TR,0,-14139,0,-948.44K,CLOSE,0%
294821608,ERIC,TELEFONAKTIEBOLAGET LM ERICS,0,-111940,0,-950.37K,CLOSE,0%
91167Q100,BNO,UNITED STS BRENT OIL FD LP,39190,-31792,1.18M,-955.19K,-44.8%,0.01%
020764106,AMR,ALPHA METALLURGICAL RESOUR I,0,-8518,0,-957.93K,CLOSE,0%
921946885,VWOB,VANGUARD WHITEHALL FDS,0,-14786,0,-966.34K,CLOSE,0%
74275K108,PCOR,PROCORE TECHNOLOGIES INC,0,-14160,0,-968.26K,CLOSE,0%
092528504,CLOA,BLACKROCK ETF TRUST,0,-18809,0,-976.56K,CLOSE,0%
302941109,FCN,FTI CONSULTING INC,0,-6072,0,-980.2K,CLOSE,0%
68390D106,OR,OR ROYALTIES INC.,0,-38400,0,-982.85K,CLOSE,0%
G9618E107,WTM,WHITE MTNS INS GROUP LTD,0,-548,0,-982.85K,CLOSE,0%
G2519Y108,BAP,CREDICORP LTD,6976,-3698,1.86M,-984.81K,-34.6%,0.02%
090040106,BILI,BILIBILI INC,90845,-36324,2.55M,-1.02M,-28.6%,0.03%
465741106,ITRI,ITRON INC,0,-7777,0,-1.02M,CLOSE,0%
88636J527,ULTY,TIDAL TRUST,228401,-188076,1.25M,-1.03M,-45.2%,0.01%
21874C102,CNM,CORE & MAIN INC,0,-17094,0,-1.03M,CLOSE,0%
75524B104,RBC,RBC BEARINGS INC,740,-2684,288.81K,-1.05M,-78.4%,<.01%
59151K108,MEOH,METHANEX CORP,0,-31800,0,-1.05M,CLOSE,0%
929740108,WAB,WABTEC,0,-5009,0,-1.05M,CLOSE,0%
M8740S227,TATT,TAT TECHNOLOGIES LTD,0,-34758,0,-1.06M,CLOSE,0%
902973304,USB,US BANCORP DEL,0,-23600,0,-1.07M,CLOSE,0%
61945C103,MOS,MOSAIC CO NEW,50253,-30823,1.74M,-1.07M,-38%,0.02%
83417M104,SEDG,SOLAREDGE TECHNOLOGIES INC,0,-52447,0,-1.07M,CLOSE,0%
G25508105,CRH,CRH PLC,0,-11763,0,-1.08M,CLOSE,0%
918204108,VFC,V F CORP,0,-92978,0,-1.09M,CLOSE,0%
46266C105,IQV,IQVIA HLDGS INC,0,-6955,0,-1.1M,CLOSE,0%
457730109,INSP,INSPIRE MED SYS INC,0,-8462,0,-1.1M,CLOSE,0%
67079U306,NUTX,NUTEX HEALTH INC,0,-8909,0,-1.11M,CLOSE,0%
056525108,BMI,BADGER METER INC,0,-4534,0,-1.11M,CLOSE,0%
693656100,PVH,PVH CORPORATION,0,-16387,0,-1.12M,CLOSE,0%
464287721,IYW,ISHARES TR,0,-6591,0,-1.14M,CLOSE,0%
04965M106,ATAT,ATOUR LIFESTYLE HLDGS LTD,23685,-30441,890.08K,-1.14M,-56.2%,0.01%
71654V408,PBR,PETROLEO BRASILEIRO SA PETRO,232897,-92595,2.95M,-1.17M,-28.4%,0.03%
00404A109,ACHC,ACADIA HEALTHCARE COMPANY IN,0,-51863,0,-1.18M,CLOSE,0%
G87052109,TEL,TE CONNECTIVITY PLC,0,-6983,0,-1.18M,CLOSE,0%
863111100,STRT,STRATTEC SEC CORP,0,-19054,0,-1.18M,CLOSE,0%
817070501,SENEA,SENECA FOODS CORP NEW,0,-12021,0,-1.22M,CLOSE,0%
98139A105,WK,WORKIVA INC,0,-18039,0,-1.23M,CLOSE,0%
647581206,EDU,NEW ORIENTAL ED & TECHNOLOGY,0,-23139,0,-1.25M,CLOSE,0%
G8193D104,KAZR,SKYLINE BLDRS GROUP HLDG LTD,0,-99505,0,-1.26M,CLOSE,0%
159864107,CRL,CHARLES RIV LABS INTL INC,9851,-8131,1.54M,-1.27M,-45.2%,0.02%
85423L103,SARO,STANDARDAERO INC,0,-41017,0,-1.3M,CLOSE,0%
339750101,FND,FLOOR & DECOR HLDGS INC,0,-17145,0,-1.3M,CLOSE,0%
422704106,HL,HECLA MNG CO,0,-219044,0,-1.31M,CLOSE,0%
09061G101,BMRN,BIOMARIN PHARMACEUTICAL INC,7696,-24696,416.74K,-1.34M,-76.2%,<.01%
31428X106,FDX,FEDEX CORP,123849,-5723,29.2M,-1.35M,-4.4%,0.35%
92189H300,EMLC,VANECK ETF TRUST,20235,-53050,516.4K,-1.35M,-72.4%,<.01%
482497104,BEKE,KE HLDGS INC,21732,-71842,412.91K,-1.36M,-76.8%,<.01%
40637H109,HALO,HALOZYME THERAPEUTICS INC,0,-26649,0,-1.39M,CLOSE,0%
400506101,PAC,GRUPO AEROPUERTO DEL PACIFIC,0,-6034,0,-1.39M,CLOSE,0%
74347G135,SDOW,PROSHARES TR,0,-33469,0,-1.39M,CLOSE,0%
72201R304,LTPZ,PIMCO ETF TR,0,-26730,0,-1.4M,CLOSE,0%
97717Y527,USFR,WISDOMTREE TR,0,-27874,0,-1.4M,CLOSE,0%
313148306,AGM,FEDERAL AGRIC MTG CORP,0,-7226,0,-1.41M,CLOSE,0%
651587107,NEU,NEWMARKET CORP,0,-2041,0,-1.41M,CLOSE,0%
V5633W109,MMYT,MAKEMYTRIP LIMITED MAURITIUS,0,-14427,0,-1.41M,CLOSE,0%
92189F106,GDX,VANECK ETF TRUST,0,-27264,0,-1.42M,CLOSE,0%
055622104,BP,BP PLC,0,-47538,0,-1.42M,CLOSE,0%
26923N744,FEPI,ETF OPPORTUNITIES TRUST,50650,-30694,2.37M,-1.44M,-37.7%,0.03%
464288828,IHF,ISHARES TR,0,-29898,0,-1.45M,CLOSE,0%
150870103,CE,CELANESE CORP DEL,0,-26311,0,-1.46M,CLOSE,0%
25460G708,BRZU,DIREXION SHS ETF TR BRZ BL 2X,0,-22331,0,-1.46M,CLOSE,0%
M7S64L123,PGY,PAGAYA TECHNOLOGIES LTD,0,-69405,0,-1.48M,CLOSE,0%
89832Q109,TFC,TRUIST FINL CORP,0,-34935,0,-1.5M,CLOSE,0%
751212101,RL,RALPH LAUREN CORP,0,-5493,0,-1.51M,CLOSE,0%
25490K869,CHAU,DIREXION,0,-101737,0,-1.51M,CLOSE,0%
512816109,LAMR,LAMAR ADVERTISING CO NEW,0,-12532,0,-1.52M,CLOSE,0%
G87110105,FTI,TECHNIPFMC PLC,0,-44235,0,-1.52M,CLOSE,0%
92206C102,VGSH,VANGUARD SCOTTSDALE FDS,0,-26291,0,-1.55M,CLOSE,0%
37954Y293,MLPX,GLOBAL X FDS,0,-24983,0,-1.57M,CLOSE,0%
92276F100,VTR,VENTAS INC,0,-24846,0,-1.57M,CLOSE,0%
74347R693,ROM,PROSHARES TR,0,-20660,0,-1.57M,CLOSE,0%
33768G107,FCFS,FIRSTCASH HOLDINGS INC,0,-11723,0,-1.58M,CLOSE,0%
058586108,BLDP,BALLARD PWR SYS INC NEW,39588,-589412,107.28K,-1.6M,-93.7%,<.01%
086516101,BBY,BEST BUY INC,10569,-21161,799.02K,-1.6M,-66.7%,<.01%
115236101,BRO,BROWN & BROWN INC,0,-14746,0,-1.63M,CLOSE,0%
34959J108,FTV,FORTIVE CORP,0,-31395,0,-1.64M,CLOSE,0%
01741R102,ATI,ATI INC,0,-19219,0,-1.66M,CLOSE,0%
36828A101,GEV,GE VERNOVA INC,37049,-2703,22.77M,-1.66M,-6.8%,0.27%
89151E109,TTE,TOTALENERGIES SE,0,-27149,0,-1.67M,CLOSE,0%
749527107,REVG,REV GROUP INC,0,-35226,0,-1.68M,CLOSE,0%
892672106,TW,TRADEWEB MKTS INC,0,-11470,0,-1.68M,CLOSE,0%
46434V803,HEFA,ISHARES TR,0,-44369,0,-1.68M,CLOSE,0%
40051E202,ASR,GRUPO AEROPORTUARIO DEL SURE,0,-5277,0,-1.68M,CLOSE,0%
05464T104,AXSM,AXSOME THERAPEUTICS INC,0,-16459,0,-1.72M,CLOSE,0%
72352L106,PINS,PINTEREST INC,0,-48737,0,-1.75M,CLOSE,0%
032108649,SILJ,AMPLIFY ETF TR,0,-119112,0,-1.76M,CLOSE,0%
G3730V105,FTAI,FTAI AVIATION LTD,0,-15392,0,-1.77M,CLOSE,0%
37954Y657,PFFD,GLOBAL X FDS,12305,-91380,239.39K,-1.78M,-88.1%,<.01%
82846H405,QXO,QXO INC,201834,-94367,3.85M,-1.8M,-31.9%,0.05%
46434V761,UAE,ISHARES TR,0,-96895,0,-1.81M,CLOSE,0%
596278101,MIDD,MIDDLEBY CORP,0,-12602,0,-1.81M,CLOSE,0%
46140H403,DBO,INVESCO DB MULTI-SECTOR,59227,-136803,796.31K,-1.84M,-69.8%,<.01%
631103108,NDAQ,NASDAQ INC,0,-20682,0,-1.85M,CLOSE,0%
G5S37H101,MRX,MAREX GROUP PLC,0,-47261,0,-1.86M,CLOSE,0%
888787108,TOST,TOAST INC,0,-42615,0,-1.89M,CLOSE,0%
37954Y475,XYLD,GLOBAL X FDS,0,-49639,0,-1.93M,CLOSE,0%
87612G101,TRGP,TARGA RES CORP,12960,-11616,2.17M,-1.95M,-47.3%,0.03%
34964C106,FBIN,FORTUNE BRANDS INNOVATIONS I,0,-38420,0,-1.98M,CLOSE,0%
46436E577,GOVZ,ISHARES TR,0,-206776,0,-1.98M,CLOSE,0%
16359R103,CHE,CHEMED CORP NEW,0,-4118,0,-2M,CLOSE,0%
22052L104,CTVA,CORTEVA INC,7662,-29848,518.1K,-2.02M,-79.6%,<.01%
464286715,TUR,ISHARES INC,0,-63563,0,-2.05M,CLOSE,0%
876511106,TGB,TASEKO MINES LTD,44972,-487264,190.41K,-2.06M,-91.6%,<.01%
46137V845,PRN,INVESCO EXCHANGE TRADED FD T,0,-13224,0,-2.07M,CLOSE,0%
816851109,SRE,SEMPRA,0,-27412,0,-2.08M,CLOSE,0%
03831W108,APP,APPLOVIN CORP,0,-5989,0,-2.1M,CLOSE,0%
G66721104,NCLH,NORWEGIAN CRUISE LINE HLDG L,0,-105265,0,-2.13M,CLOSE,0%
364760108,GAP,GAP INC,0,-98152,0,-2.14M,CLOSE,0%
49845K101,KVYO,KLAVIYO INC,0,-64153,0,-2.15M,CLOSE,0%
M9T951109,ZIM,ZIM INTEGRATED SHIPPING SERV,0,-135900,0,-2.19M,CLOSE,0%
109641100,EAT,BRINKER INTL INC,0,-12296,0,-2.22M,CLOSE,0%
92189F429,PFXF,VANECK ETF TRUST,0,-130881,0,-2.24M,CLOSE,0%
83304A106,SNAP,SNAP INC,290706,-290463,2.24M,-2.24M,-50%,0.03%
97717W422,EPI,WISDOMTREE TR,0,-47376,0,-2.25M,CLOSE,0%
02319V103,ABEV,AMBEV SA,0,-936411,0,-2.25M,CLOSE,0%
267475101,DY,DYCOM INDS INC,0,-9866,0,-2.41M,CLOSE,0%
16411R208,LNG,CHENIERE ENERGY INC,62410,-10412,14.66M,-2.45M,-14.3%,0.17%
D18190898,DB,DEUTSCHE BANK A G,0,-84146,0,-2.46M,CLOSE,0%
06738E204,BCS,BARCLAYS PLC,0,-132843,0,-2.47M,CLOSE,0%
90364P105,PATH,UIPATH INC,0,-193321,0,-2.47M,CLOSE,0%
25609L105,DCBO,DOCEBO INC,0,-86200,0,-2.49M,CLOSE,0%
464289529,INDY,ISHARES TR,0,-46866,0,-2.55M,CLOSE,0%
464287341,IXC,ISHARES TR,0,-65831,0,-2.58M,CLOSE,0%
G0260P102,AS,AMER SPORTS INC,0,-67360,0,-2.61M,CLOSE,0%
128030202,CALM,CAL MAINE FOODS INC,0,-26382,0,-2.63M,CLOSE,0%
876030107,TPR,TAPESTRY INC,0,-30174,0,-2.65M,CLOSE,0%
67103H107,ORLY,OREILLY AUTOMOTIVE INC,0,-29614,0,-2.67M,CLOSE,0%
45784P101,PODD,INSULET CORP,0,-8524,0,-2.68M,CLOSE,0%
003262102,PALL,ABRDN PALLADIUM ETF TRUST,0,-27030,0,-2.72M,CLOSE,0%
00508Y102,AYI,ACUITY INC,0,-9223,0,-2.75M,CLOSE,0%
090043100,BILL,BILL HOLDINGS INC,0,-59664,0,-2.76M,CLOSE,0%
464288117,IGOV,ISHARES TR,0,-64096,0,-2.76M,CLOSE,0%
14149Y108,CAH,CARDINAL HEALTH INC,0,-16526,0,-2.78M,CLOSE,0%
852066208,SII,SPROTT INC,91300,-33900,7.59M,-2.82M,-27.1%,0.09%
81369Y803,XLK,SELECT SECTOR SPDR TR,0,-11345,0,-2.87M,CLOSE,0%
836100107,SOUN,SOUNDHOUND AI INC CLASS A,0,-270879,0,-2.91M,CLOSE,0%
91680M107,UPST,UPSTART HLDGS INC,0,-45904,0,-2.97M,CLOSE,0%
92189H409,HYD,VANECK ETF TRUST,0,-59963,0,-3.01M,CLOSE,0%
406216101,HAL,HALLIBURTON CO,0,-148563,0,-3.02M,CLOSE,0%
808524862,SCHO,SCHWAB STRATEGIC TR,0,-124146,0,-3.03M,CLOSE,0%
37954Y491,DAX,GLOBAL X FDS,0,-67803,0,-3.04M,CLOSE,0%
687793109,OSCR,OSCAR HEALTH INC,338862,-160967,6.41M,-3.05M,-32.2%,0.08%
78468R606,SPHY,SPDR SERIES TRUST,0,-128972,0,-3.07M,CLOSE,0%
682680103,OKE,ONEOK INC NEW,0,-40230,0,-3.28M,CLOSE,0%
25460G609,ERX,DIREXION,0,-63844,0,-3.29M,CLOSE,0%
063671101,BMO,BANK MONTREAL QUE,0,-29703,0,-3.29M,CLOSE,0%
191216100,KO,COCA COLA CO,0,-46814,0,-3.31M,CLOSE,0%
47030M106,JHX,JAMES HARDIE INDS PLC,0,-123411,0,-3.32M,CLOSE,0%
53947R105,LOAR,LOAR HOLDINGS INC,0,-39069,0,-3.37M,CLOSE,0%
231021106,CMI,CUMMINS INC,0,-10498,0,-3.44M,CLOSE,0%
46438R105,ETHA,ISHARES ETHEREUM TR,0,-181730,0,-3.46M,CLOSE,0%
78709Y105,SAIA,SAIA INC,2236,-11931,669.97K,-3.57M,-84.2%,<.01%
60855R100,MOH,MOLINA HEALTHCARE INC,0,-12103,0,-3.6M,CLOSE,0%
46090E103,QQQ,INVESCO QQQ TR,0,-6634,0,-3.66M,CLOSE,0%
718546104,PSX,PHILLIPS 66,12866,-27406,1.75M,-3.73M,-68.1%,0.02%
620076307,MSI,MOTOROLA SOLUTIONS INC,0,-8964,0,-3.77M,CLOSE,0%
M7518J104,ODD,ODDITY TECH LTD,0,-51772,0,-3.91M,CLOSE,0%
988498101,YUM,YUM BRANDS INC,0,-26722,0,-3.96M,CLOSE,0%
78464A359,CWB,SPDR SERIES TRUST,0,-47934,0,-3.96M,CLOSE,0%
913903100,UHS,UNIVERSAL HLTH SVCS INC,0,-22486,0,-4.07M,CLOSE,0%
883556102,TMO,THERMO FISHER SCIENTIFIC INC,0,-10282,0,-4.17M,CLOSE,0%
003261104,BCI,ABRDN ETFS BBRG ALL,0,-207686,0,-4.31M,CLOSE,0%
22266T109,CPNG,COUPANG INC,0,-146051,0,-4.37M,CLOSE,0%
46435G474,FALN,ISHARES TR,0,-163947,0,-4.45M,CLOSE,0%
681919106,OMC,OMNICOM GROUP INC,9238,-55363,753.45K,-4.52M,-85.7%,<.01%
85472N109,STN,STANTEC INC,14600,-42500,1.57M,-4.58M,-74.4%,0.02%
46429B309,EIDO,ISHARES TR,0,-261521,0,-4.61M,CLOSE,0%
009158106,APD,AIR PRODS & CHEMS INC,0,-16460,0,-4.64M,CLOSE,0%
922020805,VTIP,VANGUARD MALVERN FDS,0,-92836,0,-4.67M,CLOSE,0%
78433H675,QQQI,NEOS ETF TRUST,0,-89941,0,-4.68M,CLOSE,0%
46431W853,COMT,ISHARES U S ETF TR,58059,-176830,1.56M,-4.75M,-75.3%,0.02%
33738D309,FTSL,FIRST TR,0,-104613,0,-4.8M,CLOSE,0%
443573100,HUBS,HUBSPOT INC,0,-8696,0,-4.84M,CLOSE,0%
819047101,SHAK,SHAKE SHACK INC,0,-34619,0,-4.87M,CLOSE,0%
H5919C104,ONON,ON HLDG AG,0,-98367,0,-5.12M,CLOSE,0%
G4705A100,ICLR,ICON PLC,0,-35333,0,-5.14M,CLOSE,0%
143658300,CCL,CARNIVAL CORP,0,-184172,0,-5.18M,CLOSE,0%
75886F107,REGN,REGENERON PHARMACEUTICALS,61050,-9399,34.31M,-5.28M,-13.3%,0.41%
78464A474,SPSB,SPDR SERIES TRUST,0,-179230,0,-5.41M,CLOSE,0%
253868103,DLR,DIGITAL RLTY TR INC,0,-31095,0,-5.42M,CLOSE,0%
165167735,EXE,EXPAND ENERGY CORPORATION,0,-47744,0,-5.58M,CLOSE,0%
15118V207,CELH,CELSIUS HLDGS INC,0,-120679,0,-5.6M,CLOSE,0%
46140H106,DBA,INVESCO DB MULTI-SECTOR,0,-216891,0,-5.67M,CLOSE,0%
46432F396,MTUM,ISHARES TR,0,-23991,0,-5.77M,CLOSE,0%
81764X103,TTAN,SERVICETITAN INC,0,-53949,0,-5.78M,CLOSE,0%
693475105,PNC,PNC FINL SVCS GROUP INC,0,-31028,0,-5.78M,CLOSE,0%
464288158,SUB,ISHARES TR,5990,-54515,639.46K,-5.82M,-90.1%,<.01%
74347X864,UPRO,PROSHARES TR ULTRPRO,18674,-52396,2.08M,-5.84M,-73.7%,0.02%
69344A834,PAAA,PGIM ETF TR,0,-113883,0,-5.86M,CLOSE,0%
37960A438,CLIP,GLOBAL X FDS,0,-59724,0,-6M,CLOSE,0%
060505104,BAC,BANK AMERICA CORP,0,-129473,0,-6.12M,CLOSE,0%
37954Y483,QYLD,GLOBAL X FDS,0,-366538,0,-6.12M,CLOSE,0%
25460G831,JNUG,DIREXION,0,-78818,0,-6.25M,CLOSE,0%
47103U845,JAAA,JANUS DETROIT STR TR,0,-124269,0,-6.31M,CLOSE,0%
92204A702,VGT,VANGUARD WORLD FD,0,-9601,0,-6.36M,CLOSE,0%
46429B747,STIP,ISHARES TR,0,-61856,0,-6.36M,CLOSE,0%
33739H101,FTGC,FIRST TR EXCHANGE TRAD FD VI FST TR,0,-258239,0,-6.37M,CLOSE,0%
49456B101,KMI,KINDER MORGAN INC DEL,0,-222263,0,-6.53M,CLOSE,0%
235851102,DHR,DANAHER CORPORATION,0,-33089,0,-6.54M,CLOSE,0%
12572Q105,CME,CME GROUP INC,20101,-24292,5.43M,-6.56M,-54.7%,0.06%
74347W353,AGQ,PROSHARES TR II,0,-139449,0,-6.62M,CLOSE,0%
233051432,HYLB,DBX ETF TR,0,-180946,0,-6.68M,CLOSE,0%
464287515,IGV,ISHARES TR,0,-61642,0,-6.75M,CLOSE,0%
14040H105,COF,CAPITAL ONE FINL CORP,64770,-32274,13.77M,-6.86M,-33.3%,0.16%
26856L103,ELF,E L F BEAUTY INC,7316,-52837,969.66K,-7M,-87.8%,0.01%
46434V407,SHYG,ISHARES TR,0,-165231,0,-7.13M,CLOSE,0%
95040Q104,WELL,WELLTOWER INC,0,-46843,0,-7.2M,CLOSE,0%
075887109,BDX,BECTON DICKINSON & CO,0,-42382,0,-7.3M,CLOSE,0%
464288687,PFF,ISHARES TR,75397,-236606,2.38M,-7.48M,-75.8%,0.03%
101137107,BSX,BOSTON SCIENTIFIC CORP,30127,-77751,2.94M,-7.59M,-72.1%,0.03%
949746101,WFC,WELLS FARGO CO NEW,0,-95591,0,-7.65M,CLOSE,0%
46428R107,GSG,ISHARES S&P GSCI,26633,-334310,611.36K,-7.67M,-92.6%,<.01%
75513E101,RTX,RTX CORPORATION,0,-52769,0,-7.7M,CLOSE,0%
969457100,WMB,WILLIAMS COS INC,0,-126993,0,-7.97M,CLOSE,0%
25809K105,DASH,DOORDASH INC,0,-32839,0,-8.1M,CLOSE,0%
651639106,NEM,NEWMONT CORP,36047,-98855,3.04M,-8.33M,-73.3%,0.04%
032095101,APH,AMPHENOL CORP NEW,0,-84693,0,-8.36M,CLOSE,0%
457669307,INSM,INSMED INC,37735,-58968,5.43M,-8.49M,-61%,0.06%
88031M109,TS,TENARIS S A,0,-456997,0,-8.82M,CLOSE,0%
775109200,RCI,ROGERS,0,-319100,0,-9.42M,CLOSE,0%
303250104,FICO,FAIR ISAAC CORP,0,-5412,0,-9.88M,CLOSE,0%
049468101,TEAM,ATLASSIAN CORPORATION,7640,-62463,1.22M,-9.98M,-89.1%,0.01%
45866F104,ICE,INTERCONTINENTAL EXCHANGE IN,8031,-59249,1.35M,-9.98M,-88.1%,0.02%
87807B107,TRP,TC ENERGY CORP,0,-211200,0,-10.26M,CLOSE,0%
237194105,DRI,DARDEN RESTAURANTS INC,0,-48176,0,-10.5M,CLOSE,0%
70450Y103,PYPL,PAYPAL HLDGS INC,141960,-160646,9.52M,-10.77M,-53.1%,0.11%
03945R102,ACHR,ARCHER AVIATION INC,0,-999480,0,-10.84M,CLOSE,0%
780259305,SHEL,SHELL PLC,0,-155336,0,-10.93M,CLOSE,0%
003264108,SIVR,ABRDN SILVER ETF TRUST,260611,-246103,11.59M,-10.94M,-48.6%,0.14%
866796105,SLF,SUN LIFE FINANCIAL INC.,81900,-185600,4.92M,-11.14M,-69.4%,0.06%
464286871,EWH,ISHARES INC,0,-564759,0,-11.22M,CLOSE,0%
931142103,WMT,WALMART INC,0,-117650,0,-11.5M,CLOSE,0%
25460G781,NUGT,DIREXION,0,-156001,0,-11.6M,CLOSE,0%
852234103,XYZ,BLOCK INC,0,-172905,0,-11.75M,CLOSE,0%
052769106,ADSK,AUTODESK INC,0,-40434,0,-12.52M,CLOSE,0%
46138B103,DBC,INVESCO DB,239652,-557092,5.4M,-12.55M,-69.9%,0.06%
38150K103,AAAU,GOLDMAN SACHS PHYSICAL GOLD,579214,-341276,22.08M,-13.01M,-37.1%,0.26%
01609W102,BABA,ALIBABA GROUP HLDG LTD,0,-115479,0,-13.09M,CLOSE,0%
169656105,CMG,CHIPOTLE MEXICAN GRILL INC,0,-238006,0,-13.37M,CLOSE,0%
781154109,RBRK,RUBRIK INC.,0,-150843,0,-13.51M,CLOSE,0%
46090F100,PDBC,INVESCO ACTVELY MNGD ETC FD,135965,-1024238,1.83M,-13.75M,-88.3%,0.02%
46138E537,PZA,INVESCO EXCH TRADED FD TR,10915,-604532,252.08K,-13.96M,-98.2%,<.01%
46436F103,IAUM,ISHARES GOLD TR,92477,-374419,3.56M,-14.41M,-80.2%,0.04%
58155Q103,MCK,MCKESSON CORP,32489,-19010,25.11M,-14.69M,-36.9%,0.3%
464287184,FXI,ISHARES TR,145262,-364086,5.98M,-14.98M,-71.5%,0.07%
617446448,MS,MORGAN STANLEY,10421,-94494,1.66M,-15.02M,-90.1%,0.02%
02156V109,OKLO,OKLO INC,0,-275311,0,-15.41M,CLOSE,0%
00287Y109,ABBV,ABBVIE INC,0,-83542,0,-15.51M,CLOSE,0%
78468R408,SJNK,SPDR SERIES TRUST,0,-617893,0,-15.75M,CLOSE,0%
172967424,C,CITIGROUP INC,27954,-159492,2.84M,-16.19M,-85.1%,0.03%
444859102,HUM,HUMANA INC,0,-66609,0,-16.28M,CLOSE,0%
78463V107,GLD,SPDR GOLD TR GOLD,281275,-46785,99.97M,-16.63M,-14.3%,1.2%
91232N207,USO,UNITED STS OIL FD LP,115626,-227054,8.53M,-16.75M,-66.3%,0.1%
98980G102,ZS,ZSCALER INC,15161,-56582,4.54M,-16.95M,-78.9%,0.05%
74347R669,USD,PROSHARES TR,0,-231220,0,-17.12M,CLOSE,0%
833445109,SNOW,SNOWFLAKE INC,0,-77790,0,-17.4M,CLOSE,0%
78468R663,BIL,SPDR SERIES TRUST,0,-197039,0,-18.07M,CLOSE,0%
92189H607,OIH,VANECK ETF TRUST,0,-79947,0,-18.4M,CLOSE,0%
126650100,CVS,CVS HEALTH CORP,0,-284859,0,-19.65M,CLOSE,0%
98149E303,GLDM,WORLD GOLD TR,329436,-271985,25.18M,-20.79M,-45.2%,0.3%
78467V608,SRLN,SSGA ACTIVE ETF TR,0,-510156,0,-21.22M,CLOSE,0%
369604301,GE,GE AEROSPACE,10971,-71106,3.3M,-21.39M,-86.6%,0.04%
88023B103,TEM,TEMPUS AI INC,0,-344590,0,-21.89M,CLOSE,0%
922475108,VEEV,VEEVA SYS INC,36446,-73751,10.86M,-21.98M,-66.9%,0.13%
771049103,RBLX,ROBLOX CORP,14025,-164115,1.94M,-22.75M,-92.1%,0.02%
351858105,FNV,FRANCO NEV CORP,0,-142000,0,-23.2M,CLOSE,0%
46654Q203,JEPQ,J P MORGAN EXCHANGE TRADED F,0,-452088,0,-24.59M,CLOSE,0%
46138G508,BKLN,INVESCO EXCH TRADED FD TR,19300,-1183293,403.85K,-24.76M,-98.4%,<.01%
00217D100,ASTS,AST SPACEMOBILE INC,0,-569785,0,-26.62M,CLOSE,0%
79466L302,CRM,SALESFORCE INC,67277,-116538,15.94M,-27.61M,-63.4%,0.19%
594918104,MSFT,MICROSOFT CORP,253702,-54917,131.35M,-28.43M,-17.8%,1.6%
233051879,ASHR,DBX ETF TR,451788,-868681,14.89M,-28.63M,-65.8%,0.18%
962879102,WPM,WHEATON PRECIOUS METALS CORP,0,-333400,0,-29.84M,CLOSE,0%
G6683N103,NU,NU HLDGS LTD,1389572,-1921562,22.24M,-30.75M,-58%,0.26%
023135106,AMZN,AMAZON COM INC,0,-140979,0,-30.93M,CLOSE,0%
464288679,SHV,ISHARES TR,0,-286440,0,-31.63M,CLOSE,0%
00326A104,SGOL,ETFS GOLD TR,334241,-881774,12.3M,-32.45M,-72.5%,0.15%
25459W102,TECL,DIREXION,0,-356842,0,-33.36M,CLOSE,0%
46429B655,FLOT,ISHARES TR,0,-654191,0,-33.37M,CLOSE,0%
78468R622,JNK,SPDR SERIES TRUST,0,-372848,0,-36.27M,CLOSE,0%
81141R100,SE,SEA LTD,77113,-218996,13.78M,-39.13M,-74%,0.16%
94106B101,WCN,WASTE CONNECTIONS INC,0,-212400,0,-39.48M,CLOSE,0%
464288513,HYG,ISHARES TR,0,-489749,0,-39.49M,CLOSE,0%
74347X831,TQQQ,PROSHARES TR,38803,-389729,4.01M,-40.3M,-90.9%,0.05%
874039100,TSM,TAIWAN SEMICONDUCTOR MFG LTD,0,-178955,0,-40.53M,CLOSE,0%
81762P102,NOW,SERVICENOW INC,0,-41541,0,-42.68M,CLOSE,0%
15101Q207,CLS,CELESTICA INC,162399,-176501,40M,-43.47M,-52.1%,0.47%
68389X105,ORCL,ORACLE CORP,0,-201248,0,-43.98M,CLOSE,0%
74347R206,QLD,PROSHARES TR,3303,-336018,453.34K,-46.12M,-99%,<.01%
09627Y109,BPMC,BLUEPRINT MEDICINES CORP,0,-382677,0,-49.06M,CLOSE,0%
064149107,BNS,BANK NOVA SCOTIA HALIFAX,282000,-846100,18.23M,-54.69M,-75%,0.22%
75734B100,RDDT,REDDIT INC,0,-368502,0,-55.47M,CLOSE,0%
464285204,IAU,ISHARES GOLD TR,188104,-869956,13.69M,-63.3M,-82.2%,0.16%
433000106,HIMS,HIMS & HERS HEALTH INC,0,-1275854,0,-63.62M,CLOSE,0%
02079K107,GOOG,ALPHABET INC,205280,-261958,49.98M,-63.78M,-56.1%,0.59%
57636Q104,MA,MASTERCARD INCORPORATED,4583,-124746,2.61M,-70.94M,-96.5%,0.03%
136069101,CM,CANADIAN IMPERIAL BANK OF CO,251500,-1370700,20.09M,-109.51M,-84.5%,0.24%
83406F102,SOFI,SOFI TECHNOLOGIES INC,2054820,-4274172,54.29M,-112.92M,-67.5%,0.64%
67066G104,NVDA,NVIDIA CORPORATION,1509988,-637408,281.66M,-118.9M,-29.7%,3.3%
91324P102,UNH,UNITEDHEALTH GROUP INC,0,-568869,0,-177.33M,CLOSE,0%
037833100,AAPL,APPLE INC,612766,-880693,155.99M,-224.2M,-59%,1.8%
Total,,,,,8.45B,2.07B,+35.7%,100%
