CUSIP,Ticker,Company,Shares,Delta_Shares,Value,Delta_Value,Delta,Portfolio%
91324P102,UNH,UNITEDHEALTH GROUP INC,882161,882161,291.21M,291.21M,NEW,3%
36828A101,GEV,GE VERNOVA INC,269679,232630,176.25M,152.04M,+627.9%,1.8%
874039100,TSM,TAIWAN SEMICONDUCTOR MFG LTD,494492,494492,150.27M,150.27M,NEW,1.5%
007903107,AMD,ADVANCED MICRO DEVICES INC,1384898,661506,296.59M,141.67M,+91.4%,3%
N07059210,ASML,ASML HOLDING N V,183199,131317,196M,140.49M,+253.1%,2%
81762P102,NOW,SERVICENOW INC,887299,887299,135.93M,135.93M,NEW,1.4%
023135106,AMZN,AMAZON COM INC,511062,511062,117.96M,117.96M,NEW,1.2%
594972408,MSTR,STRATEGY INC,756266,756266,114.91M,114.91M,NEW,1.2%
539830109,LMT,LOCKHEED MARTIN CORP,289738,236831,140.14M,114.55M,+447.6%,1.4%
80004C200,SNDK,SANDISK CORP,839507,463854,199.28M,110.11M,+123.5%,2%
532457108,LLY,ELI LILLY & CO,215864,100000,231.98M,107.47M,+86.3%,2.4%
79466L302,CRM,SALESFORCE INC,451367,384090,119.57M,101.75M,+570.9%,1.2%
05534B760,BCE,BCE INC,4228659,4228659,101M,101M,NEW,1%
Q4982L109,IREN,IREN LIMITED,2870637,2614835,108.42M,98.76M,+1022.2%,1.1%
22160K105,COST,COSTCO WHSL CORP NEW,107724,107724,92.89M,92.89M,NEW,0.95%
464287432,TLT,ISHARES TR,1004367,1004367,87.54M,87.54M,NEW,0.89%
29250N105,ENB,ENBRIDGE INC,2206300,1702200,105.72M,81.56M,+337.7%,1.1%
46625H100,JPM,JPMORGAN CHASE & CO.,330165,239970,106.39M,77.32M,+266.1%,1.1%
46434G822,EWJ,ISHARES INC,992110,933517,80.1M,75.37M,+1593.2%,0.82%
008474108,AEM,AGNICO EAGLE MINES LTD,838500,432300,142.38M,73.41M,+106.4%,1.5%
09290D101,BLK,BLACKROCK INC,74786,65849,80.05M,70.48M,+736.8%,0.82%
717081103,PFE,PFIZER INC,2703836,2703836,67.33M,67.33M,NEW,0.69%
G54950103,LIN,LINDE PLC,157738,157738,67.26M,67.26M,NEW,0.69%
02079K107,GOOG,ALPHABET INC,418302,213022,131.26M,66.85M,+103.8%,1.3%
063671101,BMO,BANK MONTREAL QUE,507782,507782,66.03M,66.03M,NEW,0.67%
62944T105,NVR,NVR INC,9002,9002,65.65M,65.65M,NEW,0.67%
867224107,SU,SUNCOR ENERGY INC NEW,1469349,1469349,65.3M,65.3M,NEW,0.67%
21037T109,CEG,CONSTELLATION ENERGY CORP,174491,174491,61.64M,61.64M,NEW,0.63%
670100205,NVO,NOVO-NORDISK A S,1176933,1176933,59.88M,59.88M,NEW,0.61%
803054204,SAP,SAP SE,344191,238095,83.61M,57.84M,+224.4%,0.85%
82509L107,SHOP,SHOPIFY INC,357700,357700,57.67M,57.67M,NEW,0.59%
09175A206,BMNR,BITMINE IMMERSION TECNOLOGIE,2112167,2089771,57.35M,56.74M,+9331%,0.59%
911363109,URI,UNITED RENTALS INC,66924,66924,54.16M,54.16M,NEW,0.55%
136375102,CNI,CANADIAN NATL RY CO,2261305,521605,223.94M,51.66M,+30%,2.3%
550021109,LULU,LULULEMON ATHLETICA INC,236795,236795,49.21M,49.21M,NEW,0.5%
337738108,FISV,FISERV INC,1185114,706224,79.6M,47.44M,+147.5%,0.81%
884903808,TRI,THOMSON REUTERS CORP,372700,355800,49.25M,47.02M,+2105.3%,0.5%
87612E106,TGT,TARGET CORP,582423,476093,56.93M,46.54M,+447.8%,0.58%
084670702,BRK.B,BERKSHIRE HATHAWAY INC DEL,103849,92347,52.2M,46.42M,+802.9%,0.53%
92840M102,VST,VISTRA CORP,287286,287286,46.35M,46.35M,NEW,0.47%
81141R100,SE,SEA LTD,438260,361147,55.91M,46.07M,+468.3%,0.57%
369604301,GE,GE AEROSPACE,149232,138261,45.97M,42.59M,+1260.2%,0.47%
58733R102,MELI,MERCADOLIBRE INC,61787,20892,124.46M,42.08M,+51.1%,1.3%
009066101,ABNB,AIRBNB INC,291745,291745,39.6M,39.6M,NEW,0.4%
910047109,UAL,UNITED AIRLS HLDGS INC,305389,305389,34.15M,34.15M,NEW,0.35%
09857L108,BKNG,BOOKING HOLDINGS INC,26602,6311,142.46M,33.8M,+31.1%,1.5%
92826C839,V,VISA INC,180854,95819,63.43M,33.6M,+112.7%,0.65%
03831W108,APP,APPLOVIN CORP,49484,49484,33.34M,33.34M,NEW,0.34%
46641Q217,BBJP,J P MORGAN EXCHANGE TRADED F,536708,487329,35.37M,32.12M,+986.9%,0.36%
921910709,EDV,VANGUARD WORLD FD,489400,489400,31.82M,31.82M,NEW,0.32%
494368103,KMB,KIMBERLY-CLARK CORP,314600,314600,31.74M,31.74M,NEW,0.32%
76655K103,RGTI,RIGETTI COMPUTING INC,2205943,1380804,48.86M,30.58M,+167.3%,0.5%
01609W102,BABA,ALIBABA GROUP HLDG LTD,206606,206606,30.28M,30.28M,NEW,0.31%
11777Q209,BTG,B2GOLD CORP,8190760,6548760,36.93M,29.53M,+398.8%,0.38%
617446448,MS,MORGAN STANLEY,175784,165363,31.21M,29.36M,+1586.8%,0.32%
26740W109,QBTS,D-WAVE QUANTUM INC,1120802,1120802,29.31M,29.31M,NEW,0.3%
92537N108,VRT,VERTIV HOLDINGS CO,176669,176669,28.62M,28.62M,NEW,0.29%
G29183103,ETN,EATON CORP PLC,88859,88859,28.3M,28.3M,NEW,0.29%
23331A109,DHI,D R HORTON INC,190728,190728,27.47M,27.47M,NEW,0.28%
81369Y407,XLY,SELECT SECTOR SPDR TR,248060,229432,29.62M,27.4M,+1231.7%,0.3%
620076307,MSI,MOTOROLA SOLUTIONS INC,71441,71441,27.38M,27.38M,NEW,0.28%
351858105,FNV,FRANCO NEV CORP,130600,130600,27.11M,27.11M,NEW,0.28%
038169207,APLD,APPLIED DIGITAL CORP,1015481,1015481,24.9M,24.9M,NEW,0.25%
742718109,PG,PROCTER AND GAMBLE CO,173036,169128,24.8M,24.24M,+4327.7%,0.25%
464288760,ITA,ISHARES TR,219883,111046,47.21M,23.84M,+102%,0.48%
14149Y108,CAH,CARDINAL HEALTH INC,115861,115861,23.81M,23.81M,NEW,0.24%
464286400,EWZ,ISHARES INC,738901,738901,23.47M,23.47M,NEW,0.24%
00724F101,ADBE,ADOBE INC,273082,65285,95.58M,22.85M,+31.4%,0.98%
040413205,ANET,ARISTA NETWORKS INC,170693,170693,22.37M,22.37M,NEW,0.23%
25459W847,TNA,DIREXION SHS ETF TR,481318,481318,21.92M,21.92M,NEW,0.22%
L8681T102,SPOT,SPOTIFY TECHNOLOGY S A,124470,37197,72.28M,21.6M,+42.6%,0.74%
345370860,F,FORD MTR CO,4178258,1610612,54.82M,21.13M,+62.7%,0.56%
37045V100,GM,GENERAL MTRS CO,349222,244074,28.4M,19.85M,+232.1%,0.29%
00162Q452,AMLP,ALPS ETF TR,476492,417602,22.4M,19.64M,+709.1%,0.23%
056752108,BIDU,BAIDU INC,145847,145847,19.06M,19.06M,NEW,0.19%
00217D100,ASTS,AST SPACEMOBILE INC,245194,245194,17.81M,17.81M,NEW,0.18%
060505104,BAC,BANK AMERICA CORP,316433,316433,17.4M,17.4M,NEW,0.18%
15135U109,CVE,CENOVUS ENERGY INC,1026500,1026500,17.39M,17.39M,NEW,0.18%
15101Q207,CLS,CELESTICA INC,221096,58697,65.4M,17.36M,+36.1%,0.67%
172573107,CRCL,CIRCLE INTERNET GROUP INC,576499,217229,45.72M,17.23M,+60.5%,0.47%
00214Q203,ARKQ,ARK ETF TR,156800,149720,17.98M,17.17M,+2114.7%,0.18%
92189H805,REMX,VANECK ETF TRUST,434493,221698,32.12M,16.39M,+104.2%,0.33%
349553107,FTS,FORTIS INC,314801,314801,16.39M,16.39M,NEW,0.17%
46438R105,ETHA,ISHARES ETHEREUM TR,723641,723641,16.23M,16.23M,NEW,0.17%
231021106,CMI,CUMMINS INC,30809,30809,15.73M,15.73M,NEW,0.16%
113004105,BAM,BROOKFIELD ASSET MANAGMT LTD,298000,298000,15.63M,15.63M,NEW,0.16%
773121108,RKLB,ROCKET LAB CORP,613226,222013,42.78M,15.49M,+56.7%,0.44%
30231G102,XOM,EXXON MOBIL CORP,125935,125935,15.16M,15.16M,NEW,0.15%
69047Q102,OVV,OVINTIV INC,375492,375492,14.73M,14.73M,NEW,0.15%
92204A876,VPU,VANGUARD WORLD FD,79615,79615,14.73M,14.73M,NEW,0.15%
706327103,PBA,PEMBINA PIPELINE CORP,381300,381300,14.55M,14.55M,NEW,0.15%
60855R100,MOH,MOLINA HEALTHCARE INC,81351,81351,14.12M,14.12M,NEW,0.14%
464287184,FXI,ISHARES TR,513093,367831,19.65M,14.08M,+253.2%,0.2%
46434G780,EWS,ISHARES INC,559475,507586,15.39M,13.96M,+978.2%,0.16%
247361702,DAL,DELTA AIR LINES INC DEL,294585,197713,20.44M,13.72M,+204.1%,0.21%
14448C104,CARR,CARRIER GLOBAL CORPORATION,339686,258733,17.95M,13.67M,+319.6%,0.18%
882508104,TXN,TEXAS INSTRS INC,77785,77785,13.49M,13.49M,NEW,0.14%
09075V102,BNTX,BIONTECH SE,160464,138261,15.28M,13.16M,+622.7%,0.16%
464288828,IHF,ISHARES TR,273359,273359,13.11M,13.11M,NEW,0.13%
464288752,ITB,ISHARES TR,133362,133362,12.84M,12.84M,NEW,0.13%
595112103,MU,MICRON TECHNOLOGY INC,822996,44694,234.89M,12.76M,+5.7%,2.4%
M3760D101,ESLT,ELBIT SYS LTD,38121,21515,22.02M,12.43M,+129.6%,0.22%
78468R788,SPYD,SPDR SERIES TRUST,286681,286681,12.4M,12.4M,NEW,0.13%
46429B671,MCHI,ISHARES TR,400784,202385,24.08M,12.16M,+102%,0.25%
020002101,ALL,ALLSTATE CORP,57699,57699,12.01M,12.01M,NEW,0.12%
143658300,CCL,CARNIVAL CORP,390965,390965,11.94M,11.94M,NEW,0.12%
871607107,SNPS,SYNOPSYS INC,25265,25265,11.87M,11.87M,NEW,0.12%
243537107,DECK,DECKERS OUTDOOR CORP,111028,111028,11.51M,11.51M,NEW,0.12%
02376R102,AAL,AMERICAN AIRLS GROUP INC,1992222,748297,30.54M,11.47M,+60.2%,0.31%
580135101,MCD,MCDONALDS CORP,56989,37322,17.42M,11.41M,+189.8%,0.18%
35473P744,FLJP,FRANKLIN TEMPLETON ETF TR,328176,328176,11.31M,11.31M,NEW,0.12%
049468101,TEAM,ATLASSIAN CORPORATION,74558,66918,12.09M,10.85M,+875.9%,0.12%
500767306,KWEB,KRANESHARES TRUST,2688631,311213,91.55M,10.6M,+13.1%,0.93%
78464A664,SPTL,SPDR SERIES TRUST,395726,395726,10.47M,10.47M,NEW,0.11%
67079K100,SMR,NUSCALE PWR CORP,709657,709657,10.06M,10.06M,NEW,0.1%
45104G104,IBN,ICICI BANK LIMITED,333495,333495,9.94M,9.94M,NEW,0.1%
844741108,LUV,SOUTHWEST AIRLS CO,252452,237268,10.43M,9.81M,+1562.6%,0.11%
199908104,FIX,COMFORT SYS USA INC,10032,10032,9.36M,9.36M,NEW,0.1%
336433107,FSLR,FIRST SOLAR INC,35214,35214,9.2M,9.2M,NEW,0.09%
81369Y886,XLU,SELECT SECTOR SPDR TR,212860,212860,9.09M,9.09M,NEW,0.09%
30212P303,EXPE,EXPEDIA GROUP INC,31803,31803,9.01M,9.01M,NEW,0.09%
25490K596,NAIL,DBX ETF TR,175961,175961,8.73M,8.73M,NEW,0.09%
26922A842,JETS,ETF SER SOLUTIONS,571861,307925,16.05M,8.64M,+116.7%,0.16%
92864M301,BITX,VOLATILITY SHS TR,306863,306863,8.51M,8.51M,NEW,0.09%
25460G195,YINN,DIREXION SHS ETF TR,197493,197493,8.41M,8.41M,NEW,0.09%
13321L108,CCJ,CAMECO CORP,91670,91670,8.39M,8.39M,NEW,0.09%
26875P101,EOG,EOG RES INC,76547,76547,8.04M,8.04M,NEW,0.08%
571748102,MRSH,MARSH & MCLENNAN COS INC,45650,43053,8.47M,7.99M,+1657.8%,0.09%
820014405,SBET,SHARPLINK GAMING INC,875653,875653,7.83M,7.83M,NEW,0.08%
443573100,HUBS,HUBSPOT INC,19424,19424,7.79M,7.79M,NEW,0.08%
46434G772,EWT,ISHARES INC,168921,120987,10.73M,7.69M,+252.4%,0.11%
12572Q105,CME,CME GROUP INC,48010,27909,13.11M,7.62M,+138.8%,0.13%
37954Y343,MLPA,GLOBAL X FDS,160544,155068,7.77M,7.51M,+2831.8%,0.08%
651639106,NEM,NEWMONT CORP,110734,74687,11.06M,7.46M,+207.2%,0.11%
252131107,DXCM,DEXCOM INC,109985,109985,7.3M,7.3M,NEW,0.07%
87422Q109,TLN,TALEN ENERGY CORP,19467,19467,7.3M,7.3M,NEW,0.07%
74347X799,URTY,PROSHARES TR,133571,133571,7.1M,7.1M,NEW,0.07%
25460G138,TMF,DIREXION SHS ETF TR,187401,187401,6.99M,6.99M,NEW,0.07%
002824100,ABT,ABBOTT LABS,81889,55339,10.26M,6.93M,+208.4%,0.1%
091955104,ETHW,BITWISE ETHEREUM ETF,318127,318127,6.77M,6.77M,NEW,0.07%
46138E800,CQQQ,INVESCO EXCH TRADED FD TR II,253407,128567,13.18M,6.69M,+103%,0.13%
863667101,SYK,STRYKER CORPORATION,18958,18958,6.66M,6.66M,NEW,0.07%
808524680,SCHQ,SCHWAB STRATEGIC TR,207781,207781,6.59M,6.59M,NEW,0.07%
92343V104,VZ,VERIZON COMMUNICATIONS INC,162982,157991,6.64M,6.43M,+3165.5%,0.07%
97717W851,DXJ,WISDOMTREE TR,56373,43160,8.13M,6.22M,+326.6%,0.08%
66987V109,NVS,NOVARTIS AG,45069,45069,6.21M,6.21M,NEW,0.06%
464288224,ICLN,ISHARES TR,370856,370856,6.09M,6.09M,NEW,0.06%
33734X184,FXU,FIRST TR EXCHANGE TRADED FD,133322,133322,6M,6M,NEW,0.06%
91912E105,VALE,VALE S A,1063995,449438,13.86M,5.86M,+73.1%,0.14%
83304A106,SNAP,SNAP INC,1007016,716310,8.13M,5.78M,+246.4%,0.08%
74350P659,SPXU,PROSHARES TR,115583,115583,5.75M,5.75M,NEW,0.06%
03945R102,ACHR,ARCHER AVIATION INC,753612,753612,5.67M,5.67M,NEW,0.06%
N97284108,NBIS,NEBIUS GROUP N.V.,67654,67654,5.66M,5.66M,NEW,0.06%
64110W102,NTES,NETEASE INC,41012,41012,5.64M,5.64M,NEW,0.06%
74350P667,SDS,PROSHARES TR,80989,80989,5.55M,5.55M,NEW,0.06%
316092865,FUTY,FIDELITY COVINGTON TRUST,97850,97850,5.4M,5.4M,NEW,0.06%
464288877,EFV,ISHARES TR,74866,74866,5.35M,5.35M,NEW,0.05%
29355A107,ENPH,ENPHASE ENERGY INC,189931,164484,6.09M,5.27M,+646.4%,0.06%
629377508,NRG,NRG ENERGY INC,33077,33077,5.27M,5.27M,NEW,0.05%
46138E511,PGX,INVESCO EXCH TRADED FD TR II,600848,467219,6.75M,5.25M,+349.6%,0.07%
78464A888,XHB,SPDR SERIES TRUST,50994,50994,5.25M,5.25M,NEW,0.05%
45073V108,ITT,ITT INC,29998,29998,5.2M,5.2M,NEW,0.05%
18452B209,CLSK,CLEANSPARK INC,511954,511954,5.18M,5.18M,NEW,0.05%
92189F692,PPH,VANECK ETF TRUST,48853,48853,5.04M,5.04M,NEW,0.05%
98978V103,ZTS,ZOETIS INC,40057,40057,5.04M,5.04M,NEW,0.05%
75734B100,RDDT,REDDIT INC,21404,21404,4.92M,4.92M,NEW,0.05%
369550108,GD,GENERAL DYNAMICS CORP,14581,14581,4.91M,4.91M,NEW,0.05%
780259305,SHEL,SHELL PLC,64735,64735,4.76M,4.76M,NEW,0.05%
37733W204,GSK,GSK PLC,96329,96329,4.72M,4.72M,NEW,0.05%
681919106,OMC,OMNICOM GROUP INC,66917,57679,5.4M,4.66M,+624.4%,0.06%
25460G187,CWEB,DIREXION SHS ETF TR,116061,116061,4.66M,4.66M,NEW,0.05%
745867101,PHM,PULTE GROUP INC,39532,39532,4.64M,4.64M,NEW,0.05%
303075105,FDS,FACTSET RESH SYS INC,15938,15938,4.63M,4.63M,NEW,0.05%
91917A207,WGMI,VALKYRIE ETF TRUST II,119500,119500,4.57M,4.57M,NEW,0.05%
893641100,TDG,TRANSDIGM GROUP INC,3420,3420,4.55M,4.55M,NEW,0.05%
92206C847,VGLT,VANGUARD SCOTTSDALE FDS,80371,80371,4.48M,4.48M,NEW,0.05%
294429105,EFX,EQUIFAX INC,20107,20107,4.36M,4.36M,NEW,0.04%
859241101,STRL,STERLING INFRASTRUCTURE INC,14111,14111,4.32M,4.32M,NEW,0.04%
443628102,HBM,HUDBAY MINERALS INC,659800,217234,13.12M,4.32M,+49.1%,0.13%
78464A714,XRT,SPDR SERIES TRUST,131999,50004,11.26M,4.26M,+61%,0.11%
19247G107,COHR,COHERENT CORP,23033,23033,4.25M,4.25M,NEW,0.04%
464289180,EUFN,ISHARES TR,114231,114231,4.24M,4.24M,NEW,0.04%
78464A284,HYMB,SPDR SERIES TRUST,169164,169164,4.22M,4.22M,NEW,0.04%
464286640,ECH,ISHARES INC,103772,103772,4.19M,4.19M,NEW,0.04%
194162103,CL,COLGATE PALMOLIVE CO,52722,52722,4.17M,4.17M,NEW,0.04%
33733E302,FDN,FIRST TR EXCHANGE-TRADED FD,15458,15458,4.16M,4.16M,NEW,0.04%
73278L105,POOL,POOL CORP,18056,18056,4.13M,4.13M,NEW,0.04%
25459Y694,FAS,DIREXION SHS ETF TR,36808,24203,6.2M,4.07M,+192%,0.06%
46432F842,IEFA,ISHARES TR,52360,45225,4.68M,4.05M,+633.8%,0.05%
055622104,BP,BP PLC,116316,116316,4.04M,4.04M,NEW,0.04%
349381103,FIGR,FIGURE TECHNOLOGY SOLUTIO,98488,98488,4.02M,4.02M,NEW,0.04%
46436E338,TLTW,ISHARES TR,177082,177082,4.01M,4.01M,NEW,0.04%
284902509,EGO,ELDORADO GOLD CORP NEW,150200,111200,5.41M,4M,+285.1%,0.06%
278768106,ECHO,ECHOSTAR CORP,61292,36302,6.66M,3.95M,+145.3%,0.07%
53229C107,LSPD,LIGHTSPEED COMMERCE INC,322000,322000,3.89M,3.89M,NEW,0.04%
25460G153,DPST,DIREXION SHS ETF TR,38016,38016,3.84M,3.84M,NEW,0.04%
433313103,HNGE,HINGE HEALTH INC,86168,81806,4M,3.8M,+1875.4%,0.04%
42824C109,HPE,HEWLETT PACKARD ENTERPRISE C,153412,153412,3.68M,3.68M,NEW,0.04%
72201R882,ZROZ,PIMCO ETF TR,57331,57331,3.68M,3.68M,NEW,0.04%
74347G135,SDOW,PROSHARES TR,115200,115200,3.68M,3.68M,NEW,0.04%
464288653,TLH,ISHARES TR,36159,36159,3.68M,3.68M,NEW,0.04%
002896207,ANF,ABERCROMBIE & FITCH CO,29186,29186,3.67M,3.67M,NEW,0.04%
143130102,KMX,CARMAX INC,93780,93780,3.62M,3.62M,NEW,0.04%
12008R107,BLDR,BUILDERS FIRSTSOURCE INC,34933,34933,3.59M,3.59M,NEW,0.04%
91307C102,UTHR,UNITED THERAPEUTICS CORP DEL,7122,7122,3.47M,3.47M,NEW,0.04%
07725L102,ONC,BEONE MEDICINES LTD,11334,11334,3.44M,3.44M,NEW,0.04%
889478103,TOL,TOLL BROTHERS INC,25240,25240,3.41M,3.41M,NEW,0.03%
088606108,BHP,BHP GROUP LTD,56192,56192,3.39M,3.39M,NEW,0.03%
26969P108,EXP,EAGLE MATLS INC,16403,16403,3.39M,3.39M,NEW,0.03%
46434V803,HEFA,ISHARES TR,81961,81961,3.39M,3.39M,NEW,0.03%
74280R205,UFO,PROCURE ETF TRUST II,87500,87500,3.38M,3.38M,NEW,0.03%
07782B104,BLTE,BELITE BIO INC,24832,21002,3.97M,3.36M,+548.4%,0.04%
74347R842,UWM,PROSHARES TR,71119,71119,3.34M,3.34M,NEW,0.03%
852234103,XYZ,BLOCK INC,50140,50140,3.26M,3.26M,NEW,0.03%
632307104,NTRA,NATERA INC,14079,14079,3.23M,3.23M,NEW,0.03%
92189L103,ETHV,VANECK ETHEREUM TR,76919,73470,3.34M,3.19M,+2130.2%,0.03%
35834F104,TE,T1 ENERGY INC,471779,471779,3.15M,3.15M,NEW,0.03%
501044101,KR,KROGER CO,49647,49647,3.1M,3.1M,NEW,0.03%
767292105,RIOT,RIOT PLATFORMS INC,243990,243990,3.09M,3.09M,NEW,0.03%
M46528101,FRO,FRONTLINE PLC,166460,141235,3.63M,3.08M,+559.9%,0.04%
46434G764,EMXC,ISHARES INC,41664,41664,3.03M,3.03M,NEW,0.03%
268150109,DT,DYNATRACE INC,69562,69562,3.01M,3.01M,NEW,0.03%
46435G326,IDEV,ISHARES TR,41421,36120,3.42M,2.98M,+681.4%,0.03%
74766W108,QUBT,QUANTUM COMPUTING INC,289378,289378,2.97M,2.97M,NEW,0.03%
670346105,NUE,NUCOR CORP,18166,18166,2.96M,2.96M,NEW,0.03%
15643U104,LEU,CENTRUS ENERGY CORP,15698,12114,3.81M,2.94M,+338%,0.04%
80105N105,SNY,SANOFI SA,60025,60025,2.91M,2.91M,NEW,0.03%
456788108,INFY,INFOSYS LTD,162570,162570,2.9M,2.9M,NEW,0.03%
373737105,GGB,GERDAU SA,784361,784361,2.89M,2.89M,NEW,0.03%
70959W103,PAG,PENSKE AUTOMOTIVE GRP INC,19506,18101,3.09M,2.87M,+1288.3%,0.03%
433921103,HIVE,HIVE DIGITAL TECHNOLOGIES LT,1100688,1100688,2.84M,2.84M,NEW,0.03%
75513E101,RTX,RTX CORPORATION,15378,15378,2.82M,2.82M,NEW,0.03%
20825C104,COP,CONOCOPHILLIPS,29970,29970,2.81M,2.81M,NEW,0.03%
36317J209,GLXY,GALAXY DIGITAL INC.,362590,124700,8.13M,2.79M,+52.4%,0.08%
464286806,EWG,ISHARES INC,87391,65620,3.71M,2.79M,+301.4%,0.04%
G6700G107,NVT,NVENT ELECTRIC PLC,26887,26887,2.74M,2.74M,NEW,0.03%
74347B201,TBT,PROSHARES TR,87976,78316,3.07M,2.74M,+810.7%,0.03%
91733P107,USAR,USA RARE EARTH INC,264574,229929,3.15M,2.74M,+663.7%,0.03%
880881107,TERN,TERNS PHARMACEUTICALS INC,67266,67266,2.72M,2.72M,NEW,0.03%
74347W353,AGQ,PROSHARES TR II,17492,17492,2.71M,2.71M,NEW,0.03%
828806109,SPG,SIMON PPTY GROUP INC NEW,14341,14341,2.65M,2.65M,NEW,0.03%
92189F601,NLR,VANECK ETF TRUST,21317,21317,2.65M,2.65M,NEW,0.03%
57060D108,MKTX,MARKETAXESS HLDGS INC,39174,14535,7.1M,2.63M,+59%,0.07%
00214Q807,ARKX,ARK ETF TR,89980,89980,2.61M,2.61M,NEW,0.03%
87161C501,SNV,SYNOVUS FINL CORP,75946,51917,3.8M,2.6M,+216.1%,0.04%
759530108,RELX,RELX PLC,63581,63581,2.57M,2.57M,NEW,0.03%
88636X708,ULTY,TIDAL TRUST II,101906,68499,3.8M,2.56M,+205%,0.04%
923725105,VET,VERMILION ENERGY INC,476878,306178,3.97M,2.55M,+179.4%,0.04%
46436E577,GOVZ,ISHARES TR,272666,272666,2.52M,2.52M,NEW,0.03%
925652109,VICI,VICI PPTYS INC,89617,89617,2.52M,2.52M,NEW,0.03%
74347G184,BITI,PROSHARES TR,108120,108120,2.51M,2.51M,NEW,0.03%
91823B109,UWMC,UWM HOLDINGS CORPORATION,565925,565925,2.48M,2.48M,NEW,0.03%
375916103,GIL,GILDAN ACTIVEWEAR INC,39682,39682,2.48M,2.48M,NEW,0.03%
78464A516,BWX,SPDR SERIES TRUST,108872,108872,2.45M,2.45M,NEW,0.03%
86800U302,SMCI,SUPER MICRO COMPUTER INC,83773,83773,2.45M,2.45M,NEW,0.03%
227046109,CROX,CROCS INC,28599,28599,2.45M,2.45M,NEW,0.02%
G5960L103,MDT,MEDTRONIC PLC,25213,25213,2.42M,2.42M,NEW,0.02%
12503M108,CBOE,CBOE GLOBAL MKTS INC,9640,9640,2.42M,2.42M,NEW,0.02%
G06973112,AUGO,AURA MINERALS INC,57014,47477,2.87M,2.39M,+497.8%,0.03%
86333M108,LRN,STRIDE INC,36833,36833,2.39M,2.39M,NEW,0.02%
40415F101,HDB,HDFC BANK LTD,124826,65349,4.56M,2.39M,+109.9%,0.05%
16935C109,CHYM,CHIME FINL INC,184749,93259,4.65M,2.35M,+101.9%,0.05%
071734107,BHC,BAUSCH HEALTH COS INC,336712,336712,2.34M,2.34M,NEW,0.02%
808524755,FNDF,SCHWAB STRATEGIC TR,51477,51477,2.33M,2.33M,NEW,0.02%
53681J103,LAC,LITHIUM AMERS CORP NEW,530282,530282,2.31M,2.31M,NEW,0.02%
209115104,ED,CONSOLIDATED EDISON INC,29954,22974,2.98M,2.28M,+329.1%,0.03%
37954Y855,LIT,GLOBAL X FDS,39414,35166,2.56M,2.28M,+827.8%,0.03%
464286871,EWH,ISHARES INC,106231,106231,2.26M,2.26M,NEW,0.02%
922042874,VGK,VANGUARD INTL EQUITY INDEX F,26903,26903,2.25M,2.25M,NEW,0.02%
921943858,VEA,VANGUARD TAX-MANAGED FDS,35514,35514,2.22M,2.22M,NEW,0.02%
464288117,IGOV,ISHARES TR,52829,52829,2.2M,2.2M,NEW,0.02%
46435G516,ESGD,ISHARES TR,23092,23092,2.2M,2.2M,NEW,0.02%
398182303,AHR,AMERICAN HEALTHCARE REIT INC,46389,46389,2.18M,2.18M,NEW,0.02%
46434V449,IMTM,ISHARES TR,45076,45076,2.16M,2.16M,NEW,0.02%
68634K106,ORLA,ORLA MNG LTD NEW,160100,160100,2.16M,2.16M,NEW,0.02%
86771W105,RUN,SUNRUN INC,117056,117056,2.15M,2.15M,NEW,0.02%
776696106,ROP,ROPER TECHNOLOGIES INC,4780,4780,2.13M,2.13M,NEW,0.02%
866796105,SLF,SUN LIFE FINANCIAL INC.,115200,33300,7.2M,2.08M,+40.7%,0.07%
92189H839,BUZZ,VANECK ETF TRUST,64000,64000,2.08M,2.08M,NEW,0.02%
92686J106,VKTX,VIKING THERAPEUTICS INC,57545,57545,2.02M,2.02M,NEW,0.02%
Y64177101,ECO,OKEANIS ECO TANKERS COR,58643,58643,1.98M,1.98M,NEW,0.02%
464287390,ILF,ISHARES TR,64826,64826,1.97M,1.97M,NEW,0.02%
464288885,EFG,ISHARES TR,17322,17322,1.97M,1.97M,NEW,0.02%
204448104,BVN,COMPANIA DE MINAS BUENAVENTU,70416,70416,1.96M,1.96M,NEW,0.02%
771049103,RBLX,ROBLOX CORP,38190,24165,3.09M,1.96M,+172.3%,0.03%
75382E208,RAPT,RAPT THERAPEUTICS INC,57590,57590,1.95M,1.95M,NEW,0.02%
45826J105,NTLA,INTELLIA THERAPEUTICS INC,216041,216041,1.94M,1.94M,NEW,0.02%
808524888,SCHC,SCHWAB STRATEGIC TR,41475,41475,1.89M,1.89M,NEW,0.02%
46125A100,LUNR,INTUITIVE MACHINES INC,115964,115964,1.88M,1.88M,NEW,0.02%
26603R106,DUOL,DUOLINGO INC,10623,10623,1.86M,1.86M,NEW,0.02%
25459W102,TECL,DIREXION SHS ETF TR,15682,15682,1.84M,1.84M,NEW,0.02%
45826H109,ITGR,INTEGER HLDGS CORP,23201,23201,1.82M,1.82M,NEW,0.02%
03524A108,BUD,ANHEUSER BUSCH INBEV SA/NV,28316,28316,1.81M,1.81M,NEW,0.02%
04621X108,AIZ,ASSURANT INC,7497,7497,1.81M,1.81M,NEW,0.02%
767204100,RIO,RIO TINTO PLC,29397,22379,2.35M,1.79M,+318.9%,0.02%
248356107,DNN,DENISON MINES CORP,667286,667286,1.77M,1.77M,NEW,0.02%
92790C104,VRDN,VIRIDIAN THERAPEUTICS INC,56781,56781,1.77M,1.77M,NEW,0.02%
020764106,AMR,ALPHA METALLURGICAL RESOUR I,8704,8704,1.74M,1.74M,NEW,0.02%
M7S64H106,MNDY,MONDAY COM LTD,11782,11782,1.74M,1.74M,NEW,0.02%
12769G100,CZR,CAESARS ENTERTAINMENT INC NE,84624,73835,1.98M,1.73M,+684.4%,0.02%
89677Q107,TCOM,TRIP COM GROUP LTD,23800,23800,1.71M,1.71M,NEW,0.02%
656811106,NOA,NORTH AMERN CONSTR GROUP LTD,118284,118284,1.71M,1.71M,NEW,0.02%
922042866,VPL,VANGUARD INTL EQUITY INDEX F,18794,18794,1.7M,1.7M,NEW,0.02%
25460E869,SPDN,DIREXION SHS ETF TR,215757,178855,2.03M,1.69M,+484.7%,0.02%
40131M109,GH,GUARDANT HEALTH INC,16504,16504,1.69M,1.69M,NEW,0.02%
46435G409,IVLU,ISHARES TR,44179,44179,1.68M,1.68M,NEW,0.02%
92892B103,VOYG,VOYAGER TECHNOLOGIES INC,64013,64013,1.67M,1.67M,NEW,0.02%
46434V456,IQLT,ISHARES TR,36791,36791,1.67M,1.67M,NEW,0.02%
292671708,UUUU,ENERGY FUELS INC,114768,114768,1.67M,1.67M,NEW,0.02%
674482203,OBE,OBSIDIAN ENERGY LTD,337858,270555,2.07M,1.66M,+402%,0.02%
74349Y753,SH,PROSHARES TR,46086,46086,1.66M,1.66M,NEW,0.02%
464288448,IDV,ISHARES TR,42016,42016,1.66M,1.66M,NEW,0.02%
464286715,TUR,ISHARES INC,48030,48030,1.65M,1.65M,NEW,0.02%
71654V408,PBR,PETROLEO BRASILEIRO SA PETRO,372338,139441,4.41M,1.65M,+59.9%,0.05%
48666K109,KBH,KB HOME,29077,29077,1.64M,1.64M,NEW,0.02%
913903100,UHS,UNIVERSAL HLTH SVCS INC,7497,7497,1.63M,1.63M,NEW,0.02%
171340102,CHD,CHURCH & DWIGHT CO INC,19351,19351,1.62M,1.62M,NEW,0.02%
92203J407,BNDX,VANGUARD CHARLOTTE FDS,33462,33462,1.62M,1.62M,NEW,0.02%
25434V203,DFAI,DIMENSIONAL ETF TRUST,41908,41908,1.6M,1.6M,NEW,0.02%
77311W101,RKT,ROCKET COS INC,81688,81688,1.58M,1.58M,NEW,0.02%
25243Q205,DEO,DIAGEO PLC,18206,18206,1.57M,1.57M,NEW,0.02%
78463M107,SPSC,SPS COMM INC,17489,17489,1.56M,1.56M,NEW,0.02%
02462A104,ABTC,AMERICAN BITCOIN CORP.,911453,911453,1.55M,1.55M,NEW,0.02%
46138W107,FXY,INVESCO CURRENCYSHARES JAPAN,26087,26087,1.53M,1.53M,NEW,0.02%
379577208,GMED,GLOBUS MED INC,17393,17393,1.52M,1.52M,NEW,0.02%
90400D108,RARE,ULTRAGENYX PHARMACEUTICAL IN,66001,66001,1.52M,1.52M,NEW,0.02%
74347Y698,GLL,PROSHARES TR II,57988,57988,1.52M,1.52M,NEW,0.02%
16359R103,CHE,CHEMED CORP NEW,3530,3530,1.51M,1.51M,NEW,0.02%
381430107,GSIE,GOLDMAN SACHS ETF TR,34935,34935,1.5M,1.5M,NEW,0.02%
46137V134,PBW,INVESCO EXCHANGE TRADED FD T,68933,48923,2.11M,1.49M,+244.5%,0.02%
92276F100,VTR,VENTAS INC,19017,19017,1.47M,1.47M,NEW,0.02%
25460E216,FAZ,DIREXION SHS ETF TR,38158,38158,1.47M,1.47M,NEW,0.01%
11271J107,BN,BROOKFIELD CORP,31750,31750,1.46M,1.46M,NEW,0.01%
03823U102,AAOI,APPLIED OPTOELECTRONICS INC,41671,41671,1.45M,1.45M,NEW,0.01%
46138E537,PZA,INVESCO EXCH TRADED FD TR II,73390,62475,1.7M,1.45M,+572.4%,0.02%
012653101,ALB,ALBEMARLE CORP,10217,10217,1.45M,1.45M,NEW,0.01%
025072703,AVDE,AMERICAN CENTY ETF TR,17525,17525,1.44M,1.44M,NEW,0.01%
681936100,OHI,OMEGA HEALTHCARE INVS INC,32247,32247,1.43M,1.43M,NEW,0.01%
74349Y829,QID,PROSHARES TR,70663,70663,1.43M,1.43M,NEW,0.01%
59356Q108,MIAX,MIAMI INTL HLDGS INC,31915,31915,1.42M,1.42M,NEW,0.01%
46436E726,IBDV,ISHARES TR,73758,63558,1.63M,1.4M,+623.1%,0.02%
464286103,EWA,ISHARES INC,53173,53173,1.39M,1.39M,NEW,0.01%
090043100,BILL,BILL HOLDINGS INC,25467,25467,1.39M,1.39M,NEW,0.01%
741623102,PRMB,PRIMO BRANDS CORPORATION,84885,84885,1.39M,1.39M,NEW,0.01%
02072Q820,ORR,EA SERIES TRUST,40390,40390,1.38M,1.38M,NEW,0.01%
25434V823,DFAR,DIMENSIONAL ETF TRUST,60091,60091,1.38M,1.38M,NEW,0.01%
00123Q104,AGNC,AGNC INVT CORP,127630,127630,1.37M,1.37M,NEW,0.01%
372303206,GMAB,GENMAB A/S,79851,44349,2.46M,1.37M,+124.9%,0.03%
201723103,CMC,COMMERCIAL METALS CO,19724,19724,1.37M,1.37M,NEW,0.01%
46817M107,JXN,JACKSON FINANCIAL INC,12669,12669,1.35M,1.35M,NEW,0.01%
25434V807,DFIV,DIMENSIONAL ETF TRUST,26878,26878,1.34M,1.34M,NEW,0.01%
46432F834,IXUS,ISHARES TR,15740,15740,1.33M,1.33M,NEW,0.01%
29082A107,EMBJ,EMBRAER S.A.,20593,20593,1.33M,1.33M,NEW,0.01%
962879102,WPM,WHEATON PRECIOUS METALS CORP,11200,11200,1.32M,1.32M,NEW,0.01%
53700T827,DBMF,LITMAN GREGORY FDS TR,46907,46907,1.32M,1.32M,NEW,0.01%
647581206,EDU,NEW ORIENTAL ED & TECHNOLOGY,23860,23860,1.31M,1.31M,NEW,0.01%
189054109,CLX,CLOROX CO DEL,12958,12958,1.31M,1.31M,NEW,0.01%
17253J106,CIFR,CIPHER MINING INC,88057,88057,1.3M,1.3M,NEW,0.01%
00165C302,AMC,AMC ENTMT HLDGS INC,1147015,829677,1.79M,1.29M,+261.4%,0.02%
808524805,SCHF,SCHWAB STRATEGIC TR,72978,52983,1.75M,1.27M,+265%,0.02%
003261104,BCI,ABRDN ETFS,65102,65102,1.27M,1.27M,NEW,0.01%
011659109,ALK,ALASKA AIR GROUP INC,25263,25263,1.27M,1.27M,NEW,0.01%
75776W103,RDW,REDWIRE CORPORATION,166981,166981,1.27M,1.27M,NEW,0.01%
606822104,MUFG,MITSUBISHI UFJ FINL GROUP IN,79088,79088,1.25M,1.25M,NEW,0.01%
92189H821,DAPP,VANECK ETF TRUST,75444,75444,1.25M,1.25M,NEW,0.01%
46434V738,IEUR,ISHARES TR,17480,17480,1.24M,1.24M,NEW,0.01%
911718104,CPER,UNITED STS COMMODITY INDEX F,35453,35453,1.24M,1.24M,NEW,0.01%
302491303,FMC,FMC CORP,88735,88735,1.23M,1.23M,NEW,0.01%
46137V811,PTF,INVESCO EXCHANGE TRADED FD T,15992,15992,1.22M,1.22M,NEW,0.01%
46434G830,EWI,ISHARES INC,22289,22289,1.21M,1.21M,NEW,0.01%
01626W101,ALIT,ALIGHT INC,757408,620549,1.48M,1.21M,+453.4%,0.02%
G0692U109,AXS,AXIS CAP HLDGS LTD,11278,11278,1.21M,1.21M,NEW,0.01%
008252108,AMG,AFFILIATED MANAGERS GROUP IN,5771,4183,1.66M,1.21M,+263.4%,0.02%
85208M102,SFM,SPROUTS FMRS MKT INC,15043,15043,1.2M,1.2M,NEW,0.01%
464288430,AIA,ISHARES TR,15221,12267,1.48M,1.2M,+415.3%,0.02%
150870103,CE,CELANESE CORP DEL,28091,28091,1.19M,1.19M,NEW,0.01%
552953101,MGM,MGM RESORTS INTERNATIONAL,32520,32520,1.19M,1.19M,NEW,0.01%
70932M107,PFSI,PENNYMAC FINL SVCS INC NEW,8999,8999,1.19M,1.19M,NEW,0.01%
66510M204,NAK,NORTHERN DYNASTY MINERALS LT,601180,601180,1.18M,1.18M,NEW,0.01%
032724106,ANAB,ANAPTYSBIO INC,24280,24280,1.18M,1.18M,NEW,0.01%
83056P715,SKE,SKEENA RES LTD NEW,49100,49100,1.17M,1.17M,NEW,0.01%
294821608,ERIC,TELEFONAKTIEBOLAGET LM ERICS,119752,119752,1.16M,1.16M,NEW,0.01%
442487401,HOV,HOVNANIAN ENTERPRISES INC,11699,11699,1.14M,1.14M,NEW,0.01%
89531P105,TREX,TREX CO INC,31995,31995,1.12M,1.12M,NEW,0.01%
G5279N105,KLAR,KLARNA GROUP PLC,38732,38732,1.12M,1.12M,NEW,0.01%
29357K103,ENVA,ENOVA INTL INC,7117,7117,1.12M,1.12M,NEW,0.01%
88080T104,WULF,TERAWULF INC,97134,97134,1.12M,1.12M,NEW,0.01%
48123V102,ZD,ZIFF DAVIS INC,31252,31252,1.1M,1.1M,NEW,0.01%
H01301128,ALC,ALCON AG,13778,13778,1.09M,1.09M,NEW,0.01%
46435U374,EWJV,ISHARES TR,27194,27194,1.08M,1.08M,NEW,0.01%
314911108,FRMI,FERMI INC,134893,134893,1.08M,1.08M,NEW,0.01%
19459J104,COLL,COLLEGIUM PHARMACEUTICAL INC,23275,23275,1.08M,1.08M,NEW,0.01%
00508Y102,AYI,ACUITY INC,2984,2984,1.07M,1.07M,NEW,0.01%
82575P107,SBSW,SIBANYE STILLWATER LTD,75272,75272,1.07M,1.07M,NEW,0.01%
25460E190,SPXS,DIREXION SHS ETF TR,29976,29976,1.06M,1.06M,NEW,0.01%
59064R109,MLAB,MESA LABS INC,13528,13528,1.06M,1.06M,NEW,0.01%
25434V880,DFAX,DIMENSIONAL ETF TRUST,31888,31888,1.04M,1.04M,NEW,0.01%
G2662B103,CRML,CRITICAL METALS CORP,150073,150073,1.04M,1.04M,NEW,0.01%
87724P106,TMHC,TAYLOR MORRISON HOME CORP,17678,17678,1.04M,1.04M,NEW,0.01%
25434V765,DIHP,DIMENSIONAL ETF TRUST,32813,32813,1.04M,1.04M,NEW,0.01%
22410J106,CBRL,CRACKER BARREL OLD CTRY STOR,40273,40273,1.02M,1.02M,NEW,0.01%
65340P106,NXE,NEXGEN ENERGY LTD,109900,109900,1.01M,1.01M,NEW,0.01%
G1144A105,BTBT,BIT DIGITAL INC,534634,534634,1.01M,1.01M,NEW,0.01%
704551100,BTU,PEABODY ENERGY CORP,34020,34020,1.01M,1.01M,NEW,0.01%
G32089107,ETOR,ETORO GROUP LTD,28541,28541,1M,1M,NEW,0.01%
300426103,ECG,EVERUS CONSTR GROUP,11702,11702,1M,1M,NEW,0.01%
464286608,EZU,ISHARES INC,15609,15609,1M,1M,NEW,0.01%
922042775,VEU,VANGUARD INTL EQUITY INDEX F,13381,13381,984.31K,984.31K,NEW,0.01%
00847X104,AGIO,AGIOS PHARMACEUTICALS INC,35857,35857,976.03K,976.03K,NEW,<.01%
78463X889,SPDW,SPDR INDEX SHS FDS,21822,21822,969.12K,969.12K,NEW,<.01%
29664W105,ESPR,ESPERION THERAPEUTICS INC NE,259563,259563,960.38K,960.38K,NEW,<.01%
G50871105,JAZZ,JAZZ PHARMACEUTICALS PLC,5588,5588,949.96K,949.96K,NEW,<.01%
00130H105,AES,AES CORP,213206,66015,3.06M,946.66K,+44.8%,0.03%
46434V423,KSA,ISHARES TR,25756,25756,937.78K,937.78K,NEW,<.01%
25380B102,DGXX,DIGI PWR X INC,364697,364697,929.98K,929.98K,NEW,<.01%
15135B101,CNC,CENTENE CORP DEL,161114,22590,6.63M,929.58K,+16.3%,0.07%
74347G374,DXD,PROSHARES TR,45335,45335,929.37K,929.37K,NEW,<.01%
29275Y102,ENS,ENERSYS,16837,6328,2.47M,928.63K,+60.2%,0.03%
413197104,HRMY,HARMONY BIOSCIENCES HLDGS IN,24551,24551,918.7K,918.7K,NEW,<.01%
464286426,EEMA,ISHARES INC,9738,9738,915.57K,915.57K,NEW,<.01%
97717Y691,WCLD,WISDOMTREE TR,26143,26143,915.27K,915.27K,NEW,<.01%
749685103,RPM,RPM INTL INC,8723,8723,907.19K,907.19K,NEW,<.01%
74349Y100,EETH,PROSHARES TR,27968,24075,1.04M,895.59K,+618.4%,0.01%
97717W422,EPI,WISDOMTREE TR,19346,19346,895.53K,895.53K,NEW,<.01%
14021M107,CGIE,CAPITAL GROUP INTERNATIONAL,25703,25703,894.98K,894.98K,NEW,<.01%
464288240,ACWX,ISHARES TR,13224,13224,887.73K,887.73K,NEW,<.01%
86366E106,GPCR,STRUCTURE THERAPEUTICS INC,12761,12761,887.53K,887.53K,NEW,<.01%
95805V108,WRN,WESTERN COPPER & GOLD CORP,518789,328189,1.39M,878K,+172.2%,0.01%
693483109,PKX,POSCO HOLDINGS INC,16494,16494,877.65K,877.65K,NEW,<.01%
78464A755,XME,SPDR SERIES TRUST,25114,8430,2.6M,873.43K,+50.5%,0.03%
260557103,DOW,DOW INC,58670,37344,1.37M,873.1K,+175.1%,0.01%
05352A100,AVTR,AVANTOR INC,76024,76024,871.24K,871.24K,NEW,<.01%
462260100,IOVA,IOVANCE BIOTHERAPEUTICS INC,318703,318703,870.06K,870.06K,NEW,<.01%
156431108,CENX,CENTURY ALUM CO,22081,22081,865.13K,865.13K,NEW,<.01%
136635109,CSIQ,CANADIAN SOLAR INC,36320,36320,863.33K,863.33K,NEW,<.01%
989207105,ZBRA,ZEBRA TECHNOLOGIES CORPORATI,3499,3499,849.63K,849.63K,NEW,<.01%
464288273,SCZ,ISHARES TR,10902,10902,845.23K,845.23K,NEW,<.01%
02005N100,ALLY,ALLY FINL INC,18651,18651,844.7K,844.7K,NEW,<.01%
00214Q302,ARKG,ARK ETF TR,77072,29044,2.23M,841.4K,+60.5%,0.02%
46435U556,ARTY,ISHARES TR,17437,17437,840.12K,840.12K,NEW,<.01%
35473P868,FLMI,FRANKLIN TEMPLETON ETF TR,33712,33712,838.42K,838.42K,NEW,<.01%
29261A100,EHC,ENCOMPASS HEALTH CORP,7889,7889,837.34K,837.34K,NEW,<.01%
833635105,SQM,SOCIEDAD QUIMICA Y MINERA DE,12034,12034,827.94K,827.94K,NEW,<.01%
35473P769,FLIN,FRANKLIN TEMPLETON ETF TR,21182,21182,817.41K,817.41K,NEW,<.01%
292765104,EPAC,ENERPAC TOOL GROUP CORP,21368,21368,817.11K,817.11K,NEW,<.01%
052800109,ALV,AUTOLIV INC,9670,6842,1.15M,812.15K,+241.9%,0.01%
69553P100,PD,PAGERDUTY INC,61772,61772,809.83K,809.83K,NEW,<.01%
807066105,SCHL,SCHOLASTIC CORP,27247,27247,807.33K,807.33K,NEW,<.01%
33737A108,GRID,FIRST TR EXCHANGE TRADED FD,9380,5270,1.44M,806.42K,+128.2%,0.01%
N69605108,PHVS,PHARVARIS N V,28920,28920,802.53K,802.53K,NEW,<.01%
25434V799,DFIC,DIMENSIONAL ETF TRUST,23072,23072,795.06K,795.06K,NEW,<.01%
92189F437,ANGL,VANECK ETF TRUST,27036,27036,793.91K,793.91K,NEW,<.01%
G0450A105,ACGL,ARCH CAP GROUP LTD,8150,8150,781.75K,781.75K,NEW,<.01%
336917109,FDL,FIRST TR EXCHANGE-TRADED FD,17577,17577,779.36K,779.36K,NEW,<.01%
G65163100,JOBY,JOBY AVIATION INC,58903,58903,777.52K,777.52K,NEW,<.01%
92242T101,VVX,V2X INC,14189,14189,774.01K,774.01K,NEW,<.01%
28617B606,ELVA,ELECTROVAYA INC,97593,97593,771.08K,771.08K,NEW,<.01%
920253101,VMI,VALMONT INDS INC,5984,1898,2.41M,763.6K,+46.5%,0.02%
90138F102,TWLO,TWILIO INC,5267,5267,749.18K,749.18K,NEW,<.01%
37954Y657,PFFD,GLOBAL X FDS,51906,39601,981.54K,748.85K,+321.8%,0.01%
G9618E107,WTM,WHITE MTNS INS GROUP LTD,360,360,748.09K,748.09K,NEW,<.01%
H5012F103,LAR,LITHIUM ARGENTINA AG,133841,133841,746.89K,746.89K,NEW,<.01%
464289529,INDY,ISHARES TR,15128,15128,745.66K,745.66K,NEW,<.01%
Y1968P121,DAC,DANAOS CORPORATION,13556,7882,1.28M,742.33K,+138.9%,0.01%
68622V106,OGN,ORGANON & CO,103395,103395,741.34K,741.34K,NEW,<.01%
88076W103,TDC,TERADATA CORP DEL,24280,24280,739.08K,739.08K,NEW,<.01%
026948109,AII,AMERICAN INTEGRITY INS GROUP,35397,35397,737.32K,737.32K,NEW,<.01%
37954Y236,DTCR,GLOBAL X FDS,132435,34628,2.79M,730.65K,+35.4%,0.03%
33738R720,ROBT,FIRST TR EXCHANGE TRADED FD,14072,14072,729.87K,729.87K,NEW,<.01%
78463X202,FEZ,SPDR INDEX SHS FDS,11104,11104,714.99K,714.99K,NEW,<.01%
46641Q233,BBAX,J P MORGAN EXCHANGE TRADED F,12673,12673,713.49K,713.49K,NEW,<.01%
92204A884,VOX,VANGUARD WORLD FD,3672,3672,711.01K,711.01K,NEW,<.01%
693475105,PNC,PNC FINL SVCS GROUP INC,3405,3405,710.73K,710.73K,NEW,<.01%
85208P303,URNM,SPROTT FDS TR,12855,12855,705.61K,705.61K,NEW,<.01%
070830104,BBWI,BATH & BODY WORKS INC,35099,35099,704.79K,704.79K,NEW,<.01%
00288U106,ABCL,ABCELLERA BIOLOGICS INC,205095,205095,701.42K,701.42K,NEW,<.01%
921909768,VXUS,VANGUARD STAR FDS,9225,9225,695.93K,695.93K,NEW,<.01%
464287861,IEV,ISHARES TR,10123,10123,694.44K,694.44K,NEW,<.01%
926400102,VSXY,VICTORIAS SECRET AND CO,12819,12819,694.4K,694.4K,NEW,<.01%
921946810,VIGI,VANGUARD WHITEHALL FDS,10353,7487,946.78K,684.69K,+261.2%,<.01%
46435G193,SUSC,ISHARES TR,29279,29279,684.68K,684.68K,NEW,<.01%
483007704,KALU,KAISER ALUMINUM CORP,5959,5959,684.45K,684.45K,NEW,<.01%
45258D105,IMCR,IMMUNOCORE HLDGS PLC,38608,19595,1.34M,680.14K,+103.1%,0.01%
902973304,USB,US BANCORP DEL,12654,12654,675.22K,675.22K,NEW,<.01%
03820C105,AIT,APPLIED INDL TECHNOLOGIES IN,2618,2618,672.22K,672.22K,NEW,<.01%
73642K106,PTLO,PORTILLOS INC,146708,146708,666.05K,666.05K,NEW,<.01%
058586108,BLDP,BALLARD PWR SYS INC NEW,301074,261486,764.73K,664.17K,+660.5%,<.01%
61559X104,MLTX,MOONLAKE IMMUNOTHERAPEUTICS,50217,50217,661.86K,661.86K,NEW,<.01%
06738E204,BCS,BARCLAYS PLC,25628,25628,652.23K,652.23K,NEW,<.01%
23256X407,HELP,CYBIN INC,79697,79697,651.92K,651.92K,NEW,<.01%
171779309,CIEN,CIENA CORP,2784,2784,651.09K,651.09K,NEW,<.01%
55305B101,MHO,M/I HOMES INC,5088,5088,651.01K,651.01K,NEW,<.01%
046353108,AZN,ASTRAZENECA PLC,7051,7051,648.2K,648.2K,NEW,<.01%
82889N855,PFIX,SIMPLIFY EXCHANGE TRADED FUN,13514,13514,647.73K,647.73K,NEW,<.01%
98956A105,ZETA,ZETA GLOBAL HOLDINGS CORP,31513,31513,641.29K,641.29K,NEW,<.01%
464286772,EWY,ISHARES INC,6546,6546,636.4K,636.4K,NEW,<.01%
G89479102,TRMD,TORM PLC,32470,32470,635.76K,635.76K,NEW,<.01%
024061103,DCH,AMERICAN AXLE & MFG HLDGS IN,119864,98847,768.33K,633.61K,+470.3%,<.01%
M8740S227,TATT,TAT TECHNOLOGIES LTD,14116,14116,630.42K,630.42K,NEW,<.01%
921946794,VYMI,VANGUARD WHITEHALL FDS,6988,6988,628.92K,628.92K,NEW,<.01%
00404A109,ACHC,ACADIA HEALTHCARE COMPANY IN,44274,44274,628.25K,628.25K,NEW,<.01%
74347B235,DOG,PROSHARES TR,26491,26491,622.27K,622.27K,NEW,<.01%
46429B689,EFAV,ISHARES TR,7186,7186,619.79K,619.79K,NEW,<.01%
349862409,FWDI,FORWARD INDS INC N Y,93401,93401,617.38K,617.38K,NEW,<.01%
25460G849,TMV,DIREXION SHS ETF TR,16531,16531,614.29K,614.29K,NEW,<.01%
090168105,BLLN,BILLIONTOONE INC,7499,7499,613.72K,613.72K,NEW,<.01%
35168W103,GUTS,FRACTYL HEALTH INC,290714,277174,639.57K,609.78K,+2047.1%,<.01%
39959A205,UPXI,UPEXI INC,361657,361657,607.58K,607.58K,NEW,<.01%
98985Y108,ZYME,ZYMEWORKS INC,23017,23017,606.04K,606.04K,NEW,<.01%
16679L109,CHWY,CHEWY INC,18306,18306,605.01K,605.01K,NEW,<.01%
03753U106,APLS,APELLIS PHARMACEUTICALS INC,24075,24075,604.76K,604.76K,NEW,<.01%
410495204,HAFC,HANMI FINL CORP,22303,22303,602.85K,602.85K,NEW,<.01%
879512309,TSAT,TELESAT CORP,20692,20692,602.14K,602.14K,NEW,<.01%
40416E103,HCI,HCI GROUP INC,4286,3102,821.58K,594.62K,+262%,<.01%
G3398L118,PLGO,FIDELIS INSURANCE HOLDINGS L,30239,30239,591.78K,591.78K,NEW,<.01%
316092204,FDIS,FIDELITY COVINGTON TRUST,5616,5616,573.73K,573.73K,NEW,<.01%
29446M102,EQNR,EQUINOR ASA,38930,24244,919.92K,572.89K,+165.1%,<.01%
320517105,FHN,FIRST HORIZON CORPORATION,23729,23729,567.12K,567.12K,NEW,<.01%
46138E610,KBWD,INVESCO EXCH TRADED FD TR II,41453,41453,566.43K,566.43K,NEW,<.01%
696389402,PALI,PALISADE BIO INC,240586,240586,565.38K,565.38K,NEW,<.01%
872540109,TJX,TJX COS INC NEW,3590,3590,551.46K,551.46K,NEW,<.01%
40049J206,TV,GRUPO TELEVISA S A B,189405,189405,551.17K,551.17K,NEW,<.01%
921910725,VSGX,VANGUARD WORLD FD,19081,7688,1.37M,550.61K,+67.5%,0.01%
086516101,BBY,BEST BUY INC,18731,8162,1.25M,546.28K,+77.2%,0.01%
25434V575,DFGX,DIMENSIONAL ETF TRUST,10330,10330,543.72K,543.72K,NEW,<.01%
416515104,HIG,HARTFORD INSURANCE GROUP INC,3924,3924,540.73K,540.73K,NEW,<.01%
01862Q107,ALH,ALLIANCE LAUNDRY HLDGS INC,26503,26503,539.34K,539.34K,NEW,<.01%
501976104,KYTX,KYVERNA THERAPEUTICS INC,57369,57369,539.27K,539.27K,NEW,<.01%
364760108,GAP,GAP INC,20977,20977,537.01K,537.01K,NEW,<.01%
805700101,DML1.MU,ELEVRA LITHIUM LTD,10203,10203,536.37K,536.37K,NEW,<.01%
67119K102,NUTR,NUSATRIP INC,108716,59306,978.44K,533.75K,+120%,<.01%
06654A103,BWFG,BANKWELL FINL GROUP INC,11613,11613,532.11K,532.11K,NEW,<.01%
08986R309,BH,BIGLARI HLDGS INC,1593,1593,529.56K,529.56K,NEW,<.01%
565788106,MARA,MARA HOLDINGS INC,58850,58850,528.47K,528.47K,NEW,<.01%
566324109,MMI,MARCUS & MILLICHAP INC,19082,19082,520.75K,520.75K,NEW,<.01%
46641Q191,BBEU,J P MORGAN EXCHANGE TRADED F,7048,7048,516.62K,516.62K,NEW,<.01%
25461A460,YANG,DIREXION SHS ETF TR,20423,20423,513.43K,513.43K,NEW,<.01%
M7S64L123,PGY,PAGAYA TECHNOLOGIES LTD,24564,24564,513.39K,513.39K,NEW,<.01%
G21082105,CYD,CHINA YUCHAI INTL LTD,14412,14412,511.63K,511.63K,NEW,<.01%
04010L103,ARCC,ARES CAPITAL CORP,25134,25134,508.46K,508.46K,NEW,<.01%
989701107,ZION,ZIONS BANCORPORATION N A,8676,8676,507.89K,507.89K,NEW,<.01%
766559702,RIGL,RIGEL PHARMACEUTICALS INC,11822,11822,506.34K,506.34K,NEW,<.01%
G75398100,RZLV,REZOLVE AI PLC,347325,196326,892.62K,504.56K,+130%,<.01%
98372W202,XYF,X FINL,104346,90007,584.34K,504.04K,+627.7%,<.01%
33734X192,SKYY,FIRST TR EXCHANGE TRADED FD,3846,3846,500.29K,500.29K,NEW,<.01%
012348108,AIN,ALBANY INTL CORP,9847,9847,499.24K,499.24K,NEW,<.01%
03062D803,USAS,AMERICAS GOLD AND SILVER COR,118639,97679,606.25K,499.14K,+466%,<.01%
371901109,GNTX,GENTEX CORP,21427,21427,498.61K,498.61K,NEW,<.01%
226718104,CRTO,CRITEO S A,24190,24190,498.56K,498.56K,NEW,<.01%
90041L105,TPB,TURNING PT BRANDS INC,4577,4577,496.15K,496.15K,NEW,<.01%
405024100,HAE,HAEMONETICS CORP MASS,6160,6160,493.72K,493.72K,NEW,<.01%
590717401,MESO,MESOBLAST LTD,26566,26566,479.25K,479.25K,NEW,<.01%
34962G208,FBRX,FORTE BIOSCIENCES INC,17573,17573,479.22K,479.22K,NEW,<.01%
90184D100,TWST,TWIST BIOSCIENCE CORP,14998,14998,475.74K,475.74K,NEW,<.01%
320557101,INBK,FIRST INTERNET BANCORP,22663,22663,472.98K,472.98K,NEW,<.01%
500767736,IVOL,KRANESHARES TRUST,24619,24619,471.7K,471.7K,NEW,<.01%
G72245122,PRE,PRENETICS GLOBAL LTD,29701,29701,467.79K,467.79K,NEW,<.01%
88557W101,QFIN,QFIN HOLDINGS INC,24158,24158,465.52K,465.52K,NEW,<.01%
03475V101,ANGO,ANGIODYNAMICS INC,36077,36077,463.23K,463.23K,NEW,<.01%
09062X103,BIIB,BIOGEN INC,2611,2611,459.51K,459.51K,NEW,<.01%
45768S105,IOSP,INNOSPEC INC,5955,5955,455.8K,455.8K,NEW,<.01%
092528876,BRTR,BLACKROCK ETF TRUST II,8859,8859,449.81K,449.81K,NEW,<.01%
71944F106,PHR,PHREESIA INC,26428,26428,447.16K,447.16K,NEW,<.01%
M51474118,GILT,GILAT SATELLITE NETWORKS LTD,34340,34340,444.36K,444.36K,NEW,<.01%
940923105,WBI,WATERBRIDGE INFRASTRUCTURE L,22116,22116,442.54K,442.54K,NEW,<.01%
596278101,MIDD,MIDDLEBY CORP,2971,2971,441.7K,441.7K,NEW,<.01%
952845105,WFG,WEST FRASER TIMBER CO LTD,67800,7200,4.15M,441.06K,+11.9%,0.04%
48576U205,KPTI,KARYOPHARM THERAPEUTICS INC,59708,59708,439.45K,439.45K,NEW,<.01%
29286M105,ENGN,ENGENE HOLDINGS INC,48583,48583,438.7K,438.7K,NEW,<.01%
836100107,SOUN,SOUNDHOUND AI INC,43716,43716,435.85K,435.85K,NEW,<.01%
413216300,HMY,HARMONY GOLD MINING CO LTD,21721,21721,432.25K,432.25K,NEW,<.01%
035255108,ANIK,ANIKA THERAPEUTICS INC,44735,44735,429.9K,429.9K,NEW,<.01%
33738R308,FTHI,FIRST TR EXCHANGE TRADED FD,18084,18084,427.14K,427.14K,NEW,<.01%
25179M103,DVN,DEVON ENERGY CORP NEW,11593,11593,424.65K,424.65K,NEW,<.01%
039483102,ADM,ARCHER DANIELS MIDLAND CO,7377,7377,424.1K,424.1K,NEW,<.01%
08205P209,BNTC,BENITEC BIOPHARMA INC,31481,31481,424.05K,424.05K,NEW,<.01%
G6007A100,MSGY,MASONGLORY LTD,191209,159428,506.7K,422.48K,+501.6%,<.01%
753422104,RPD,RAPID7 INC,27784,27784,422.32K,422.32K,NEW,<.01%
30320C301,FTCI,FTC SOLAR INC,38382,38382,418.75K,418.75K,NEW,<.01%
729273102,PLBC,PLUMAS BANCORP,9287,9287,415.04K,415.04K,NEW,<.01%
G4337R109,HCHL,HAPPY CITY HLDGS LTD,106115,106115,414.91K,414.91K,NEW,<.01%
913290102,UNTY,UNITY BANCORP INC,7943,7943,410.81K,410.81K,NEW,<.01%
G9471C206,EVTL,VERTICAL AEROSPACE LTD,138904,76554,740.36K,408.03K,+122.8%,<.01%
N53745100,LYB,LYONDELLBASELL INDUSTRIES N,9304,9304,402.86K,402.86K,NEW,<.01%
25862V105,DV,DOUBLEVERIFY HLDGS INC,35127,35127,401.85K,401.85K,NEW,<.01%
949746101,WFC,WELLS FARGO CO NEW,4273,4273,398.24K,398.24K,NEW,<.01%
488401100,KMPR,KEMPER CORP,9743,9743,394.98K,394.98K,NEW,<.01%
L67359106,NEXA,NEXA RES S A,44476,44476,393.61K,393.61K,NEW,<.01%
489398107,KW,KENNEDY-WILSON HOLDINGS INC,40518,40518,391.81K,391.81K,NEW,<.01%
891092108,TTC,TORO CO,4955,4955,390.06K,390.06K,NEW,<.01%
269808101,ECC,EAGLE POINT CREDIT COMPANY I,67546,67546,389.06K,389.06K,NEW,<.01%
09259E108,TCPC,BLACKROCK TCP CAPITAL CORP,84679,70214,463.19K,384.07K,+485.4%,<.01%
032332504,ASYS,AMTECH SYS INC,30542,30542,383.3K,383.3K,NEW,<.01%
157210105,CEVA,CEVA INC,17809,17809,383.25K,383.25K,NEW,<.01%
92859G608,VZLA,VIZSLA SILVER CORP,69352,69352,379.37K,379.37K,NEW,<.01%
808524730,FNDE,SCHWAB STRATEGIC TR,10435,10435,376.29K,376.29K,NEW,<.01%
G1110E107,BHVN,BIOHAVEN LTD,52663,33291,594.57K,375.86K,+171.9%,<.01%
88339J105,TTD,THE TRADE DESK INC,9842,9842,373.6K,373.6K,NEW,<.01%
205887102,CAG,CONAGRA BRANDS INC,21414,21414,370.68K,370.68K,NEW,<.01%
039697107,ARDX,ARDELYX INC,63566,63566,370.59K,370.59K,NEW,<.01%
392709101,GRBK,GREEN BRICK PARTNERS INC,5886,5886,368.82K,368.82K,NEW,<.01%
72919P202,PLUG,PLUG POWER INC,1102923,187017,2.17M,368.42K,+20.4%,0.02%
35138V102,FOXF,FOX FACTORY HLDG CORP,21522,21522,368.24K,368.24K,NEW,<.01%
44045A102,HRZN,HORIZON TECHNOLOGY FIN CORP,56559,56559,364.81K,364.81K,NEW,<.01%
90291C201,USAU,U S GOLD CORP,18721,18721,363.38K,363.38K,NEW,<.01%
64049M209,NEO,NEOGENOMICS INC,30894,30894,363.31K,363.31K,NEW,<.01%
91359E105,UHT,UNIVERSAL HEALTH RLTY INCOME,9250,9250,362.69K,362.69K,NEW,<.01%
30050B101,EVH,EVOLENT HEALTH INC,159815,89742,639.26K,358.97K,+128.1%,<.01%
556099109,MGNX,MACROGENICS INC,265465,222751,427.4K,358.63K,+521.5%,<.01%
47030M106,JHX,JAMES HARDIE INDS PLC,17253,17253,358K,358K,NEW,<.01%
85209W109,SPT,SPROUT SOCIAL INC,31748,31748,357.8K,357.8K,NEW,<.01%
46429B309,EIDO,ISHARES TR,19075,19075,356.7K,356.7K,NEW,<.01%
M4056D110,ENLT,ENLIGHT RENEWABLE ENERGY LTD,7800,7800,354.59K,354.59K,NEW,<.01%
G5294K110,SUPX,SUPERX AI TECHNOLOGY LTD,22591,22591,354.23K,354.23K,NEW,<.01%
75574U101,RC,READY CAPITAL CORP,174995,161945,381.49K,353.04K,+1241%,<.01%
929033207,VOR,VOR BIOPHARMA INC,26791,26791,350.43K,350.43K,NEW,<.01%
55374X208,MSIF,MSC INCOME FUND INC,26580,26580,349.26K,349.26K,NEW,<.01%
04071F102,TETH,21SHARES ETHEREUM ETF,23550,23550,349.25K,349.25K,NEW,<.01%
72765Q882,PLG,PLATINUM GROUP METALS LTD,146901,146901,346.69K,346.69K,NEW,<.01%
45256X103,IBRX,IMMUNITYBIO INC,436869,174478,865K,345.47K,+66.5%,<.01%
913456109,UVV,UNIVERSAL CORP VA,12785,6544,674.41K,345.2K,+104.9%,<.01%
67098H104,OI,O-I GLASS INC,23301,23301,343.92K,343.92K,NEW,<.01%
37954Y715,BOTZ,GLOBAL X FDS,9492,9492,343.89K,343.9K,NEW,<.01%
96524V106,WHF,WHITEHORSE FIN INC,48840,48840,339.44K,339.44K,NEW,<.01%
98585N106,YEXT,YEXT INC,54362,41768,438.16K,336.65K,+331.6%,<.01%
744320102,PRU,PRUDENTIAL FINL INC,7536,2978,850.66K,336.16K,+65.3%,<.01%
25460G419,DRV,DIREXION SHS ETF TR,12623,12623,334.76K,334.76K,NEW,<.01%
759419104,REKR,REKOR SYSTEMS INC,284905,242419,393.17K,334.54K,+570.6%,<.01%
86889P208,SRZN,SURROZEN INC,14802,14802,334.52K,334.52K,NEW,<.01%
85208P808,URNJ,SPROTT FDS TR,13240,13240,333.65K,333.65K,NEW,<.01%
74347Y888,UCO,PROSHARES TR II,17264,17264,333.54K,333.54K,NEW,<.01%
78454L100,SM,SM ENERGY CO,17786,17786,332.6K,332.6K,NEW,<.01%
880890108,TX,TERNIUM SA,8680,8680,331.49K,331.49K,NEW,<.01%
14019W109,CGXU,CAPITAL GROUP INTL FOCUS EQT,11217,11217,331.46K,331.46K,NEW,<.01%
82686Q101,SLN,SILENCE THERAPEUTICS PLC,54380,54380,330.63K,330.63K,NEW,<.01%
50187T106,LGIH,LGI HOMES INC,7652,7652,328.73K,328.73K,NEW,<.01%
382550101,GT,GOODYEAR TIRE & RUBR CO,37215,37215,326K,326K,NEW,<.01%
29842P105,EPRX,EUPRAXIA PHARMACEUTICALS INC,43186,43186,325.62K,325.62K,NEW,<.01%
88636J600,CHAT,TIDAL TRUST II,5518,5518,325.34K,325.34K,NEW,<.01%
00091G104,ACVA,ACV AUCTIONS INC,40461,40461,324.5K,324.5K,NEW,<.01%
38500T200,GTE,GRAN TIERRA ENERGY INC,170631,75927,728.62K,324.22K,+80.2%,<.01%
415864107,NVRI,ENVIRI CORP,18060,18060,323.63K,323.63K,NEW,<.01%
68989M202,OUST,OUSTER INC,14916,14916,322.78K,322.78K,NEW,<.01%
81727U303,SENS,SENSEONICS HLDGS INC,58121,58121,320.83K,320.83K,NEW,<.01%
36164V800,GLIBK,GCI LIBERTY INC,16842,8608,626.69K,320.3K,+104.5%,<.01%
83443Q103,SOLS,SOLSTICE ADVANCED MATLS INC,6593,6593,320.29K,320.29K,NEW,<.01%
464286665,EPP,ISHARES INC,6313,6313,318.62K,318.62K,NEW,<.01%
47100L301,DFDV,DEFI DEVELOPMENT CORP,62901,62901,317.65K,317.65K,NEW,<.01%
784730103,SSRM,SSR MINING IN,14416,14416,316K,316K,NEW,<.01%
410867105,THG,HANOVER INS GROUP INC,1725,1725,315.28K,315.28K,NEW,<.01%
015857105,AQN,ALGONQUIN PWR UTILS CORP,223700,51100,1.38M,314.63K,+29.6%,0.01%
46124U107,IVA,INVENTIVA SA,66929,66929,311.22K,311.22K,NEW,<.01%
46138J452,BSJS,INVESCO EXCH TRD SLF IDX FD,14135,14135,310.97K,310.97K,NEW,<.01%
44955L106,IAUX,I-80 GOLD CORP,212741,212741,310.6K,310.6K,NEW,<.01%
45769N105,IA,INNOVATIVE SOLUTIONS & SUPPO,16399,16399,310.6K,310.6K,NEW,<.01%
D18190898,DB,DEUTSCHE BANK A G,8040,8040,310.02K,310.02K,NEW,<.01%
G3139J109,EFTY,ETOILES CAP GROUP CO. LTD,43691,20491,656.24K,307.77K,+88.3%,<.01%
26152H301,DRD,DRDGOLD LIMITED,9921,9921,307.65K,307.65K,NEW,<.01%
67623L307,OPAD,OFFERPAD SOLUTIONS INC,252984,252984,306.11K,306.11K,NEW,<.01%
74765K105,QSI,QUANTUM SI INC,276889,276889,304.58K,304.58K,NEW,<.01%
92764N102,VIR,VIR BIOTECHNOLOGY INC,49800,49800,300.29K,300.29K,NEW,<.01%
37954Y632,AIQ,GLOBAL X FDS,5865,5865,298.29K,298.29K,NEW,<.01%
427746102,HRTX,HERON THERAPEUTICS INC,227784,227784,296.12K,296.12K,NEW,<.01%
20440W105,SID,COMPANHIA SIDERURGICA NACION,286586,184137,458.54K,294.62K,+179.7%,<.01%
83601L102,SHC,SOTERA HEALTH CO,16700,16700,294.59K,294.59K,NEW,<.01%
00215F107,ATNI,ATN INTL INC,12829,12829,292.5K,292.5K,NEW,<.01%
29259W700,EU,ENCORE ENERGY CORP,117676,117676,291.84K,291.84K,NEW,<.01%
307359885,FFAI,FARADAY FUTURE INTLGT ELEC I,284999,284999,290.7K,290.7K,NEW,<.01%
46434G814,EWM,ISHARES INC,10592,10592,289.8K,289.8K,NEW,<.01%
17259U204,CION,CION INVT CORP,40468,29911,391.33K,289.24K,+283.3%,<.01%
47737C104,JFIN,JIAYIN GROUP INC,49553,49553,287.41K,287.41K,NEW,<.01%
316500107,FDUS,FIDUS INVT CORP,14841,14841,286.43K,286.43K,NEW,<.01%
464288182,AAXJ,ISHARES TR,3075,3075,286.34K,286.34K,NEW,<.01%
77926X304,QDTE,ROUNDHILL ETF TRUST,9282,9282,286.26K,286.26K,NEW,<.01%
810186106,SMG,SCOTTS MIRACLE-GRO CO,4899,4899,285.86K,285.86K,NEW,<.01%
39525U107,GFR,GREENFIRE RES LTD NEW,59813,59813,285.8K,285.8K,NEW,<.01%
57667L107,MTCH,MATCH GROUP INC NEW,8813,8813,284.57K,284.57K,NEW,<.01%
92332V107,VTYX,VENTYX BIOSCIENCES INC,31501,31501,284.45K,284.45K,NEW,<.01%
01973R101,ALSN,ALLISON TRANSMISSION HLDGS I,2884,2884,282.34K,282.34K,NEW,<.01%
82900L102,SMPL,SIMPLY GOOD FOODS CO,13985,13985,280.82K,280.82K,NEW,<.01%
91359V107,UVE,UNIVERSAL INS HLDGS INC,8274,8274,279.66K,279.66K,NEW,<.01%
38387Q105,PEW,GRABAGUN DIGITAL HLDGS INC,92842,92842,279.45K,279.45K,NEW,<.01%
06652N107,BSVN,BANK7 CORP,6803,6803,278.79K,278.79K,NEW,<.01%
60510V108,AVO,MISSION PRODUCE INC,23871,23871,276.9K,276.9K,NEW,<.01%
87961M105,TLX,TELIX PHARMACEUTICAL LTD,36828,36828,275.84K,275.84K,NEW,<.01%
058498106,BALL,BALL CORP,5172,5172,273.96K,273.96K,NEW,<.01%
68828E809,OGG,OSISKO DEVELOPMENT CORP,78201,78201,272.92K,272.92K,NEW,<.01%
22053A107,QNCX,QUINCE THERAPEUTICS INC,80134,80134,268.45K,268.45K,NEW,<.01%
75383L102,RAPP,RAPPORT THERAPEUTICS INC,8837,8837,268.12K,268.12K,NEW,<.01%
868459108,SUPN,SUPERNUS PHARMACEUTICALS INC,5385,5385,267.63K,267.63K,NEW,<.01%
56035L104,MAIN,MAIN STR CAP CORP,4425,4425,267.23K,267.23K,NEW,<.01%
21217B100,CTNM,CONTINEUM THERAPEUTICS INC,23377,23377,267.2K,267.2K,NEW,<.01%
38147U107,GSBD,GOLDMAN SACHS BDC INC,47155,28664,437.6K,266K,+155%,<.01%
09061G101,BMRN,BIOMARIN PHARMACEUTICAL INC,12145,4449,721.78K,264.4K,+57.8%,<.01%
07556Q881,BZH,BEAZER HOMES USA INC,13024,13024,264K,264K,NEW,<.01%
516544103,LNTH,LANTHEUS HLDGS INC,3924,3924,261.14K,261.14K,NEW,<.01%
457730109,INSP,INSPIRE MED SYS INC,2830,2830,261.01K,261.01K,NEW,<.01%
464286707,EWQ,ISHARES INC,5768,5768,259.5K,259.5K,NEW,<.01%
64782A107,NEWP,NEW PAC METALS CORP,73853,73853,259.22K,259.22K,NEW,<.01%
75955J402,RLMD,RELMADA THERAPEUTICS INC,53444,53444,258.13K,258.13K,NEW,<.01%
M5425M103,INMD,INMODE LTD,17519,17519,257.35K,257.35K,NEW,<.01%
04272N102,AVBP,ARRIVENT BIOPHARMA INC,12763,12763,256.79K,256.79K,NEW,<.01%
800422107,JBSS,SANFILIPPO JOHN B & SON INC,3634,3634,256.56K,256.56K,NEW,<.01%
74319B502,PROF,PROFOUND MED CORP,32574,32574,256.36K,256.36K,NEW,<.01%
12529R107,CCCC,C4 THERAPEUTICS INC,133112,133112,254.24K,254.24K,NEW,<.01%
92766K403,SPCE,VIRGIN GALACTIC HOLDINGS INC,139702,79088,448.44K,253.87K,+130.5%,<.01%
142038108,CRBU,CARIBOU BIOSCIENCES INC,159317,159317,253.31K,253.31K,NEW,<.01%
538146309,LPSN,LIVEPERSON INC,65259,65259,252.55K,252.55K,NEW,<.01%
74340E103,PGNY,PROGYNY INC,9807,9807,251.84K,251.84K,NEW,<.01%
88032L605,TENX,TENAX THERAPEUTICS INC,20648,20648,251.7K,251.7K,NEW,<.01%
740367404,PFBC,PREFERRED BK LOS ANGELES CA,7529,2653,710.96K,250.52K,+54.4%,<.01%
59001A102,MTH,MERITAGE HOMES CORP,3800,3800,250.04K,250.04K,NEW,<.01%
682095104,OFLX,OMEGA FLEX INC,8492,8492,250K,250K,NEW,<.01%
319390100,FBIZ,FIRST BUSINESS FINL SVCS INC,4604,4604,250K,250K,NEW,<.01%
92189H409,HYD,VANECK ETF TRUST,4871,4871,249.01K,249.01K,NEW,<.01%
020398707,ALM,ALMONTY INDS INC,108069,27993,952.09K,246.62K,+35%,<.01%
086921103,BETA,BETA TECHNOLOGIES INC,8726,8726,246.16K,246.16K,NEW,<.01%
12520L109,CFBK,CF BANKSHARES INC,31548,9830,787.12K,245.26K,+45.3%,<.01%
25461H853,LABD,DIREXION SHS ETF TR,11625,11625,244.82K,244.82K,NEW,<.01%
70339W104,PTRN,PATTERN GROUP INC,21207,21207,244.73K,244.73K,NEW,<.01%
985817105,YELP,YELP INC,8034,8034,244.15K,244.15K,NEW,<.01%
100557107,SAM,BOSTON BEER INC,1251,1251,244.11K,244.11K,NEW,<.01%
03589W102,ANNX,ANNEXON INC,48573,48573,243.84K,243.84K,NEW,<.01%
21833P301,CRBP,CORBUS PHARMACEUTICALS HLDGS,29889,29889,243.3K,243.3K,NEW,<.01%
Y7542C130,STNG,SCORPIO TANKERS INC,4776,4776,242.76K,242.76K,NEW,<.01%
736508847,POR,PORTLAND GEN ELEC CO,5040,5040,241.87K,241.87K,NEW,<.01%
19058X207,COSO,COASTALSOUTH BANCSHARES INC,10373,10373,241.17K,241.17K,NEW,<.01%
016255101,ALGN,ALIGN TECHNOLOGY INC,23391,1541,3.65M,240.63K,+7.1%,0.04%
690742101,OC,OWENS CORNING NEW,5970,2146,668.1K,240.16K,+56.1%,<.01%
376535878,GLAD,GLADSTONE CAPITAL CORP,36791,11580,760.1K,239.24K,+45.9%,<.01%
87167T300,TAOX,TAO SYNERGIES INC,64953,64953,239.03K,239.03K,NEW,<.01%
256135203,RDY,DR REDDYS LABS LTD,17010,17010,238.82K,238.82K,NEW,<.01%
52736R102,LEVI,LEVI STRAUSS & CO NEW,11373,11373,235.88K,235.88K,NEW,<.01%
808524672,SCHY,SCHWAB STRATEGIC TR,7866,7866,234.56K,234.56K,NEW,<.01%
74276L105,PRCT,PROCEPT BIOROBOTICS CORP,7389,7389,232.46K,232.46K,NEW,<.01%
806857108,SLB,SLB LIMITED,6034,6034,231.59K,231.59K,NEW,<.01%
M15342104,AUDC,AUDIOCODES LTD,26177,26177,228.53K,228.53K,NEW,<.01%
316092196,FDIG,FIDELITY COVINGTON TRUST,5905,5905,227.5K,227.5K,NEW,<.01%
45817G201,IDN,INTELLICHECK INC,33960,33960,226.85K,226.85K,NEW,<.01%
871565107,ACNT,ASCENT INDUSTRIES CO,24889,13981,402.95K,226.35K,+128.2%,<.01%
90466Y202,UNCY,UNICYCIVE THERAPEUTICS INC,39114,39114,225.69K,225.69K,NEW,<.01%
806037107,SCSC,SCANSOURCE INC,5720,5720,223.42K,223.42K,NEW,<.01%
31609R100,FDBC,FIDELITY D & D BANCORP INC,5113,5113,222.57K,222.57K,NEW,<.01%
33738D101,EMLP,FIRST TR EXCHANGE-TRADED FD,5840,5840,221.16K,221.16K,NEW,<.01%
001744101,AMN,AMN HEALTHCARE SVCS INC,38854,13985,612.34K,220.4K,+56.2%,<.01%
74265M205,PDEX,PRO-DEX INC COLO,5724,5724,220.26K,220.26K,NEW,<.01%
28106W103,EDIT,EDITAS MEDICINE INC,107376,107376,220.12K,220.12K,NEW,<.01%
05278C107,ATHM,AUTOHOME INC,9876,9876,219.84K,219.84K,NEW,<.01%
500946108,KRRO,KORRO BIO INC,27064,27064,216.78K,216.78K,NEW,<.01%
714167103,PPIH,PERMA-PIPE INTL HLDGS INC,6982,6982,211.97K,211.97K,NEW,<.01%
45783C200,TIL,INSTIL BIO INC,19198,19198,211.18K,211.18K,NEW,<.01%
74179A107,BPRN,PRINCETON BANCORP INC,6085,6085,211.09K,211.09K,NEW,<.01%
88831L202,TII,TITAN MNG CORP,74964,74964,210.55K,210.55K,NEW,<.01%
09174P105,BTMCQ,BITCOIN DEPOT INC,162460,162460,209.57K,209.57K,NEW,<.01%
053807103,AVT,AVNET INC,4331,4331,208.23K,208.23K,NEW,<.01%
985194208,YSG,YATSEN HLDG LTD,53482,53482,208.04K,208.04K,NEW,<.01%
037598109,APOG,APOGEE ENTERPRISES INC,5663,5663,206.19K,206.19K,NEW,<.01%
G7709Q104,RPRX,ROYALTY PHARMA PLC,5313,5313,205.29K,205.29K,NEW,<.01%
651229106,NWL,NEWELL BRANDS INC,55142,55142,205.13K,205.13K,NEW,<.01%
624758108,MWA,MUELLER WTR PRODS INC,8564,8564,203.99K,203.99K,NEW,<.01%
84252A106,BCAL,CALIFORNIA BANCORP,10922,10922,203.91K,203.91K,NEW,<.01%
686275207,OESX,ORION ENERGY SYS INC,13156,13156,202.34K,202.34K,NEW,<.01%
92512J106,VBNK,VERSABANK NEW,13449,13449,201.36K,201.36K,NEW,<.01%
44486Q103,HUMA,HUMACYTE INC,208959,208959,200.71K,200.71K,NEW,<.01%
74019P207,DTIL,PRECISION BIOSCIENCES INC,62129,48158,258.46K,200.34K,+344.7%,<.01%
583543301,SLNH,SOLUNA HOLDINGS INC,170733,170733,199.76K,199.76K,NEW,<.01%
29260V105,DAVA,ENDAVA PLC,87177,31491,550.96K,199.02K,+56.6%,<.01%
65342K105,NEXT,NEXTDECADE CORP,37298,37298,196.56K,196.56K,NEW,<.01%
22890A302,ORBS,EIGHTCO HOLDINGS INC,113552,113552,196.44K,196.44K,NEW,<.01%
04650F101,ATAI,ATAI BECKLEY NV,47848,47848,195.7K,195.7K,NEW,<.01%
31810T101,FINV,FINVOLUTION GROUP,37185,37185,194.48K,194.48K,NEW,<.01%
848560306,SPIR,SPIRE GLOBAL INC,25777,25777,193.33K,193.33K,NEW,<.01%
38173M102,GBDC,GOLUB CAP BDC INC,14239,14239,193.22K,193.22K,NEW,<.01%
67080M103,NRIX,NURIX THERAPEUTICS INC,10172,10172,192.96K,192.96K,NEW,<.01%
G9TY5A101,ZURA,ZURA BIO LTD,36572,36572,191.64K,191.64K,NEW,<.01%
98421M106,XRX,XEROX HOLDINGS CORP,154966,80709,367.27K,191.28K,+108.7%,<.01%
92719W207,VNCE,VINCE HLDG CORP,46734,46734,190.68K,190.68K,NEW,<.01%
749552105,RFIL,RF INDS LTD,32938,32938,190.38K,190.38K,NEW,<.01%
25253X207,DMAC,DIAMEDICA THERAPEUTICS INC,23572,23572,187.63K,187.63K,NEW,<.01%
05684B107,BCSF,BAIN CAP SPECIALTY FIN INC,30654,13463,426.4K,187.27K,+78.3%,<.01%
302635206,FSK,FS KKR CAP CORP,107497,12558,1.59M,185.98K,+13.2%,0.02%
68571X301,ORC,ORCHID IS CAP INC,25775,25775,185.58K,185.58K,NEW,<.01%
25862B109,DDI,DOUBLEDOWN INTERACTIVE CO LT,20863,20863,180.05K,180.05K,NEW,<.01%
34960Q307,FBIO,FORTRESS BIOTECH INC,49096,49096,179.69K,179.69K,NEW,<.01%
739650109,PROP,PRAIRIE OPER CO,184446,104472,311.71K,176.56K,+130.6%,<.01%
163851108,CC,CHEMOURS CO,14860,14860,175.2K,175.2K,NEW,<.01%
10586A108,GRO,BRAZIL POTASH CORP,119407,90918,225.68K,171.83K,+319.1%,<.01%
50181P100,LCNB,LCNB CORP,10434,10434,171.01K,171.01K,NEW,<.01%
03748R747,AIV,APARTMENT INVT & MGMT CO,28682,28682,170.37K,170.37K,NEW,<.01%
11161T207,BWEN,BROADWIND INC,60154,60154,170.24K,170.24K,NEW,<.01%
023139884,OSG,OCTAVE SPECIALTY GROUP INC,21219,21219,165.08K,165.08K,NEW,<.01%
G2788T111,DOGZ,DOGNESS INTERNATIONAL CORP,36959,15414,391.76K,163.39K,+71.5%,<.01%
44916E100,IPX,IPERIONX LTD,14918,4471,539.81K,161.78K,+42.8%,<.01%
107924102,BBOT,BRIDGEBIO ONCOLOGY THERAPEUT,12922,12922,161.78K,161.78K,NEW,<.01%
339382103,FLXS,FLEXSTEEL INDS INC,8701,4077,343.6K,161K,+88.2%,<.01%
05350V106,AVNS,AVANOS MED INC,14296,14296,160.54K,160.54K,NEW,<.01%
36866J105,GEMI,GEMINI SPACE STA INC,16122,16122,159.93K,159.93K,NEW,<.01%
64051M709,NEON,NEONODE INC,91185,91185,158.66K,158.66K,NEW,<.01%
92857W308,VOD,VODAFONE GROUP PLC NEW,11997,11997,158.48K,158.48K,NEW,<.01%
25460G815,RETL,DIREXION SHS ETF TR,17186,17186,158.46K,158.46K,NEW,<.01%
38000Q201,CBIO,CRESCENT BIOPHARMA INC.,13246,13246,157.1K,157.1K,NEW,<.01%
G68707101,PAGS,PAGSEGURO DIGITAL LTD,16070,16070,154.91K,154.91K,NEW,<.01%
090040106,BILI,BILIBILI INC,97068,6223,2.39M,153.02K,+6.9%,0.02%
60742B102,MOB,MOBILICOM LTD,24986,24986,152.41K,152.41K,NEW,<.01%
344057302,FLUX,FLUX PWR HLDGS INC,119472,119472,151.73K,151.73K,NEW,<.01%
055298103,BCBP,BCB BANCORP INC,18776,18776,151.52K,151.52K,NEW,<.01%
46620W201,JILL,J JILL INC,10907,10907,149.64K,149.64K,NEW,<.01%
68386H103,OPFI,OPPFI INC,14269,14269,149.25K,149.25K,NEW,<.01%
89455T109,TMCI,TREACE MED CONCEPTS INC,60644,60644,148.58K,148.58K,NEW,<.01%
702712209,PASG,PASSAGE BIO INC,12578,12578,148.42K,148.42K,NEW,<.01%
74168J101,PRME,PRIME MEDICINE INC,52866,42684,183.44K,148.11K,+419.2%,<.01%
92214X106,VREX,VAREX IMAGING CORP,12647,12647,147.34K,147.34K,NEW,<.01%
25400W102,APPS,DIGITAL TURBINE INC,29277,29277,146.38K,146.38K,NEW,<.01%
14838T204,CTM,CASTELLUM INC,217471,161752,196.42K,146.09K,+290.3%,<.01%
517125100,LRMR,LARIMAR THERAPEUTICS INC,57646,38131,219.63K,145.28K,+195.4%,<.01%
282914100,EGHT,8X8 INC NEW,86973,73289,171.34K,144.38K,+535.6%,<.01%
205684202,CHCI,COMSTOCK HLDG COS INC,12423,12423,144.35K,144.35K,NEW,<.01%
M6372Q113,KRNT,KORNIT DIGITAL LTD,10022,10022,144.12K,144.12K,NEW,<.01%
01861F102,AENT,ALLIANCE ENTERTAINMENT HOLDI,17727,17727,143.23K,143.23K,NEW,<.01%
76029N106,REPL,REPLIMUNE GROUP INC,14695,14695,142.84K,142.84K,NEW,<.01%
418056107,HAS,HASBRO INC,5570,1720,456.74K,141.04K,+44.7%,<.01%
09076J207,BHST,BIOHARVEST SCIENCES INC,27065,27065,140.47K,140.47K,NEW,<.01%
59124U605,MTA,METALLA RTY & STREAMING LTD,30503,17855,237.31K,138.91K,+141.2%,<.01%
74766Q101,QTRX,QUANTERIX CORP,21707,21707,138.06K,138.06K,NEW,<.01%
86722A103,SXC,SUNCOKE ENERGY INC,19173,19173,138.05K,138.05K,NEW,<.01%
N71542109,PRQR,PROQR THRAPEUTICS N V,104231,68091,210.55K,137.54K,+188.4%,<.01%
28657F103,ELTX,ELICIO THERAPEUTICS INC,17159,17159,136.59K,136.59K,NEW,<.01%
Y2065G121,DHT,DHT HOLDINGS INC,11084,11084,135.34K,135.34K,NEW,<.01%
00776X109,ALMU,AELUMA INC,20711,7871,355.61K,135.15K,+61.3%,<.01%
M78673114,PERI,PERION NETWORK LTD,14038,14038,134.48K,134.48K,NEW,<.01%
08975P108,CMRC,COMMERCE.COM INC,32624,32624,134.41K,134.41K,NEW,<.01%
038923108,ABR,ARBOR REALTY TRUST INC,17294,17294,134.2K,134.2K,NEW,<.01%
009422106,AIRO,AIRO GROUP HLDGS INC,16351,16351,133.75K,133.75K,NEW,<.01%
49435R102,KRP,KIMBELL RTY PARTNERS LP,11358,11358,133.57K,133.57K,NEW,<.01%
48662X105,KBDC,KAYNE ANDERSON BDC INC,31976,9317,457.9K,133.42K,+41.1%,<.01%
088786108,BCYC,BICYCLE THERAPEUTICS PLC,46728,18834,330.83K,133.34K,+67.5%,<.01%
83419D201,SLSR,SOLARIS RES INC,16600,16600,133.21K,133.21K,NEW,<.01%
G5331N101,KYIV,KYIVSTAR GROUP LTD,10257,10257,133.14K,133.14K,NEW,<.01%
M0854Q105,ALLT,ALLOT LTD,13481,13481,132.52K,132.52K,NEW,<.01%
78163D100,RWAY,RUNWAY GROWTH FINANCE CORP,31398,14834,280.38K,132.47K,+89.6%,<.01%
05637B105,BLZE,BACKBLAZE INC,28164,28164,131.24K,131.24K,NEW,<.01%
59982U200,SUIG,SUI GROUP HOLDINGS LIMITED,76905,76905,128.43K,128.43K,NEW,<.01%
03464C205,AEC,ANFIELD ENERGY INC,24969,24969,128.09K,128.09K,NEW,<.01%
90355N101,USCB,USCB FINANCIAL HOLDINGS INC,17616,6922,324.49K,127.5K,+64.7%,<.01%
68236V401,FRMM,ETHZILLA CORPORATION,25912,25912,126.97K,126.97K,NEW,<.01%
405217100,HAIN,HAIN CELESTIAL GROUP INC,159849,117295,171.04K,125.51K,+275.6%,<.01%
L00849106,AGRO,ADECOAGRO S A,15542,15542,123.25K,123.25K,NEW,<.01%
471871202,JSPR,JASPER THERAPEUTICS INC,67267,67267,123.1K,123.1K,NEW,<.01%
23834J201,DAVE,DAVE INC,9048,553,2M,122.44K,+6.5%,0.02%
56155L108,TUSK,MAMMOTH ENERGY SVCS INC,65875,65875,121.87K,121.87K,NEW,<.01%
654902204,NOK,NOKIA CORP,18496,18496,119.67K,119.67K,NEW,<.01%
92915B106,VYGR,VOYAGER THERAPEUTICS INC,30425,30425,119.57K,119.57K,NEW,<.01%
28617K101,ELDN,ELEDON PHARMACEUTICALS INC,106014,78914,160.08K,119.16K,+291.2%,<.01%
68403P203,ORMP,ORAMED PHARMACEUTICALS INC,41734,41734,118.94K,118.94K,NEW,<.01%
44975P103,NBP,NOVABRIDGE BIOSCIENCES,29588,29588,117.76K,117.76K,NEW,<.01%
45258H106,IMMX,IMMIX BIOPHARMA INC,22120,22120,115.69K,115.69K,NEW,<.01%
747324101,PYXS,PYXIS ONCOLOGY INC,100536,100536,115.62K,115.62K,NEW,<.01%
25381B101,DMRC,DIGIMARC CORP NEW,17618,17618,115.57K,115.57K,NEW,<.01%
68375N103,OPK,OPKO HEALTH INC,91702,91702,115.55K,115.55K,NEW,<.01%
77106A108,LAWR,ROBOT CONSULTING CO LTD,30707,30707,115.15K,115.15K,NEW,<.01%
55279B301,LITS,LITE STRATEGY INC,85149,85149,112.4K,112.4K,NEW,<.01%
640671400,NEPH,NEPHROS INC,23004,23004,112.26K,112.26K,NEW,<.01%
00534A102,IVVD,INVIVYD INC,91241,45229,225.37K,111.72K,+98.3%,<.01%
589492107,MREO,MEREO BIOPHARMA GROUP PLC,266731,266731,111.15K,111.15K,NEW,<.01%
45765U103,NSIT,INSIGHT ENTERPRISES INC,4331,1344,352.85K,109.5K,+45%,<.01%
03212B103,AMPY,AMPLIFY ENERGY CORP NEW,23163,23163,105.86K,105.86K,NEW,<.01%
050734201,AEYE,AUDIOEYE INC,10492,10492,104.81K,104.81K,NEW,<.01%
Y2990R101,HAFN,HAFNIA LTD,19628,19628,104.62K,104.62K,NEW,<.01%
N44821101,IFRX,INFLARX NV,103337,103337,104.37K,104.37K,NEW,<.01%
19188U206,CODA,CODA OCTOPUS GROUP INC,11218,11218,104.33K,104.33K,NEW,<.01%
171077407,NAGE,NIAGEN BIOSCIENCE INC,16367,16367,104.09K,104.09K,NEW,<.01%
98943L107,ZNTL,ZENTALIS PHARMACEUTICALS INC,137568,76917,185.72K,103.84K,+126.8%,<.01%
00509G209,ABOS,ACUMEN PHARMACEUTICALS INC,49046,49046,103.49K,103.49K,NEW,<.01%
04626A103,ALAB,ASTERA LABS INC,50819,613,8.45M,101.98K,+1.2%,0.09%
00810F106,ASLE,AERSALE CORPORATION,14318,14318,101.8K,101.8K,NEW,<.01%
81578P106,SEER,SEER INC,55308,55308,101.21K,101.21K,NEW,<.01%
817323405,SQNS,SEQUANS COMMUNICATIONS S A,22509,22509,101.06K,101.06K,NEW,<.01%
72815L107,PLTK,PLAYTIKA HLDG CORP,25463,25463,100.58K,100.58K,NEW,<.01%
747301109,QUAD,QUAD / GRAPHICS INC,15942,15942,99.96K,99.96K,NEW,<.01%
477143101,JBLU,JETBLUE AWYS CORP,562631,21852,2.56M,99.43K,+4%,0.03%
92511W207,VRCA,VERRICA PHARMACEUTICALS INC,11954,11954,99.34K,99.34K,NEW,<.01%
690469101,OVID,OVID THERAPEUTICS INC,87874,60171,143.24K,98.08K,+217.2%,<.01%
67010L100,NVX,NOVONIX LIMITED,96306,96306,97.27K,97.27K,NEW,<.01%
92827K301,VTSI,VIRTRA INC,23145,23145,97.21K,97.21K,NEW,<.01%
014442107,ALEC,ALECTOR INC,62273,62273,97.15K,97.15K,NEW,<.01%
229050307,CYRX,CRYOPORT INC,10117,10117,97.12K,97.12K,NEW,<.01%
49456W105,KLC,KINDERCARE LEARNING COMPANIE,74663,22322,322.54K,96.43K,+42.6%,<.01%
64550A107,HOVR,NEW HORIZON AIRCRAFT LTD,64978,64978,95.52K,95.52K,NEW,<.01%
36257Y109,GOTU,GAOTU TECHEDU INC,39454,39454,91.53K,91.53K,NEW,<.01%
47103N106,JBI,JANUS INTERNATIONAL GROUP IN,13854,13854,90.61K,90.61K,NEW,<.01%
140755307,TVRD,TVARDI THERAPEUTICS INC,20964,20964,90.14K,90.14K,NEW,<.01%
53946R106,LDI,LOANDEPOT INC,43540,43540,90.13K,90.13K,NEW,<.01%
880345103,TNC,TENNANT CO,5687,1220,419.13K,89.91K,+27.3%,<.01%
105368203,BDN,BRANDYWINE RLTY TR,30564,30564,89.25K,89.25K,NEW,<.01%
359678109,FLL,FULL HSE RESORTS INC,33955,33955,88.62K,88.62K,NEW,<.01%
84833T103,SPRO,SPERO THERAPEUTICS INC,37799,37799,88.07K,88.07K,NEW,<.01%
88554D205,DDD,3-D SYS CORP DEL,49755,49755,88.07K,88.07K,NEW,<.01%
927926303,VGZ,VISTA GOLD CORP,87227,44415,171.84K,87.5K,+103.7%,<.01%
82536T107,SSTI,SOUNDTHINKING INC,10871,10871,87.29K,87.29K,NEW,<.01%
95766K109,HIO,WESTERN ASSET HIGH INCOME OP,23257,23257,86.28K,86.28K,NEW,<.01%
M8744T106,TBLA,TABOOLA.COM LTD,57957,18585,267.18K,85.68K,+47.2%,<.01%
47103J105,JANX,JANUX THERAPEUTICS INC,33002,6141,455.43K,84.75K,+22.9%,<.01%
61945C103,MOS,MOSAIC CO NEW,53745,3492,1.29M,84.12K,+6.9%,0.01%
39986L109,GRWG,GROWGENERATION CORP,71034,55401,106.55K,83.1K,+354.4%,<.01%
96812F102,BAER,BRIDGER AEROSPACE GRP HLDGS,44558,44558,81.54K,81.54K,NEW,<.01%
09077V100,BIOA,BIOAGE LABS INC,16769,6035,221.85K,79.84K,+56.2%,<.01%
G3041J106,EMPG,EMPRO GROUP INC,28405,4551,493.11K,79.01K,+19.1%,<.01%
00461U105,ACRS,ACLARIS THERAPEUTICS INC,57670,26117,173.59K,78.61K,+82.8%,<.01%
40090E106,CIB,GRUPO CIBEST SA,16489,1221,1.05M,77.67K,+8%,0.01%
629337106,NNBR,NN INC,60475,60475,77.41K,77.41K,NEW,<.01%
00770K202,AMTX,AEMETIS INC,55581,55581,77.26K,77.26K,NEW,<.01%
288578107,EARN,ELLINGTON CREDIT COMPANY,14202,14202,74.84K,74.84K,NEW,<.01%
647551100,NMFC,NEW MTN FIN CORP,56578,8090,521.08K,74.51K,+16.7%,<.01%
G28687104,DGNX,DIGINEX LTD,17809,17809,74.26K,74.26K,NEW,<.01%
12685J105,CABO,CABLE ONE INC,2723,657,307.29K,74.14K,+31.8%,<.01%
729139105,PLRX,PLIANT THERAPEUTICS INC,97891,60296,119.43K,73.56K,+160.4%,<.01%
34984V209,FET,FORUM ENERGY TECHNOLOGIES IN,12527,1989,462.87K,73.49K,+18.9%,<.01%
588056101,MERC,MERCER INTL INC,37009,37009,73.28K,73.28K,NEW,<.01%
04523Y105,ASPN,ASPEN AEROGELS INC,35583,25373,100.7K,71.81K,+248.5%,<.01%
68373J104,LPRO,OPEN LENDING CORP,65376,45166,101.33K,70.01K,+223.5%,<.01%
08975B109,BBAI,BIGBEAR AI HLDGS INC,12821,12821,69.23K,69.23K,NEW,<.01%
83193E102,EM,SMART SH GLOBAL LTD,59126,59126,69.18K,69.18K,NEW,<.01%
47580P103,JELD,JELD-WEN HLDG INC,47563,28078,117K,69.07K,+144.1%,<.01%
046513206,ATRA,ATARA BIOTHERAPEUTICS INC,20321,3779,367.61K,68.36K,+22.8%,<.01%
21077P108,CNTX,CONTEXT THERAPEUTICS INC,46220,46220,67.94K,67.94K,NEW,<.01%
04013V108,ACRE,ARES COML REAL ESTATE CORP,13916,13916,66.52K,66.52K,NEW,<.01%
17248W303,CING,CINGULATE INC,15182,15182,65.89K,65.89K,NEW,<.01%
G1331C104,BGL,BLUE GOLD LTD,33709,33709,64.72K,64.72K,NEW,<.01%
42225T107,HCAT,HEALTH CATALYST INC,26888,26888,64.26K,64.26K,NEW,<.01%
G55032174,HOLO,MICROCLOUD HOLOGRAM INC,24104,24104,63.63K,63.63K,NEW,<.01%
88675P103,TYGO,TIGO ENERGY INC,77187,46074,106.52K,63.58K,+148.1%,<.01%
517097101,LGO,LARGO INC,65000,65000,62.12K,62.12K,NEW,<.01%
826165201,SIDU,SIDUS SPACE INC,48036,19711,150.83K,61.89K,+69.6%,<.01%
105861306,ATLX,ATLAS LITHIUM CORP,14501,14501,61.34K,61.34K,NEW,<.01%
07373B109,BEEM,BEAM GLOBAL,40514,40514,60.77K,60.77K,NEW,<.01%
86183P102,SRI,STONERIDGE INC,10467,10467,60.6K,60.6K,NEW,<.01%
03837J309,AQMS,AQUA METALS INC,12621,12621,60.58K,60.58K,NEW,<.01%
09249E101,BHK,BLACKROCK CORE BD TR,18762,6228,179.93K,59.73K,+49.7%,<.01%
50105F105,KRO,KRONOS WORLDWIDE INC,13434,13434,59.38K,59.38K,NEW,<.01%
105230106,BOF,BRANCHOUT FOOD INC,18516,18516,58.88K,58.88K,NEW,<.01%
91544A109,UPLD,UPLAND SOFTWARE INC,40987,40987,58.61K,58.61K,NEW,<.01%
83411A205,STKE,SOL STRATEGIES INC,37130,37130,56.81K,56.81K,NEW,<.01%
57667T100,MTLS,MATERIALISE NV,10162,10162,56.4K,56.4K,NEW,<.01%
18270P109,CLAR,CLARUS CORP NEW,16662,16662,55.82K,55.82K,NEW,<.01%
92337U302,TONX,TON STRATEGY CO,27849,27849,55.42K,55.42K,NEW,<.01%
59102M104,MGX,METAGENOMI INC,33917,33917,54.95K,54.95K,NEW,<.01%
H82027105,SOPH,SOPHIA GENETICS SA,11649,11649,54.4K,54.4K,NEW,<.01%
M6240T109,KMDA,KAMADA LTD,21889,7627,154.54K,53.85K,+53.5%,<.01%
00847G804,AGEN,AGENUS INC,17121,17121,53.76K,53.76K,NEW,<.01%
82728C102,SVCO,SILVACO GROUP INC,31682,13148,128.31K,53.25K,+70.9%,<.01%
466032109,JJSF,J & J SNACK FOODS CORP,3015,574,272.47K,51.87K,+23.5%,<.01%
26443V101,DLTH,DULUTH HLDGS INC,24882,24882,51.76K,51.75K,NEW,<.01%
12674W109,CABA,CABALETTA BIO INC,66377,23465,145.37K,51.39K,+54.7%,<.01%
06684L103,BZUN,BAOZUN INC,19262,19262,51.24K,51.24K,NEW,<.01%
130788102,CWT,CALIFORNIA WTR SVC GROUP,8413,1182,364.54K,51.22K,+16.3%,<.01%
91702V101,UROY,URANIUM RTY CORP,14275,14275,50.53K,50.53K,NEW,<.01%
G0262A103,AHMA,AMBITIONS ENTERPRISE MGMT CO,10128,10128,50.03K,50.03K,NEW,<.01%
019770106,ALLO,ALLOGENE THERAPEUTICS INC,274416,36479,375.95K,49.98K,+15.3%,<.01%
004890109,ACRV,ACRIVON THERAPEUTICS INC,20730,20730,49.96K,49.96K,NEW,<.01%
29479A108,ERAS,ERASCA INC,13162,13162,48.96K,48.96K,NEW,<.01%
92762J103,VIOT,VIOMI TECHNOLOGY CO LTD,63827,26241,117.44K,48.28K,+69.8%,<.01%
Y9390M103,VFS,VINFAST AUTO LTD,14412,14412,48.14K,48.14K,NEW,<.01%
65481N100,NIU,NIU TECHNOLOGIES,15660,15660,47.45K,47.45K,NEW,<.01%
277802500,BLNE,BEELINE HOLDINGS INC,27471,27471,47.25K,47.25K,NEW,<.01%
G1466R173,BORR,BORR DRILLING LTD,11715,11715,47.21K,47.21K,NEW,<.01%
192005106,CDXS,CODEXIS INC,54435,27509,88.73K,44.84K,+102.2%,<.01%
38149E101,GLDG,GOLDMINING INC,35428,35428,44.28K,44.28K,NEW,<.01%
297584104,ESLA,ESTRELLA IMMUNOPHARMA INC,27781,27781,43.34K,43.34K,NEW,<.01%
83125X103,SNBRQ,SLEEP NUMBER CORP,15305,4987,129.48K,42.19K,+48.3%,<.01%
090683103,BTMD,BIOTE CORP,14769,14769,38.4K,38.4K,NEW,<.01%
G72800108,PRTA,PROTHENA CORP PLC,31090,3875,296.91K,37.01K,+14.2%,<.01%
02155H200,ALT,ALTIMMUNE INC,10101,10101,36.47K,36.47K,NEW,<.01%
74365U107,TARA,PROTARA THERAPEUTICS INC,24184,6838,128.9K,36.45K,+39.4%,<.01%
G98338109,YTRA,YATRA ONLINE INC,20105,20105,35.79K,35.79K,NEW,<.01%
527064208,LESL,LESLIES INC,20750,20750,34.24K,34.24K,NEW,<.01%
868927203,SRFM,SURF AIR MOBILITY INC,90015,16593,174.63K,32.19K,+22.6%,<.01%
10482B101,BHR,BRAEMAR HOTELS & RESORTS INC,10317,10317,29.61K,29.61K,NEW,<.01%
913483103,UEIC,UNIVERSAL ELECTRS INC,24957,8044,90.09K,29.04K,+47.6%,<.01%
18914F103,CLOV,CLOVER HEALTH INVESTMENTS CO,12154,12154,28.56K,28.56K,NEW,<.01%
38748T103,PLTM,GRANITESHARES PLATINUM TR,75179,1426,1.48M,28.13K,+1.9%,0.02%
68554V108,OSUR,ORASURE TECHNOLOGIES INC,11475,11475,27.77K,27.77K,NEW,<.01%
30052C107,EOLS,EVOLUS INC,18095,4168,120.33K,27.72K,+29.9%,<.01%
00032Q104,WHWK,WHITEHAWK THERAPEUTICS INC,11447,11447,27.7K,27.7K,NEW,<.01%
883203101,TXT,TEXTRON INC,10495,316,914.85K,27.55K,+3.1%,<.01%
45782T105,INMB,INMUNE BIO INC,16961,16961,26.46K,26.46K,NEW,<.01%
98955K104,ZVIA,ZEVIA PBC,11201,11201,25.99K,25.99K,NEW,<.01%
G4660A103,HSHP,HIMALAYA SHIPPING LTD,31449,2777,286.19K,25.27K,+9.7%,<.01%
29384C108,TRDA,ENTRADA THERAPEUTICS INC,20318,2424,208.87K,24.92K,+13.5%,<.01%
G7496G103,RNR,RENAISSANCERE HLDGS LTD,1463,86,411.34K,24.18K,+6.2%,<.01%
92854B109,VANI,VIVANI MEDICAL INC,19333,19333,23.78K,23.78K,NEW,<.01%
48253L205,KLXE,KLX ENERGY SERVICS HOLDNGS I,12568,12568,23.75K,23.75K,NEW,<.01%
69353Y103,PMVP,PMV PHARMACEUTICALS INC,18428,18428,23.04K,23.04K,NEW,<.01%
55933J203,MX,MAGNACHIP SEMICONDUCTOR CORP,24420,8863,62.27K,22.6K,+57%,<.01%
043113208,ARTNA,ARTESIAN RES CORP,10326,679,326.4K,21.46K,+7%,<.01%
640979100,NMRA,NEUMORA THERAPEUTICS INC.,11385,11385,20.38K,20.38K,NEW,<.01%
17166A101,CBUS,CIBUS INC,11618,11618,20.21K,20.21K,NEW,<.01%
M25722105,CGEN,COMPUGEN LTD,12796,12796,19.58K,19.58K,NEW,<.01%
M20598104,CSTE,CAESARSTONE LTD,10502,10502,19.53K,19.53K,NEW,<.01%
359523107,FTEK,FUEL TECH INC,11579,11579,18.06K,18.06K,NEW,<.01%
54948X109,LUCD,LUCID DIAGNOSTICS INC,15801,15801,17.22K,17.22K,NEW,<.01%
78471E105,SKYX,SKYX PLATFORMS CORP,22577,7575,48.99K,16.44K,+50.5%,<.01%
184492106,ZONE,CLEANCORE SOLUTIONS INC,59342,59342,15.43K,15.43K,NEW,<.01%
30041R108,EVER,EVERQUOTE INC,11683,483,315.44K,13.04K,+4.3%,<.01%
G0136M101,AGRZ,AGROZ INC.,13451,13451,10.36K,10.36K,NEW,<.01%
00972D105,AKBA,AKEBIA THERAPEUTICS INC,16561,6293,26.66K,10.13K,+61.3%,<.01%
48251K100,KREF,KKR REAL ESTATE FIN TR INC,19642,1011,161.46K,8.31K,+5.4%,<.01%
887098101,TSBK,TIMBERLAND BANCORP INC,7203,199,257.87K,7.12K,+2.8%,<.01%
76680R206,RNG,RINGCENTRAL INC,10935,238,315.8K,6.87K,+2.2%,<.01%
253393102,DKS,DICKS SPORTING GOODS INC,19169,31,3.79M,6.14K,+0.2%,0.04%
488152208,KELYA,KELLY SVCS INC,12428,636,109.37K,5.6K,+5.4%,<.01%
030371108,AVD,AMERICAN VANGUARD CORP,23612,1429,90.2K,5.46K,+6.4%,<.01%
423403104,MOMO,HELLO GROUP INC,60645,707,397.23K,4.63K,+1.2%,<.01%
30052F100,EVGO,EVGO INC,11758,924,34.22K,2.69K,+8.5%,<.01%
094235108,BLMN,BLOOMIN BRANDS INC,25135,205,155.08K,1.26K,+0.8%,<.01%
45773H409,INO,INOVIO PHARMACEUTICALS INC,37222,107,64.77K,186.18,+0.3%,<.01%
L44385109,GLOB,GLOBANT S A,13152,2,859.75K,130.74,+0%,<.01%
921937793,BLV,VANGUARD BD INDEX FDS,21538,0,1.5M,0,NO CHANGE,0.02%
G3730L107,GSIW,GARDEN STAGE LIMITED,104369,0,13.48K,0,NO CHANGE,<.01%
G8437Q101,STFS,STAR FASHION CULTURE HLDGS L,132243,0,13.26K,0,NO CHANGE,<.01%
30219Q106,EXFY,EXPENSIFY INC,22131,-1949,33.42K,-2.94K,-8.1%,<.01%
31447P100,FENC,FENNEC PHARMACEUTICALS INC,14761,-560,113.66K,-4.31K,-3.7%,<.01%
02074J501,ACOG,ALPHA COGNITION INC,12501,-1141,81.26K,-7.42K,-8.4%,<.01%
75686R202,RRBI,RED RIVER BANCSHARES INC,3250,-162,232.15K,-11.57K,-4.7%,<.01%
57777K106,MXCT,MAXCYTE INC,36348,-7769,56.34K,-12.04K,-17.6%,<.01%
73044W302,POET,POET TECHNOLOGIES INC,16552,-1993,104.77K,-12.62K,-10.7%,<.01%
48301N104,KAPA,KAIROS PHARMA LTD,0,-14887,0,-17.42K,CLOSE,0%
15672X201,CISO,CISO GLOBAL INC,0,-18033,0,-18.84K,CLOSE,0%
87918A105,TDOC,TELADOC HEALTH INC,27065,-2755,189.46K,-19.29K,-9.2%,<.01%
Y73760400,SHIP,SEANERGY MARITIME HLDGS CORP,14749,-2118,136.13K,-19.55K,-12.6%,<.01%
482497104,BEKE,KE HLDGS INC,20478,-1254,322.73K,-19.76K,-5.8%,<.01%
72814P109,PLBY,PLAYBOY INC,0,-13549,0,-19.92K,CLOSE,0%
44148G204,RKTO,HOTH THERAPEUTICS INC,0,-12830,0,-20.66K,CLOSE,0%
24661P807,DCTH,DELCATH SYS INC,11888,-2137,120.07K,-21.58K,-15.2%,<.01%
09077A106,BMEA,BIOMEA FUSION INC,69932,-18330,86.72K,-22.73K,-20.8%,<.01%
909214306,UIS,UNISYS CORP,17142,-8409,47.31K,-23.21K,-32.9%,<.01%
75508B104,RYAM,RAYONIER ADVANCED MATLS INC,13843,-4160,81.53K,-24.5K,-23.1%,<.01%
00791N102,ADV,ADVANTAGE SOLUTIONS INC,0,-16862,0,-25.88K,CLOSE,0%
81642T209,SLS,SELLAS LIFE SCIENCES GROUP I,0,-16579,0,-26.61K,CLOSE,0%
167239102,REFI,CHICAGO ATLANTIC REAL ESTATE,28391,-2202,348.07K,-27K,-7.2%,<.01%
84757T105,MDAI,SPECTRAL AI INC,0,-11926,0,-27.31K,CLOSE,0%
68218J103,OABI,OMNIAB INC,0,-17446,0,-27.74K,CLOSE,0%
65487U108,NKTX,NKARTA INC,22111,-15178,40.91K,-28.08K,-40.7%,<.01%
19249H103,CHRS,COHERUS ONCOLOGY INC,0,-18172,0,-29.71K,CLOSE,0%
61774A103,MSDL,MORGAN STANLEY DIRECT LENDIN,48867,-1832,805.33K,-30.19K,-3.6%,<.01%
449778109,IOBTQ,IO BIOTECH INC,0,-83382,0,-30.28K,CLOSE,0%
61218C103,MNTK,MONTAUK RENEWABLES INC,0,-15707,0,-31.73K,CLOSE,0%
298736109,EEFT,EURONET WORLDWIDE INC,11036,-432,839.95K,-32.88K,-3.8%,<.01%
679369108,OLPX,OLAPLEX HLDGS INC,0,-25175,0,-33.1K,CLOSE,0%
05338F306,AVTX,AVALO THERAPEUTICS INC,53044,-1955,963.28K,-35.5K,-3.6%,<.01%
82657M105,SGHT,SIGHT SCIENCES INC,0,-10387,0,-35.73K,CLOSE,0%
205826209,CMTL,COMTECH TELECOMMUNICATIONS C,0,-14249,0,-36.69K,CLOSE,0%
63008G203,NNDM,NANO DIMENSION LTD,0,-23628,0,-37.21K,CLOSE,0%
65340G205,NXDT,NEXPOINT DIVERSIFIED REL ET,0,-10233,0,-37.76K,CLOSE,0%
68572M106,OBIO,ORCHESTRA BIOMED HLDGS INC,0,-15577,0,-38.48K,CLOSE,0%
64131A105,STIM,NEURONETICS INC,0,-14666,0,-40.19K,CLOSE,0%
G9087Q102,TROX,TRONOX HOLDINGS PLC,19281,-10032,80.4K,-41.83K,-34.2%,<.01%
811054402,SSP,SCRIPPS E W CO OHIO,0,-17069,0,-41.99K,CLOSE,0%
09203E105,BDTX,BLACK DIAMOND THERAPEUTICS I,0,-11366,0,-43.08K,CLOSE,0%
816307300,SLQT,SELECTQUOTE INC,0,-21843,0,-43.14K,CLOSE,0%
45783Q100,NOTV,INOTIV INC,0,-29947,0,-43.72K,CLOSE,0%
18453H106,CCO,CLEAR CHANNEL OUTDOOR HLDGS,112808,-20105,249.31K,-44.43K,-15.1%,<.01%
57686G105,MATX,MATSON INC,4045,-366,499.76K,-45.22K,-8.3%,<.01%
46990A102,JRVR,JAMES RIV GROUP HOLDINGS INC,10688,-7526,67.98K,-47.87K,-41.3%,<.01%
91851C201,EGY,VAALCO ENERGY INC,0,-11921,0,-47.92K,CLOSE,0%
G51405101,CRGO,FREIGHTOS LTD,0,-14794,0,-48.97K,CLOSE,0%
83193G107,SMRT,SMARTRENT INC,38770,-24837,78.31K,-50.17K,-39%,<.01%
25961D105,DOUG,DOUGLAS ELLIMAN INC,0,-17865,0,-51.18K,CLOSE,0%
23130Q107,CURI,CURIOSITYSTREAM INC,0,-10018,0,-53.15K,CLOSE,0%
745848101,LUNG,PULMONX CORP,0,-32876,0,-53.42K,CLOSE,0%
45569U101,INDI,INDIE SEMICONDUCTOR INC CLASS A,0,-13182,0,-53.65K,CLOSE,0%
02451V309,ABAT,AMERICAN BATTERY TECHNOLOGY,0,-11338,0,-55.05K,CLOSE,0%
206787103,CNDT,CONDUENT INC,0,-19655,0,-55.13K,CLOSE,0%
92840H400,VTGN,VISTAGEN THERAPEUTICS INC,0,-15752,0,-55.76K,CLOSE,0%
05329W102,AN,AUTONATION INC,11018,-283,2.27M,-58.43K,-2.5%,0.02%
67090S108,NCDL,NUVEEN CHURCHILL DIRECT LEND,25370,-4387,338.44K,-58.52K,-14.7%,<.01%
G1117K114,BIOX,BIOCERES CROP SOLUTIONS CORP,0,-42196,0,-59.07K,CLOSE,0%
34988V106,FOSL,FOSSIL GROUP INC,0,-23094,0,-59.24K,CLOSE,0%
18270D106,CMTG,CLAROS MTG TR INC,30182,-19579,92.36K,-59.91K,-39.3%,<.01%
12430A300,BZFD,BUZZFEED INC,0,-36518,0,-62.08K,CLOSE,0%
G46440114,HUHU,HUHUTECH INTL GROUP INC,0,-12456,0,-63.9K,CLOSE,0%
14147L108,CRDF,CARDIFF ONCOLOGY INC,0,-31493,0,-64.72K,CLOSE,0%
83086J200,SKYE,SKYE BIOSCIENCE INC,0,-16408,0,-64.81K,CLOSE,0%
35909R108,ULCC,FRONTIER GROUP HLDGS INC,0,-15298,0,-67.46K,CLOSE,0%
85237B101,TRON,TRON INC,94964,-55157,117.75K,-68.39K,-36.7%,<.01%
157085101,CERS,CERUS CORP,0,-43128,0,-69K,CLOSE,0%
G9161K112,MF,U-BX TECHNOLOGY LTD,95500,-34872,189.09K,-69.05K,-26.7%,<.01%
49907V201,KSCP,KNIGHTSCOPE INC,0,-12087,0,-69.86K,CLOSE,0%
594960304,MVIS,MICROVISION INC DEL,0,-56173,0,-69.94K,CLOSE,0%
137404109,CADL,CANDEL THERAPEUTICS INC,0,-13831,0,-70.54K,CLOSE,0%
74275G107,PRTH,PRIORITY TECHNOLOGY HLDGS IN,0,-10247,0,-70.6K,CLOSE,0%
77313F106,RCKT,ROCKET PHARMACEUTICALS INC,65376,-20137,229.47K,-70.68K,-23.5%,<.01%
45675Y104,III,INFORMATION SVCS GROUP INC,0,-12318,0,-71.01K,CLOSE,0%
81761L102,SVC,SERVICE PPTYS TR,0,-26280,0,-71.74K,CLOSE,0%
M53637100,QTEX,INSPIRA TECHNOLOGIES OXY BHN,0,-57091,0,-71.94K,CLOSE,0%
00175J107,POWW,OUTDOOR HOLDING CO,0,-49511,0,-73.77K,CLOSE,0%
46604H204,IZEA,IZEA WORLDWIDE INC,0,-20161,0,-74.8K,CLOSE,0%
750102105,RXT,RACKSPACE TECHNOLOGY INC,0,-53929,0,-76.31K,CLOSE,0%
B5950S113,MDXH,MDXHEALTH SA,0,-16749,0,-77.72K,CLOSE,0%
31189P102,FATE,FATE THERAPEUTICS INC,298082,-79275,292.89K,-77.9K,-21%,<.01%
87990A106,TNYA,TENAYA THERAPEUTICS INC,0,-49024,0,-80.15K,CLOSE,0%
G3040B104,ENGS,ENERGYS GROUP LTD,0,-12674,0,-80.23K,CLOSE,0%
20460L104,SPWR,COMPLETE SOLARIA INC,0,-45424,0,-80.4K,CLOSE,0%
G88912103,TLSA,TIZIANA LIFE SCIENCES LTD,0,-37405,0,-80.8K,CLOSE,0%
294375209,EPSN,EPSILON ENERGY LTD,0,-16074,0,-81.17K,CLOSE,0%
230031106,CGEM,CULLINAN THERAPEUTICS INC,0,-13942,0,-82.68K,CLOSE,0%
266042407,DUOT,DUOS TECHNOLOGIES GROUP INC,0,-11197,0,-82.86K,CLOSE,0%
669549107,NWFL,NORWOOD FINANCIAL CORP,8512,-2967,238.76K,-83.22K,-25.8%,<.01%
46489V302,CATX,PERSPECTIVE THERAPEUTICS INC,0,-24221,0,-83.68K,CLOSE,0%
903899102,ULBI,ULTRALIFE CORP,0,-12458,0,-84.09K,CLOSE,0%
33833Q106,FPH,FIVE POINT HOLDINGS LLC,0,-14156,0,-86.92K,CLOSE,0%
38741L107,GPMT,GRANITE PT MTG TR INC,0,-29138,0,-87.56K,CLOSE,0%
26142Q304,DPRO,DRAGANFLY INC.,0,-10812,0,-88.01K,CLOSE,0%
682143102,OMER,OMEROS CORP,0,-21533,0,-88.18K,CLOSE,0%
74319N100,ACDC,PROFRAC HLDG CORP CLASS A,0,-23844,0,-88.22K,CLOSE,0%
528877103,LX,LEXINFINTECH HLDGS LTD,158681,-27073,518.89K,-88.53K,-14.6%,<.01%
50186V102,LPL,LG DISPLAY CO LTD,19889,-21531,83.73K,-90.65K,-52%,<.01%
447324104,HURC,HURCO CO,11055,-6167,170.8K,-95.28K,-35.8%,<.01%
68629Y103,ONL,ORION PROPERTIES INC,0,-35400,0,-95.4K,CLOSE,0%
78349D107,RXST,RXSIGHT INC,0,-10631,0,-95.57K,CLOSE,0%
55262C100,MBI,MBIA INC,0,-12991,0,-96.72K,CLOSE,0%
69002R103,TEAD,TEADS HLDG CO,0,-59362,0,-97.95K,CLOSE,0%
34965K107,FTRE,FORTREA HLDGS INC,0,-11897,0,-100.17K,CLOSE,0%
01438T106,ALDX,ALDEYRA THERAPEUTICS INC,0,-19275,0,-100.52K,CLOSE,0%
00971T101,AKAM,AKAMAI TECHNOLOGIES INC,23096,-1162,2.02M,-101.38K,-4.8%,0.02%
G29201103,ECX,ECARX HOLDINGS INC CLASS A,0,-50598,0,-101.45K,CLOSE,0%
00258Y104,ABX,ABACUS GLOBAL MGMT INC,0,-17728,0,-101.76K,CLOSE,0%
89854M101,TCRX,TSCAN THERAPEUTICS INC,0,-56666,0,-103.42K,CLOSE,0%
45685K102,INFU,INFUSYSTEM HLDGS INC,0,-10063,0,-104.15K,CLOSE,0%
88162F105,TTI,TETRA TECHNOLOGIES INC DEL,0,-18623,0,-107.17K,CLOSE,0%
374163103,GERN,GERON CORP,178497,-83368,235.62K,-110.05K,-31.8%,<.01%
68902V107,OTIS,OTIS WORLDWIDE CORP,13450,-1260,1.17M,-110.06K,-8.6%,0.01%
126327105,LAW,CS DISCO INC,0,-17231,0,-111.66K,CLOSE,0%
22407B108,COYA,COYA THERAPEUTICS INC,0,-19894,0,-113.79K,CLOSE,0%
37940X102,GPN,GLOBAL PMTS INC,19108,-1503,1.48M,-116.33K,-7.3%,0.02%
563571405,MTW,MANITOWOC CO INC,0,-11653,0,-116.76K,CLOSE,0%
G9001E128,LILAK,LIBERTY LATIN AMERICA LTD,0,-13982,0,-118.15K,CLOSE,0%
50127T109,KURA,KURA ONCOLOGY INC,0,-13331,0,-118.25K,CLOSE,0%
36352H100,GAU,GALIANO GOLD INC,1343391,-46743,3.41M,-118.79K,-3.4%,0.03%
112463104,BKD,BROOKDALE SR LIVING INC,0,-14073,0,-119.48K,CLOSE,0%
559166103,MGIC,MAGIC SOFTWARE ENTERPRISES L,22772,-4724,586.38K,-121.64K,-17.2%,<.01%
902685106,UDMY,UDEMY INC,0,-17375,0,-121.97K,CLOSE,0%
G9451V109,VINP,VINCI COMPASS INVESTMENTS LT,0,-11393,0,-122.25K,CLOSE,0%
90114C107,TUYA,TUYA INC,27706,-58684,58.46K,-123.82K,-67.9%,<.01%
30068X103,XGN,EXAGEN INC,0,-11414,0,-124.75K,CLOSE,0%
456237106,ILPT,INDUSTRIAL LOGISTICS PPTYS T,0,-21751,0,-126.92K,CLOSE,0%
00851L103,API,AGORA INC,0,-35215,0,-134.7K,CLOSE,0%
485859201,KPLT,KATAPULT HOLDINGS INC,0,-11134,0,-136.28K,CLOSE,0%
M8216R109,RSKD,RISKIFIED LTD,0,-29180,0,-136.56K,CLOSE,0%
92971A109,MAPS,WM TECHNOLOGY INC,0,-120135,0,-139.36K,CLOSE,0%
98422E103,XERS,XERIS BIOPHARMA HOLDINGS INC,0,-17289,0,-140.82K,CLOSE,0%
670002401,NVAX,NOVAVAX INC,20226,-20962,135.92K,-140.86K,-50.9%,<.01%
68236X100,STLN,THE ONCOLOGY INSTITUTE INC,0,-40273,0,-141.16K,CLOSE,0%
798241105,SJT,SAN JUAN BASIN RTY TR,0,-23554,0,-142.62K,CLOSE,0%
25460G179,ERY,DIREXION SHS ETF TR,16075,-7213,319.73K,-143.47K,-31%,<.01%
09354A100,BLNK,BLINK CHARGING CO,0,-89110,0,-146.14K,CLOSE,0%
682310875,ONCY,ONCOLYTICS BIOTECH INC,0,-106076,0,-146.38K,CLOSE,0%
346563109,FORR,FORRESTER RESH INC,0,-13803,0,-146.45K,CLOSE,0%
92337C203,VSTM,VERASTEM INC,0,-16659,0,-146.93K,CLOSE,0%
43538H103,HLLY,HOLLEY INC,21420,-35780,88.47K,-147.77K,-62.6%,<.01%
904311107,UAA,UNDER ARMOUR INC,33476,-29853,166.38K,-148.37K,-47.1%,<.01%
858568108,SCM,STELLUS CAP INVT CORP,0,-11383,0,-148.66K,CLOSE,0%
81758H106,SERV,SERVE ROBOTICS INC,0,-12847,0,-149.41K,CLOSE,0%
06759L103,BBDC,BARINGS BDC INC,0,-17584,0,-154.12K,CLOSE,0%
Y81669106,GASS,STEALTHGAS INC,14915,-21976,104.7K,-154.27K,-59.6%,<.01%
877619106,TSHA,TAYSHA GENE THERAPIES INC,0,-47328,0,-154.29K,CLOSE,0%
L02235106,AMBP,ARDAGH METAL PACKAGING S A,0,-38818,0,-154.69K,CLOSE,0%
03237H101,AMLX,AMYLYX PHARMACEUTICALS INC,15465,-12821,186.82K,-154.88K,-45.3%,<.01%
853606101,SLI,STANDARD LITHIUM LTD,0,-45787,0,-155.45K,CLOSE,0%
45826T509,ITRG,INTEGRA RES CORP,13040,-39185,52.29K,-157.13K,-75%,<.01%
53934A206,LXEH,LIXIANG ED HLDG CO LTD,0,-50338,0,-157.31K,CLOSE,0%
00857U107,AGL,AGILON HEALTH INC,0,-153887,0,-157.73K,CLOSE,0%
71601V105,WOOF,PETCO HEALTH & WELLNESS CO I,0,-42407,0,-163.69K,CLOSE,0%
492327101,KROS,KEROS THERAPEUTICS INC,0,-10362,0,-163.93K,CLOSE,0%
80401C100,SATL,SATELLOGIC INC,0,-49973,0,-164.16K,CLOSE,0%
29270J100,ERII,ENERGY RECOVERY INC,0,-10747,0,-165.61K,CLOSE,0%
45254E107,IMRX,IMMUNEERING CORP CLASS A,0,-23785,0,-165.9K,CLOSE,0%
92828Q109,VRTS,VIRTUS INVT PARTNERS INC,7499,-1040,1.22M,-169.68K,-12.2%,0.01%
15961R303,CHPT,CHARGEPOINT HOLDINGS INC,0,-15620,0,-170.73K,CLOSE,0%
16934Q802,CIM,CHIMERA INVT CORP,0,-13073,0,-172.69K,CLOSE,0%
758075402,RWT,REDWOOD TRUST INC,0,-30539,0,-176.97K,CLOSE,0%
36472T109,TDAY,GANNETT CO INC,0,-42963,0,-177.22K,CLOSE,0%
13462K109,CWH,CAMPING WORLD HLDGS INC,0,-11248,0,-177.72K,CLOSE,0%
39813G109,GDYN,GRID DYNAMICS HLDGS INC,0,-23472,0,-180.85K,CLOSE,0%
03762U105,ARI,APOLLO COML REAL EST FIN INC,0,-17920,0,-181.53K,CLOSE,0%
G7486B106,RITR,REITAR LOGTECH HLDGS LTD,0,-26199,0,-184.44K,CLOSE,0%
G6564A105,NOMD,NOMAD FOODS LTD,37368,-14769,467.47K,-184.76K,-28.3%,<.01%
805111101,SVRA,SAVARA INC,0,-52039,0,-185.26K,CLOSE,0%
25434V302,DFAE,DIMENSIONAL ETF TRUST,6955,-5700,226.52K,-185.65K,-45%,<.01%
75689M101,RRGB,RED ROBIN GOURMET BURGERS IN,0,-27069,0,-185.69K,CLOSE,0%
L01800108,ALVO,ALVOTECH,0,-22729,0,-185.92K,CLOSE,0%
92922P106,WTI,W & T OFFSHORE INC,0,-102809,0,-186.6K,CLOSE,0%
64082B102,NRDS,NERDWALLET INC,0,-17343,0,-186.78K,CLOSE,0%
86887Q109,NSLR,SURO CAPITAL CORP,0,-20833,0,-187.91K,CLOSE,0%
929566107,WNC,WABASH NATL CORP,0,-19089,0,-188.31K,CLOSE,0%
20454B104,CMPX,COMPASS THERAPEUTICS INC,12293,-35134,66.01K,-188.67K,-74.1%,<.01%
876511106,TGB,TASEKO MINES LTD,0,-44972,0,-190.41K,CLOSE,0%
96208T104,WEX,WEX INC,1524,-1285,227.05K,-191.44K,-45.7%,<.01%
97651M109,WIT,WIPRO LTD,0,-74373,0,-194.86K,CLOSE,0%
78397Q109,SES,SES AI CORPORATION,443742,-109783,798.74K,-197.61K,-19.8%,<.01%
376536108,GOOD,GLADSTONE COMMERCIAL CORP,0,-16150,0,-198.81K,CLOSE,0%
009496100,AIRS,AIRSCULPT TECHNOLOGIES INC,0,-24817,0,-199.53K,CLOSE,0%
12135Y108,BHRB,BURKE HERBERT FINL SVCS CORP,0,-3251,0,-200.52K,CLOSE,0%
000868109,ACNB,ACNB CORP,0,-4531,0,-200.72K,CLOSE,0%
10240L102,BOW,BOWHEAD SPECIALTY HLDGS INC,0,-7456,0,-201.69K,CLOSE,0%
651718504,NPKI,NPK INTERNATIONAL INC,0,-18289,0,-206.48K,CLOSE,0%
G4766E116,INDV,INDIVIOR PLC,0,-8600,0,-207.35K,CLOSE,0%
38341P102,GOSS,GOSSAMER BIO INC,0,-79709,0,-209.24K,CLOSE,0%
877163105,TAYD,TAYLOR DEVICES INC,0,-4342,0,-209.46K,CLOSE,0%
604749101,MIRM,MIRUM PHARMACEUTICALS INC,0,-2872,0,-210.55K,CLOSE,0%
464288851,IEO,ISHARES TR,0,-2276,0,-210.87K,CLOSE,0%
10501L106,BWAY,BRAINSWAY LTD,14987,-11161,285.05K,-212.28K,-42.7%,<.01%
34986A104,FWRD,FORWARD AIR CORP,17013,-8537,425.32K,-213.43K,-33.4%,<.01%
12466Q104,CFFI,C & F FINL CORP,0,-3179,0,-213.82K,CLOSE,0%
502175102,LTC,LTC PPTYS INC,9184,-6247,315.75K,-214.77K,-40.5%,<.01%
843380106,SMBC,SOUTHERN MO BANCORP INC,0,-4094,0,-215.22K,CLOSE,0%
633707104,NBHC,NATIONAL BK HLDGS CORP,0,-5573,0,-215.45K,CLOSE,0%
44891N208,PPLI,IAC INC,0,-6324,0,-215.59K,CLOSE,0%
Y27183600,GSL,GLOBAL SHIP LEASE INC NEW,0,-7065,0,-216.79K,CLOSE,0%
22266M104,COUR,COURSERA INC,0,-18529,0,-216.97K,CLOSE,0%
799566104,SANA,SANA BIOTECHNOLOGY INC,0,-61232,0,-217.37K,CLOSE,0%
06417N103,OZK,BANK OZK LITTLE ROCK ARK,0,-4269,0,-217.46K,CLOSE,0%
75629V104,RXRX,RECURSION PHARMACEUTICALS IN,142667,-53235,583.51K,-217.73K,-27.2%,<.01%
19623P101,CBAN,COLONY BANKCORP INC,0,-12812,0,-217.8K,CLOSE,0%
05356F105,AVAH,AVEANNA HEALTHCARE HLDGS INC,0,-24592,0,-218.38K,CLOSE,0%
942622200,WSO,WATSCO INC,0,-540,0,-218.54K,CLOSE,0%
901476101,TWIN,TWIN DISC INC,0,-15871,0,-219.18K,CLOSE,0%
22717L101,CRON,CRONOS GROUP INC,0,-78616,0,-219.34K,CLOSE,0%
461804106,ITIC,INVESTORS TITLE CO NC,933,-891,232.91K,-222.43K,-48.8%,<.01%
205750409,LODE,COMSTOCK INC,39151,-59446,147.21K,-223.52K,-60.3%,<.01%
832696405,SJM,SMUCKER J M CO,0,-2066,0,-224.35K,CLOSE,0%
47089W104,AIFC,ALT5 SIGMA CORP,15786,-207081,17.36K,-227.79K,-92.9%,<.01%
449172105,HY,HYSTER-YALE INC,0,-6167,0,-227.81K,CLOSE,0%
46266A109,IRMD,IRADIMED CORP,0,-3234,0,-230.49K,CLOSE,0%
500688106,KOS,KOSMOS ENERGY LTD,0,-139390,0,-230.69K,CLOSE,0%
140501107,CSWC,CAPITAL SOUTHWEST CORP,0,-10605,0,-231.51K,CLOSE,0%
92206C771,VMBS,VANGUARD SCOTTSDALE FDS,0,-4954,0,-232.66K,CLOSE,0%
174615104,CZFS,CITIZENS FINL SVCS INC,0,-3868,0,-234.32K,CLOSE,0%
928031103,VABK,VIRGINIA NATL BANKSHARES COR,0,-6050,0,-234.8K,CLOSE,0%
164024101,CHMG,CHEMUNG FINL CORP,0,-4453,0,-235.07K,CLOSE,0%
49457M106,NAKA,KINDLY MD INC,0,-218944,0,-235.37K,CLOSE,0%
78464A144,SPBO,SPDR SERIES TRUST,0,-7946,0,-235.48K,CLOSE,0%
26923N538,AIPI,ETF OPPORTUNITIES TRUST,0,-5624,0,-236.32K,CLOSE,0%
M81865111,RDCM,RADCOM LTD,0,-16354,0,-236.97K,CLOSE,0%
199333105,CMCO,COLUMBUS MCKINNON CORP N Y,0,-16586,0,-238.01K,CLOSE,0%
528872302,LXRX,LEXICON PHARMACEUTICALS INC,18414,-209795,21.18K,-241.26K,-91.9%,<.01%
69374H857,CALF,PACER FDS TR,0,-5509,0,-241.27K,CLOSE,0%
450056106,IRTC,IRHYTHM TECHNOLOGIES INC,0,-1406,0,-241.52K,CLOSE,0%
64110Y108,NLOP,NET LEASE OFFICE PROPERTIES,0,-8163,0,-242.03K,CLOSE,0%
86627T108,SMMT,SUMMIT THERAPEUTICS INC,0,-11721,0,-242.1K,CLOSE,0%
353469109,FC,FRANKLIN COVEY CO,0,-12523,0,-243.32K,CLOSE,0%
143905107,CSV,CARRIAGE SVCS INC,0,-5508,0,-245.27K,CLOSE,0%
B38564108,CMBT,CMB.TECH NV,0,-26300,0,-247.09K,CLOSE,0%
53566P109,LCTX,LINEAGE CELL THERAPEUTICS IN,30632,-148399,51.16K,-247.82K,-82.9%,<.01%
268948106,EGBN,EAGLE BANCORP INC MD,0,-12300,0,-248.58K,CLOSE,0%
911549103,UAMY,UNITED STATES ANTIMONY CORP,14204,-49924,71.3K,-250.62K,-77.9%,<.01%
68621T102,OBK,ORIGIN BANCORP INC,0,-7286,0,-251.66K,CLOSE,0%
591774104,MCB,METROPOLITAN BK HLDG CORP,6124,-3340,467.63K,-255.04K,-35.3%,<.01%
83545G102,SAH,SONIC AUTOMOTIVE INC,0,-3356,0,-255.06K,CLOSE,0%
G96115103,WYFI,WHITEFIBER INC,0,-9404,0,-255.41K,CLOSE,0%
580907103,MH,MCGRAW HILL INC,0,-20573,0,-258.19K,CLOSE,0%
73933G202,PSIX,POWER SOLUTIONS INTL INC,0,-2637,0,-259.32K,CLOSE,0%
374396406,GEVO,GEVO INC,0,-131654,0,-259.36K,CLOSE,0%
G3156P103,ASA,ASA GOLD AND PRECIOUS MTLS L,0,-5683,0,-260K,CLOSE,0%
N4732M103,JBS,JBS N.V.,0,-17487,0,-260.91K,CLOSE,0%
G4388N106,HELE,HELEN OF TROY LTD,0,-10389,0,-261.91K,CLOSE,0%
G2519Y108,BAP,CREDICORP LTD,6059,-917,1.74M,-263.18K,-13.1%,0.02%
53220K504,LGND,LIGAND PHARMACEUTICALS INC,0,-1487,0,-263.26K,CLOSE,0%
23204G100,CUBI,CUSTOMERS BANCORP INC,0,-4049,0,-264.48K,CLOSE,0%
42238D107,HTFL,HEARTFLOW INC,0,-7998,0,-268.49K,CLOSE,0%
711040105,PFIS,PEOPLES FINL SVCS CORP,0,-5546,0,-269.48K,CLOSE,0%
773903109,ROK,ROCKWELL AUTOMATION INC,0,-777,0,-271.49K,CLOSE,0%
69404D108,PACB,PACIFIC BIOSCIENCES CALIF IN,206410,-145945,385.99K,-272.92K,-41.4%,<.01%
20464U100,COMP,COMPASS INC,0,-34068,0,-273.4K,CLOSE,0%
811543107,SEB,SEABOARD CORP DEL,0,-75,0,-274.13K,CLOSE,0%
64440N103,NFGC,NEW FOUND GOLD CORP,43405,-92883,128.91K,-275.86K,-68.2%,<.01%
203668108,CYH,COMMUNITY HEALTH SYS INC NEW,0,-87251,0,-279.64K,CLOSE,0%
353514102,FELE,FRANKLIN ELEC INC,0,-2940,0,-279.98K,CLOSE,0%
09624H208,BXC,BLUELINX HLDGS INC,0,-3849,0,-281.09K,CLOSE,0%
33767U107,FSUN,FIRSTSUN CAP BANCORP,0,-7257,0,-281.86K,CLOSE,0%
75524B104,RBC,RBC BEARINGS INC,0,-740,0,-288.81K,CLOSE,0%
64135M105,NGNE,NEUROGENE INC,0,-16828,0,-291.97K,CLOSE,0%
521865204,LEA,LEAR CORP,0,-2912,0,-293.02K,CLOSE,0%
30063P105,EXAS,EXACT SCIENCES CORP,0,-5390,0,-294.89K,CLOSE,0%
808625107,SAIC,SCIENCE APPLICATIONS INTL CO,0,-2991,0,-297.22K,CLOSE,0%
30263Y104,FSBW,FS BANCORP INC,0,-7473,0,-298.55K,CLOSE,0%
023111404,AMRN,AMARIN CORP PLC,0,-18346,0,-300.32K,CLOSE,0%
946760105,CLMB,CLIMB GLOBAL SOLUTIONS INC,0,-2235,0,-301.37K,CLOSE,0%
87583X109,TNGX,TANGO THERAPEUTICS INC,0,-36189,0,-303.26K,CLOSE,0%
447462102,HURN,HURON CONSULTING GROUP INC,0,-2097,0,-307.84K,CLOSE,0%
133131102,CPT,CAMDEN PPTY TR,0,-2885,0,-307.97K,CLOSE,0%
457187102,INGR,INGREDION INC,0,-2522,0,-308.04K,CLOSE,0%
637215104,NPK,NATIONAL PRESTO INDS INC,0,-2762,0,-308.94K,CLOSE,0%
204409601,CIG,CIA ENERGETICA DE MINAS GERA SP,0,-147832,0,-309.71K,CLOSE,0%
46144X131,SARK,INVESTMENT MANAGERS SER TR I,0,-10868,0,-312.13K,CLOSE,0%
19243B102,CGTX,COGNITION THERAPEUTICS INC,29513,-233574,39.84K,-315.33K,-88.8%,<.01%
609027107,MCRI,MONARCH CASINO & RESORT INC,0,-3004,0,-318.33K,CLOSE,0%
45781V101,IIPR,INNOVATIVE INDL PPTYS INC,0,-5968,0,-319.5K,CLOSE,0%
46134L105,ISTR,INVESTAR HLDG CORP,0,-13838,0,-321.6K,CLOSE,0%
14174T107,CTRE,CARETRUST REIT INC,0,-9298,0,-322.36K,CLOSE,0%
499049104,KNX,KNIGHT-SWIFT TRANSN HLDGS IN,0,-8214,0,-324.54K,CLOSE,0%
00773J202,SYRE,SPYRE THERAPEUTICS INC,0,-19366,0,-324.77K,CLOSE,0%
875372203,TNDM,TANDEM DIABETES CARE INC,0,-26756,0,-325.08K,CLOSE,0%
718546104,PSX,PHILLIPS 66,10326,-2540,1.33M,-327.76K,-19.7%,0.01%
774515100,RCKY,ROCKY BRANDS INC,0,-10976,0,-328.84K,CLOSE,0%
58463J304,MPT,MEDICAL PPTYS TRUST INC,0,-65060,0,-329.85K,CLOSE,0%
493732101,KFRC,KFORCE INC,0,-11019,0,-330.68K,CLOSE,0%
29430C102,VSTS,VESTIS CORPORATION,0,-73605,0,-333.06K,CLOSE,0%
25460G328,DRIP,DIREXION SHS ETF TR,88144,-36854,796.82K,-333.16K,-29.5%,<.01%
155923105,CTRI,CENTURI HOLDINGS INC,27225,-13294,687.43K,-335.67K,-32.8%,<.01%
44862P208,HYMC,HYCROFT MINING HOLDING CORP,0,-54355,0,-337.55K,CLOSE,0%
383082104,GRC,GORMAN RUPP CO,0,-7280,0,-337.57K,CLOSE,0%
878972108,TECX,TECTONIC THERAPEUTIC INC,10014,-16258,208.89K,-339.14K,-61.9%,<.01%
770323103,RHI,ROBERT HALF INC.,18110,-12527,491.87K,-340.23K,-40.9%,<.01%
79546E104,SBH,SALLY BEAUTY HLDGS INC,0,-21014,0,-341.9K,CLOSE,0%
042735100,ARW,ARROW ELECTRS INC,0,-2836,0,-343.24K,CLOSE,0%
04342Y104,ASAN,ASANA INC,0,-25850,0,-345.23K,CLOSE,0%
46435G342,REM,ISHARES TR,14038,-15710,311.36K,-348.45K,-52.8%,<.01%
008492100,ADC,AGREE RLTY CORP,0,-4968,0,-353.03K,CLOSE,0%
M96088105,URGN,UROGEN PHARMA LTD,0,-17714,0,-353.75K,CLOSE,0%
26923N744,FEPI,ETF OPPORTUNITIES TRUST,42835,-7815,1.95M,-355.97K,-15.4%,0.02%
71722W107,PHAT,PHATHOM PHARMACEUTICALS INC,0,-30272,0,-356K,CLOSE,0%
464287242,LQD,ISHARES TR,0,-3233,0,-360.38K,CLOSE,0%
011642105,ALRM,ALARM COM HLDGS INC,0,-6815,0,-361.88K,CLOSE,0%
09739D100,BCC,BOISE CASCADE CO DEL,0,-4684,0,-361.98K,CLOSE,0%
422819102,HSII,HEIDRICK & STRUGGLES INTL IN,0,-7309,0,-363.62K,CLOSE,0%
87164F105,SNDX,SYNDAX PHARMACEUTICALS INC,14886,-17474,312.75K,-367.13K,-54%,<.01%
36315X101,LKFT,GALAPAGOS NV,15006,-11239,490.7K,-367.52K,-42.8%,<.01%
78440X887,SLG,SL GREEN RLTY CORP,0,-6153,0,-368.04K,CLOSE,0%
675746606,ONIT,ONITY GROUP INC,0,-9306,0,-373.26K,CLOSE,0%
393657101,GBX,GREENBRIER COS INC,0,-8092,0,-373.37K,CLOSE,0%
043436104,ABG,ASBURY AUTOMOTIVE GROUP INC,0,-1534,0,-374.88K,CLOSE,0%
70806A106,PFLT,PENNANTPARK FLOATING RATE CA,0,-43217,0,-383.77K,CLOSE,0%
42704L104,HRI,HERC HLDGS INC,0,-3315,0,-386.6K,CLOSE,0%
974637100,WGO,WINNEBAGO INDS INC,0,-11611,0,-388.04K,CLOSE,0%
959802109,WU,WESTERN UN CO,0,-48906,0,-390.27K,CLOSE,0%
89377M109,TMDX,TRANSMEDICS GROUP INC,0,-3499,0,-392.48K,CLOSE,0%
00182C103,ANIP,ANI PHARMACEUTICALS INC,0,-4320,0,-395.67K,CLOSE,0%
23284F105,CTMX,CYTOMX THERAPEUTICS INC,0,-125035,0,-398.86K,CLOSE,0%
83413U100,SLRC,SLR INVESTMENT CORP,0,-26127,0,-399.22K,CLOSE,0%
911163103,UNFI,UNITED NAT FOODS INC,0,-10658,0,-400.95K,CLOSE,0%
29605J106,ESAB,ESAB CORPORATION,0,-3589,0,-401.21K,CLOSE,0%
46138G508,BKLN,INVESCO EXCH TRADED FD TR,0,-19300,0,-403.85K,CLOSE,0%
M5R635108,INVZ,INNOVIZ TECHNOLOGIES LTD,0,-199530,0,-408.04K,CLOSE,0%
014752109,ALX,ALEXANDERS INC,5207,-1884,1.13M,-410.6K,-26.6%,0.01%
98936T208,ZENA,ZENATECH INC,0,-85869,0,-412.6K,CLOSE,0%
440407104,HBNC,HORIZON BANCORP INC,0,-25819,0,-414.14K,CLOSE,0%
67577C105,OCGN,OCUGEN INC,143929,-307653,194.3K,-415.33K,-68.1%,<.01%
714266103,PPTA,PERPETUA RESOURCES CORP,0,-20592,0,-416.78K,CLOSE,0%
447011107,HUN,HUNTSMAN CORP,0,-46444,0,-417.07K,CLOSE,0%
78468R549,XES,SPDR SERIES TRUST,0,-5798,0,-419.08K,CLOSE,0%
80517M109,SVV,SAVERS VALUE VLG INC,0,-31845,0,-421.95K,CLOSE,0%
939653101,ELME,ELME,0,-25059,0,-422.37K,CLOSE,0%
81369Y704,XLI,SELECT SECTOR SPDR TR,0,-2750,0,-424.16K,CLOSE,0%
90187B804,TWO,TWO HBRS INVT CORP,0,-42961,0,-424.45K,CLOSE,0%
45782C102,FFTY,INNOVATOR ETFS TRUST,0,-11411,0,-426.77K,CLOSE,0%
649445400,FLG,FLAGSTAR FINANCIAL INC,0,-37033,0,-428.1K,CLOSE,0%
00183L201,ANGI,ANGI INC,0,-26490,0,-430.73K,CLOSE,0%
P5626F128,IFS,INTERCORP FINL SVCS INC,0,-10703,0,-431.33K,CLOSE,0%
433323102,HIFS,HINGHAM INSTN SVGS MASS,0,-1644,0,-433.67K,CLOSE,0%
92937A102,WPP,WPP PLC NEW,0,-17398,0,-435.56K,CLOSE,0%
683797104,OPY,OPPENHEIMER HLDGS INC,0,-5940,0,-439.14K,CLOSE,0%
464287713,IYZ,ISHARES TR,0,-13630,0,-440.04K,CLOSE,0%
52634L108,LNSR,LENSAR INC,0,-35894,0,-443.29K,CLOSE,0%
59935V107,MIST,MILESTONE PHARMACEUTICALS IN,0,-223470,0,-448.06K,CLOSE,0%
22788C105,CRWD,CROWDSTRIKE HLDGS INC,0,-914,0,-448.25K,CLOSE,0%
17243V102,CNK,CINEMARK HLDGS INC,0,-16092,0,-450.9K,CLOSE,0%
74347R206,QLD,PROSHARES TR,0,-3303,0,-453.34K,CLOSE,0%
33829M101,FIVE,FIVE BELOW INC,0,-2940,0,-454.67K,CLOSE,0%
177835105,CHCO,CITY HLDG CO,0,-3676,0,-455.68K,CLOSE,0%
04335A105,ARVN,ARVINAS INC,0,-53499,0,-456.08K,CLOSE,0%
92189F817,VNM,VANECK ETF TRUST,251692,-23942,4.8M,-456.81K,-8.7%,0.05%
25459W458,SOXL,DIREXION,0,-13139,0,-457.89K,CLOSE,0%
045396207,ASMB,ASSEMBLY BIOSCIENCES INC,0,-17935,0,-459.14K,CLOSE,0%
67080N101,NUVB,NUVATION BIO INC,0,-124437,0,-459.8K,CLOSE,0%
030420103,AWK,AMERICAN WTR WKS CO INC NEW,0,-3332,0,-463.58K,CLOSE,0%
52603B107,TREE,LENDINGTREE INC NEW,0,-7164,0,-463.8K,CLOSE,0%
46429B267,GOVT,ISHARES TR,0,-20109,0,-464.82K,CLOSE,0%
00138L108,RERE,ATRENEW INC,40908,-87752,216.81K,-465.08K,-68.2%,<.01%
640491106,NEOG,NEOGEN CORP,13341,-66569,93.25K,-465.32K,-83.3%,<.01%
36467J108,GLPI,GAMING & LEISURE PPTYS INC,0,-9988,0,-465.44K,CLOSE,0%
05156V102,AUPH,AURINIA PHARMACEUTICALS INC,0,-42316,0,-467.59K,CLOSE,0%
464287192,IYT,ISHARES TR,0,-6533,0,-468.68K,CLOSE,0%
444097109,HPP,HUDSON PAC PPTYS INC,0,-170062,0,-471.92K,CLOSE,0%
38911N206,GRVY,GRAVITY CO LTD,0,-7433,0,-475.71K,CLOSE,0%
12047B105,BMBL,BUMBLE INC,0,-78720,0,-480.19K,CLOSE,0%
808524839,SCHZ,SCHWAB STRATEGIC TR,0,-21025,0,-493.35K,CLOSE,0%
192108504,CDE,COEUR MNG INC,0,-26451,0,-495.96K,CLOSE,0%
16119P108,CHTR,CHARTER COMMUNICATIONS INC N,0,-1819,0,-500.23K,CLOSE,0%
20451W101,CMPS,COMPASS PATHWAYS PLC,0,-87724,0,-501.78K,CLOSE,0%
78648T100,SAFT,SAFETY INS GROUP INC,0,-7098,0,-502.04K,CLOSE,0%
24665A103,DK,DELEK US HLDGS INC NEW,0,-15583,0,-502.47K,CLOSE,0%
48241A105,KB,KB FINL GROUP INC,6939,-5852,597.03K,-503.51K,-45.8%,<.01%
451051106,IBTA,IBOTTA INC CLASS A,0,-18171,0,-505.7K,CLOSE,0%
76118Y104,REZI,RESIDEO TECHNOLOGIES INC,0,-11945,0,-515.85K,CLOSE,0%
46140H403,DBO,INVESCO DB MULTI-SECTOR COMM,16931,-42296,206.56K,-516.01K,-71.4%,<.01%
517834107,LVS,LAS VEGAS SANDS CORP,0,-9602,0,-516.4K,CLOSE,0%
92189H300,EMLC,VANECK ETF TRUST,0,-20235,0,-516.4K,CLOSE,0%
22052L104,CTVA,CORTEVA INC,0,-7662,0,-518.1K,CLOSE,0%
30214U102,EXPO,EXPONENT INC,0,-7484,0,-520.14K,CLOSE,0%
44925C103,ICFI,ICF INTL INC,0,-5675,0,-526.64K,CLOSE,0%
514952100,LB,LANDBRIDGE COMPANY LLC,0,-9990,0,-533.02K,CLOSE,0%
74934Q108,RICK,RCI HOSPITALITY HLDGS INC,0,-17657,0,-538.18K,CLOSE,0%
46141D203,UUP,INVESCO DB US DLR INDEX TR,0,-19601,0,-539.13K,CLOSE,0%
025537101,AEP,AMERICAN ELEC PWR CO INC,0,-4824,0,-542.55K,CLOSE,0%
G79483106,LAES,SEALSQ CORP,14046,-143959,53.09K,-544.17K,-91.1%,<.01%
83012A109,TSLX,SIXTH STREET SPECIALTY LENDI,0,-23806,0,-544.21K,CLOSE,0%
913259107,UTL,UNITIL CORP,0,-11397,0,-545.86K,CLOSE,0%
252828108,DNTH,DIANTHUS THERAPEUTICS INC,0,-13939,0,-548.5K,CLOSE,0%
78464A797,KBE,SPDR SERIES TRUST,0,-9229,0,-548.62K,CLOSE,0%
25461A577,JDST,DIREXION,0,-129082,0,-555.7K,CLOSE,0%
N20944109,CNH,CNH INDL N V,65945,-61049,608.24K,-563.08K,-48.1%,<.01%
83356Q108,SY,SO YOUNG INTERNATIONAL INC,59524,-220277,152.38K,-563.91K,-78.7%,<.01%
45245E109,IMAX,IMAX CORP,0,-17234,0,-564.24K,CLOSE,0%
281020107,EIX,EDISON INTL,0,-10224,0,-565.28K,CLOSE,0%
55380K109,MPTI,M-TRON INDS INC,0,-10355,0,-572.63K,CLOSE,0%
74460D109,PSA,PUBLIC STORAGE OPER CO,0,-1996,0,-576.49K,CLOSE,0%
G0403H108,AON,AON PLC,0,-1628,0,-580.27K,CLOSE,0%
19240Q201,COGT,COGENT BIOSCIENCES INC,0,-40475,0,-580.82K,CLOSE,0%
87043Q108,SG,SWEETGREEN INC,0,-73882,0,-589.58K,CLOSE,0%
Y23592135,ESEA,EUROSEAS LTD,0,-9919,0,-591.27K,CLOSE,0%
874080104,TAL,TAL EDUCATION GROUP,0,-52979,0,-593.37K,CLOSE,0%
950915108,WRD,WERIDE INC,0,-59969,0,-593.69K,CLOSE,0%
535555106,LNN,LINDSAY CORP,0,-4221,0,-594.11K,CLOSE,0%
92919F103,VOXR,VOX ROYALTY CORP,0,-138415,0,-596.57K,CLOSE,0%
159864107,CRL,CHARLES RIV LABS INTL INC,6837,-3014,1.36M,-601.23K,-30.6%,0.01%
824596100,SHG,SHINHAN FINANCIAL GROUP CO L SPN,0,-12038,0,-606.23K,CLOSE,0%
69380Q107,PACS,PACS GROUP INC,0,-44173,0,-606.5K,CLOSE,0%
48268K101,KT,KT CORP,0,-31167,0,-607.29K,CLOSE,0%
46428R107,GSG,ISHARES S&P GSCI,0,-26633,0,-611.36K,CLOSE,0%
533900106,LECO,LINCOLN ELEC HLDGS INC,0,-2623,0,-618.48K,CLOSE,0%
25264R207,DHIL,DIAMOND HILL INVT GROUP INC,0,-4437,0,-621.85K,CLOSE,0%
040919102,ARKB,ARK 21SHARES BITCOIN ETF,0,-16366,0,-622.24K,CLOSE,0%
05280R100,AUTL,AUTOLUS THERAPEUTICS PLC,42341,-314922,84.26K,-626.7K,-88.1%,<.01%
464287234,EEM,ISHARES TR,0,-11787,0,-629.01K,CLOSE,0%
92347M100,VERI,VERITONE INC,12342,-136188,57.39K,-633.27K,-91.7%,<.01%
30049H102,EVLV,EVOLV TECHNOLOGIES HLDNGS IN,0,-84056,0,-634.2K,CLOSE,0%
464288158,SUB,ISHARES TR,0,-5990,0,-639.46K,CLOSE,0%
872280102,CGBD,CARLYLE SECURED LENDING INC,0,-51610,0,-644.61K,CLOSE,0%
011311107,ALG,ALAMO GROUP INC,0,-3405,0,-649.44K,CLOSE,0%
12618T105,CRAI,CRA INTL INC,0,-3141,0,-655.31K,CLOSE,0%
784305104,HTO,H2O AMERICA,0,-13662,0,-665.61K,CLOSE,0%
63942X106,NVTS,NAVITAS SEMICONDUCTOR CORP,0,-92480,0,-668.17K,CLOSE,0%
76680V108,REI,RING ENERGY INC,0,-616493,0,-668.89K,CLOSE,0%
78709Y105,SAIA,SAIA INC,0,-2236,0,-669.97K,CLOSE,0%
37637K108,GTLB,GITLAB INC CLASS A,0,-14985,0,-675.22K,CLOSE,0%
46434G848,PICK,ISHARES INC,0,-15185,0,-676.04K,CLOSE,0%
71377E105,PHLT,PERFORMANT HEALTHCARE INC,0,-88715,0,-685.32K,CLOSE,0%
56418H100,MAN,MANPOWERGROUP INC WIS,0,-18100,0,-685.9K,CLOSE,0%
001084102,AGCO,AGCO CORP,0,-6435,0,-688.8K,CLOSE,0%
724479100,PBI,PITNEY BOWES INC,0,-60464,0,-690.2K,CLOSE,0%
53566V106,LINE,LINEAGE INC,0,-18337,0,-709.27K,CLOSE,0%
04247X102,AWI,ARMSTRONG WORLD INDS INC NEW,0,-3623,0,-710.33K,CLOSE,0%
78410G104,SBAC,SBA COMMUNICATIONS CORP NEW,1115,-3726,215.67K,-720.72K,-77%,<.01%
48581R205,KSPI,KASPI KZ JSC,0,-8964,0,-732.18K,CLOSE,0%
185899101,CLF,CLEVELAND-CLIFFS INC NEW,0,-62094,0,-757.86K,CLOSE,0%
445658107,JBHT,HUNT J B TRANS SVCS INC,0,-5714,0,-766.42K,CLOSE,0%
10948W103,AAMI,ACADIAN ASSET MANAGEMENT INC,0,-16012,0,-770.98K,CLOSE,0%
29415C101,EOSE,EOS ENERGY ENTERPRISES INC,0,-69260,0,-787.49K,CLOSE,0%
36165L108,GDS,GDS HLDGS LTD,0,-20453,0,-791.74K,CLOSE,0%
92707Y108,VFF,VILLAGE FARMS INTL INC,0,-256103,0,-801.6K,CLOSE,0%
879369106,TFX,TELEFLEX INCORPORATED,0,-6611,0,-808.66K,CLOSE,0%
740444104,PLPC,PREFORMED LINE PRODS CO,0,-4142,0,-810.96K,CLOSE,0%
302130109,EXPD,EXPEDITORS INTL WASH INC,0,-6649,0,-815.43K,CLOSE,0%
72201R833,MINT,PIMCO ETF TR,0,-8275,0,-833.25K,CLOSE,0%
76155X100,RVMD,REVOLUTION MEDICINES INC,0,-17874,0,-834.63K,CLOSE,0%
02209S103,MO,ALTRIA GROUP INC,0,-12761,0,-842.99K,CLOSE,0%
25461A494,TECS,DIREXION SHS ETF TR,61710,-49064,1.07M,-848.32K,-44.3%,0.01%
91531W106,TIGR,UP FINTECH HLDG LTD,40493,-89707,387.11K,-857.6K,-68.9%,<.01%
08986R408,BHA,BIGLARI HLDGS INC,0,-560,0,-865.58K,CLOSE,0%
808524763,FNDA,SCHWAB STRATEGIC TR,0,-27883,0,-869.11K,CLOSE,0%
G5225N100,FMFC,KANDAL M VENTURE LTD,0,-60077,0,-884.93K,CLOSE,0%
G00894108,ARX,ACCELERANT HOLDINGS,16563,-54196,270.81K,-886.1K,-76.6%,<.01%
04965M106,ATAT,ATOUR LIFESTYLE HLDGS LTD,0,-23685,0,-890.08K,CLOSE,0%
25434V732,DFEM,DIMENSIONAL ETF TRUST,12214,-26991,404.04K,-892.86K,-68.8%,<.01%
33738R704,AIRR,FIRST TR EXCHANGE TRADED FD,0,-9237,0,-893.59K,CLOSE,0%
M7516K103,NVMI,NOVA LTD,0,-2824,0,-902.72K,CLOSE,0%
653656108,NICE,NICE LTD,8099,-8144,915.51K,-920.6K,-50.1%,<.01%
78435P105,SEZL,SEZZLE INC,0,-11603,0,-922.9K,CLOSE,0%
92243G108,PCVX,VAXCYTE INC,0,-25807,0,-929.57K,CLOSE,0%
464288687,PFF,ISHARES TR,45037,-30360,1.39M,-939.95K,-40.3%,0.01%
21871X109,CRBG,COREBRIDGE FINL INC,0,-29880,0,-957.8K,CLOSE,0%
48020Q107,JLL,JONES LANG LASALLE INC,0,-3233,0,-963.47K,CLOSE,0%
26856L103,ELF,E L F BEAUTY INC,0,-7316,0,-969.66K,CLOSE,0%
69121K104,OBDC,BLUE OWL CAPITAL CORPORATION,0,-76086,0,-970.48K,CLOSE,0%
902673102,UFPT,UFP TECHNOLOGIES INC,0,-4885,0,-975.24K,CLOSE,0%
404251100,HNI,HNI CORP,0,-20899,0,-979.33K,CLOSE,0%
191098102,COKE,COCA COLA CONS INC,0,-8529,0,-999.51K,CLOSE,0%
15102K100,CELC,CELCUITY INC,0,-20265,0,-1M,CLOSE,0%
45866F104,ICE,INTERCONTINENTAL EXCHANGE IN,1761,-6270,285.21K,-1.02M,-78.1%,<.01%
69888T207,PARR,PAR PAC HOLDINGS INC,0,-28793,0,-1.02M,CLOSE,0%
969904101,WSM,WILLIAMS SONOMA INC,0,-5323,0,-1.04M,CLOSE,0%
00751Y106,AAP,ADVANCE AUTO PARTS INC,0,-17131,0,-1.05M,CLOSE,0%
63010H108,NNE,NANO NUCLEAR ENERGY INC,0,-27708,0,-1.07M,CLOSE,0%
21036P108,STZ,CONSTELLATION BRANDS INC,7707,-7776,1.06M,-1.07M,-50.2%,0.01%
Y4600W108,KARO,KAROOOOO LTD,0,-18871,0,-1.08M,CLOSE,0%
356390104,FRHC,FREEDOM HLDG CORP NEV,0,-6351,0,-1.09M,CLOSE,0%
00191U102,EFOR,ASGN INC,5615,-22718,270.48K,-1.09M,-80.2%,<.01%
58933Y105,MRK,MERCK & CO INC,0,-13128,0,-1.1M,CLOSE,0%
832248207,SFD,SMITHFIELD FOODS INC,0,-47236,0,-1.11M,CLOSE,0%
759351604,RGA,REINSURANCE GRP OF AMERICA I,4715,-5481,959.31K,-1.12M,-53.8%,<.01%
74347X831,TQQQ,PROSHARES TR,17538,-21265,924.6K,-1.12M,-54.8%,<.01%
92206C706,VGIT,VANGUARD SCOTTSDALE FDS,0,-18809,0,-1.13M,CLOSE,0%
35953D104,FUBO,FUBOTV INC,0,-272485,0,-1.13M,CLOSE,0%
46434G103,IEMG,ISHARES INC,0,-17245,0,-1.14M,CLOSE,0%
53656F383,SPRX,LISTED FDS TR,19559,-30004,753.01K,-1.16M,-60.5%,<.01%
91167Q100,BNO,UNITED STS BRENT OIL FD LP,0,-39190,0,-1.18M,CLOSE,0%
09174C104,BITB,BITWISE BITCOIN ETF TR,0,-19263,0,-1.2M,CLOSE,0%
46641Q225,BBCA,J P MORGAN EXCHANGE TRADED F,2692,-13048,250.36K,-1.21M,-82.9%,<.01%
003260106,PPLT,ABRDN PLATINUM ETF TRUST,0,-8601,0,-1.23M,CLOSE,0%
688239201,OSK,OSHKOSH CORP,0,-9483,0,-1.23M,CLOSE,0%
577933104,MMS,MAXIMUS INC,0,-13470,0,-1.23M,CLOSE,0%
31620M106,FIS,FIDELITY NATL INFORMATION SV,4527,-19299,300.86K,-1.28M,-81%,<.01%
04351P101,ASND,ASCENDIS PHARMA A/S,0,-6531,0,-1.3M,CLOSE,0%
403949100,DINO,HF SINCLAIR CORP,29708,-28534,1.37M,-1.31M,-49%,0.01%
69318G106,PBF,PBF ENERGY INC,0,-44427,0,-1.34M,CLOSE,0%
464287796,IYE,ISHARES TR,0,-28410,0,-1.35M,CLOSE,0%
654484609,NB,NIOCORP DEVS LTD,0,-203665,0,-1.36M,CLOSE,0%
G92Y4F100,UFG,UNI-FUELS HLDGS LTD,0,-165935,0,-1.38M,CLOSE,0%
92189F452,MORT,VANECK ETF TRUST,29817,-136252,313.38K,-1.43M,-82%,<.01%
29269R105,EFXT,ENERFLEX LTD,33797,-99712,521.49K,-1.54M,-74.7%,<.01%
52490G102,LEGN,LEGEND BIOTECH CORP,0,-47278,0,-1.54M,CLOSE,0%
46431W853,COMT,ISHARES U S ETF TR,0,-58059,0,-1.56M,CLOSE,0%
85472N109,STN,STANTEC INC,0,-14600,0,-1.57M,CLOSE,0%
55826T102,SPHR,SPHERE ENTERTAINMENT CO,0,-25653,0,-1.59M,CLOSE,0%
64125C109,NBIX,NEUROCRINE BIOSCIENCES INC,0,-11376,0,-1.6M,CLOSE,0%
G7486J109,VNTG,VANTAGE CORP,0,-220132,0,-1.6M,CLOSE,0%
64828T201,RITM,RITHM CAPITAL CORP,21090,-147547,229.88K,-1.61M,-87.5%,<.01%
74967X103,RH,RH,0,-8017,0,-1.63M,CLOSE,0%
254067101,DDS,DILLARDS INC,0,-2663,0,-1.63M,CLOSE,0%
679580100,ODFL,OLD DOMINION FREIGHT LINE IN,0,-11704,0,-1.65M,CLOSE,0%
09261X102,BXSL,BLACKSTONE SECD LENDING FD,0,-64250,0,-1.68M,CLOSE,0%
900111204,TKC,TURKCELL ILETISIM HIZMETLERI,108183,-309374,591.76K,-1.69M,-74.1%,<.01%
446413106,HII,HUNTINGTON INGALLS INDS INC,0,-5918,0,-1.7M,CLOSE,0%
912318409,UNG,UNITED STS NAT GAS FD LP,0,-132946,0,-1.74M,CLOSE,0%
500255104,KSS,KOHLS CORP,0,-114051,0,-1.75M,CLOSE,0%
66987E206,NG,NOVAGOLD RES INC,0,-200751,0,-1.78M,CLOSE,0%
125269100,CF,CF INDS HLDGS INC,11380,-23277,880.13K,-1.8M,-67.2%,<.01%
46090F100,PDBC,INVESCO ACTVELY MNGD ETC FD,0,-135965,0,-1.83M,CLOSE,0%
74347Y797,SCO,PROSHARES TR II,0,-105865,0,-1.84M,CLOSE,0%
45167R104,IEX,IDEX CORP,0,-11584,0,-1.89M,CLOSE,0%
98850P109,YUMC,YUM CHINA HLDGS INC,0,-43963,0,-1.89M,CLOSE,0%
46434V613,IUSB,ISHARES TR,0,-40440,0,-1.89M,CLOSE,0%
03214Q108,AMPX,AMPRIUS TECHNOLOGIES INC,0,-180197,0,-1.9M,CLOSE,0%
92206C409,VCSH,VANGUARD SCOTTSDALE FDS SHRT TRM CORP,0,-23896,0,-1.91M,CLOSE,0%
921937819,BIV,VANGUARD BD INDEX FDS,0,-24572,0,-1.92M,CLOSE,0%
981419104,WRLD,WORLD ACCEP CORPORATION,0,-11354,0,-1.93M,CLOSE,0%
60770K107,MRNA,MODERNA INC,78311,-67742,2.31M,-2M,-46.4%,0.02%
743315103,PGR,PROGRESSIVE CORP,1660,-8917,378.01K,-2.03M,-84.3%,<.01%
428050108,HSAI,HESAI GROUP,0,-72941,0,-2.05M,CLOSE,0%
74347X864,UPRO,PROSHARES TR ULTRPRO,0,-18674,0,-2.08M,CLOSE,0%
015658107,ASTL,ALGOMA STL GROUP INC,1018100,-511000,4.2M,-2.11M,-33.4%,0.04%
617700109,MORN,MORNINGSTAR INC,0,-9300,0,-2.16M,CLOSE,0%
87612G101,TRGP,TARGA RES CORP,0,-12960,0,-2.17M,CLOSE,0%
30290Y101,FSCO,FS CREDIT OPPORTUNITIES CORP,0,-316147,0,-2.18M,CLOSE,0%
74348A210,RWM,PROSHARES TR,0,-131243,0,-2.2M,CLOSE,0%
881624209,TEVA,TEVA PHARMACEUTICAL INDS LTD,0,-116643,0,-2.36M,CLOSE,0%
20337X109,VISN,COMMSCOPE HLDG CO INC,0,-152731,0,-2.36M,CLOSE,0%
666807102,NOC,NORTHROP GRUMMAN CORP,3463,-4217,1.97M,-2.4M,-54.9%,0.02%
00214Q104,ARKK,ARK ETF TR,422604,-31325,32.51M,-2.41M,-6.9%,0.33%
013872106,AA,ALCOA CORP,11696,-45772,621.52K,-2.43M,-79.6%,<.01%
219948106,CPAY,CORPAY INC,0,-8458,0,-2.44M,CLOSE,0%
03064D108,COLD,AMERICOLD REALTY TRUST INC,0,-199009,0,-2.44M,CLOSE,0%
26853E102,EH,EHANG HLDGS LTD,0,-132176,0,-2.46M,CLOSE,0%
46137V100,PPA,INVESCO EXCHANGE TRADED FD T,82136,-16001,12.86M,-2.51M,-16.3%,0.13%
536797103,LAD,LITHIA MTRS INC,716,-7573,237.95K,-2.52M,-91.4%,<.01%
256163106,DOCU,DOCUSIGN INC,0,-35069,0,-2.53M,CLOSE,0%
70450Y103,PYPL,PAYPAL HLDGS INC,97479,-44481,5.69M,-2.6M,-31.3%,0.06%
57636Q104,MA,MASTERCARD INCORPORATED,0,-4583,0,-2.61M,CLOSE,0%
053774105,CAR,AVIS BUDGET GROUP,4585,-20454,588.35K,-2.62M,-81.7%,<.01%
92204A207,VDC,VANGUARD WORLD FD,0,-12286,0,-2.63M,CLOSE,0%
922042858,VWO,VANGUARD INTL EQUITY INDEX F FTSE EMR MKT ETF,0,-49590,0,-2.69M,CLOSE,0%
55087P104,LYFT,LYFT INC,0,-125503,0,-2.76M,CLOSE,0%
099502106,BAH,BOOZ ALLEN HAMILTON HLDG COR,0,-28240,0,-2.82M,CLOSE,0%
172967424,C,CITIGROUP INC,0,-27954,0,-2.84M,CLOSE,0%
25460G500,GUSH,DIREXION,0,-116483,0,-2.86M,CLOSE,0%
654106103,NKE,NIKE INC,0,-42045,0,-2.93M,CLOSE,0%
101137107,BSX,BOSTON SCIENTIFIC CORP,0,-30127,0,-2.94M,CLOSE,0%
842587107,SO,SOUTHERN CO,0,-31125,0,-2.95M,CLOSE,0%
84858T772,EUAD,SPINNAKER ETF SERIES,217463,-70771,9.16M,-2.98M,-24.6%,0.09%
171757206,CDTX,CIDARA THERAPEUTICS INC,0,-31398,0,-3M,CLOSE,0%
33733E500,QCLN,FIRST TR,0,-72333,0,-3.03M,CLOSE,0%
72346Q104,PNFP,PINNACLE FINL PARTNERS INC,0,-32788,0,-3.07M,CLOSE,0%
398905109,GPI,GROUP 1 AUTOMOTIVE INC,2243,-7886,882.17K,-3.1M,-77.9%,<.01%
88033G407,THC,TENET HEALTHCARE CORP,0,-15713,0,-3.19M,CLOSE,0%
233912104,DJCO,DAILY JOURNAL CORP,0,-7055,0,-3.29M,CLOSE,0%
464287812,IYK,ISHARES TR,0,-48449,0,-3.31M,CLOSE,0%
464287465,EFA,ISHARES TR,25158,-35630,2.42M,-3.42M,-58.6%,0.02%
74347X823,UDOW,PROSHARES TR,0,-32251,0,-3.46M,CLOSE,0%
732908108,PONY,PONY AI INC,0,-153750,0,-3.46M,CLOSE,0%
82846H405,QXO,QXO INC,19363,-182471,373.51K,-3.52M,-90.4%,<.01%
46436F103,IAUM,ISHARES GOLD TR,0,-92477,0,-3.56M,CLOSE,0%
33734X127,FXN,FIRST TR EXCHANGE TRADED FD,0,-222036,0,-3.62M,CLOSE,0%
03076C106,AMP,AMERIPRISE FINL INC,10854,-7386,5.32M,-3.62M,-40.5%,0.05%
92206C870,VCIT,VANGUARD SCOTTSDALE FDS,0,-43395,0,-3.65M,CLOSE,0%
G9572D103,BULL,WEBULL CORP,23995,-472016,186.44K,-3.67M,-95.2%,<.01%
74347Y730,VIXY,PROSHARES TR II,0,-119876,0,-3.86M,CLOSE,0%
384637104,GHC,GRAHAM HLDGS CO,0,-3332,0,-3.93M,CLOSE,0%
45841N107,IBKR,INTERACTIVE BROKERS GROUP IN,0,-58847,0,-4.05M,CLOSE,0%
687793109,OSCR,OSCAR HEALTH INC,43185,-295677,620.57K,-4.25M,-87.3%,<.01%
46438F101,IBIT,ISHARES BITCOIN TRUST ETF,0,-65525,0,-4.26M,CLOSE,0%
29414B104,EPAM,EPAM SYS INC,0,-28275,0,-4.26M,CLOSE,0%
464288661,IEI,ISHARES TR,0,-35819,0,-4.28M,CLOSE,0%
55354G100,MSCI,MSCI INC,0,-7674,0,-4.36M,CLOSE,0%
M2682V108,CYBR,CYBERARK SOFTWARE LTD,0,-9039,0,-4.37M,CLOSE,0%
37960A529,SHLD,GLOBAL X FDS,330671,-68550,21.42M,-4.44M,-17.2%,0.22%
H2927K103,AMRZ,AMRIZE LTD,23072,-82595,1.25M,-4.47M,-78.2%,0.01%
98980G102,ZS,ZSCALER INC,0,-15161,0,-4.54M,CLOSE,0%
78464A870,XBI,SPDR SERIES TRUST,0,-45501,0,-4.56M,CLOSE,0%
74347G440,BITO,PROSHARES TR,0,-233612,0,-4.6M,CLOSE,0%
25460E661,DFEN,DIREXION,0,-66876,0,-4.61M,CLOSE,0%
053332102,AZO,AUTOZONE INC,0,-1093,0,-4.69M,CLOSE,0%
81369Y506,XLE,SELECT SECTOR SPDR TR,177506,-106938,7.94M,-4.78M,-37.6%,0.08%
12514G108,CDW,CDW CORP,0,-30307,0,-4.83M,CLOSE,0%
46429B606,EPOL,ISHARES TR,25576,-137833,900.02K,-4.85M,-84.3%,<.01%
H1467J104,CB,CHUBB LIMITED,23768,-15614,7.42M,-4.87M,-39.6%,0.08%
152006102,CGAU,CENTERRA GOLD INC,576121,-340716,8.3M,-4.91M,-37.2%,0.08%
46138E628,KBWB,INVESCO EXCH TRADED FD TR,0,-62942,0,-4.92M,CLOSE,0%
464286533,EEMV,ISHARES INC,0,-78874,0,-5.03M,CLOSE,0%
166764100,CVX,CHEVRON CORP NEW,60233,-33537,9.18M,-5.11M,-35.8%,0.09%
58506Q109,MEDP,MEDPACE HLDGS INC,0,-9986,0,-5.13M,CLOSE,0%
46429B598,INDA,ISHARES TR,148278,-95301,8.01M,-5.15M,-39.1%,0.08%
097023105,BA,BOEING CO,168677,-24259,36.62M,-5.27M,-12.6%,0.37%
46138B103,DBC,INVESCO DB,0,-239652,0,-5.4M,CLOSE,0%
457669307,INSM,INSMED INC,0,-37735,0,-5.43M,CLOSE,0%
22822V101,CCI,CROWN CASTLE INC,29114,-64751,2.59M,-5.75M,-69%,0.03%
G7997R103,STX,SEAGATE TECHNOLOGY HLDNGS PL,0,-24685,0,-5.83M,CLOSE,0%
33733E807,FCG,FIRST TR,0,-251539,0,-5.9M,CLOSE,0%
464287440,IEF,ISHARES TR,0,-61593,0,-5.94M,CLOSE,0%
31946M103,FCNCA,FIRST CTZNS BANCSHARES INC D,0,-3433,0,-6.15M,CLOSE,0%
68236H204,ONDS,ONDAS HLDGS INC,434014,-630688,4.24M,-6.16M,-59.2%,0.04%
921937835,BND,VANGUARD BD INDEX FDS,0,-84168,0,-6.26M,CLOSE,0%
91232N207,USO,UNITED STS OIL FD LP,21729,-93897,1.5M,-6.49M,-81.2%,0.02%
595017104,MCHP,MICROCHIP TECHNOLOGY INC.,0,-102997,0,-6.61M,CLOSE,0%
644535106,NGD,NEW GOLD INC CDA,0,-933710,0,-6.7M,CLOSE,0%
G4124C109,GRAB,GRAB HOLDINGS LIMITED,307912,-1356836,1.54M,-6.77M,-81.5%,0.02%
46222L108,IONQ,IONQ INC,570797,-151610,25.61M,-6.8M,-21%,0.26%
94419L101,W,WAYFAIR INC,0,-78056,0,-6.97M,CLOSE,0%
244199105,DE,DEERE & CO,0,-15296,0,-6.99M,CLOSE,0%
46641Q332,JEPI,J P MORGAN EXCHANGE TRADED F EQUITY PREMIUM,0,-126398,0,-7.22M,CLOSE,0%
256677105,DG,DOLLAR GEN CORP NEW,0,-71229,0,-7.36M,CLOSE,0%
852066208,SII,SPROTT INC,16000,-75300,1.57M,-7.39M,-82.5%,0.02%
00214Q708,ARKF,ARK ETF TR,0,-132499,0,-7.54M,CLOSE,0%
N82405106,STLA,STELLANTIS N.V,14225570,-719994,157.99M,-8M,-4.8%,1.6%
922042718,VSS,VANGUARD INTL EQUITY INDEX F,8124,-59740,1.16M,-8.56M,-88%,0.01%
76954A103,RIVN,RIVIAN AUTOMOTIVE INC,250224,-436197,4.93M,-8.6M,-63.5%,0.05%
81369Y100,XLB,SELECT SECTOR SPDR TR,0,-193494,0,-8.67M,CLOSE,0%
219350105,GLW,CORNING INC,12285,-99668,1.08M,-8.73M,-89%,0.01%
01921D204,AAUC,ALLIED GOLD CORP,217751,-383746,4.99M,-8.8M,-63.8%,0.05%
49177J102,KVUE,KENVUE INC,0,-547686,0,-8.89M,CLOSE,0%
83671M105,SOBO,SOUTH BOW CORP,141500,-325500,3.9M,-8.96M,-69.7%,0.04%
07317Q105,BTE,BAYTEX ENERGY CORP,56403,-2798797,182.18K,-9.04M,-98%,<.01%
12532H104,GIB,CGI INC,0,-102500,0,-9.13M,CLOSE,0%
24703L202,DELL,DELL TECHNOLOGIES INC,4348,-72617,547.33K,-9.14M,-94.4%,<.01%
518439104,EL,LAUDER ESTEE COS INC,19623,-87674,2.05M,-9.18M,-81.7%,0.02%
464287226,AGG,ISHARES TR,0,-93291,0,-9.35M,CLOSE,0%
78464A698,KRE,SPDR SERIES TRUST,55057,-145319,3.57M,-9.42M,-72.5%,0.04%
92189F411,BIZD,VANECK ETF TRUST,391097,-670206,5.55M,-9.5M,-63.1%,0.06%
316092402,FENY,FIDELITY COVINGTON TRUST,0,-387630,0,-9.59M,CLOSE,0%
56585A102,MPC,MARATHON PETE CORP,0,-50747,0,-9.78M,CLOSE,0%
47215P106,JD,JD.COM INC,0,-282479,0,-9.88M,CLOSE,0%
366651107,IT,GARTNER INC,8323,-39775,2.1M,-10.03M,-82.7%,0.02%
464288794,IAI,ISHARES TR,0,-56881,0,-10.05M,CLOSE,0%
922475108,VEEV,VEEVA SYS INC,0,-36446,0,-10.86M,CLOSE,0%
46120E602,ISRG,INTUITIVE SURGICAL INC,15182,-19503,8.6M,-11.05M,-56.2%,0.09%
438516106,HON,HONEYWELL INTL INC,0,-53089,0,-11.18M,CLOSE,0%
747525103,QCOM,QUALCOMM INC,0,-70664,0,-11.76M,CLOSE,0%
718172109,PM,PHILIP MORRIS INTL INC,0,-73912,0,-11.99M,CLOSE,0%
233051879,ASHR,DBX ETF TR,81202,-370586,2.67M,-12.17M,-82%,0.03%
67077M108,NTR,NUTRIEN LTD,41625,-199084,2.57M,-12.3M,-82.7%,0.03%
36118L106,FUTU,FUTU HLDGS LTD,133495,-77912,21.92M,-12.79M,-36.9%,0.22%
25459W862,SPXL,DIREXION,0,-61207,0,-12.96M,CLOSE,0%
00326A104,SGOL,ETFS GOLD TR,7360,-326881,302.35K,-13.43M,-97.8%,<.01%
14040H105,COF,CAPITAL ONE FINL CORP,9140,-55630,2.22M,-13.48M,-85.9%,0.02%
35671D857,FCX,FREEPORT-MCMORAN INC,285456,-269082,14.5M,-13.67M,-48.5%,0.15%
464285204,IAU,ISHARES GOLD TR,0,-188104,0,-13.69M,CLOSE,0%
77543R102,ROKU,ROKU INC,8117,-126384,880.61K,-13.71M,-94%,<.01%
26922A420,QTUM,ETF SER SOLUTIONS,94628,-127820,10.38M,-14.02M,-57.5%,0.11%
958102105,WDC,WESTERN DIGITAL CORP,0,-121308,0,-14.56M,CLOSE,0%
91913Y100,VLO,VALERO ENERGY CORP,0,-85829,0,-14.61M,CLOSE,0%
16411R208,LNG,CHENIERE ENERGY INC,0,-62410,0,-14.66M,CLOSE,0%
254687106,DIS,DISNEY WALT CO,0,-129327,0,-14.8M,CLOSE,0%
697435105,PANW,PALO ALTO NETWORKS INC,0,-72859,0,-14.83M,CLOSE,0%
249906108,DSGX,DESCARTES SYS GROUP INC,0,-165700,0,-15.6M,CLOSE,0%
92204A306,VDE,VANGUARD WORLD FD,0,-126011,0,-15.86M,CLOSE,0%
911312106,UPS,UNITED PARCEL SERVICE INC,158559,-161602,15.73M,-16.03M,-50.5%,0.16%
003264108,SIVR,ABRDN SILVER ETF TRUST,18889,-241722,1.28M,-16.35M,-92.8%,0.01%
74347W601,UGL,PROSHARES TR II,0,-356000,0,-16.39M,CLOSE,0%
60937P106,MDB,MONGODB INC,0,-53110,0,-16.49M,CLOSE,0%
126408103,CSX,CSX CORP,0,-468978,0,-16.64M,CLOSE,0%
98138H101,WDAY,WORKDAY INC,27025,-78485,5.8M,-16.86M,-74.4%,0.06%
064149107,BNS,BANK NOVA SCOTIA HALIFAX,0,-282000,0,-18.23M,CLOSE,0%
872590104,TMUS,T-MOBILE US INC,4847,-91294,984.13K,-18.54M,-95%,0.01%
N3167Y103,RACE,FERRARI N V,105693,-49659,39.56M,-18.59M,-32%,0.4%
110122108,BMY,BRISTOL-MYERS SQUIBB CO,181709,-350727,9.8M,-18.92M,-65.9%,0.1%
90384S303,ULTA,ULTA BEAUTY INC,0,-35238,0,-19.27M,CLOSE,0%
478160104,JNJ,JOHNSON & JOHNSON,0,-105744,0,-19.6M,CLOSE,0%
136069101,CM,CANADIAN IMPERIAL BANK OF CO,0,-251500,0,-20.09M,CLOSE,0%
722304102,PDD,PDD HOLDINGS INC,50210,-178544,5.69M,-20.25M,-78.1%,0.06%
29446Y502,EQX,EQUINOX GOLD CORP,0,-1868151,0,-20.95M,CLOSE,0%
31428X106,FDX,FEDEX CORP,50800,-73049,14.67M,-21.1M,-59%,0.15%
04016X101,ARGX,ARGENX SE,25399,-25204,21.36M,-21.2M,-49.8%,0.22%
38150K103,AAAU,GOLDMAN SACHS PHYSICAL GOLD,0,-579214,0,-22.08M,CLOSE,0%
G6683N103,NU,NU HLDGS LTD,0,-1389572,0,-22.24M,CLOSE,0%
02043Q107,ALNY,ALNYLAM PHARMACEUTICALS INC,0,-48920,0,-22.3M,CLOSE,0%
036752103,ELV,ELEVANCE HEALTH INC FORMERLY,52784,-64090,18.5M,-22.47M,-54.8%,0.19%
00214Q401,ARKW,ARK ETF TR,0,-129639,0,-22.63M,CLOSE,0%
87241L109,TFII,TFI INTL INC,0,-273700,0,-24.1M,CLOSE,0%
58155Q103,MCK,MCKESSON CORP,0,-32489,0,-25.11M,CLOSE,0%
98149E303,GLDM,WORLD GOLD TR,0,-329436,0,-25.18M,CLOSE,0%
03027X100,AMT,AMERICAN TOWER CORP NEW,99316,-144952,17.44M,-25.45M,-59.3%,0.18%
921078101,OUNZ,VANECK MERK GOLD ETF GOLD,0,-684538,0,-25.46M,CLOSE,0%
75886F107,REGN,REGENERON PHARMACEUTICALS,27611,-33439,21.31M,-25.81M,-54.8%,0.22%
78468R556,XOP,SPDR SERIES TRUST,0,-222891,0,-29.46M,CLOSE,0%
74350P675,SQQQ,PROSHARES TR,7407,-479722,507.38K,-32.86M,-98.5%,<.01%
146869102,CVNA,CARVANA CO,0,-92515,0,-34.92M,CLOSE,0%
55024U109,LITE,LUMENTUM HLDGS INC,6063,-104125,2.23M,-38.38M,-94.5%,0.02%
450913108,IAG,IAMGOLD CORP,331778,-2338643,5.48M,-38.64M,-87.6%,0.06%
62914V106,NIO,NIO INC,37611,-7619390,191.82K,-38.86M,-99.5%,<.01%
90353T100,UBER,UBER TECHNOLOGIES INC,0,-403780,0,-39.54M,CLOSE,0%
808513105,SCHW,SCHWAB CHARLES CORP,0,-414898,0,-39.6M,CLOSE,0%
46428Q109,SLV,ISHARES SILVER TR,0,-960353,0,-40.68M,CLOSE,0%
78464A631,XAR,SPDR SERIES TRUST,9524,-186208,2.3M,-44.92M,-95.1%,0.02%
83406F102,SOFI,SOFI TECHNOLOGIES INC,228892,-1825928,5.99M,-47.8M,-88.9%,0.06%
92189F676,SMH,VANECK ETF TRUST,21945,-158001,7.9M,-56.9M,-87.8%,0.08%
64110L106,NFLX,NETFLIX INC,1669122,-641558,156.5M,-60.15M,-27.8%,1.6%
88160R101,TSLA,TESLA INC,367065,-143062,165.08M,-64.34M,-28%,1.7%
81369Y308,XLP,SELECT SECTOR SPDR TR,0,-859020,0,-67.33M,CLOSE,0%
92532F100,VRTX,VERTEX PHARMACEUTICALS INC,1303,-148605,590.73K,-67.37M,-99.1%,<.01%
149123101,CAT,CATERPILLAR INC,0,-144789,0,-69.07M,CLOSE,0%
19260Q107,COIN,COINBASE GLOBAL INC,0,-207137,0,-69.91M,CLOSE,0%
06849F108,B,BARRICK MNG CORP,2375751,-1609049,103.62M,-70.18M,-40.4%,1.1%
458140100,INTC,INTEL CORP,0,-2107996,0,-70.7M,CLOSE,0%
464287523,SOXX,ISHARES TR,11569,-253056,3.48M,-76.21M,-95.6%,0.04%
496902404,KGC,KINROSS GOLD CORP,433700,-2798500,12.23M,-78.93M,-86.6%,0.12%
21873S108,CRWV,COREWEAVE INC,341219,-1113550,24.43M,-79.74M,-76.5%,0.25%
40412C101,HCA,HCA HEALTHCARE INC,27020,-173979,12.61M,-81.22M,-86.6%,0.13%
56501R106,MFC,MANULIFE FINL CORP,1863300,-2366200,67.75M,-86.03M,-55.9%,0.69%
907818108,UNP,UNION PAC CORP,0,-382027,0,-90.28M,CLOSE,0%
G1151C101,ACN,ACCENTURE PLC IRELAND,159974,-337178,42.92M,-90.46M,-67.8%,0.44%
78463V107,GLD,SPDR GOLD TR GOLD,0,-281275,0,-99.97M,CLOSE,0%
11135F101,AVGO,BROADCOM INC,0,-331708,0,-109.4M,CLOSE,0%
891160509,TD,TORONTO DOMINION BK ONT,1207849,-1243751,113.99M,-117.37M,-50.7%,1.2%
594918104,MSFT,MICROSOFT CORP,0,-253702,0,-131.35M,CLOSE,0%
30303M102,META,META PLATFORMS INC,0,-211578,0,-155.32M,CLOSE,0%
037833100,AAPL,APPLE INC,1130,-611636,307.2K,-166.28M,-99.8%,<.01%
69608A108,PLTR,PALANTIR TECHNOLOGIES INC,615287,-1072588,109.37M,-190.65M,-63.5%,1.1%
770700102,HOOD,ROBINHOOD MKTS INC,0,-1799296,0,-257.62M,CLOSE,0%
67066G104,NVDA,NVIDIA CORPORATION,0,-1509988,0,-281.66M,CLOSE,0%
780087102,RY,ROYAL BK CDA,20314,-1726086,3.46M,-294.28M,-98.8%,0.04%
Total,,,,,9.8B,1.08B,+12.8%,100%
