CUSIP,Ticker,Company,Shares,Delta_Shares,Value,Delta_Value,Delta,Portfolio%
11135F101,AVGO,BROADCOM INC,1269112,1147866,212.6M,192.29M,+946.7%,4.7%
136375102,CNI,CANADIAN NATL RY CO,2210700,1148400,216.42M,112.42M,+108.1%,4.8%
81369Y100,XLB,SELECT SECTOR SPDR TR,1154303,1133111,99.24M,97.41M,+5346.9%,2.2%
136385101,CNQ,CANADIAN NAT RES LTD,3597900,2489100,111.43M,77.09M,+224.5%,2.5%
N82405106,STLA,STELLANTIS N.V,6785857,6785857,75.38M,75.38M,NEW,1.7%
464287523,SOXX,ISHARES TR,261752,261752,49.24M,49.24M,NEW,1.1%
064149107,BNS,BANK NOVA SCOTIA HALIFAX,1028500,1028500,49.07M,49.07M,NEW,1.1%
29444U700,EQIX,EQUINIX INC,62082,59963,50.6M,48.87M,+2829.8%,1.1%
780087102,RY,ROYAL BK CDA,643700,414200,72.97M,46.95M,+180.5%,1.6%
136069101,CM,CANADIAN IMPERIAL BK COMM,715100,715100,40.47M,40.47M,NEW,0.9%
78464A698,KRE,SPDR SER TR,682463,682463,38.79M,38.79M,NEW,0.86%
37954Y483,QYLD,GLOBAL X FDS,2165298,2165298,36M,36M,NEW,0.8%
233051879,ASHR,DBX ETF TR,1314117,1314117,34.92M,34.92M,NEW,0.77%
58733R102,MELI,MERCADOLIBRE INC,17673,17673,34.49M,34.49M,NEW,0.76%
46429B598,INDA,ISHARES TR,667949,667949,34.38M,34.38M,NEW,0.76%
69608A108,PLTR,PALANTIR TECHNOLOGIES INC,405843,405843,34.25M,34.25M,NEW,0.76%
88023B103,TEM,TEMPUS AI INC,724817,701526,34.99M,33.86M,+3012%,0.78%
049468101,TEAM,ATLASSIAN CORPORATION,157692,150192,33.46M,31.86M,+2002.6%,0.74%
464286400,EWZ,ISHARES INC,1110848,1110848,28.72M,28.72M,NEW,0.64%
345370860,F,FORD MTR CO,2801926,2801926,28.1M,28.1M,NEW,0.62%
46428Q109,SLV,ISHARES SILVER TR,902077,902077,27.95M,27.95M,NEW,0.62%
770700102,HOOD,ROBINHOOD MKTS INC,1168769,620664,48.63M,25.83M,+113.2%,1.1%
46120E602,ISRG,INTUITIVE SURGICAL INC,47932,47932,23.73M,23.73M,NEW,0.53%
883556102,TMO,THERMO FISHER SCIENTIFIC INC,57847,46817,28.77M,23.28M,+424.5%,0.64%
09260D107,BX,BLACKSTONE INC,165342,165342,23.11M,23.11M,NEW,0.51%
78464A797,KBE,SPDR SER TR,430599,430599,22.8M,22.8M,NEW,0.51%
722304102,PDD,PDD HOLDINGS INC,190375,190375,22.52M,22.52M,NEW,0.5%
92189F676,SMH,VANECK ETF TRUST,104105,104105,22.01M,22.01M,NEW,0.49%
31428X106,FDX,FEDEX CORP,89249,89249,21.76M,21.76M,NEW,0.48%
98149E303,GLDM,WORLD GOLD TR,346297,346297,21.43M,21.43M,NEW,0.48%
46138E628,KBWB,INVESCO EXCH TRADED FD TR,390351,334955,24.49M,21.02M,+604.7%,0.54%
101137107,BSX,BOSTON SCIENTIFIC CORP,225596,205915,22.75M,20.76M,+1046.3%,0.5%
433000106,HIMS,HIMS & HERS HEALTH INC,709094,641918,20.96M,18.98M,+955.6%,0.46%
464287630,IWN,ISHARES TR,122531,122531,18.5M,18.5M,NEW,0.41%
75734B100,RDDT,REDDIT INC,203836,173468,21.38M,18.2M,+571.2%,0.47%
43300A203,HLT,HILTON WORLDWIDE HLDGS INC,76928,76928,17.5M,17.5M,NEW,0.39%
74347G192,SQQQ,PROSHARES TR,433739,433739,16.63M,16.63M,NEW,0.37%
17275R102,CSCO,CISCO SYS INC,268307,268307,16.55M,16.55M,NEW,0.37%
81762P102,NOW,SERVICENOW INC,20348,20348,16.21M,16.21M,NEW,0.36%
98980G102,ZS,ZSCALER INC,79412,79412,15.76M,15.76M,NEW,0.35%
16119P108,CHTR,CHARTER COMMUNICATIONS INC N,40820,40820,15.04M,15.04M,NEW,0.33%
00326A104,SGOL,ETFS GOLD TR,495875,495875,14.78M,14.78M,NEW,0.33%
19260Q107,COIN,COINBASE GLOBAL INC,351777,84992,60.66M,14.66M,+31.9%,1.3%
833445109,SNOW,SNOWFLAKE INC,160252,99446,23.42M,14.53M,+163.5%,0.52%
81141R100,SE,SEA LTD,217457,110117,28.36M,14.36M,+102.6%,0.63%
882508104,TXN,TEXAS INSTRS INC,79080,79080,14.22M,14.22M,NEW,0.32%
92343V104,VZ,VERIZON COMMUNICATIONS INC,340469,308076,15.45M,13.98M,+951.1%,0.34%
62944T105,NVR,NVR INC,2236,1919,16.22M,13.92M,+605.4%,0.36%
771049103,RBLX,ROBLOX CORP,349647,236214,20.38M,13.77M,+208.2%,0.45%
443573100,HUBS,HUBSPOT INC,31791,24057,18.08M,13.68M,+311.1%,0.4%
30231G102,XOM,EXXON MOBIL CORP,129173,114952,15.36M,13.67M,+808.3%,0.34%
15135U109,CVE,CENOVUS ENERGY INC,6118900,942700,85.65M,13.2M,+18.2%,1.9%
032654105,ADI,ANALOG DEVICES INC,63662,63662,12.84M,12.84M,NEW,0.28%
25460G153,DPST,DIREXION,136479,136479,11.83M,11.83M,NEW,0.26%
78464A359,CWB,SPDR SER TR,274499,151861,21.03M,11.63M,+123.8%,0.47%
92189F692,PPH,VANECK ETF TRUST,135786,127147,12.37M,11.58M,+1471.8%,0.27%
464286871,EWH,ISHARES INC,649329,649329,11.38M,11.38M,NEW,0.25%
18915M107,NET,CLOUDFLARE INC,99579,99579,11.22M,11.22M,NEW,0.25%
37954Y475,XYLD,GLOBAL X FDS,282676,282676,11.15M,11.15M,NEW,0.25%
72201R833,MINT,PIMCO ETF TR,109402,109402,11.01M,11.01M,NEW,0.24%
573874104,MRVL,MARVELL TECHNOLOGY INC,175274,175274,10.79M,10.79M,NEW,0.24%
31946M103,FCNCA,FIRST CTZNS BANCSHARES INC N,6473,5809,12.01M,10.78M,+874.8%,0.27%
74349Y845,SPXU,PROSHARES TR,419765,419765,10.72M,10.72M,NEW,0.24%
747525103,QCOM,QUALCOMM INC,128169,69538,19.69M,10.68M,+118.6%,0.44%
146869102,CVNA,CARVANA CO,50729,50729,10.6M,10.6M,NEW,0.24%
891160509,TD,TORONTO DOMINION BK ONT,1218300,175600,73.46M,10.59M,+16.8%,1.6%
48251W104,KKR,KKR & CO INC,119704,91590,13.84M,10.59M,+325.8%,0.31%
666807102,NOC,NORTHROP GRUMMAN CORP,23841,20336,12.2M,10.41M,+580.2%,0.27%
464287739,IYR,ISHARES TR,407150,107601,38.98M,10.3M,+35.9%,0.86%
539830109,LMT,LOCKHEED MARTIN CORP,51673,22937,23.07M,10.24M,+79.8%,0.51%
231021106,CMI,CUMMINS INC,31758,30801,9.95M,9.65M,+3218.5%,0.22%
808524847,SCHH,SCHWAB STRATEGIC TR,1455557,447719,31.31M,9.63M,+44.4%,0.69%
461202103,INTU,INTUIT,15570,15570,9.56M,9.56M,NEW,0.21%
50212V100,LPLA,LPL FINL HLDGS INC,28823,28823,9.43M,9.43M,NEW,0.21%
74349Y837,PSQ,PROSHARES TR,226360,226360,9.2M,9.2M,NEW,0.2%
20030N101,CMCSA,COMCAST CORP NEW,245607,245607,9.06M,9.06M,NEW,0.2%
922908751,VB,VANGUARD INDEX FDS,52763,40566,11.7M,9M,+332.6%,0.26%
88579Y101,MMM,3M CO,99703,60834,14.64M,8.93M,+156.5%,0.32%
81369Y886,XLU,SELECT SECTOR SPDR TR,126698,106361,9.99M,8.38M,+523%,0.22%
57636Q104,MA,MASTERCARD INCORPORATED,28689,15061,15.72M,8.25M,+110.5%,0.35%
74347G416,SDS,PROSHARES TR ULTRASHRT,382400,382400,8.21M,8.21M,NEW,0.18%
G29183103,ETN,EATON CORP PLC,56166,29909,15.27M,8.13M,+113.9%,0.34%
46432F396,MTUM,ISHARES TR,40241,40241,8.13M,8.13M,NEW,0.18%
74349Y753,SH,PROSHARES TR SHORT,182000,182000,8.11M,8.11M,NEW,0.18%
191216100,KO,COCA COLA CO,112562,112562,8.06M,8.06M,NEW,0.18%
007903107,AMD,ADVANCED MICRO DEVICES INC,77803,77803,7.99M,7.99M,NEW,0.18%
33734X846,CIBR,FIRST TR EXCHANGE TRADED FD,126303,126303,7.96M,7.96M,NEW,0.18%
74347W353,AGQ,PROSHARES TR II,165295,165295,7.63M,7.63M,NEW,0.17%
05534B760,BCE,BCE INC,381500,320000,8.81M,7.39M,+520.3%,0.2%
717081103,PFE,PFIZER INC,386480,288455,9.79M,7.31M,+294.3%,0.22%
922475108,VEEV,VEEVA SYS INC,30290,30290,7.02M,7.02M,NEW,0.16%
20825C104,COP,CONOCOPHILLIPS,140621,66805,14.77M,7.02M,+90.5%,0.33%
25459W862,SPXL,DIREXION,97760,49579,13.73M,6.96M,+102.9%,0.3%
25460E265,SPXS,DIREXION,956812,956812,6.82M,6.82M,NEW,0.15%
876030107,TPR,TAPESTRY INC,95358,95358,6.71M,6.71M,NEW,0.15%
37954Y830,COPX,GLOBAL X FDS,208159,167687,8.13M,6.55M,+414.3%,0.18%
644535106,NGD,NEW GOLD INC CDA,2063700,1739700,7.68M,6.47M,+536.9%,0.17%
281020107,EIX,EDISON INTL,108032,108032,6.37M,6.37M,NEW,0.14%
693475105,PNC,PNC FINL SVCS GROUP INC,46159,35863,8.11M,6.3M,+348.3%,0.18%
349553107,FTS,FORTIS INC,165700,135600,7.59M,6.22M,+450.5%,0.17%
33734X192,SKYY,FIRST TR EXCHANGE TRADED FD CLOUD,59485,59485,6.08M,6.08M,NEW,0.13%
12572Q105,CME,CME GROUP INC,32207,22544,8.54M,5.98M,+233.3%,0.19%
97717W422,EPI,WISDOMTREE TR,136678,136678,5.97M,5.97M,NEW,0.13%
922908652,VXF,VANGUARD INDEX FDS,41523,34547,7.16M,5.95M,+495.2%,0.16%
74349Y829,QID,PROSHARES TR,155949,155949,5.94M,5.94M,NEW,0.13%
032108649,SILJ,AMPLIFY ETF TR,857934,482910,10.4M,5.86M,+128.8%,0.23%
032095101,APH,AMPHENOL CORP NEW,87765,87765,5.76M,5.76M,NEW,0.13%
679295105,OKTA,OKTA INC,54326,54326,5.72M,5.72M,NEW,0.13%
33733E302,FDN,FIRST TR,25372,25372,5.63M,5.63M,NEW,0.12%
165167735,EXE,EXPAND ENERGY CORPORATION,49567,49567,5.52M,5.52M,NEW,0.12%
46429B309,EIDO,ISHARES TR,338000,338000,5.51M,5.51M,NEW,0.12%
37954Y848,SIL,GLOBAL X FDS,199834,136663,7.88M,5.39M,+216.3%,0.17%
81369Y860,XLRE,SELECT SECTOR SPDR TR,501575,128259,21M,5.37M,+34.4%,0.47%
25460G609,ERX,DIREXION,82280,82280,5.35M,5.35M,NEW,0.12%
25809K105,DASH,DOORDASH INC,29030,29030,5.31M,5.31M,NEW,0.12%
25460G500,GUSH,DIREXION,188004,188004,5.05M,5.05M,NEW,0.11%
60770K107,MRNA,MODERNA INC,176656,176656,5M,5M,NEW,0.11%
02043Q107,ALNY,ALNYLAM PHARMACEUTICALS INC,18511,18511,5M,5M,NEW,0.11%
907818108,UNP,UNION PAC CORP,20929,20929,4.94M,4.94M,NEW,0.11%
81369Y506,XLE,SELECT SECTOR SPDR TR,337895,52131,31.58M,4.87M,+18.2%,0.7%
844741108,LUV,SOUTHWEST AIRLS CO,143162,143162,4.81M,4.81M,NEW,0.11%
00217D100,ASTS,AST SPACEMOBILE INC,210450,210450,4.79M,4.79M,NEW,0.11%
92189F817,VNM,VANECK ETF TRUST,382827,382827,4.77M,4.77M,NEW,0.11%
443201108,HWM,HOWMET AEROSPACE INC,36311,36311,4.71M,4.71M,NEW,0.1%
003264108,SIVR,ABRDN SILVER ETF TRUST,144418,144418,4.7M,4.7M,NEW,0.1%
26701L100,BROS,DUTCH BROS INC,75837,75837,4.69M,4.69M,NEW,0.1%
03990B101,ARES,ARES MANAGEMENT CORPORATION CL A,31947,31947,4.68M,4.68M,NEW,0.1%
437076102,HD,HOME DEPOT INC,12765,12765,4.68M,4.68M,NEW,0.1%
74347G135,SDOW,PROSHARES TR,86896,86896,4.55M,4.55M,NEW,0.1%
858119100,STLD,STEEL DYNAMICS INC,35679,35679,4.46M,4.46M,NEW,0.1%
464287721,IYW,ISHARES TR,31797,31797,4.46M,4.46M,NEW,0.1%
910047109,UAL,UNITED AIRLS HLDGS INC,200852,64464,13.86M,4.45M,+47.3%,0.31%
655844108,NSC,NORFOLK SOUTHN CORP,19647,18134,4.65M,4.3M,+1198.5%,0.1%
81369Y605,XLF,SELECT SECTOR SPDR TR,481012,83490,23.97M,4.16M,+21%,0.53%
46138B103,DBC,INVESCO DB,184477,184477,4.15M,4.15M,NEW,0.09%
09857L108,BKNG,BOOKING HOLDINGS INC,4231,881,19.47M,4.05M,+26.3%,0.43%
26740W109,QBTS,D-WAVE QUANTUM INC,516231,516231,3.92M,3.92M,NEW,0.09%
464288794,IAI,ISHARES TR,27581,27581,3.87M,3.87M,NEW,0.09%
65339F101,NEE,NEXTERA ENERGY INC,325618,53719,23.09M,3.81M,+19.8%,0.51%
464289511,IGLB,ISHARES TR,75466,75466,3.79M,3.79M,NEW,0.08%
654106103,NKE,NIKE INC,99437,59662,6.32M,3.79M,+150%,0.14%
78468R721,TFI,SPDR SER TR,83607,83607,3.77M,3.77M,NEW,0.08%
244199105,DE,DEERE & CO,7918,7918,3.72M,3.72M,NEW,0.08%
834203309,SLNO,SOLENO THERAPEUTICS INC,51762,51762,3.69M,3.69M,NEW,0.08%
36828A101,GEV,GE VERNOVA INC,77486,11971,23.66M,3.65M,+18.3%,0.52%
126408103,CSX,CSX CORP,122756,122756,3.61M,3.61M,NEW,0.08%
M2682V108,CYBR,CYBERARK SOFTWARE LTD,18564,10637,6.28M,3.6M,+134.2%,0.14%
15118V207,CELH,CELSIUS HLDGS INC,99308,99308,3.54M,3.54M,NEW,0.08%
253868103,DLR,DIGITAL RLTY TR INC,24612,24612,3.53M,3.53M,NEW,0.08%
464287549,IGM,ISHARES TR,38749,38749,3.51M,3.51M,NEW,0.08%
337345102,QTEC,FIRST TR NASDAQ 100 TECH IND,20182,20182,3.5M,3.5M,NEW,0.08%
46140H403,DBO,INVESCO DB MULTI-SECTOR,257043,243767,3.69M,3.5M,+1836.1%,0.08%
922908553,VNQ,VANGUARD INDEX FDS,445840,38020,40.37M,3.44M,+9.3%,0.9%
038222105,AMAT,APPLIED MATLS INC,63012,23267,9.15M,3.38M,+58.5%,0.2%
016255101,ALGN,ALIGN TECHNOLOGY INC,21265,21265,3.38M,3.38M,NEW,0.07%
78464A607,RWR,SPDR SER TR,102018,33956,10.12M,3.37M,+49.9%,0.22%
254687106,DIS,DISNEY WALT CO,34036,34036,3.36M,3.36M,NEW,0.07%
464288778,IAT,ISHARES TR,70297,70297,3.28M,3.28M,NEW,0.07%
46138E370,SPHB,INVESCO EXCH TRADED FD TR II,41753,41753,3.27M,3.27M,NEW,0.07%
25490K596,NAIL,DBX ETF TR,83305,51814,5.18M,3.22M,+164.5%,0.11%
922908611,VBR,VANGUARD INDEX FDS,17255,17255,3.21M,3.21M,NEW,0.07%
25490K869,CHAU,DIREXION,224888,224888,3.21M,3.21M,NEW,0.07%
74347B201,TBT,PROSHARES TR,95435,95435,3.21M,3.21M,NEW,0.07%
G4705A100,ICLR,ICON PLC,43167,18251,7.55M,3.19M,+73.3%,0.17%
26923N744,FEPI,ETF OPPORTUNITIES TRUST,76347,76347,3.18M,3.18M,NEW,0.07%
922042742,VT,VANGUARD INTL EQUITY INDEX F TT WRLD ST ETF,27348,27348,3.17M,3.17M,NEW,0.07%
632307104,NTRA,NATERA INC,22053,22053,3.12M,3.12M,NEW,0.07%
447462102,HURN,HURON CONSULTING GROUP INC,27678,21539,3.97M,3.09M,+350.9%,0.09%
14448C104,CARR,CARRIER GLOBAL CORPORATION,48692,48692,3.09M,3.09M,NEW,0.07%
911312106,UPS,UNITED PARCEL SERVICE INC,27990,27990,3.08M,3.08M,NEW,0.07%
25460E661,DFEN,DIREXION,109920,98705,3.37M,3.03M,+880.1%,0.07%
22266T109,CPNG,COUPANG INC,155795,137040,3.42M,3M,+730.7%,0.08%
172908105,CTAS,CINTAS CORP,14612,14612,3M,3M,NEW,0.07%
464287481,IWP,ISHARES TR,58494,25182,6.87M,2.96M,+75.6%,0.15%
464286392,URTH,ISHARES INC,19239,19239,2.95M,2.95M,NEW,0.07%
09290D101,BLK,BLACKROCK INC,17419,3072,16.49M,2.91M,+21.4%,0.37%
49456B101,KMI,KINDER MORGAN INC DEL,100726,100726,2.87M,2.87M,NEW,0.06%
225310101,CACC,CREDIT ACCEP CORP MICH,5356,5356,2.77M,2.77M,NEW,0.06%
912318409,UNG,UNITED STS NAT GAS FD LP,127839,127839,2.76M,2.76M,NEW,0.06%
72352L106,PINS,PINTEREST INC,88859,88859,2.75M,2.75M,NEW,0.06%
26884L109,EQT,EQT CORP,50841,50841,2.72M,2.72M,NEW,0.06%
110122108,BMY,BRISTOL-MYERS SQUIBB CO,44319,44319,2.7M,2.7M,NEW,0.06%
03076C106,AMP,AMERIPRISE FINL INC,5997,5479,2.9M,2.65M,+1057.7%,0.06%
169656105,CMG,CHIPOTLE MEXICAN GRILL INC,51793,51793,2.6M,2.6M,NEW,0.06%
46137V134,PBW,INVESCO EXCHANGE TRADED FD T,164576,164576,2.59M,2.59M,NEW,0.06%
35473P769,FLIN,FRANKLIN TEMPLETON ETF TR,70058,70058,2.58M,2.58M,NEW,0.06%
25460G708,BRZU,DIREXION SHS ETF TR BRZ BL 2X,48182,48182,2.56M,2.56M,NEW,0.06%
29355A107,ENPH,ENPHASE ENERGY INC,40778,40778,2.53M,2.53M,NEW,0.06%
46137V845,PRN,INVESCO EXCHANGE TRADED FD T,30363,18205,4.18M,2.51M,+149.7%,0.09%
33737A108,GRID,FIRST TR EXCHANGE TRADED FD,21673,21673,2.45M,2.45M,NEW,0.05%
M3760D101,ESLT,ELBIT SYS LTD,6304,6304,2.42M,2.42M,NEW,0.05%
285512109,EA,ELECTRONIC ARTS INC,16082,16082,2.32M,2.32M,NEW,0.05%
25460E869,SPDN,DIREXION,200306,200306,2.32M,2.32M,NEW,0.05%
278865100,ECL,ECOLAB INC,9109,9109,2.31M,2.31M,NEW,0.05%
92189H607,OIH,VANECK ETF TRUST,8576,8576,2.25M,2.25M,NEW,0.05%
464286533,EEMV,ISHARES INC,38401,38401,2.24M,2.24M,NEW,0.05%
29446Y502,EQX,EQUINOX GOLD CORP,558900,321200,3.87M,2.23M,+135.1%,0.09%
219350105,GLW,CORNING INC,48222,48222,2.21M,2.21M,NEW,0.05%
87612E106,TGT,TARGET CORP,21075,21075,2.2M,2.2M,NEW,0.05%
H5919C104,ONON,ON HLDG AG,94768,49496,4.16M,2.17M,+109.3%,0.09%
913903100,UHS,UNIVERSAL HLTH SVCS INC,34637,11297,6.51M,2.12M,+48.4%,0.14%
46267X108,IQ,IQIYI INC,924988,924988,2.09M,2.09M,NEW,0.05%
46222L108,IONQ,IONQ INC,94153,94153,2.08M,2.08M,NEW,0.05%
237194105,DRI,DARDEN RESTAURANTS INC,10012,10012,2.08M,2.08M,NEW,0.05%
46431W853,COMT,ISHARES U S ETF TR,78053,78053,2.07M,2.07M,NEW,0.05%
G98239109,XP,XP INC,289964,148557,3.98M,2.04M,+105.1%,0.09%
464286806,EWG,ISHARES INC,53388,53388,1.98M,1.98M,NEW,0.04%
G87052109,TEL,TE CONNECTIVITY PLC,13944,13944,1.97M,1.97M,NEW,0.04%
M22465104,CHKP,CHECK POINT SOFTWARE TECH LT,8445,8445,1.93M,1.93M,NEW,0.04%
87241L109,TFII,TFI INTL INC,24500,24500,1.91M,1.91M,NEW,0.04%
091955104,ETHW,BITWISE ETHEREUM ETF,145438,145438,1.91M,1.91M,NEW,0.04%
316092808,FTEC,FIDELITY COVINGTON TRUST,11816,11816,1.9M,1.9M,NEW,0.04%
025072877,AVUV,AMERICAN CENTY ETF TR,21683,21683,1.89M,1.89M,NEW,0.04%
548661107,LOW,LOWES COS INC,8029,8029,1.87M,1.87M,NEW,0.04%
278768106,ECHO,ECHOSTAR CORP,83012,71393,2.12M,1.83M,+614.5%,0.05%
V7780T103,RCL,ROYAL CARIBBEAN GROUP,8888,8888,1.83M,1.83M,NEW,0.04%
92204A884,VOX,VANGUARD WORLD FD,12246,12246,1.82M,1.82M,NEW,0.04%
464286715,TUR,ISHARES INC,55224,55224,1.81M,1.81M,NEW,0.04%
83304A106,SNAP,SNAP INC,391968,207974,3.41M,1.81M,+113%,0.08%
22822V101,CCI,CROWN CASTLE INC,26438,17293,2.76M,1.8M,+189.1%,0.06%
464287879,IJS,ISHARES TR,17830,17830,1.74M,1.74M,NEW,0.04%
78464A367,SPLB,SPDR SER TR,76562,76562,1.73M,1.73M,NEW,0.04%
185899101,CLF,CLEVELAND-CLIFFS INC NEW,208090,208090,1.71M,1.71M,NEW,0.04%
40131M109,GH,GUARDANT HEALTH INC,40025,40025,1.7M,1.7M,NEW,0.04%
631103108,NDAQ,NASDAQ INC,22313,22313,1.69M,1.69M,NEW,0.04%
902973304,USB,US BANCORP DEL,39386,39386,1.66M,1.66M,NEW,0.04%
011532108,AGI,ALAMOS GOLD INC NEW,341500,61600,9.18M,1.66M,+22%,0.2%
05464T104,AXSM,AXSOME THERAPEUTICS INC,14153,14153,1.65M,1.65M,NEW,0.04%
12541W209,CHRW,C H ROBINSON WORLDWIDE INC,16060,16060,1.64M,1.64M,NEW,0.04%
464286640,ECH,ISHARES INC,55100,55100,1.64M,1.64M,NEW,0.04%
46138E339,SPMO,INVESCO EXCH TRADED FD TR II,17718,17718,1.64M,1.64M,NEW,0.04%
003262102,PALL,ABRDN PALLADIUM ETF TRUST,17937,17937,1.63M,1.63M,NEW,0.04%
G02602103,DOX,AMDOCS LTD,17423,17423,1.59M,1.59M,NEW,0.04%
45168D104,IDXX,IDEXX LABS INC,3774,3774,1.58M,1.58M,NEW,0.04%
536797103,LAD,LITHIA MTRS INC,5382,5382,1.58M,1.58M,NEW,0.04%
828806109,SPG,SIMON PPTY GROUP INC NEW,9173,9173,1.52M,1.52M,NEW,0.03%
92343E102,VRSN,VERISIGN INC,5987,5987,1.52M,1.52M,NEW,0.03%
55405W104,MYRG,MYR GROUP INC DEL,13435,13435,1.52M,1.52M,NEW,0.03%
464287515,IGV,ISHARES TR,16740,16740,1.49M,1.49M,NEW,0.03%
011659109,ALK,ALASKA AIR GROUP INC,30202,30202,1.49M,1.49M,NEW,0.03%
G8068L108,SN,SHARKNINJA INC,17811,17811,1.49M,1.49M,NEW,0.03%
78468R556,XOP,SPDR SER TR,11195,11195,1.47M,1.47M,NEW,0.03%
959802109,WU,WESTERN UN CO,139214,139214,1.47M,1.47M,NEW,0.03%
14149Y108,CAH,CARDINAL HEALTH INC,10522,10522,1.45M,1.45M,NEW,0.03%
61945C103,MOS,MOSAIC CO NEW,77873,53596,2.1M,1.45M,+220.8%,0.05%
G85158106,STNE,STONECO LTD,137407,137407,1.44M,1.44M,NEW,0.03%
231561101,CW,CURTISS WRIGHT CORP,4529,4529,1.44M,1.44M,NEW,0.03%
77311W101,RKT,ROCKET COS INC,165082,117394,1.99M,1.42M,+246.2%,0.04%
34959E109,FTNT,FORTINET INC,14645,14645,1.41M,1.41M,NEW,0.03%
33734X127,FXN,FIRST TR EXCHANGE TRADED FD,84512,84512,1.39M,1.39M,NEW,0.03%
863667101,SYK,STRYKER CORPORATION,3732,3732,1.39M,1.39M,NEW,0.03%
576323109,MTZ,MASTEC INC,11735,11735,1.37M,1.37M,NEW,0.03%
880770102,TER,TERADYNE INC,16536,16536,1.37M,1.37M,NEW,0.03%
46428R107,GSG,ISHARES S&P GSCI,69140,59471,1.57M,1.35M,+615.1%,0.03%
46436E338,TLTW,ISHARES TR 20 YEAR TR,55780,55780,1.34M,1.34M,NEW,0.03%
053774105,CAR,AVIS BUDGET GROUP,17436,17436,1.32M,1.32M,NEW,0.03%
464288257,ACWI,ISHARES TR,11366,11366,1.32M,1.32M,NEW,0.03%
443510607,HUBB,HUBBELL INC,4737,3990,1.57M,1.32M,+534.1%,0.03%
29472R108,ELS,EQUITY LIFESTYLE PPTYS INC,19703,19703,1.31M,1.31M,NEW,0.03%
78464A300,SLYV,SPDR SER TR,29923,16759,2.34M,1.31M,+127.3%,0.05%
68827L101,OR,OSISKO GOLD ROYALTIES LTD,61700,61700,1.31M,1.31M,NEW,0.03%
526057104,LEN,LENNAR CORP,11384,11384,1.31M,1.31M,NEW,0.03%
46266C105,IQV,IQVIA HLDGS INC,30785,7399,5.43M,1.3M,+31.6%,0.12%
946784105,WAY,WAYSTAR HLDG CORP,45968,34429,1.72M,1.29M,+298.4%,0.04%
37954Y715,BOTZ,GLOBAL X FDS,44766,44766,1.27M,1.27M,NEW,0.03%
74366E102,PTGX,PROTAGONIST THERAPEUTICS INC,26061,26061,1.26M,1.26M,NEW,0.03%
45784P101,PODD,INSULET CORP,4796,4796,1.26M,1.26M,NEW,0.03%
29530P102,ERIE,ERIE INDTY CO,3002,3002,1.26M,1.26M,NEW,0.03%
681919106,OMC,OMNICOM GROUP INC,14959,14959,1.24M,1.24M,NEW,0.03%
406216101,HAL,HALLIBURTON CO,48257,48257,1.22M,1.22M,NEW,0.03%
53700T827,DBMF,LITMAN GREGORY FDS TR,47973,47973,1.21M,1.21M,NEW,0.03%
052800109,ALV,AUTOLIV INC,13564,13564,1.2M,1.2M,NEW,0.03%
74347G374,DXD,PROSHARES TR,43196,43196,1.2M,1.2M,NEW,0.03%
78463M107,SPSC,SPS COMM INC,10130,8901,1.34M,1.18M,+724.2%,0.03%
25460E232,TZA,DIREXION,68846,68846,1.17M,1.17M,NEW,0.03%
504922105,LH,LABCORP HOLDINGS INC,4994,4994,1.16M,1.16M,NEW,0.03%
603170101,MLYS,MINERALYS THERAPEUTICS INC,73008,73008,1.16M,1.16M,NEW,0.03%
134748102,CAN,CANAAN INC,1352153,1318033,1.19M,1.16M,+3862.9%,0.03%
12504L109,CBRE,CBRE GROUP INC,14209,8815,1.86M,1.15M,+163.4%,0.04%
16115Q308,GTLS,CHART INDS INC,7830,7830,1.13M,1.13M,NEW,0.03%
370334104,GIS,GENERAL MLS INC,18878,18878,1.13M,1.13M,NEW,0.03%
77543R102,ROKU,ROKU INC,30796,15973,2.17M,1.13M,+107.8%,0.05%
857477103,STT,STATE STR CORP,12563,12563,1.12M,1.12M,NEW,0.02%
25459Y694,FAS,DIREXION,162322,7096,25.66M,1.12M,+4.6%,0.57%
086516101,BBY,BEST BUY INC,14902,14902,1.1M,1.1M,NEW,0.02%
464287622,IWB,ISHARES TR,3564,3564,1.09M,1.09M,NEW,0.02%
446150104,HBAN,HUNTINGTON BANCSHARES INC,72176,72176,1.08M,1.08M,NEW,0.02%
00508Y102,AYI,ACUITY INC,4096,4096,1.08M,1.08M,NEW,0.02%
464287705,IJJ,ISHARES TR,8978,8978,1.07M,1.07M,NEW,0.02%
82846H405,QXO,QXO INC,101183,78426,1.37M,1.06M,+344.6%,0.03%
16679L109,CHWY,CHEWY INC,32660,32660,1.06M,1.06M,NEW,0.02%
47030M106,JHX,JAMES HARDIE INDS PLC,44857,44857,1.06M,1.06M,NEW,0.02%
G0260P102,AS,AMER SPORTS INC,39521,39521,1.06M,1.06M,NEW,0.02%
260003108,DOV,DOVER CORP,5973,5973,1.05M,1.05M,NEW,0.02%
46138G706,TAN,INVESCO EXCH TRADED FD TR,34405,34405,1.05M,1.05M,NEW,0.02%
25460G716,LABD,DIREXION,110320,110320,1.04M,1.04M,NEW,0.02%
N14506104,ESTC,ELASTIC N V,11588,11588,1.03M,1.03M,NEW,0.02%
55405Y100,MTSI,MACOM TECH SOLUTIONS HLDGS I,10215,10215,1.03M,1.03M,NEW,0.02%
369550108,GD,GENERAL DYNAMICS CORP,3713,3713,1.01M,1.01M,NEW,0.02%
25460G195,YINN,DIREXION,24127,24127,1M,1M,NEW,0.02%
91167Q100,BNO,UNITED STS BRENT OIL FD LP,61609,32067,1.92M,997.6K,+108.5%,0.04%
464287812,IYK,ISHARES TR,13910,13910,995.54K,995.54K,NEW,0.02%
45765U103,NSIT,INSIGHT ENTERPRISES INC,6590,6590,988.37K,988.37K,NEW,0.02%
29446M102,EQNR,EQUINOR ASA,37226,37226,984.81K,984.81K,NEW,0.02%
316092857,FREL,FIDELITY COVINGTON TRUST,98423,35736,2.7M,981.49K,+57%,0.06%
29364G103,ETR,ENTERGY CORP NEW,11347,11347,969.94K,969.94K,NEW,0.02%
G3265R107,APTV,APTIV PLC,16291,16291,969.32K,969.32K,NEW,0.02%
925050106,VRNA,VERONA PHARMA PLC,15087,15087,957.72K,957.72K,NEW,0.02%
40637H109,HALO,HALOZYME THERAPEUTICS INC,14987,14987,956.02K,956.02K,NEW,0.02%
25460E240,FAZ,DIREXION,166906,166906,942.18K,942.18K,NEW,0.02%
70438V106,PCTY,PAYLOCITY HLDG CORP,4955,4955,927.53K,927.53K,NEW,0.02%
874080104,TAL,TAL EDUCATION GROUP,131217,70095,1.73M,925.25K,+114.7%,0.04%
11133T103,BR,BROADRIDGE FINL SOLUTIONS IN,3761,3761,911.89K,911.89K,NEW,0.02%
58506Q109,MEDP,MEDPACE HLDGS INC,11550,2987,3.52M,909.36K,+34.9%,0.08%
46434G848,PICK,ISHARES INC,25217,25217,906.55K,906.55K,NEW,0.02%
688239201,OSK,OSHKOSH CORP,11829,9564,1.11M,899.59K,+422.3%,0.02%
46284V101,IRM,IRON MTN INC DEL,22389,10398,1.93M,894.75K,+86.7%,0.04%
46138E362,SPHD,INVESCO EXCH TRADED FD TR II,17726,17726,890.55K,890.55K,NEW,0.02%
69344A834,PAAA,PGIM ETF TR,17210,17210,883.3K,883.3K,NEW,0.02%
109641100,EAT,BRINKER INTL INC,12662,5878,1.89M,876.06K,+86.6%,0.04%
759916109,RGEN,REPLIGEN CORP,6837,6837,869.94K,869.94K,NEW,0.02%
74276L105,PRCT,PROCEPT BIOROBOTICS CORP,14723,14723,857.62K,857.62K,NEW,0.02%
020002101,ALL,ALLSTATE CORP,25620,4074,5.3M,843.32K,+18.9%,0.12%
25461A478,DUST,DIREXION,23399,23399,841.19K,841.19K,NEW,0.02%
46434G814,EWM,ISHARES INC,36309,36309,837.29K,837.29K,NEW,0.02%
74967X103,RH,RH,3548,3548,831.69K,831.69K,NEW,0.02%
25746U109,D,DOMINION ENERGY INC,14700,14700,824.23K,824.23K,NEW,0.02%
46137V266,RPG,INVESCO EXCHANGE TRADED FD T,21501,21501,822.2K,822.2K,NEW,0.02%
147528103,CASY,CASEYS GEN STORES INC,1885,1885,818.45K,818.45K,NEW,0.02%
464287168,DVY,ISHARES TR,6087,6087,817.54K,817.54K,NEW,0.02%
26622P107,DOCS,DOXIMITY INC,14063,14063,816.22K,816.22K,NEW,0.02%
53190C102,LTH,LIFE TIME GROUP HOLDINGS INC,26977,26977,814.44K,814.44K,NEW,0.02%
571748102,MRSH,MARSH & MCLENNAN COS INC,3317,3317,809.41K,809.41K,NEW,0.02%
44980X109,IPGP,IPG PHOTONICS CORP,12687,12687,800.42K,800.42K,NEW,0.02%
922908595,VBK,VANGUARD INDEX FDS,9837,3165,2.48M,796.95K,+47.4%,0.05%
816851109,SRE,SEMPRA,11089,11089,790.92K,790.92K,NEW,0.02%
74347G168,TWM,PROSHARES TR,14417,14417,776.07K,776.07K,NEW,0.02%
891092108,TTC,TORO CO,10458,10458,760.82K,760.82K,NEW,0.02%
012653101,ALB,ALBEMARLE CORP,10479,10479,754.59K,754.59K,NEW,0.02%
314211103,FHI,FEDERATED HERMES INC,18451,18451,752.25K,752.25K,NEW,0.02%
11777Q209,BTG,B2GOLD CORP,566900,259300,1.62M,741.11K,+84.3%,0.04%
00973Y108,AKRO,AKERO THERAPEUTICS INC,18273,18273,739.69K,739.69K,NEW,0.02%
88166A508,WEAT,TEUCRIUM,157235,157235,736.65K,736.65K,NEW,0.02%
428050108,HSAI,HESAI GROUP,111247,49531,1.65M,733.55K,+80.3%,0.04%
81764X103,TTAN,SERVICETITAN INC,7450,7450,709.24K,709.24K,NEW,0.02%
69343T107,PJT,PJT PARTNERS INC,5136,5136,708.77K,708.77K,NEW,0.02%
22052L104,CTVA,CORTEVA INC,11171,11171,703.1K,703.1K,NEW,0.02%
14020X104,CGGO,CAPITAL GROUP GBL GROWTH EQT,24701,24701,699.04K,699.04K,NEW,0.02%
478160104,JNJ,JOHNSON & JOHNSON,4207,4207,697.9K,697.9K,NEW,0.02%
457187102,INGR,INGREDION INC,5141,5141,695.17K,695.17K,NEW,0.02%
25659T107,DLB,DOLBY LABORATORIES INC,12144,8634,974.92K,693.14K,+246%,0.02%
00737L103,CVSA,ADTALEM GLOBAL ED INC,6861,6861,690.42K,690.42K,NEW,0.02%
33733E500,QCLN,FIRST TR,47013,24042,1.35M,689.52K,+104.7%,0.03%
04247X102,AWI,ARMSTRONG WORLD INDS INC NEW,4893,4893,689.28K,689.28K,NEW,0.02%
74347W395,GLL,PROSHARES TR II,53911,53911,683.05K,683.05K,NEW,0.02%
85423L103,SARO,STANDARDAERO INC,33877,25425,902.48K,677.32K,+300.8%,0.02%
78473E103,SPXC,SPX TECHNOLOGIES INC,5251,5251,675.91K,675.91K,NEW,0.01%
26210C104,DBX,DROPBOX INC,25314,25314,675.88K,675.88K,NEW,0.01%
78667J108,SAGE,SAGE THERAPEUTICS INC,84964,84964,675.46K,675.46K,NEW,0.01%
693656100,PVH,PVH CORPORATION,10400,10400,671.63K,671.63K,NEW,0.01%
464287770,IYG,ISHARES TR,8538,8538,670.4K,670.4K,NEW,0.01%
88031M109,TS,TENARIS S A,997607,34215,19.5M,668.86K,+3.6%,0.43%
46137V282,RSPT,INVESCO EXCHANGE TRADED FD T,19510,19510,667.63K,667.63K,NEW,0.01%
03064D108,COLD,AMERICOLD REALTY TRUST INC,30892,30892,662.94K,662.94K,NEW,0.01%
665859104,NTRS,NORTHERN TR CORP,6680,6680,658.98K,658.98K,NEW,0.01%
69366J200,PTCT,PTC THERAPEUTICS INC,12680,12680,645.98K,645.98K,NEW,0.01%
46138G615,SOXQ,INVESCO EXCH TRADED FD TR,18627,18627,626.24K,626.24K,NEW,0.01%
268150109,DT,DYNATRACE INC,13148,13148,619.93K,619.93K,NEW,0.01%
192446102,CTSH,COGNIZANT TECHNOLOGY SOLUTIO,8094,8094,619.03K,619.03K,NEW,0.01%
668771108,GEN,GEN DIGITAL INC,23231,23231,616.09K,616.09K,NEW,0.01%
91531W106,TIGR,UP FINTECH HLDG LTD,71680,71680,615.73K,615.73K,NEW,0.01%
75960P104,RELY,REMITLY GLOBAL INC,29157,29157,607.05K,607.05K,NEW,0.01%
92189H409,HYD,VANECK ETF TRUST,11847,11847,606.33K,606.33K,NEW,0.01%
116794108,BRKR,BRUKER CORP,14523,14523,606.04K,606.04K,NEW,0.01%
521865204,LEA,LEAR CORP,6866,6866,605.79K,605.79K,NEW,0.01%
690742101,OC,OWENS CORNING NEW,6046,4225,863.4K,603.35K,+232%,0.02%
12618T105,CRAI,CRA INTL INC,3449,3449,598.4K,598.4K,NEW,0.01%
004498101,ACIW,ACI WORLDWIDE INC,10901,10901,596.5K,596.5K,NEW,0.01%
16359R103,CHE,CHEMED CORP NEW,969,969,595.98K,595.98K,NEW,0.01%
00846U101,A,AGILENT TECHNOLOGIES INC,7396,5055,865.11K,591.28K,+215.9%,0.02%
902494103,TSN,TYSON FOODS INC,9113,9113,581.64K,581.64K,NEW,0.01%
941848103,WAT,WATERS CORP,1577,1577,581.24K,581.24K,NEW,0.01%
92206C664,VTWO,VANGUARD SCOTTSDALE FDS,27286,7195,2.2M,580.13K,+35.8%,0.05%
74736L109,QTWO,Q2 HLDGS INC,9979,7222,798.22K,577.69K,+262%,0.02%
457669307,INSM,INSMED INC,7486,7486,570.81K,570.81K,NEW,0.01%
00090Q103,ADT,ADT INC DEL,70004,70004,569.48K,569.48K,NEW,0.01%
G9618E107,WTM,WHITE MTNS INS GROUP LTD,294,294,567.84K,567.84K,NEW,0.01%
30225T102,EXR,EXTRA SPACE STORAGE INC,12061,3801,1.79M,564.18K,+46%,0.04%
879369106,TFX,TELEFLEX INCORPORATED,4044,4044,558.64K,558.64K,NEW,0.01%
85472N109,STN,STANTEC INC,6700,6700,558.57K,558.57K,NEW,0.01%
92204A702,VGT,VANGUARD WORLD FD,1020,1020,552.44K,552.44K,NEW,0.01%
89532M101,TRVI,TREVI THERAPEUTICS INC,86760,86760,544.42K,544.42K,NEW,0.01%
364760108,GAP,GAP INC,26103,26103,538.24K,538.24K,NEW,0.01%
68634K106,ORLA,ORLA MNG LTD NEW,56600,56600,531.59K,531.59K,NEW,0.01%
87165B103,SYF,SYNCHRONY FINANCIAL,28587,9965,1.51M,527.45K,+53.5%,0.03%
361448103,GATX,GATX CORP,3370,3370,522.99K,522.99K,NEW,0.01%
46654Q203,JEPQ,J P MORGAN EXCHANGE TRADED F NASDAQ EQT PREM,10063,10063,521.06K,521.06K,NEW,0.01%
46435G425,ESGU,ISHARES TR,4262,4262,519.45K,519.45K,NEW,0.01%
928254101,VIRT,VIRTU FINL INC,13572,13572,517.37K,517.37K,NEW,0.01%
37954Y236,DTCR,GLOBAL X FDS,31529,31529,515.81K,515.81K,NEW,0.01%
06211J100,BFC,BANK FIRST CORP,5092,5092,512.25K,512.25K,NEW,0.01%
46429B671,MCHI,ISHARES TR,9363,9363,509.44K,509.44K,NEW,0.01%
38526M106,LOPE,GRAND CANYON ED INC,8864,2936,1.53M,507.58K,+49.5%,0.03%
46144X487,TARK,INVESTMENT MANAGERS SER TR I,17340,17340,494.02K,494.02K,NEW,0.01%
651229106,NWL,NEWELL BRANDS INC,79623,79623,493.66K,493.66K,NEW,0.01%
90114C107,TUYA,TUYA INC SPONSERED,218796,161850,664.05K,491.21K,+284.2%,0.01%
G1144A105,BTBT,BIT DIGITAL INC,242748,242748,490.35K,490.35K,NEW,0.01%
184496107,CLH,CLEAN HARBORS INC,2477,2477,488.22K,488.22K,NEW,0.01%
744573106,PEG,PUBLIC SVC ENTERPRISE GRP IN,5931,5931,488.12K,488.12K,NEW,0.01%
74347X799,URTY,PROSHARES TR ULTR,107417,14141,3.69M,485.74K,+15.2%,0.08%
929042109,VNO,VORNADO RLTY TR,13076,13076,483.81K,483.81K,NEW,0.01%
00751Y106,AAP,ADVANCE AUTO PARTS INC,12302,12302,482.12K,482.12K,NEW,0.01%
G7S00T104,PNR,PENTAIR PLC,5493,5493,480.64K,480.64K,NEW,0.01%
92204A876,VPU,VANGUARD WORLD FD,7899,2781,1.35M,474.83K,+54.3%,0.03%
05379B107,AVA,AVISTA CORP,11337,11337,474.57K,474.57K,NEW,0.01%
528877103,LX,LEXINFINTECH HLDGS LTD,47076,47076,474.53K,474.53K,NEW,0.01%
109194100,BFAM,BRIGHT HORIZONS FAM SOL IN D,3735,3735,474.31K,474.31K,NEW,0.01%
25459W755,DRN,DIREXION,122000,45614,1.26M,470.96K,+59.7%,0.03%
78468R549,XES,SPDR SER TR,6534,6534,466.4K,466.4K,NEW,0.01%
071734107,BHC,BAUSCH HEALTH COS INC,71200,71200,463.72K,463.72K,NEW,0.01%
743713109,PRLB,PROTO LABS INC,13122,13122,460.06K,460.06K,NEW,0.01%
559166103,MGIC,MAGIC SOFTWARE ENTERPRISES L,46247,35129,600.29K,455.97K,+316%,0.01%
902788108,UMBF,UMB FINL CORP,4480,4480,453.2K,453.2K,NEW,0.01%
10316T104,BOX,BOX INC,14683,14683,453.19K,453.19K,NEW,0.01%
451051106,IBTA,IBOTTA INC CLASS A,10658,10658,449.45K,449.45K,NEW,<.01%
46138W107,FXY,INVESCO CURRENCYSHARES JAPAN JAPANESE YEN,7199,7199,442.74K,442.74K,NEW,<.01%
533900106,LECO,LINCOLN ELEC HLDGS INC,2313,2313,437.67K,437.67K,NEW,<.01%
032724106,ANAB,ANAPTYSBIO INC,23508,23508,437.25K,437.25K,NEW,<.01%
372303206,GMAB,GENMAB A/S,22169,22169,433.85K,433.85K,NEW,<.01%
316092873,FCOM,FIDELITY COVINGTON TRUST MSCI,7680,7680,431.65K,431.65K,NEW,<.01%
740367404,PFBC,PREFERRED BK LOS ANGELES CA,5131,5131,430.18K,430.18K,NEW,<.01%
05329W102,AN,AUTONATION INC,2656,2656,429.93K,429.93K,NEW,<.01%
740444104,PLPC,PREFORMED LINE PRODS CO,3065,3065,429.5K,429.5K,NEW,<.01%
981811102,WOR,WORTHINGTON ENTERPRISES INC,8421,8421,421.64K,421.64K,NEW,<.01%
879433829,TDS,TELEPHONE & DATA SYS INC,10859,10859,420.79K,420.79K,NEW,<.01%
53681J103,LAC,LITHIUM AMERS CORP NEW,212773,154426,577.68K,419.27K,+264.7%,0.01%
10922N103,BHF,BRIGHTHOUSE FINL INC,7221,7221,418.67K,418.67K,NEW,<.01%
53947R105,LOAR,LOAR HOLDINGS INC,5875,5875,415.25K,415.25K,NEW,<.01%
126349109,CSGS,CSG SYS INTL INC,6849,6849,413.68K,413.68K,NEW,<.01%
749685103,RPM,RPM INTL INC,3574,3574,413.51K,413.51K,NEW,<.01%
464287648,IWO,ISHARES TR,7518,1613,1.92M,412.09K,+27.3%,0.04%
25461A577,JDST,DIREXION,25499,25499,411.81K,411.81K,NEW,<.01%
01748X102,ALGT,ALLEGIANT TRAVEL CO,7847,7847,405.57K,405.57K,NEW,<.01%
G79483106,LAES,SEALSQ CORP,155837,155837,405.18K,405.18K,NEW,<.01%
M8744T106,TBLA,TABOOLA.COM LTD,162879,136448,481.31K,403.2K,+516.2%,0.01%
64125C109,NBIX,NEUROCRINE BIOSCIENCES INC,3647,3647,403.07K,403.07K,NEW,<.01%
04010E109,AGX,ARGAN INC,8202,3070,1.08M,402.72K,+59.8%,0.02%
N53745100,LYB,LYONDELLBASELL INDUSTRIES N,5700,5700,401.22K,401.22K,NEW,<.01%
128030202,CALM,CAL MAINE FOODS INC,4403,4403,400.23K,400.23K,NEW,<.01%
313148306,AGM,FEDERAL AGRIC MTG CORP,3302,2136,618.1K,399.84K,+183.2%,0.01%
985817105,YELP,YELP INC,10758,10758,398.26K,398.26K,NEW,<.01%
464288836,IHE,ISHARES TR,11838,5611,834.82K,395.69K,+90.1%,0.02%
00182C103,ANIP,ANI PHARMACEUTICALS INC,5892,5892,394.47K,394.47K,NEW,<.01%
46654Q732,JTEK,J P MORGAN EXCHANGE TRADED F U S TECH LEADERS,5814,5814,390.58K,390.58K,NEW,<.01%
46137V563,PEY,INVESCO EXCHANGE TRADED FD T,18077,18077,387.75K,387.75K,NEW,<.01%
03820C105,AIT,APPLIED INDL TECHNOLOGIES IN,4897,1717,1.1M,387.27K,+54%,0.02%
90139K100,QLTY,2023 ETF SERIES TRUST,12361,12361,386.4K,386.4K,NEW,<.01%
98980F104,GTM,ZOOMINFO TECHNOLOGIES INC,38639,38639,386K,386K,NEW,<.01%
68268W103,OMF,ONEMAIN HLDGS INC,7893,7893,385.81K,385.81K,NEW,<.01%
235825205,DAN,DANA INC,28843,28843,384.48K,384.48K,NEW,<.01%
45826J105,NTLA,INTELLIA THERAPEUTICS INC,54006,54006,382.9K,382.9K,NEW,<.01%
942749102,WTS,WATTS WATER TECHNOLOGIES INC,1876,1876,382.3K,382.3K,NEW,<.01%
G0176J109,ALLE,ALLEGION PLC,2925,2925,381.62K,381.62K,NEW,<.01%
69318J100,CNXN,PC CONNECTION INC,6102,6102,381.38K,381.38K,NEW,<.01%
046433108,ATRO,ASTRONICS CORP,15603,15603,377.12K,377.12K,NEW,<.01%
831865209,AOS,SMITH A O CORP,5748,5748,375.57K,375.57K,NEW,<.01%
695156109,PKG,PACKAGING CORP AMER,13364,1896,2.65M,375.43K,+16.5%,0.06%
G0585R106,AGO,ASSURED GUARANTY LTD,4248,4248,374.21K,374.21K,NEW,<.01%
57142B104,MQ,MARQETA INC CLASS A,122665,90015,505.38K,370.86K,+275.7%,0.01%
904311107,UAA,UNDER ARMOUR INC,76773,59209,479.83K,370.06K,+337.1%,0.01%
957090103,WABC,WESTAMERICA BANCORPORATION,7274,7274,368.28K,368.28K,NEW,<.01%
05968L102,CIB,BANCOLOMBIA S A,9137,9137,367.4K,367.4K,NEW,<.01%
23834J201,DAVE,DAVE INC CLASS A,4426,4426,366.3K,366.3K,NEW,<.01%
48553T106,BZ,KANZHUN LIMITED,19084,19084,365.84K,365.84K,NEW,<.01%
808524862,SCHO,SCHWAB STRATEGIC TR,15011,15011,365.44K,365.44K,NEW,<.01%
78464A755,XME,SPDR SER TR,6515,6515,364.64K,364.64K,NEW,<.01%
871829107,SYY,SYSCO CORP,4815,4815,361.41K,361.41K,NEW,<.01%
042735100,ARW,ARROW ELECTRS INC,3474,3474,360.5K,360.5K,NEW,<.01%
316092865,FUTY,FIDELITY COVINGTON TRUST,7033,7033,358.05K,358.05K,NEW,<.01%
680665205,OLN,OLIN CORP,14608,14608,354.1K,354.1K,NEW,<.01%
90364P105,PATH,UIPATH INC,68899,34382,709.32K,353.96K,+99.6%,0.02%
29452E101,EQH,EQUITABLE HLDGS INC,6794,6794,353.9K,353.9K,NEW,<.01%
64131A105,STIM,NEURONETICS INC,95731,95731,351.33K,351.33K,NEW,<.01%
G3855L106,GHRS,GH RESEARCH PLC,31625,31625,347.88K,347.88K,NEW,<.01%
894164102,TNL,TRAVEL PLUS LEISURE CO,7444,7444,344.47K,344.47K,NEW,<.01%
Y2990R101,HAFN,HAFNIA LTD,82761,82761,343.87K,343.87K,NEW,<.01%
433921103,HIVE,HIVE DIGITAL TECHNOLOGIES LT,254619,235244,369.2K,341.1K,+1214.2%,<.01%
G6700G107,NVT,NVENT ELECTRIC PLC,6486,6486,340.06K,340.06K,NEW,<.01%
80706P103,SRRK,SCHOLAR ROCK HLDG CORP,10544,10544,339.52K,339.52K,NEW,<.01%
49271V100,KDP,KEURIG DR PEPPER INC,9873,9873,337.85K,337.85K,NEW,<.01%
968223206,WLY,WILEY JOHN & SONS INC,7525,7525,335.35K,335.35K,NEW,<.01%
98139A105,WK,WORKIVA INC,4401,4401,333.9K,333.9K,NEW,<.01%
739276103,POWI,POWER INTEGRATIONS INC,6557,6557,331K,331K,NEW,<.01%
45782C102,FFTY,INNOVATOR ETFS TRUST,12158,12158,328.27K,328.27K,NEW,<.01%
27579R104,EWBC,EAST WEST BANCORP INC,8227,3604,738.7K,323.6K,+78%,0.02%
464287580,IYC,ISHARES TR,3618,3618,319.58K,319.58K,NEW,<.01%
203607106,CBU,COMMUNITY FINANCIAL SYSTEM I,5598,5598,318.36K,318.36K,NEW,<.01%
353514102,FELE,FRANKLIN ELEC INC,3385,3385,317.78K,317.78K,NEW,<.01%
66510M204,NAK,NORTHERN DYNASTY MINERALS LT,278300,278300,317K,317K,NEW,<.01%
64828T201,RITM,RITHM CAPITAL CORP,27554,27554,315.77K,315.77K,NEW,<.01%
50125G109,KULR,KULR TECHNOLOGY GROUP INC,240629,240629,314.02K,314.02K,NEW,<.01%
058586108,BLDP,BALLARD PWR SYS INC NEW,282500,282500,313.89K,313.89K,NEW,<.01%
78467J100,SSNC,SS&C TECHNOLOGIES HLDGS INC,3730,3730,311.64K,311.64K,NEW,<.01%
092528504,CLOA,BLACKROCK ETF TRUST,5996,5996,310.5K,310.5K,NEW,<.01%
46138E594,KBWY,INVESCO EXCH TRADED FD TR,18612,18612,310.36K,310.36K,NEW,<.01%
832248207,SFD,SMITHFIELD FOODS INC,15096,15096,307.66K,307.66K,NEW,<.01%
20464U100,COMP,COMPASS INC,94442,35209,824.48K,307.37K,+59.4%,0.02%
64031N108,NNI,NELNET INC,2765,2765,306.8K,306.8K,NEW,<.01%
96924N100,WLDN,WILLDAN GROUP INC,7468,7468,304.02K,304.02K,NEW,<.01%
71601V105,WOOF,PETCO HEALTH & WELLNESS CO I,99180,99180,301.51K,301.51K,NEW,<.01%
74347G390,SRTY,PROSHARES TR,12194,12194,301.44K,301.44K,NEW,<.01%
920253101,VMI,VALMONT INDS INC,7424,1054,2.12M,300.73K,+16.5%,0.05%
M6158M104,ITRN,ITURAN LOCATION AND CONTROL,8316,8316,300.62K,300.62K,NEW,<.01%
46137V811,PTF,INVESCO EXCHANGE TRADED FD T,5040,5040,297.06K,297.06K,NEW,<.01%
92763W103,VIPS,VIPSHOP HLDGS LTD,18908,18908,296.19K,296.19K,NEW,<.01%
801056102,SANM,SANMINA CORPORATION,3883,3883,295.92K,295.92K,NEW,<.01%
78349D107,RXST,RXSIGHT INC,11693,11693,295.25K,295.25K,NEW,<.01%
67059N108,NTNX,NUTANIX INC,9217,4223,642.79K,294.51K,+84.6%,0.01%
461804106,ITIC,INVESTORS TITLE CO NC,1216,1216,293.85K,293.85K,NEW,<.01%
144285103,CRS,CARPENTER TECHNOLOGY CORP,1617,1617,293.13K,293.13K,NEW,<.01%
492327101,KROS,KEROS THERAPEUTICS INC,28871,28871,293.04K,293.04K,NEW,<.01%
700658107,PRK,PARK NATL CORP,1931,1931,292.76K,292.76K,NEW,<.01%
422704106,HL,HECLA MNG CO,93694,52218,520.47K,290.07K,+125.9%,0.01%
501270102,KRUS,KURA SUSHI USA INC,5668,5668,289.41K,289.41K,NEW,<.01%
26922A842,JETS,ETF SER SOLUTIONS US GLB JETS,13882,13882,288.61K,288.61K,NEW,<.01%
917047102,URBN,URBAN OUTFITTERS INC,5487,5487,287.52K,287.52K,NEW,<.01%
674482203,OBE,OBSIDIAN ENERGY LTD,48600,48600,285.96K,285.96K,NEW,<.01%
876511106,TGB,TASEKO MINES LTD,126200,126200,284.85K,284.85K,NEW,<.01%
002121101,ATEN,A10 NETWORKS INC,17387,17387,284.1K,284.1K,NEW,<.01%
88322Q108,TGTX,TG THERAPEUTICS INC,7182,7182,283.19K,283.19K,NEW,<.01%
464288844,IEZ,ISHARES TR,14404,14404,281.02K,281.02K,NEW,<.01%
031100100,AME,AMETEK INC,4040,1625,695.37K,279.7K,+67.3%,0.02%
76243J105,RYTM,RHYTHM PHARMACEUTICALS INC,5278,5278,279.63K,279.63K,NEW,<.01%
87157D109,SYNA,SYNAPTICS INC,4369,4369,278.7K,278.7K,NEW,<.01%
69553P100,PD,PAGERDUTY INC,15233,15233,278.15K,278.15K,NEW,<.01%
33830T103,FSBC,FIVE STAR BANCORP,9956,9956,276.68K,276.68K,NEW,<.01%
277432100,EMN,EASTMAN CHEM CO,3132,3132,275.9K,275.9K,NEW,<.01%
72919P202,PLUG,PLUG POWER INC,440863,203659,592.96K,273.92K,+85.9%,0.01%
68621F102,ORGO,ORGANOGENESIS HLDGS INC,63478,63478,273.59K,273.59K,NEW,<.01%
893870204,TGS,TRANSPORTADORA DE GAS SUR,10328,10328,273.28K,273.28K,NEW,<.01%
74340E103,PGNY,PROGYNY INC,12181,12181,272.25K,272.25K,NEW,<.01%
817070501,SENEA,SENECA FOODS CORP NEW,3063,3063,272.06K,272.06K,NEW,<.01%
29977A105,EVR,EVERCORE INC,10309,1346,2.06M,268.67K,+15%,0.05%
25179M103,DVN,DEVON ENERGY CORP NEW,7170,7170,268.37K,268.37K,NEW,<.01%
422819102,HSII,HEIDRICK & STRUGGLES INTL IN,6214,6214,266.39K,266.39K,NEW,<.01%
87305R109,TTMI,TTM TECHNOLOGIES INC,12852,12852,263.66K,263.66K,NEW,<.01%
74347G184,BITI,PROSHARES TR,9963,9963,262.33K,262.33K,NEW,<.01%
98850P109,YUMC,YUM CHINA HLDGS INC,5034,5034,262.12K,262.12K,NEW,<.01%
17253J106,CIFR,CIPHER MINING INC,113410,113410,260.28K,260.28K,NEW,<.01%
570535104,MKL,MARKEL GROUP INC,139,139,259.63K,259.63K,NEW,<.01%
00183L201,ANGI,ANGI INC,18470,16717,284.99K,257.94K,+953.4%,<.01%
929328102,WSFS,WSFS FINL CORP,4931,4931,256.07K,256.07K,NEW,<.01%
693506107,PPG,PPG INDS INC,2319,2319,253.61K,253.61K,NEW,<.01%
76680R206,RNG,RINGCENTRAL INC,10239,10239,253.47K,253.47K,NEW,<.01%
10576N102,BRZE,BRAZE INC,7008,7008,252.99K,252.99K,NEW,<.01%
830940102,SKWD,SKYWARD SPECIALTY INS GROUP,4777,4777,252.37K,252.37K,NEW,<.01%
171779309,CIEN,CIENA CORP,4159,4159,251.29K,251.29K,NEW,<.01%
25434V815,DFSV,DIMENSIONAL ETF TRUST,29940,8904,842.06K,250.43K,+42.3%,0.02%
47737C104,JFIN,JIAYIN GROUP INC,18228,18228,250.27K,250.27K,NEW,<.01%
93403J106,WRBY,WARBY PARKER INC,13670,13670,249.07K,249.07K,NEW,<.01%
23344D108,DADA,DADA NEXUS LTD,160651,134124,298.01K,248.8K,+505.6%,<.01%
N20944109,CNH,CNH INDL N V,20211,20211,248.29K,248.29K,NEW,<.01%
45258J102,IMVT,IMMUNOVANT INC,14498,14498,247.77K,247.77K,NEW,<.01%
410867105,THG,HANOVER INS GROUP INC,1423,1423,247.62K,247.62K,NEW,<.01%
319835104,FCCO,FIRST CMNTY CORP S C,10878,10878,245.52K,245.52K,NEW,<.01%
770323103,RHI,ROBERT HALF INC.,4493,4493,245.18K,245.18K,NEW,<.01%
784117103,SEIC,SEI INVTS CO,3138,3138,243.6K,243.6K,NEW,<.01%
78573M104,SABR,SABRE CORP,86831,86831,243.56K,243.56K,NEW,<.01%
25434V302,DFAE,DIMENSIONAL ETF TRUST,9408,9408,243.43K,243.43K,NEW,<.01%
74347Y722,ZSL,PROSHARES TR II,8293,8293,243.23K,243.23K,NEW,<.01%
156431108,CENX,CENTURY ALUM CO,13055,13055,242.3K,242.3K,NEW,<.01%
G8267P108,SW,SMURFIT WESTROCK PLC,5349,5349,240.97K,240.97K,NEW,<.01%
453836108,INDB,INDEPENDENT BK CORP MASS,9103,3828,570.39K,239.86K,+72.6%,0.01%
466367109,JACK,JACK IN THE BOX INC,8756,8756,237.99K,237.99K,NEW,<.01%
394357107,GCBC,GREENE CNTY BANCORP INC,9861,9861,237.85K,237.85K,NEW,<.01%
07831C103,BRBR,BELLRING BRANDS INC,14815,3190,1.1M,237.56K,+27.4%,0.02%
49338L103,KEYS,KEYSIGHT TECHNOLOGIES INC,1579,1579,236.39K,236.39K,NEW,<.01%
25459Y207,QQQE,DIREXION,2709,2709,235.93K,235.93K,NEW,<.01%
320218100,THFF,FIRST FINANCIAL CORPORATION,4807,4807,235.5K,235.5K,NEW,<.01%
464287788,IYF,ISHARES TR,2077,2077,234.29K,234.29K,NEW,<.01%
759509102,RS,RELIANCE INC,811,811,234.1K,234.1K,NEW,<.01%
53216B104,LFMD,LIFEMD INC,43029,43029,234.08K,234.08K,NEW,<.01%
918204108,VFC,V F CORP,15039,15039,233.48K,233.48K,NEW,<.01%
13100M509,CALX,CALIX INC,6497,6497,230.64K,230.64K,NEW,<.01%
81369Y852,XLC,SELECT SECTOR SPDR TR,2382,2382,229.72K,229.72K,NEW,<.01%
81768T108,SFBS,SERVISFIRST BANCSHARES INC,2767,2767,228.55K,228.55K,NEW,<.01%
92552V100,VSAT,VIASAT INC,40855,21914,425.3K,228.12K,+115.7%,<.01%
053906103,ASM,AVINO SILVER & GOLD MINES LT,123934,123934,227.42K,227.42K,NEW,<.01%
25460E711,UTSL,DIREXION,18973,6474,660.45K,225.36K,+51.8%,0.01%
57686G105,MATX,MATSON INC,5723,1744,734.09K,223.7K,+43.8%,0.02%
46090E103,QQQ,INVESCO QQQ TR,475,475,222.74K,222.74K,NEW,<.01%
55825T103,MSGS,MADISON SQUARE GRDN SPRT COR,1140,1140,221.89K,221.89K,NEW,<.01%
104674106,BRC,BRADY CORP,3137,3137,221.66K,221.66K,NEW,<.01%
974250102,WINA,WINMARK CORP,699,699,221.51K,221.51K,NEW,<.01%
464289529,INDY,ISHARES TR,4344,4344,220.54K,220.54K,NEW,<.01%
464287796,IYE,ISHARES TR,39117,4439,1.93M,218.6K,+12.8%,0.04%
24477E103,DH,DEFINITIVE HEALTHCARE CORP CLASS A,74979,74979,217.44K,217.44K,NEW,<.01%
59100U108,CASH,PATHWARD FINANCIAL INC,6256,2925,457.19K,213.76K,+87.8%,0.01%
171077407,NAGE,NIAGEN BIOSCIENCE INC,30905,30905,212.94K,212.94K,NEW,<.01%
896095106,TCBK,TRICO BANCSHARES,5285,5285,211.4K,211.4K,NEW,<.01%
204149108,CTBI,COMMUNITY TR BANCORP INC,4173,4173,210.78K,210.78K,NEW,<.01%
000957100,ABM,ABM INDS INC,4443,4443,210.49K,210.49K,NEW,<.01%
448947507,IDT,IDT CORP,4096,4096,209.88K,209.88K,NEW,<.01%
60871R209,TAP,MOLSON COORS BEVERAGE CO CL B,3442,3442,209.58K,209.58K,NEW,<.01%
43283X105,HGV,HILTON GRAND VACATIONS INC,5556,5556,207.88K,207.88K,NEW,<.01%
03957W106,AROC,ARCHROCK INC,7917,7917,207.66K,207.66K,NEW,<.01%
46429B655,FLOT,ISHARES TR,4064,4064,207.49K,207.49K,NEW,<.01%
25862V105,DV,DOUBLEVERIFY HLDGS INC,15474,15474,206.81K,206.81K,NEW,<.01%
872280102,CGBD,CARLYLE SECURED LENDING INC,12777,12777,206.6K,206.6K,NEW,<.01%
62955J103,NOV,NOV INC,13515,13515,205.77K,205.77K,NEW,<.01%
977852102,WOLF,WOLFSPEED INC,118057,66569,360.66K,203.37K,+129.3%,<.01%
76155X100,RVMD,REVOLUTION MEDICINES INC,5729,5729,202.52K,202.52K,NEW,<.01%
093671105,HRB,BLOCK H & R INC,3675,3675,201.72K,201.72K,NEW,<.01%
50012A108,KGS,KODIAK GAS SVCS INC,5371,5371,200.18K,200.18K,NEW,<.01%
92859G608,VZLA,VIZSLA SILVER CORP,87800,87800,199.75K,199.75K,NEW,<.01%
G0084W101,ADNT,ADIENT PLC,35202,15521,452.87K,199.68K,+78.9%,0.01%
88636J790,AIYY,TIDAL TR II,41720,41720,199.42K,199.42K,NEW,<.01%
24906P109,XRAY,DENTSPLY SIRONA INC,13315,13315,198.79K,198.79K,NEW,<.01%
88427A107,THRD,THIRD HARMONIC BIO INC,56145,56145,194.82K,194.82K,NEW,<.01%
74347Y797,SCO,PROSHARES TR II,11526,11526,193.41K,193.41K,NEW,<.01%
374689107,ROCK,GIBRALTAR INDS INC,8479,3241,498.23K,190.44K,+61.9%,0.01%
816307300,SLQT,SELECTQUOTE INC,56904,56904,189.78K,189.78K,NEW,<.01%
029683109,LGTY,LOGILITY SUPPLY CHAIN SOLUTI,13278,13278,189.41K,189.41K,NEW,<.01%
86771W105,RUN,SUNRUN INC,64976,32364,379.79K,189.17K,+99.2%,<.01%
18270D106,CMTG,CLAROS MTG TR INC,50344,50344,188.03K,188.03K,NEW,<.01%
88337K401,NCTY,THE9 LTD,12589,12589,187.7K,187.7K,NEW,<.01%
31810T101,FINV,FINVOLUTION GROUP,40893,19177,394.21K,184.87K,+88.3%,<.01%
04335A105,ARVN,ARVINAS INC,25701,25701,179.91K,179.91K,NEW,<.01%
14070B309,CAPR,CAPRICOR THERAPEUTICS INC,18899,18899,179.16K,179.16K,NEW,<.01%
92891H101,SVIX,VS TRUST,136054,8524,2.76M,172.65K,+6.7%,0.06%
03969K108,ARQT,ARCUTIS BIOTHERAPEUTICS INC,11026,11026,172.34K,172.34K,NEW,<.01%
98422E103,XERS,XERIS BIOPHARMA HOLDINGS INC,31133,31133,170.61K,170.61K,NEW,<.01%
65481N100,NIU,NIU TECHNOLOGIES,41718,41718,170.42K,170.42K,NEW,<.01%
65345N106,NN,NEXTNAV INC,13977,13977,170.24K,170.24K,NEW,<.01%
85208T107,CXM,SPRINKLR INC,20356,20356,170.07K,170.07K,NEW,<.01%
92189F452,MORT,VANECK ETF TRUST,15208,15208,169.95K,169.95K,NEW,<.01%
06759L103,BBDC,BARINGS BDC INC,17740,17740,168.97K,168.97K,NEW,<.01%
403949100,DINO,HF SINCLAIR CORP,17388,5138,571.37K,168.83K,+41.9%,0.01%
02553E106,AEO,AMERICAN EAGLE OUTFITTERS IN,14352,14352,166.63K,166.63K,NEW,<.01%
62857J201,MYO,MYOMO INC,34502,34502,165.96K,165.96K,NEW,<.01%
H11356104,BG,BUNGE GLOBAL SA,7176,2119,548.25K,161.89K,+41.9%,0.01%
39304D102,GDOT,GREEN DOT CORP,18884,18884,159.47K,159.47K,NEW,<.01%
25460G815,RETL,DIREXION,68495,25796,417.48K,157.23K,+60.4%,<.01%
26853E102,EH,EHANG HLDGS LTD,47119,7525,983.37K,157.05K,+19%,0.02%
98459U103,YALA,YALLA GROUP LTD,29975,29975,156.47K,156.47K,NEW,<.01%
902685106,UDMY,UDEMY INC,19669,19669,152.73K,152.73K,NEW,<.01%
40049J206,TV,GRUPO TELEVISA S A B,84650,84650,147.71K,147.71K,NEW,<.01%
01644J108,ALKT,ALKAMI TECHNOLOGY INC,19878,5522,522K,145.01K,+38.5%,0.01%
20337X109,VISN,COMMSCOPE HLDG CO INC,66496,27260,352.43K,144.48K,+69.5%,<.01%
041242108,ARKO,ARKO CORP,35571,35571,140.68K,140.68K,NEW,<.01%
7591EP100,RF,REGIONS FINANCIAL CORP NEW,22316,6359,485.26K,138.28K,+39.9%,0.01%
83422E204,SLDB,SOLID BIOSCIENCES INC,37325,37325,138.1K,138.1K,NEW,<.01%
82835W108,SPRY,ARS PHARMACEUTICALS INC,10974,10974,138.05K,138.05K,NEW,<.01%
98585N106,YEXT,YEXT INC,22328,22328,137.88K,137.88K,NEW,<.01%
F21107101,CSTM,CONSTELLIUM SE,13542,13542,136.64K,136.64K,NEW,<.01%
G29201103,ECX,ECARX HOLDINGS INC CLASS A,130491,107230,162.46K,133.5K,+461%,<.01%
56418H100,MAN,MANPOWERGROUP INC WIS,16843,2237,975.29K,129.53K,+15.3%,0.02%
374163103,GERN,GERON CORP,80756,80756,129.21K,129.21K,NEW,<.01%
68375N103,OPK,OPKO HEALTH INC,77658,77658,128.91K,128.91K,NEW,<.01%
05508R106,BGS,B & G FOODS INC NEW,36254,18595,249.43K,127.93K,+105.3%,<.01%
G0457F107,ARCO,ARCOS DORADOS HOLDINGS INC,15846,15846,127.72K,127.72K,NEW,<.01%
55406W103,LUXE,MYT NETHERLANDS PARENT B V,16727,16727,126.46K,126.46K,NEW,<.01%
70806A106,PFLT,PENNANTPARK FLOATING RATE CA,11293,11293,126.14K,126.14K,NEW,<.01%
799566104,SANA,SANA BIOTECHNOLOGY INC,74202,74202,124.66K,124.66K,NEW,<.01%
22266M104,COUR,COURSERA INC,18523,18523,123.36K,123.36K,NEW,<.01%
90291C201,USAU,U S GOLD CORP,13516,13516,122.66K,122.66K,NEW,<.01%
M8216R109,RSKD,RISKIFIED LTD,26406,26406,121.86K,121.86K,NEW,<.01%
88025U109,TXG,10X GENOMICS INC,13932,13932,121.63K,121.63K,NEW,<.01%
M8T80P204,NEXN,NEXXEN INTL LTD,32256,14477,269.01K,120.74K,+81.4%,<.01%
384313508,EAF,GRAFTECH INTL LTD,160502,138724,139.48K,120.55K,+637%,<.01%
78163D100,RWAY,RUNWAY GROWTH FINANCE CORP,11343,11343,117.57K,117.57K,NEW,<.01%
811054402,SSP,SCRIPPS E W CO OHIO,39175,39175,115.96K,115.96K,NEW,<.01%
451033708,IBIO,IBIO INC,28850,28850,115.69K,115.69K,NEW,<.01%
25460E547,EDZ,DIREXION,14441,14441,115.24K,115.24K,NEW,<.01%
14179K101,CRGX,CARGO THERAPEUTICS INC,28050,28050,114.44K,114.44K,NEW,<.01%
82489W107,SHLS,SHOALS TECHNOLOGIES GROUP IN,33878,33878,111.8K,111.8K,NEW,<.01%
462260100,IOVA,IOVANCE BIOTHERAPEUTICS INC,32732,32732,108.83K,108.83K,NEW,<.01%
36472T109,TDAY,GANNETT CO INC,37519,37519,108.06K,108.06K,NEW,<.01%
922908512,VOE,VANGUARD INDEX FDS,2958,656,474.7K,105.27K,+28.5%,0.01%
49845K101,KVYO,KLAVIYO INC,13087,3469,395.62K,104.87K,+36.1%,<.01%
92719V100,VMEO,VIMEO INC,19089,19089,100.41K,100.41K,NEW,<.01%
G59665102,MGTX,MEIRAGTX HLDGS PLC,14334,14334,97.11K,97.11K,NEW,<.01%
N30577105,ZGN,ERMENEGILDO ZEGNA N V,13060,13060,96.71K,96.71K,NEW,<.01%
00835Q202,AEVA,AEVA TECHNOLOGIES INC,13777,13777,96.58K,96.58K,NEW,<.01%
45782T105,INMB,INMUNE BIO INC,12301,12301,95.83K,95.83K,NEW,<.01%
848560306,SPIR,SPIRE GLOBAL INC,11418,11418,92.6K,92.6K,NEW,<.01%
729139105,PLRX,PLIANT THERAPEUTICS INC,67525,67525,91.5K,91.5K,NEW,<.01%
288578107,EARN,ELLINGTON CREDIT COMPANY,16849,16849,91.49K,91.49K,NEW,<.01%
911549103,UAMY,UNITED STATES ANTIMONY CORP,40595,40595,90.32K,90.32K,NEW,<.01%
640979100,NMRA,NEUMORA THERAPEUTICS INC.,89200,89200,89.65K,89.65K,NEW,<.01%
58039P305,MUX,MCEWEN MNG INC,11513,11513,86.87K,86.87K,NEW,<.01%
83193G107,SMRT,SMARTRENT INC,70103,70103,85.17K,85.17K,NEW,<.01%
98980B103,ZIP,ZIPRECRUITER INC,14407,14407,85.14K,85.14K,NEW,<.01%
64157F103,NVRO,NEVRO CORP,14473,14473,84.59K,84.59K,NEW,<.01%
G4R20B107,INTR,INTER & CO INC CLASS A,30299,15420,165.89K,84.42K,+103.6%,<.01%
47580P103,JELD,JELD-WEN HLDG INC,26280,13674,157.02K,81.7K,+108.5%,<.01%
N44445109,IMTX,IMMATICS N.V,17940,17940,80.73K,80.73K,NEW,<.01%
30290Y101,FSCO,FS CREDIT OPPORTUNITIES CORP,11259,11259,79.38K,79.38K,NEW,<.01%
23345M107,DTM,DT MIDSTREAM INC,8813,821,849.93K,79.18K,+10.3%,0.02%
48123V102,ZD,ZIFF DAVIS INC,8408,2078,315.97K,78.09K,+32.8%,<.01%
04206A101,ARLO,ARLO TECHNOLOGIES INC,18374,7853,181.35K,77.51K,+74.6%,<.01%
G4701H109,IHS,IHS HOLDING LIMITED,48580,14764,252.86K,76.85K,+43.7%,<.01%
33833Q106,FPH,FIVE POINT HOLDINGS LLC,14310,14310,76.34K,76.34K,NEW,<.01%
015658107,ASTL,ALGOMA STL GROUP INC,14094,14094,76.25K,76.25K,NEW,<.01%
00857U107,AGL,AGILON HEALTH INC,64719,17541,280.23K,75.95K,+37.2%,<.01%
29664W105,ESPR,ESPERION THERAPEUTICS INC NE,50436,50436,72.63K,72.63K,NEW,<.01%
G9889V101,ZENV,ZENVIA INC CLASS A,33097,33097,71.16K,71.16K,NEW,<.01%
863111100,STRT,STRATTEC SEC CORP,8690,1751,340.82K,68.67K,+25.2%,<.01%
679369108,OLPX,OLAPLEX HLDGS INC,52297,52297,66.68K,66.68K,NEW,<.01%
302491303,FMC,FMC CORP,10301,1558,434.91K,65.78K,+17.8%,<.01%
04523Y105,ASPN,ASPEN AEROGELS INC,25300,10014,161.29K,63.84K,+65.5%,<.01%
500600101,KOPN,KOPIN CORP,87469,67393,81.52K,62.81K,+335.7%,<.01%
000868109,ACNB,ACNB CORP,6995,1489,287.91K,61.29K,+27%,<.01%
423403104,MOMO,HELLO GROUP INC,21255,9669,134.33K,61.11K,+83.5%,<.01%
500643200,KFY,KORN FERRY,5135,888,348.36K,60.24K,+20.9%,<.01%
00461U105,ACRS,ACLARIS THERAPEUTICS INC,39331,39331,59.78K,59.78K,NEW,<.01%
192176105,JVA,COFFEE HLDG CO INC,16662,16662,59.32K,59.32K,NEW,<.01%
29278D105,ENIC,ENEL CHILE S.A.,18105,18105,59.2K,59.2K,NEW,<.01%
23204X103,CTOS,CUSTOM TRUCK ONE SOURCE INC,13475,13475,56.93K,56.93K,NEW,<.01%
59124U605,MTA,METALLA RTY & STREAMING LTD,19372,19372,55.89K,55.89K,NEW,<.01%
23285D109,CTKB,CYTEK BIOSCIENCES INC,13896,13896,55.86K,55.86K,NEW,<.01%
74346Y103,PRO,PROS HOLDINGS INC,13990,2735,266.51K,52.1K,+24.3%,<.01%
00972D105,AKBA,AKEBIA THERAPEUTICS INC,27253,27253,52.05K,52.05K,NEW,<.01%
68134L109,OLO,OLO INC,19312,8528,116.55K,51.47K,+79.1%,<.01%
811543107,SEB,SEABOARD CORP DEL,363,19,979.36K,51.26K,+5.5%,0.02%
589492107,MREO,MEREO BIOPHARMA GROUP PLC,22687,22687,51.16K,51.16K,NEW,<.01%
74969N103,RLX,RLX TECHNOLOGY INC,26838,26838,50.59K,50.59K,NEW,<.01%
46137V498,XSMO,INVESCO EXCHANGE TRADED FD T,12045,795,755.82K,49.89K,+7.1%,0.02%
74168J101,PRME,PRIME MEDICINE INC,24802,24802,49.6K,49.6K,NEW,<.01%
019770106,ALLO,ALLOGENE THERAPEUTICS INC,33991,33991,49.46K,49.46K,NEW,<.01%
4525EP101,IMUX,IMMUNIC INC,44536,44536,48.1K,48.1K,NEW,<.01%
38246G108,GDRX,GOODRX HLDGS INC,10428,10428,46.04K,46.04K,NEW,<.01%
03237H101,AMLX,AMYLYX PHARMACEUTICALS INC,12744,12744,44.99K,44.99K,NEW,<.01%
60783X104,MODVQ,MODIVCARE INC,34038,34038,44.76K,44.76K,NEW,<.01%
731105201,PSNY,POLESTAR AUTOMOTIVE HLDG UK,74397,41703,78.49K,44K,+127.6%,<.01%
192005106,CDXS,CODEXIS INC,15399,15399,41.73K,41.73K,NEW,<.01%
M8287R202,REE,REE AUTOMOTIVE LTD,15325,15325,40.3K,40.3K,NEW,<.01%
46655E100,DC,DAKOTA GOLD CORP,15196,15196,40.12K,40.12K,NEW,<.01%
39854F101,GRND,GRINDR INC,14922,2198,267.1K,39.34K,+17.3%,<.01%
36269B105,GANX,GAIN THERAPEUTICS INC,20154,20154,38.29K,38.29K,NEW,<.01%
911805307,BSIN,U S ENERGY CORP DEL,31769,31769,38.12K,38.12K,NEW,<.01%
02451V309,ABAT,AMERICAN BATTERY TECHNOLOGY,37151,37151,37.71K,37.71K,NEW,<.01%
83422N105,SLDP,SOLID POWER INC CLASS A,35714,35714,37.14K,37.14K,NEW,<.01%
74587V107,PBYI,PUMA BIOTECHNOLOGY INC,12508,12508,37.02K,37.02K,NEW,<.01%
76152G100,RVPH,REVIVA PHARMACEUTCLS HLDGS I,38941,38941,36.88K,36.88K,NEW,<.01%
76200L309,RZLT,REZOLUTE INC,12439,12439,36.13K,36.13K,NEW,<.01%
68554V108,OSUR,ORASURE TECHNOLOGIES INC,10609,10609,35.86K,35.86K,NEW,<.01%
83191H107,SND,SMART SAND INC,13783,13783,35.7K,35.7K,NEW,<.01%
45790W108,INZY,INOZYME PHARMA INC,39496,39496,35.55K,35.55K,NEW,<.01%
N71542109,PRQR,PROQR THRAPEUTICS N V,26403,26403,35.38K,35.38K,NEW,<.01%
03589W102,ANNX,ANNEXON INC,17732,17732,34.49K,34.49K,NEW,<.01%
09077A106,BMEA,BIOMEA FUSION INC,16077,16077,34.24K,34.24K,NEW,<.01%
30219Q106,EXFY,EXPENSIFY INC,11052,11052,33.54K,33.54K,NEW,<.01%
N2451R105,CVAC,CUREVAC N V,11872,11872,33.12K,33.12K,NEW,<.01%
34385P108,LAB,STANDARD BIOTOOLS INC,30310,30310,32.89K,32.89K,NEW,<.01%
46489V302,CATX,PERSPECTIVE THERAPEUTICS INC,15158,15158,32.44K,32.44K,NEW,<.01%
654484609,NB,NIOCORP DEVS LTD,16166,16166,32.01K,32.01K,NEW,<.01%
30041R108,EVER,EVERQUOTE INC,11380,1201,298.21K,31.47K,+11.8%,<.01%
96328L205,UP,WHEELS UP EXPERIENCE INC,30355,30355,30.51K,30.51K,NEW,<.01%
14167R100,CCLD,CARECLOUD INC,21731,21731,29.99K,29.99K,NEW,<.01%
92971A109,MAPS,WM TECHNOLOGY INC,172832,25769,195.3K,29.12K,+17.5%,<.01%
157085101,CERS,CERUS CORP,20200,20200,27.98K,27.98K,NEW,<.01%
68376D104,OPRT,OPORTUN FINL CORP,41885,5094,229.53K,27.92K,+13.8%,<.01%
29479A108,ERAS,ERASCA INC,20366,20366,27.9K,27.9K,NEW,<.01%
483467106,KLTR,KALTURA INC,33673,14669,63.64K,27.72K,+77.2%,<.01%
105230106,BOF,BRANCHOUT FOOD INC,10803,10803,26.41K,26.41K,NEW,<.01%
501976104,KYTX,KYVERNA THERAPEUTICS INC,13552,13552,26.22K,26.22K,NEW,<.01%
12529R107,CCCC,C4 THERAPEUTICS INC,16009,16009,25.53K,25.53K,NEW,<.01%
00445A100,SLRN,ACELYRIN INC,10246,10246,25.26K,25.26K,NEW,<.01%
02157Q109,ANRO,ALTO NEUROSCIENCE INC,11402,11402,24.68K,24.68K,NEW,<.01%
92332V107,VTYX,VENTYX BIOSCIENCES INC,21148,21148,24.53K,24.53K,NEW,<.01%
81642T209,SLS,SELLAS LIFE SCIENCES GROUP I,20673,20673,22.22K,22.22K,NEW,<.01%
84920Y106,SPWH,SPORTSMANS WHSE HLDGS INC,82825,22140,82.33K,22.01K,+36.5%,<.01%
517125100,LRMR,LARIMAR THERAPEUTICS INC,10242,10242,21.87K,21.87K,NEW,<.01%
59102M104,MGX,METAGENOMI INC,14198,14198,19.45K,19.45K,NEW,<.01%
05581M404,BTCS,BTCS INC,11655,11655,17.48K,17.48K,NEW,<.01%
843878307,SSBK,SOUTHERN STS BANCSHARES INC,6891,458,246.7K,16.4K,+7.1%,<.01%
014442107,ALEC,ALECTOR INC,12949,12949,15.99K,15.99K,NEW,<.01%
624756102,MLI,MUELLER INDS INC,3816,194,290.44K,14.77K,+5.4%,<.01%
N44821101,IFRX,INFLARX NV,13858,13858,14.41K,14.41K,NEW,<.01%
853606101,SLI,STANDARD LITHIUM LTD,10442,10442,13.37K,13.37K,NEW,<.01%
946760105,CLMB,CLIMB GLOBAL SOLUTIONS INC,4643,111,511.84K,12.24K,+2.4%,0.01%
L02235106,AMBP,ARDAGH METAL PACKAGING S A,21999,3272,66.44K,9.88K,+17.5%,<.01%
38071H106,GROY,GOLD ROYALTY CORP,49594,6641,70.67K,9.46K,+15.5%,<.01%
29975E109,EB,EVENTBRITE INC,14751,3902,31.05K,8.21K,+36%,<.01%
14161W105,CDLX,CARDLYTICS INC,19952,3265,36.31K,5.94K,+19.6%,<.01%
75585H206,REAX,THE REAL BROKERAGE INC,18103,508,73.32K,2.06K,+2.9%,<.01%
902681105,UGI,UGI CORP NEW,29648,0,980.46K,0,NO CHANGE,0.02%
25460G856,HIBL,DIREXION,8222,0,217.39K,0,NO CHANGE,<.01%
34988V106,FOSL,FOSSIL GROUP INC,25602,-97,29.57K,-112.03,-0.4%,<.01%
202608105,CVGI,COMMERCIAL VEH GROUP INC,21061,-289,24.43K,-335.24,-1.4%,<.01%
24665A103,DK,DELEK US HLDGS INC NEW,20022,-187,301.93K,-2.82K,-0.9%,<.01%
591520200,MEI,METHODE ELECTRS INC,12359,-760,78.85K,-4.85K,-5.8%,<.01%
65345M108,NXDR,NEXTDOOR HOLDINGS INC,55323,-6035,84.37K,-9.2K,-9.8%,<.01%
14427M107,PRTS,CARPARTS COM INC,0,-10622,0,-11.42K,CLOSE,0%
00081T108,ACCO,ACCO BRANDS CORP,24590,-3334,103.16K,-13.99K,-11.9%,<.01%
68386H103,OPFI,OPPFI INC,12813,-1770,119.16K,-16.46K,-12.1%,<.01%
14019W109,CGXU,CAPITAL GROUP INTL FOCUS EQT,17804,-675,435.4K,-16.51K,-3.7%,<.01%
378973507,GSAT,GLOBALSTAR INC,28709,-837,598.87K,-17.45K,-2.8%,0.01%
47103U845,JAAA,JANUS DETROIT STR TR,6008,-441,304.7K,-22.37K,-6.8%,<.01%
76680V108,REI,RING ENERGY INC,0,-18088,0,-24.6K,CLOSE,0%
879360105,TDY,TELEDYNE TECHNOLOGIES INC,595,-53,296.18K,-26.38K,-8.2%,<.01%
683416101,OOMA,OOMA INC,11590,-2031,151.89K,-26.62K,-14.9%,<.01%
039483102,ADM,ARCHER DANIELS MIDLAND CO,5082,-564,243.96K,-27.07K,-10%,<.01%
48242W106,KBR,KBR INC,5118,-544,254.88K,-27.09K,-9.6%,<.01%
89269P103,COOK,TRAEGER INC,0,-11361,0,-27.1K,CLOSE,0%
87261Y106,TMC,TMC THE METALS COMPANY INC,0,-25245,0,-28.02K,CLOSE,0%
81578P106,SEER,SEER INC,0,-12924,0,-29.73K,CLOSE,0%
G33856108,GSM,FERROGLOBE PLC,21334,-8076,79.15K,-29.96K,-27.5%,<.01%
18453H106,CCO,CLEAR CHANNEL OUTDOOR HLDGS,0,-22717,0,-31.24K,CLOSE,0%
G5005R107,JRVR,JAMES RIV GROUP LTD,10650,-7599,44.78K,-31.95K,-41.6%,<.01%
92919F103,VOXR,VOX ROYALTY CORP,0,-13943,0,-32.56K,CLOSE,0%
592688105,MTD,METTLER TOLEDO INTERNATIONAL,3210,-28,3.79M,-33.08K,-0.9%,0.08%
56585A102,MPC,MARATHON PETE CORP,38722,-235,5.64M,-34.24K,-0.6%,0.13%
464288851,IEO,ISHARES TR,28968,-371,2.74M,-35.08K,-1.3%,0.06%
06684L103,BZUN,BAOZUN INC,0,-13886,0,-37.91K,CLOSE,0%
84757T105,MDAI,SPECTRAL AI INC,0,-13822,0,-38.98K,CLOSE,0%
00175J107,POWW,AMMO INC,0,-36663,0,-40.33K,CLOSE,0%
92347M100,VERI,VERITONE INC,0,-12485,0,-40.89K,CLOSE,0%
57777K106,MXCT,MAXCYTE INC,0,-10249,0,-42.84K,CLOSE,0%
092667104,SRTA,BLADE AIR MOBILITY INC,0,-10529,0,-44.64K,CLOSE,0%
35471R106,FSP,FRANKLIN STR PPTYS CORP,0,-24520,0,-44.75K,CLOSE,0%
947890109,WBS,WEBSTER FINL CORP,6866,-868,354.01K,-44.75K,-11.2%,<.01%
860897107,SFIX,STITCH FIX INC,0,-10763,0,-46.34K,CLOSE,0%
68622D106,ORGN,ORIGIN MATERIALS INC,0,-36670,0,-46.75K,CLOSE,0%
00288U106,ABCL,ABCELLERA BIOLOGICS INC,14584,-21872,32.38K,-48.56K,-60%,<.01%
156492100,CNTY,CENTURY CASINOS INC,0,-15302,0,-49.58K,CLOSE,0%
Y7388L103,SB,SAFE BULKERS INC,16367,-13583,60.48K,-50.19K,-45.4%,<.01%
70451A104,PAYS,PAYSIGN INC,0,-16799,0,-50.73K,CLOSE,0%
M9607U115,VLN,VALENS SEMICONDUCTOR LTD,0,-19842,0,-51.49K,CLOSE,0%
456237106,ILPT,INDUSTRIAL LOGISTICS PPTYS T,0,-14325,0,-52.36K,CLOSE,0%
M84137104,SMWB,SIMILARWEB LTD,21264,-6736,175.85K,-55.71K,-24.1%,<.01%
52603B107,TREE,LENDINGTREE INC NEW,10686,-1194,536.76K,-59.97K,-10.1%,0.01%
45569U101,INDI,INDIE SEMICONDUCTOR INC CLASS A,0,-14810,0,-59.98K,CLOSE,0%
88162F105,TTI,TETRA TECHNOLOGIES INC DEL,0,-17219,0,-61.73K,CLOSE,0%
05637B105,BLZE,BACKBLAZE INC,0,-10274,0,-61.95K,CLOSE,0%
222070203,COTY,COTY INC,20169,-11400,110.42K,-62.41K,-36.1%,<.01%
76674Q107,RMNI,RIMINI STR INC DEL,12584,-18457,43.85K,-64.32K,-59.5%,<.01%
024061103,DCH,AMERICAN AXLE & MFG HLDGS IN,12032,-16114,48.97K,-65.58K,-57.3%,<.01%
67623C109,OPI,OFFICE PPTYS INCOME TR,0,-66713,0,-66.71K,CLOSE,0%
91851C201,EGY,VAALCO ENERGY INC,0,-15440,0,-67.4K,CLOSE,0%
282914100,EGHT,8X8 INC NEW,0,-25675,0,-68.55K,CLOSE,0%
444144109,HDSN,HUDSON TECHNOLOGIES INC,12788,-11435,78.97K,-70.61K,-47.2%,<.01%
55933J203,MX,MAGNACHIP SEMICONDUCTOR CORP,11460,-20636,39.37K,-70.88K,-64.3%,<.01%
M2197Q107,CLBT,CELLEBRITE DI LTD,22181,-3719,431.2K,-72.3K,-14.4%,<.01%
00437E102,ACCD,ACCOLADE INC,0,-21508,0,-73.34K,CLOSE,0%
28414H103,ELAN,ELANCO ANIMAL HEALTH INC,12805,-7048,134.52K,-74.04K,-35.5%,<.01%
75605Y106,HOUS,ANYWHERE REAL ESTATE INC,11657,-22301,38.82K,-74.26K,-65.7%,<.01%
68622E104,BARK,BARK INC,0,-40343,0,-74.64K,CLOSE,0%
405217100,HAIN,HAIN CELESTIAL GROUP INC,0,-12217,0,-75.14K,CLOSE,0%
002205102,AZ,A2Z CUST2MATE SOLUTIONS CORP,0,-11355,0,-75.17K,CLOSE,0%
00246W103,AXTI,AXT INC,0,-34887,0,-75.36K,CLOSE,0%
433539202,HIPO,HIPPO HLDGS INC,10067,-2978,257.51K,-76.18K,-22.8%,<.01%
38741L107,GPMT,GRANITE PT MTG TR INC,0,-27543,0,-76.84K,CLOSE,0%
009496100,AIRS,AIRSCULPT TECHNOLOGIES INC,0,-15475,0,-80.16K,CLOSE,0%
320551104,DIBS,1STDIBS COM INC,0,-24187,0,-85.62K,CLOSE,0%
00810F106,ASLE,AERSALE CORPORATION,0,-13738,0,-86.62K,CLOSE,0%
52603A208,HAPN,LENDINGCLUB CORP,16470,-8512,169.89K,-87.8K,-34.1%,<.01%
Y73760400,SHIP,SEANERGY MARITIME HLDGS CORP,0,-12694,0,-88.48K,CLOSE,0%
678026105,OIS,OIL STS INTL INC,0,-17517,0,-88.99K,CLOSE,0%
277461406,KODK,EASTMAN KODAK CO,0,-13829,0,-91.41K,CLOSE,0%
09624H208,BXC,BLUELINX HLDGS INC,3214,-1242,240.5K,-92.94K,-27.9%,<.01%
981419104,WRLD,WORLD ACCEP CORPORATION,2739,-770,346.62K,-97.44K,-21.9%,<.01%
65342K105,NEXT,NEXTDECADE CORP,0,-12816,0,-98.94K,CLOSE,0%
53946R106,LDI,LOANDEPOT INC,0,-49273,0,-99.78K,CLOSE,0%
62878D100,NABL,N-ABLE INC,0,-10749,0,-100.4K,CLOSE,0%
M7S64L123,PGY,PAGAYA TECHNOLOGIES LTD,14696,-9660,154.01K,-101.24K,-39.7%,<.01%
070830104,BBWI,BATH & BODY WORKS INC,29734,-3363,901.24K,-101.93K,-10.2%,0.02%
00258Y104,ABX,ABACUS LIFE INC,0,-13045,0,-102.14K,CLOSE,0%
87936R205,VIV,TELEFONICA BRASIL SA NEW,0,-13608,0,-102.81K,CLOSE,0%
28238P109,EHTH,EHEALTH INC,0,-10940,0,-103.06K,CLOSE,0%
152006102,CGAU,CENTERRA GOLD INC,333500,-16400,2.13M,-104.69K,-4.7%,0.05%
35953D104,FUBO,FUBOTV INC,129120,-36054,377.03K,-105.28K,-21.8%,<.01%
389375106,GTN,GRAY MEDIA INC,12310,-24678,53.18K,-106.61K,-66.7%,<.01%
74347M108,PUMP,PROPETRO HLDG CORP,0,-11575,0,-108.11K,CLOSE,0%
86887Q109,NSLR,SURO CAPITAL CORP,0,-18472,0,-108.61K,CLOSE,0%
077454106,BDC,BELDEN INC,3359,-1091,336.87K,-109.42K,-24.5%,<.01%
754730109,RJF,RAYMOND JAMES FINL INC,2670,-804,370.68K,-111.62K,-23.1%,<.01%
04302A104,AIP,ARTERIS INC,0,-11073,0,-112.61K,CLOSE,0%
M51474118,GILT,GILAT SATELLITE NETWORKS LTD,0,-18525,0,-113.74K,CLOSE,0%
589400100,MCY,MERCURY GENL CORP NEW,6633,-2047,370.72K,-114.41K,-23.6%,<.01%
21240E105,VLRS,CONTROLADORA VUELA COMP DE A,0,-15384,0,-114.53K,CLOSE,0%
628464109,MYE,MYERS INDS INC,0,-10371,0,-114.6K,CLOSE,0%
08862E109,BYND,BEYOND MEAT INC,0,-30753,0,-115.63K,CLOSE,0%
00827B106,AFRM,AFFIRM HLDGS INC,123235,-2612,5.57M,-118.01K,-2.1%,0.12%
29415J106,NVNO,ENVVENO MEDICAL CORPORATION,0,-39229,0,-118.86K,CLOSE,0%
75524W108,RMAX,RE MAX HLDGS INC,0,-11451,0,-122.35K,CLOSE,0%
206787103,CNDT,CONDUENT INC,0,-30805,0,-124.14K,CLOSE,0%
48716P108,KRNY,KEARNY FINL CORP MD,0,-17653,0,-124.98K,CLOSE,0%
294628102,EQC,EQUITY COMWLTH,0,-70113,0,-125.15K,CLOSE,0%
87484T108,TALO,TALOS ENERGY INC,0,-12917,0,-125.42K,CLOSE,0%
45783Q100,NOTV,INOTIV INC,0,-30812,0,-127.25K,CLOSE,0%
04342Y104,ASAN,ASANA INC,10011,-8826,145.81K,-128.55K,-46.9%,<.01%
03748R747,AIV,APARTMENT INVT & MGMT CO,0,-14192,0,-129.08K,CLOSE,0%
25862B109,DDI,DOUBLEDOWN INTERACTIVE CO LT,0,-12519,0,-130.32K,CLOSE,0%
55345K103,MRC,MRC GLOBAL INC,0,-10243,0,-131.01K,CLOSE,0%
645827205,IDR,IDAHO STRATEGIC RESOURCES,0,-13011,0,-133.1K,CLOSE,0%
018581108,BFH,BREAD FINANCIAL HOLDINGS INC,8852,-2805,443.04K,-140.39K,-24.1%,<.01%
25961D105,DOUG,DOUGLAS ELLIMAN INC,30199,-83469,51.79K,-143.15K,-73.4%,<.01%
88830M102,TWI,TITAN INTL INC ILL,0,-21723,0,-147.82K,CLOSE,0%
724479100,PBI,PITNEY BOWES INC,0,-20447,0,-148.04K,CLOSE,0%
431636109,HLMN,HILLMAN SOLUTIONS CORP,0,-15941,0,-155.11K,CLOSE,0%
203668108,CYH,COMMUNITY HEALTH SYS INC NEW,76721,-57599,207.53K,-155.81K,-42.9%,<.01%
535919401,LGFA,LIONS GATE ENTMNT CORP,0,-18451,0,-157.66K,CLOSE,0%
91544A109,UPLD,UPLAND SOFTWARE INC,0,-36397,0,-158.51K,CLOSE,0%
108621103,BWB,BRIDGEWATER BANCSHARES INC,0,-11862,0,-160.26K,CLOSE,0%
909214306,UIS,UNISYS CORP,0,-25668,0,-162.22K,CLOSE,0%
63008G203,NNDM,NANO DIMENSION LTD,0,-65546,0,-162.23K,CLOSE,0%
45174J509,IHRT,IHEARTMEDIA INC,0,-82338,0,-163.85K,CLOSE,0%
L00849106,AGRO,ADECOAGRO S A,0,-17756,0,-167.62K,CLOSE,0%
69376K106,RPC,P10 INC,0,-13547,0,-170.96K,CLOSE,0%
150870103,CE,CELANESE CORP DEL,15289,-3021,868.26K,-171.56K,-16.5%,0.02%
46434V647,REET,ISHARES TR,49571,-7193,1.2M,-174.5K,-12.7%,0.03%
960413102,WLK,WESTLAKE CORPORATION,2298,-1752,229.93K,-175.3K,-43.3%,<.01%
163092109,CHGG,CHEGG INC,0,-109905,0,-177.5K,CLOSE,0%
442487401,HOV,HOVNANIAN ENTERPRISES INC,2074,-1707,217.27K,-178.83K,-45.1%,<.01%
602566309,MIND,MIND TECHNOLOGY INC,0,-22596,0,-179.19K,CLOSE,0%
090572207,BIO,BIO RAD LABS INC,1064,-736,259.17K,-179.27K,-40.9%,<.01%
02156K103,OPTU,ALTICE USA INC,0,-74509,0,-180.31K,CLOSE,0%
M81865111,RDCM,RADCOM LTD,0,-14578,0,-180.33K,CLOSE,0%
916896103,UEC,URANIUM ENERGY CORP,0,-27187,0,-182.43K,CLOSE,0%
09352U108,BLND,BLEND LABS INC,0,-43354,0,-182.74K,CLOSE,0%
G1466R173,BORR,BORR DRILLING LTD,15922,-84621,34.95K,-185.74K,-84.2%,<.01%
20451N101,CMP,COMPASS MINERALS INTL INC,0,-16660,0,-187.68K,CLOSE,0%
533535100,LINC,LINCOLN EDL SVCS CORP,0,-11913,0,-188.4K,CLOSE,0%
Y10230103,BWLP,BW LPG LTD,18972,-17463,206.23K,-189.82K,-47.9%,<.01%
M0854Q105,ALLT,ALLOT LTD,0,-31957,0,-190.14K,CLOSE,0%
401617105,GES,GUESS INC,0,-13701,0,-192.5K,CLOSE,0%
G4660A103,HSHP,HIMALAYA SHIPPING LTD,0,-39893,0,-194.28K,CLOSE,0%
393222104,GPRE,GREEN PLAINS INC,0,-20563,0,-195.14K,CLOSE,0%
94188P101,WSBF,WATERSTONE FINL INC MD,0,-14548,0,-195.67K,CLOSE,0%
591774104,MCB,METROPOLITAN BK HLDG CORP,7327,-3499,410.68K,-196.12K,-32.3%,<.01%
11373M107,BRKL,BROOKLINE BANCORP INC DEL,0,-16737,0,-197.33K,CLOSE,0%
92338C103,VLTO,VERALTO CORP,10203,-2026,994.08K,-197.39K,-16.6%,0.02%
63845R107,EYE,NATIONAL VISION HLDGS INC,0,-19025,0,-198.24K,CLOSE,0%
84265V105,SCCO,SOUTHERN COPPER CORP,12894,-2152,1.2M,-201.02K,-14.3%,0.03%
58463J304,MPT,MEDICAL PPTYS TRUST INC,68920,-33552,415.24K,-202.15K,-32.7%,<.01%
87318A101,TWFG,TWFG INC,0,-6552,0,-202.26K,CLOSE,0%
675746606,ONIT,ONITY GROUP INC,0,-6677,0,-204.65K,CLOSE,0%
890110109,TMP,TOMPKINS FINL CORP,6874,-3295,429.76K,-206K,-32.4%,<.01%
Y2685T131,GNK,GENCO SHIPPING & TRADING LTD,0,-14804,0,-206.44K,CLOSE,0%
254067101,DDS,DILLARDS INC,0,-481,0,-207.36K,CLOSE,0%
20603L102,CON,CONCENTRA GROUP HOLDINGS PAR,0,-10503,0,-207.96K,CLOSE,0%
810186106,SMG,SCOTTS MIRACLE-GRO CO,0,-3135,0,-208.29K,CLOSE,0%
86722A103,SXC,SUNCOKE ENERGY INC,0,-19494,0,-208.49K,CLOSE,0%
G9087Q102,TROX,TRONOX HOLDINGS PLC,23667,-29662,166.38K,-208.52K,-55.6%,<.01%
78351F107,RYAN,RYAN SPECIALTY HOLDINGS INC,3406,-2848,251.63K,-210.41K,-45.5%,<.01%
302130109,EXPD,EXPEDITORS INTL WASH INC,0,-1902,0,-210.69K,CLOSE,0%
045487105,ASB,ASSOCIATED BANC CORP,0,-8839,0,-211.16K,CLOSE,0%
25434V799,DFIC,DIMENSIONAL ETF TRUST,0,-8198,0,-211.88K,CLOSE,0%
843380106,SMBC,SOUTHERN MO BANCORP INC,0,-3710,0,-213.25K,CLOSE,0%
35953C106,FIP,FTAI INFRASTRUCTURE INC,0,-29382,0,-213.61K,CLOSE,0%
30263Y104,FSBW,FS BANCORP INC,0,-5219,0,-214.34K,CLOSE,0%
23292B104,HEPS,D MARKET ELECTR SVCS & TRADI,0,-71114,0,-216.19K,CLOSE,0%
20848V105,CCSI,CONSENSUS CLOUD SOLUTIONS IN,0,-9119,0,-217.12K,CLOSE,0%
Y4600W108,KARO,KAROOOOO LTD,0,-4827,0,-217.65K,CLOSE,0%
52661A108,DRS,LEONARDO DRS INC,0,-6757,0,-218.25K,CLOSE,0%
399909100,GGAL,GRUPO FINANCIERO GALICIA S.A,0,-3531,0,-219.95K,CLOSE,0%
G5S37H101,MRX,MAREX GROUP PLC,8206,-6243,290.33K,-220.88K,-43.2%,<.01%
29460X109,EQBK,EQUITY BANCSHARES INC,0,-5199,0,-221.04K,CLOSE,0%
343873105,FFIC,FLUSHING FINL CORP,0,-15585,0,-222.24K,CLOSE,0%
G4690M101,IBEX,IBEX LTD,0,-10357,0,-222.57K,CLOSE,0%
45688C107,NGVT,INGEVITY CORP,0,-5477,0,-223.19K,CLOSE,0%
806037107,SCSC,SCANSOURCE INC,0,-4716,0,-223.54K,CLOSE,0%
008474108,AEM,AGNICO EAGLE MINES LTD,0,-2859,0,-223.6K,CLOSE,0%
25264R207,DHIL,DIAMOND HILL INVT GROUP INC,2649,-1563,379.6K,-223.98K,-37.1%,<.01%
750236101,RDN,RADIAN GROUP INC,0,-7177,0,-227.65K,CLOSE,0%
30050B101,EVH,EVOLENT HEALTH INC,13197,-24144,125.04K,-228.77K,-64.7%,<.01%
92828Q109,VRTS,VIRTUS INVT PARTNERS INC,1956,-1329,336.82K,-228.85K,-40.5%,<.01%
25461A387,KORU,DIREXION,15197,-5983,581.44K,-228.91K,-28.2%,0.01%
78464A599,XSW,SPDR SER TR,0,-1212,0,-229.18K,CLOSE,0%
320557101,INBK,FIRST INTERNET BANCORP,0,-6392,0,-230.05K,CLOSE,0%
704699107,PGC,PEAPACK-GLADSTONE FINL CORP,0,-7196,0,-230.27K,CLOSE,0%
G8437Q101,STFS,STAR FASHION CULTURE HLDGS L,0,-32381,0,-232.17K,CLOSE,0%
852234103,XYZ,BLOCK INC,0,-2733,0,-232.33K,CLOSE,0%
23204G100,CUBI,CUSTOMERS BANCORP INC,7372,-4628,370.22K,-232.42K,-38.6%,<.01%
G38327105,GPRK,GEOPARK LTD USD,21698,-29246,175.1K,-236.02K,-57.4%,<.01%
91359E105,UHT,UNIVERSAL HEALTH RLTY INCOME SH BEN INT,0,-6366,0,-236.94K,CLOSE,0%
74275G107,PRTH,PRIORITY TECHNOLOGY HLDGS IN,0,-20154,0,-237.01K,CLOSE,0%
644393100,NFE,NEW FORTRESS ENERGY INC,0,-15704,0,-237.6K,CLOSE,0%
G42706104,HG,HAMILTON INSURANCE GROUP LTD,0,-12539,0,-238.55K,CLOSE,0%
398182303,AHR,AMERICAN HEALTHCARE REIT INC,0,-8410,0,-238.93K,CLOSE,0%
747301109,QUAD,QUAD / GRAPHICS INC,0,-34431,0,-239.64K,CLOSE,0%
840441109,SSB,SOUTHSTATE CORPORATION,0,-2410,0,-239.79K,CLOSE,0%
07556Q881,BZH,BEAZER HOMES USA INC,0,-8815,0,-241.97K,CLOSE,0%
302492103,FLYW,FLYWIRE CORPORATION,0,-11745,0,-242.3K,CLOSE,0%
703343103,PATK,PATRICK INDS INC,0,-2950,0,-245.18K,CLOSE,0%
143905107,CSV,CARRIAGE SVCS INC,0,-6183,0,-247.07K,CLOSE,0%
25445D101,DDL,DINGDONG CAYMAN LTD,29072,-91468,78.64K,-247.42K,-75.9%,<.01%
022671101,AMAL,AMALGAMATED FINANCIAL CORP,0,-7418,0,-248.35K,CLOSE,0%
464287713,IYZ,ISHARES TR,0,-9296,0,-249.5K,CLOSE,0%
53635B107,LQDT,LIQUIDITY SVCS INC,0,-7764,0,-251.01K,CLOSE,0%
02875D109,AOUT,AMERICAN OUTDOOR BRANDS INC,0,-16521,0,-251.94K,CLOSE,0%
69318G106,PBF,PBF ENERGY INC,12452,-13265,237.83K,-253.36K,-51.6%,<.01%
Y23592135,ESEA,EUROSEAS LTD,0,-7001,0,-253.44K,CLOSE,0%
34354P105,FLS,FLOWSERVE CORP,0,-4421,0,-254.34K,CLOSE,0%
78464A763,SDY,SPDR SER TR,0,-1926,0,-254.43K,CLOSE,0%
201723103,CMC,COMMERCIAL METALS CO,0,-5170,0,-256.48K,CLOSE,0%
56064Q107,MEGI,NYLI CBRE GBL INFR MEGTRNDS,0,-21142,0,-257.72K,CLOSE,0%
50050N103,KTB,KONTOOR BRANDS INC,0,-3022,0,-258.17K,CLOSE,0%
40051E202,ASR,GRUPO AEROPORTUARIO DEL SURE,1652,-944,451.89K,-258.22K,-36.4%,0.01%
78468R408,SJNK,SPDR SER TR,0,-10231,0,-258.44K,CLOSE,0%
204166102,CVLT,COMMVAULT SYS INC,0,-1733,0,-261.53K,CLOSE,0%
33739Q200,LMBS,FIRST TR,0,-5373,0,-261.56K,CLOSE,0%
358054104,FRSH,FRESHWORKS INC CLASS A,0,-16227,0,-262.39K,CLOSE,0%
654110303,NKLAQ,NIKOLA CORP,0,-221697,0,-262.71K,CLOSE,0%
91823B109,UWMC,UWM HOLDINGS CORPORATION,0,-44683,0,-262.74K,CLOSE,0%
488401100,KMPR,KEMPER CORP,0,-3964,0,-263.33K,CLOSE,0%
29911Q208,EVBN,EVANS BANCORP INC,0,-6101,0,-263.62K,CLOSE,0%
700666100,PKOH,PARK-OHIO HLDGS CORP,0,-10100,0,-264.22K,CLOSE,0%
044186104,ASH,ASHLAND INC,5706,-4487,338.31K,-266.03K,-44%,<.01%
97717X669,DGRW,WISDOMTREE TR,0,-3296,0,-266.7K,CLOSE,0%
457152106,INGM,INGRAM MICRO HLDG CORP,0,-13821,0,-266.88K,CLOSE,0%
600551204,MLR,MILLER INDS INC TENN,0,-4094,0,-267.05K,CLOSE,0%
78377T107,RHP,RYMAN HOSPITALITY PPTYS INC,0,-2564,0,-267.55K,CLOSE,0%
084680107,BBT,BERKSHIRE HILLS BANCORP INC,0,-9430,0,-268.1K,CLOSE,0%
444097109,HPP,HUDSON PAC PPTYS INC,42600,-90902,125.88K,-268.62K,-68.1%,<.01%
12503M108,CBOE,CBOE GLOBAL MKTS INC,4191,-1191,947.67K,-269.31K,-22.1%,0.02%
11285B108,BEPC,BROOKFIELD RENEWABLE CORP,0,-9740,0,-269.41K,CLOSE,0%
596680108,MSEX,MIDDLESEX WTR CO,0,-5168,0,-271.99K,CLOSE,0%
626717102,MUR,MURPHY OIL CORP,0,-9002,0,-272.26K,CLOSE,0%
78463X889,SPDW,SPDR INDEX,0,-8006,0,-273.37K,CLOSE,0%
74874Q100,QNST,QUINSTREET INC,0,-12038,0,-277.48K,CLOSE,0%
808524763,FNDA,SCHWAB STRATEGIC TR,7812,-10188,213.85K,-278.9K,-56.6%,<.01%
714266103,PPTA,PERPETUA RESOURCES CORP,0,-26315,0,-281.04K,CLOSE,0%
90353W103,UI,UBIQUITI INC,0,-849,0,-282.46K,CLOSE,0%
921937827,BSV,VANGUARD BD INDEX FDS,0,-3662,0,-282.93K,CLOSE,0%
33738D879,RDVI,FIRST TR,0,-11685,0,-282.95K,CLOSE,0%
21871N101,CXW,CORECIVIC INC,0,-13024,0,-283.4K,CLOSE,0%
00191U102,EFOR,ASGN INC,6316,-4527,398.1K,-285.34K,-41.8%,<.01%
172922106,CZNC,CITIZENS & NORTHN CORP,0,-15465,0,-286.72K,CLOSE,0%
05278C107,ATHM,AUTOHOME INC SP ADS RP,0,-11235,0,-291.44K,CLOSE,0%
46432F842,IEFA,ISHARES TR,0,-4147,0,-291.56K,CLOSE,0%
50187T106,LGIH,LGI HOMES INC,0,-3262,0,-291.59K,CLOSE,0%
861896108,SNEX,STONEX GROUP INC,0,-2979,0,-291.64K,CLOSE,0%
05465C100,AX,AXOS FINANCIAL INC,3532,-4527,227.96K,-292.17K,-56.2%,<.01%
313855108,FSS,FEDERAL SIGNAL CORP,0,-3173,0,-293.3K,CLOSE,0%
666762109,NRIM,NORTHRIM BANCORP INC,3819,-3991,280.66K,-293.3K,-51.1%,<.01%
733245104,PRCH,PORCH GROUP INC,0,-59599,0,-293.82K,CLOSE,0%
902673102,UFPT,UFP TECHNOLOGIES INC,0,-1204,0,-294.39K,CLOSE,0%
400506101,PAC,GRUPO AEROPUERTO DEL PACIFIC,0,-1684,0,-294.41K,CLOSE,0%
73931J109,AIOT,POWERFLEET INC,21871,-54362,119.74K,-297.63K,-71.3%,<.01%
19247A100,CNS,COHEN & STEERS INC,0,-3251,0,-300.07K,CLOSE,0%
G68707101,PAGS,PAGSEGURO DIGITAL LTD,42612,-39522,324.49K,-300.96K,-48.1%,<.01%
03073E105,COR,CENCORA INC,0,-1344,0,-302.09K,CLOSE,0%
346232101,FOR,FORESTAR GROUP INC,0,-11725,0,-303.91K,CLOSE,0%
90337L108,USPH,U S PHYSICAL THERAPY,0,-3446,0,-306.12K,CLOSE,0%
285409108,ELMD,ELECTROMED INC,0,-10354,0,-306.22K,CLOSE,0%
940610108,WASH,WASHINGTON TR BANCORP INC,0,-9824,0,-307.98K,CLOSE,0%
164024101,CHMG,CHEMUNG FINL CORP,0,-6297,0,-308.05K,CLOSE,0%
69354N106,PRAA,PRA GROUP INC,0,-14818,0,-308.95K,CLOSE,0%
832696405,SJM,SMUCKER J M CO,0,-2809,0,-309.24K,CLOSE,0%
04911A107,AUB,ATLANTIC UN BANKSHARES CORP,0,-8173,0,-309.59K,CLOSE,0%
29260V105,DAVA,ENDAVA PLC,0,-9999,0,-309.67K,CLOSE,0%
92206C409,VCSH,VANGUARD SCOTTSDALE FDS SHRT TRM CORP,0,-3977,0,-310.29K,CLOSE,0%
01625V104,ALHC,ALIGNMENT HEALTHCARE INC,0,-27588,0,-310.64K,CLOSE,0%
G4809J106,IGIC,INTL GNRL INSURANCE HLDNGS L,0,-13121,0,-311.23K,CLOSE,0%
267475101,DY,DYCOM INDS INC,0,-1787,0,-311.46K,CLOSE,0%
89400J107,TRU,TRANSUNION,13613,-3775,1.13M,-313.02K,-21.7%,0.03%
700885106,PKBK,PARKE BANCORP INC,0,-15411,0,-315.77K,CLOSE,0%
687380105,ORRF,ORRSTOWN FINL SVCS INC,0,-8661,0,-317.17K,CLOSE,0%
880345103,TNC,TENNANT CO,0,-3899,0,-317.85K,CLOSE,0%
974155103,WING,WINGSTOP INC,0,-1120,0,-318.27K,CLOSE,0%
G8060N102,ST,SENSATA TECHNOLOGIES HLDG PL,0,-11684,0,-320.02K,CLOSE,0%
090043100,BILL,BILL HOLDINGS INC,10237,-6987,469.88K,-320.7K,-40.6%,0.01%
296315104,ESE,ESCO TECHNOLOGIES INC,0,-2413,0,-321.39K,CLOSE,0%
98262P101,WW,WW INTL INC,0,-254258,0,-321.64K,CLOSE,0%
760759100,RSG,REPUBLIC SVCS INC,0,-1600,0,-321.9K,CLOSE,0%
05478C105,AZEK,AZEK CO INC,0,-6808,0,-323.21K,CLOSE,0%
45781V101,IIPR,INNOVATIVE INDL PPTYS INC,14802,-5997,800.05K,-324.14K,-28.8%,0.02%
398905109,GPI,GROUP 1 AUTOMOTIVE INC,992,-854,378.88K,-326.18K,-46.3%,<.01%
221006109,CRVL,CORVEL CORP,0,-2944,0,-327.58K,CLOSE,0%
258278100,DORM,DORMAN PRODS INC,2234,-2753,269.24K,-331.79K,-55.2%,<.01%
361008105,FNKO,FUNKO INC,0,-25314,0,-338.7K,CLOSE,0%
29605J106,ESAB,ESAB CORPORATION,0,-2840,0,-340.29K,CLOSE,0%
G2143T103,CMPR,CIMPRESS PLC,0,-4782,0,-343.01K,CLOSE,0%
46817M107,JXN,JACKSON FINANCIAL INC,14662,-4146,1.23M,-347.25K,-22%,0.03%
858586100,SCL,STEPAN CO,0,-5399,0,-349.26K,CLOSE,0%
45769N105,IA,INNOVATIVE SOLUTIONS & SUPPO,0,-41778,0,-355.95K,CLOSE,0%
G4388N106,HELE,HELEN OF TROY LTD,0,-5960,0,-356.65K,CLOSE,0%
93148P102,WD,WALKER & DUNLOP INC,0,-3686,0,-358.57K,CLOSE,0%
919794107,VLY,VALLEY NATL BANCORP,0,-40066,0,-362.6K,CLOSE,0%
750491102,RDNT,RADNET INC,0,-5196,0,-362.89K,CLOSE,0%
464287762,IYH,ISHARES TR,0,-6237,0,-363.59K,CLOSE,0%
974637100,WGO,WINNEBAGO INDS INC,0,-7694,0,-367.54K,CLOSE,0%
29082K105,EMBC,EMBECTA CORP,0,-18148,0,-374.76K,CLOSE,0%
G9456A100,GLNG,GOLAR LNG LTD,8277,-9865,314.44K,-374.77K,-54.4%,<.01%
46137V464,XMMO,INVESCO EXCHANGE TRADED FD T,0,-3036,0,-374.88K,CLOSE,0%
10950A106,BTSG,BRIGHTSPRING HEALTH SVCS INC,0,-22000,0,-375.1K,CLOSE,0%
921937819,BIV,VANGUARD BD INDEX FDS,0,-5028,0,-375.69K,CLOSE,0%
44930G107,ICUI,ICU MED INC,0,-2434,0,-377.2K,CLOSE,0%
12135Y108,BHRB,BURKE HERBERT FINL SVCS CORP,7636,-6795,428K,-380.86K,-47.1%,<.01%
464287242,LQD,ISHARES TR,0,-3585,0,-383.02K,CLOSE,0%
298736109,EEFT,EURONET WORLDWIDE INC,0,-3738,0,-384.38K,CLOSE,0%
464288620,USIG,ISHARES TR,0,-7728,0,-388.52K,CLOSE,0%
35138V102,FOXF,FOX FACTORY HLDG CORP,0,-12879,0,-389.59K,CLOSE,0%
02215L209,KNTK,KINETIK HOLDINGS INC COM NEW,7153,-7516,371.49K,-390.34K,-51.2%,<.01%
87724P106,TMHC,TAYLOR MORRISON HOME CORP,8260,-6558,495.6K,-393.48K,-44.3%,0.01%
25460G328,DRIP,DIREXION,0,-36156,0,-394.1K,CLOSE,0%
70805E109,PNTG,PENNANT GROUP INC,0,-14894,0,-394.69K,CLOSE,0%
70932M107,PFSI,PENNYMAC FINL SVCS INC NEW,0,-3868,0,-395K,CLOSE,0%
97717X578,XSOE,WISDOMTREE TR,0,-13085,0,-398.57K,CLOSE,0%
23804L103,DDOG,DATADOG INC,0,-2796,0,-399.27K,CLOSE,0%
349853101,FWRD,FORWARD AIR CORP,0,-12396,0,-400.14K,CLOSE,0%
731068102,PII,POLARIS INC,0,-7046,0,-405.85K,CLOSE,0%
78440X887,SLG,SL GREEN RLTY CORP,12356,-7057,713.19K,-407.33K,-36.4%,0.02%
635906100,NHC,NATIONAL HEALTHCARE CORP,0,-3789,0,-407.36K,CLOSE,0%
808513105,SCHW,SCHWAB CHARLES CORP,0,-5536,0,-409.66K,CLOSE,0%
617700109,MORN,MORNINGSTAR INC,0,-1220,0,-410.79K,CLOSE,0%
02005N100,ALLY,ALLY FINL INC,0,-11411,0,-410.91K,CLOSE,0%
92206C706,VGIT,VANGUARD SCOTTSDALE FDS,0,-7094,0,-411.45K,CLOSE,0%
784305104,HTO,SJW GROUP,0,-8373,0,-412.12K,CLOSE,0%
81761L102,SVC,SERVICE PPTYS TR,12323,-157879,32.23K,-412.86K,-92.8%,<.01%
733174700,BPOP,POPULAR INC,0,-4390,0,-413.06K,CLOSE,0%
88025T102,TENB,TENABLE HLDGS INC,0,-10600,0,-417.43K,CLOSE,0%
23355L106,DXC,DXC TECHNOLOGY CO,0,-20981,0,-419.41K,CLOSE,0%
464287606,IJK,ISHARES TR,0,-4611,0,-419.56K,CLOSE,0%
339750101,FND,FLOOR & DECOR HLDGS INC,0,-4236,0,-422.33K,CLOSE,0%
37247D106,GNW,GENWORTH FINL INC,0,-60542,0,-423.79K,CLOSE,0%
204448104,BVN,COMPANIA DE MINAS BUENAVENTU,0,-36997,0,-425.83K,CLOSE,0%
88162G103,TTEK,TETRA TECH INC NEW,0,-10727,0,-427.47K,CLOSE,0%
87161C501,SNV,SYNOVUS FINL CORP,9636,-9263,450K,-432.58K,-49%,<.01%
87265H109,TPH,TRI POINTE HOMES INC,0,-11979,0,-434.36K,CLOSE,0%
550241103,LUMN,LUMEN TECHNOLOGIES INC,147430,-111071,577.19K,-434.84K,-43%,0.01%
86272C103,STRA,STRATEGIC ED INC,0,-4653,0,-434.96K,CLOSE,0%
40416E103,HCI,HCI GROUP INC,0,-3819,0,-445.43K,CLOSE,0%
317585404,FISI,FINANCIAL INSTNS INC,0,-16376,0,-446.9K,CLOSE,0%
49456W105,KLC,KINDERCARE LEARNING COMPANIE,0,-25142,0,-447.65K,CLOSE,0%
294268107,PLUS,EPLUS INC,0,-6079,0,-449.12K,CLOSE,0%
70439P108,PAY,PAYMENTUS HOLDINGS INC,10302,-17428,269.19K,-455.39K,-62.8%,<.01%
71424F105,PR,PERMIAN RESOURCES CORP CLASS A,0,-32227,0,-463.75K,CLOSE,0%
464286665,EPP,ISHARES INC,0,-10700,0,-468.5K,CLOSE,0%
500688106,KOS,KOSMOS ENERGY LTD,0,-140927,0,-482.68K,CLOSE,0%
55306N104,MKSI,MKS INSTRS INC,4740,-6057,380.24K,-485.89K,-56.1%,<.01%
911163103,UNFI,UNITED NAT FOODS INC,0,-17830,0,-487.12K,CLOSE,0%
45073V108,ITT,ITT INC,0,-3425,0,-489.33K,CLOSE,0%
233377407,DXPE,DXP ENTERPRISES INC,0,-5923,0,-490.01K,CLOSE,0%
G39637205,GOGL,GOLDEN OCEAN GROUP LTD,0,-54709,0,-490.47K,CLOSE,0%
G3398L118,PLGO,FIDELIS INSURANCE HOLDINGS L,0,-27117,0,-491.63K,CLOSE,0%
03674X106,AR,ANTERO RESOURCES CORP,0,-14076,0,-493.36K,CLOSE,0%
117043109,BC,BRUNSWICK CORP,0,-7655,0,-495.13K,CLOSE,0%
68213N109,OMCL,OMNICELL COM,0,-11172,0,-497.6K,CLOSE,0%
04914Y102,ATLC,ATLANTICUS HOLDINGS CORP,0,-8921,0,-497.61K,CLOSE,0%
465741106,ITRI,ITRON INC,0,-4598,0,-499.39K,CLOSE,0%
687793109,OSCR,OSCAR HEALTH INC,24104,-38096,316.12K,-499.63K,-61.2%,<.01%
G7496G103,RNR,RENAISSANCERE HLDGS LTD,0,-2007,0,-499.74K,CLOSE,0%
69380Q107,PACS,PACS GROUP INC,21609,-44542,243.1K,-501.1K,-67.3%,<.01%
12634H200,PMTS,CPI CARD GROUP INC,0,-16786,0,-501.57K,CLOSE,0%
92242T101,VVX,V2X INC,0,-10582,0,-505.98K,CLOSE,0%
92837L109,VIST,VISTA ENERGY S.A.B. DE C.V.,0,-9367,0,-506.71K,CLOSE,0%
69753M105,PLMR,PALOMAR HLDGS INC,0,-4809,0,-508.55K,CLOSE,0%
039653100,ACA,ARCOSA INC,0,-5282,0,-511.25K,CLOSE,0%
808524839,SCHZ,SCHWAB STRATEGIC TR,0,-22869,0,-519.24K,CLOSE,0%
002474104,AZZ,AZZ INC,0,-6359,0,-521.44K,CLOSE,0%
464287887,IJT,ISHARES TR,0,-3859,0,-522.7K,CLOSE,0%
74767V109,QS,QUANTUMSCAPE CORP,0,-101150,0,-525.47K,CLOSE,0%
G11448100,BTDR,BITDEER TECHNOLOGIES GROUP CL A,88310,-59571,779.78K,-526.01K,-40.3%,0.02%
88080T104,WULF,TERAWULF INC,0,-92975,0,-527.17K,CLOSE,0%
775133101,ROG,ROGERS CORP,0,-5224,0,-530.08K,CLOSE,0%
761152107,RMD,RESMED INC,0,-2326,0,-531.91K,CLOSE,0%
92206C623,VTWG,VANGUARD SCOTTSDALE FDS,0,-2529,0,-532.51K,CLOSE,0%
000360206,AAON,AAON INC,0,-4574,0,-537.86K,CLOSE,0%
74319R101,PRG,PROG HOLDINGS INC,0,-12814,0,-541.65K,CLOSE,0%
667746101,NWPX,NORTHWEST PIPE CO,0,-11280,0,-544.49K,CLOSE,0%
36251C103,GMS,GMS INC,0,-6459,0,-548.11K,CLOSE,0%
46641Q118,JMEE,J P MORGAN EXCHANGE TRADED F SMALL & MID CAP,0,-9085,0,-549.37K,CLOSE,0%
78467Y107,MDY,SPDR S&P MIDCAP 400 ETF TR UTSER1,6911,-1032,3.69M,-550.49K,-13%,0.08%
42824C109,HPE,HEWLETT PACKARD ENTERPRISE C,0,-25944,0,-553.9K,CLOSE,0%
852066208,SII,SPROTT INC,135500,-12300,6.12M,-555.26K,-8.3%,0.14%
46435G326,IDEV,ISHARES TR,0,-8617,0,-555.45K,CLOSE,0%
42250P103,DOC,HEALTHPEAK PROPERTIES INC,0,-27387,0,-555.54K,CLOSE,0%
66405S100,NBN,NORTHEAST BK PORTLAND ME,0,-6077,0,-555.92K,CLOSE,0%
G3934V109,GENI,GENIUS SPORTS LIMITED SHARES,10624,-55611,106.24K,-556.11K,-84%,<.01%
398433102,GFF,GRIFFON CORP,0,-7831,0,-558.55K,CLOSE,0%
015271109,ARE,ALEXANDRIA REAL ESTATE EQ IN,0,-5741,0,-559.8K,CLOSE,0%
00214Q302,ARKG,ARK ETF TR,0,-23826,0,-560.98K,CLOSE,0%
26614N102,DD,DUPONT DE NEMOURS INC,14961,-7554,1.12M,-564.13K,-33.6%,0.02%
989207105,ZBRA,ZEBRA TECHNOLOGIES CORPORATI,0,-1469,0,-567.59K,CLOSE,0%
446413106,HII,HUNTINGTON INGALLS INDS INC,0,-3032,0,-573.08K,CLOSE,0%
29275Y102,ENS,ENERSYS,0,-6209,0,-573.9K,CLOSE,0%
235851102,DHR,DANAHER CORPORATION,40249,-2810,8.25M,-575.87K,-6.5%,0.18%
94724R108,WEAV,WEAVE COMMUNICATIONS INC,0,-36559,0,-582.38K,CLOSE,0%
33733E104,FTCS,FIRST TR,0,-6689,0,-587.76K,CLOSE,0%
90278Q108,UFPI,UFP INDUSTRIES INC,0,-5267,0,-593.38K,CLOSE,0%
848574109,SPR,SPIRIT AEROSYSTEMS HLDGS INC,0,-17418,0,-593.95K,CLOSE,0%
898202106,TRUP,TRUPANION INC,0,-12403,0,-598.07K,CLOSE,0%
92206C102,VGSH,VANGUARD SCOTTSDALE FDS,0,-10330,0,-601K,CLOSE,0%
G7997W102,SDRL,SEADRILL 2021 LTD,0,-15492,0,-603.26K,CLOSE,0%
45167R104,IEX,IDEX CORP,0,-2896,0,-606.13K,CLOSE,0%
78463X202,FEZ,SPDR INDEX,0,-12651,0,-609.4K,CLOSE,0%
46090F100,PDBC,INVESCO ACTVELY MNGD ETC FD,42974,-44887,586.16K,-612.26K,-51.1%,0.01%
524660107,LEG,LEGGETT & PLATT INC,0,-64044,0,-615.14K,CLOSE,0%
101121101,BXP,BXP INC,0,-8327,0,-619.2K,CLOSE,0%
04956D107,ATMU,ATMUS FILTRATION TECHNOLOGIE,0,-16014,0,-627.43K,CLOSE,0%
G87110105,FTI,TECHNIPFMC PLC,0,-21709,0,-628.26K,CLOSE,0%
G0692U109,AXS,AXIS CAP HLDGS LTD,0,-7128,0,-631.75K,CLOSE,0%
392709101,GRBK,GREEN BRICK PARTNERS INC,0,-11185,0,-632.06K,CLOSE,0%
014752109,ALX,ALEXANDERS INC,0,-3211,0,-640.21K,CLOSE,0%
514952100,LB,LANDBRIDGE COMPANY LLC,0,-9936,0,-640.97K,CLOSE,0%
52567D107,LMND,LEMONADE INC,0,-17569,0,-644.78K,CLOSE,0%
955306105,WST,WEST PHARMACEUTICAL SVSC INC,0,-1973,0,-646.18K,CLOSE,0%
09739D100,BCC,BOISE CASCADE CO DEL,0,-5450,0,-647.76K,CLOSE,0%
983793100,XPO,XPO INC,0,-4965,0,-651.46K,CLOSE,0%
33739H101,FTGC,FIRST TR EXCHANGE TRAD FD VI FST TR,0,-27308,0,-653.21K,CLOSE,0%
191098102,COKE,COCA COLA CONS INC,0,-525,0,-661.5K,CLOSE,0%
185123106,CWAN,CLEARWATER ANALYTICS HLDGS I,63626,-24890,1.71M,-667.3K,-28.1%,0.04%
464287465,EFA,ISHARES TR,0,-8860,0,-669.64K,CLOSE,0%
099406100,BOOT,BOOT BARN HLDGS INC,0,-4440,0,-673.9K,CLOSE,0%
15643U104,LEU,CENTRUS ENERGY CORP,0,-10160,0,-675.44K,CLOSE,0%
457730109,INSP,INSPIRE MED SYS INC,4880,-4238,777.99K,-675.64K,-46.5%,0.02%
316092402,FENY,FIDELITY COVINGTON TRUST,54362,-26881,1.39M,-686.27K,-33.1%,0.03%
006739106,ADUS,ADDUS HOMECARE CORP,0,-5488,0,-686.6K,CLOSE,0%
93627C101,HCC,WARRIOR MET COAL INC,0,-12718,0,-689.44K,CLOSE,0%
M2029K104,BIRK,BIRKENSTOCK HOLDING PLC,6942,-15412,318.39K,-706.87K,-68.9%,<.01%
056525108,BMI,BADGER METER INC,3221,-3728,612.31K,-708.69K,-53.6%,0.01%
00187Y100,APG,API GROUP CORP,0,-19822,0,-713.39K,CLOSE,0%
74164F103,PRIM,PRIMORIS SVCS CORP,7089,-12463,406.91K,-715.38K,-63.7%,<.01%
74347R669,USD,PROSHARES TR,0,-11013,0,-718.93K,CLOSE,0%
45780R101,IBP,INSTALLED BLDG PRODS INC,0,-4149,0,-727.61K,CLOSE,0%
25434V765,DIHP,DIMENSIONAL ETF TRUST,0,-28893,0,-729.12K,CLOSE,0%
70614W100,PTON,PELOTON INTERACTIVE INC,0,-84194,0,-732.49K,CLOSE,0%
78464A649,SPAB,SPDR SER TR,0,-29416,0,-735.11K,CLOSE,0%
86745K104,NOVAQ,SUNNOVA ENERGY INTL INC.,0,-217505,0,-742.78K,CLOSE,0%
04965M106,ATAT,ATOUR LIFESTYLE HLDGS LTD,0,-27663,0,-745.24K,CLOSE,0%
419870100,HE,HAWAIIAN ELEC INDUSTRIES,34044,-68512,373.12K,-750.89K,-66.8%,<.01%
099502106,BAH,BOOZ ALLEN HAMILTON HLDG COR,29591,-7212,3.09M,-754.09K,-19.6%,0.07%
59064R109,MLAB,MESA LABS INC,0,-5703,0,-754.34K,CLOSE,0%
37637K108,GTLB,GITLAB INC CLASS A,0,-13435,0,-756.79K,CLOSE,0%
21871X109,CRBG,COREBRIDGE FINL INC,12031,-24125,379.82K,-761.63K,-66.7%,<.01%
48020Q107,JLL,JONES LANG LASALLE INC,3250,-3077,805.5K,-762.62K,-48.6%,0.02%
594918104,MSFT,MICROSOFT CORP,0,-1812,0,-763.4K,CLOSE,0%
701094104,PH,PARKER-HANNIFIN CORP,11756,-1270,7.14M,-771.54K,-9.7%,0.16%
464287176,TIP,ISHARES TR,0,-7260,0,-773.55K,CLOSE,0%
649445400,FLG,FLAGSTAR FINANCIAL INC,0,-85529,0,-797.99K,CLOSE,0%
224408104,CR,CRANE COMPANY,0,-5338,0,-809.83K,CLOSE,0%
577933104,MMS,MAXIMUS INC,0,-10934,0,-816.22K,CLOSE,0%
25434V203,DFAI,DIMENSIONAL ETF TRUST,0,-28059,0,-819.04K,CLOSE,0%
H2906T109,GRMN,GARMIN LTD,0,-4097,0,-845.58K,CLOSE,0%
29269R105,EFXT,ENERFLEX LTD,0,-85100,0,-848K,CLOSE,0%
78468R788,SPYD,SPDR SER TR PRTFLO,13512,-19215,597.77K,-850.07K,-58.7%,0.01%
M46528101,FRO,FRONTLINE PLC,0,-60423,0,-857.4K,CLOSE,0%
55354G100,MSCI,MSCI INC,6488,-1522,3.67M,-860.98K,-19%,0.08%
48581R205,KSPI,KASPI KZ JSC,4753,-9267,441.93K,-861.65K,-66.1%,<.01%
670346105,NUE,NUCOR CORP,21977,-7262,2.64M,-873.8K,-24.8%,0.06%
808524508,SCHM,SCHWAB STRATEGIC TR,0,-31863,0,-882.92K,CLOSE,0%
464286756,EWD,ISHARES INC,0,-23657,0,-883.59K,CLOSE,0%
89055F103,BLD,TOPBUILD CORP,2373,-2902,723.55K,-884.85K,-55%,0.02%
05961W105,BMA,BANCO MACRO SA,0,-9161,0,-886.88K,CLOSE,0%
58933Y105,MRK,MERCK & CO INC,152265,-9955,13.66M,-892.86K,-6.1%,0.3%
808524680,SCHQ,SCHWAB STRATEGIC TR,0,-28513,0,-898.16K,CLOSE,0%
53566V106,LINE,LINEAGE INC,15912,-15369,933.08K,-901.24K,-49.1%,0.02%
780287108,RGLD,ROYAL GOLD INC,0,-6917,0,-911.59K,CLOSE,0%
05969A105,TBBK,BANCORP INC DEL,0,-17548,0,-923.73K,CLOSE,0%
G2519Y108,BAP,CREDICORP LTD,8379,-4969,1.56M,-923.84K,-37.2%,0.03%
126402106,CSW,CSW INDUSTRIALS INC,0,-2638,0,-931.4K,CLOSE,0%
92206C813,VCLT,VANGUARD SCOTTSDALE FDS,0,-12629,0,-944.52K,CLOSE,0%
91913Y100,VLO,VALERO ENERGY CORP,3723,-7173,491.51K,-946.98K,-65.8%,0.01%
72703H101,PLNT,PLANET FITNESS INC,0,-9605,0,-949.41K,CLOSE,0%
05605H100,BWXT,BWX TECHNOLOGIES INC,8863,-9883,874.78K,-975.45K,-52.7%,0.02%
25460E364,WEBL,DIREXION,0,-37211,0,-995.77K,CLOSE,0%
73044W302,POET,POET TECHNOLOGIES INC,0,-169700,0,-1.01M,CLOSE,0%
759351604,RGA,REINSURANCE GRP OF AMERICA I,1163,-5148,228.87K,-1.01M,-81.6%,<.01%
12008R107,BLDR,BUILDERS FIRSTSOURCE INC,0,-7108,0,-1.02M,CLOSE,0%
31620M106,FIS,FIDELITY NATL INFORMATION SV,0,-12675,0,-1.02M,CLOSE,0%
23918K108,DVA,DAVITA INC,0,-6868,0,-1.03M,CLOSE,0%
808524607,SCHA,SCHWAB STRATEGIC TR,10422,-44278,244.13K,-1.04M,-80.9%,<.01%
724078100,PIPR,PIPER SANDLER COMPANIES,0,-3449,0,-1.04M,CLOSE,0%
88422P109,TCBX,THIRD COAST BANCSHARES INC,0,-30732,0,-1.04M,CLOSE,0%
46434G830,EWI,ISHARES INC,6500,-24786,274.82K,-1.05M,-79.2%,<.01%
904708104,UNF,UNIFIRST CORP MASS,0,-6165,0,-1.05M,CLOSE,0%
29357K103,ENVA,ENOVA INTL INC,2547,-10955,245.71K,-1.06M,-81.1%,<.01%
464288240,ACWX,ISHARES TR,0,-20604,0,-1.07M,CLOSE,0%
59001A102,MTH,MERITAGE HOMES CORP,8625,-15187,611.25K,-1.08M,-63.8%,0.01%
29261A100,EHC,ENCOMPASS HEALTH CORP,6654,-10657,673.82K,-1.08M,-61.6%,0.01%
256746108,DLTR,DOLLAR TREE INC,25826,-14471,1.94M,-1.09M,-35.9%,0.04%
003260106,PPLT,ABRDN PLATINUM ETF TRUST,0,-13101,0,-1.09M,CLOSE,0%
46138E354,SPLV,INVESCO EXCH TRADED FD TR II,6747,-14695,504.1K,-1.1M,-68.5%,0.01%
829933100,SIRI,SIRIUSXM HOLDINGS INC,44709,-48889,1.01M,-1.1M,-52.2%,0.02%
29786A106,ETSY,ETSY INC,0,-20886,0,-1.1M,CLOSE,0%
12685J105,CABO,CABLE ONE INC,0,-3053,0,-1.1M,CLOSE,0%
477143101,JBLU,JETBLUE AWYS CORP,182311,-230680,879.65K,-1.11M,-55.9%,0.02%
86333M108,LRN,STRIDE INC,0,-10843,0,-1.13M,CLOSE,0%
92206C870,VCIT,VANGUARD SCOTTSDALE FDS,0,-14258,0,-1.14M,CLOSE,0%
926400102,VSXY,VICTORIAS SECRET AND CO,0,-28005,0,-1.16M,CLOSE,0%
14174T107,CTRE,CARETRUST REIT INC,0,-42915,0,-1.16M,CLOSE,0%
745867101,PHM,PULTE GROUP INC,0,-10693,0,-1.16M,CLOSE,0%
194693107,CIGI,COLLIERS INTL GROUP INC SUB VTG,0,-8600,0,-1.17M,CLOSE,0%
M20791105,CAMT,CAMTEK LTD,0,-14660,0,-1.18M,CLOSE,0%
33829M101,FIVE,FIVE BELOW INC,7041,-16486,527.58K,-1.24M,-70.1%,0.01%
683712103,OPEN,OPENDOOR TECHNOLOGIES INC,0,-775687,0,-1.24M,CLOSE,0%
199908104,FIX,COMFORT SYS USA INC,4825,-3867,1.56M,-1.25M,-44.5%,0.03%
464287861,IEV,ISHARES TR,4359,-21751,253.56K,-1.27M,-83.3%,<.01%
464288885,EFG,ISHARES TR,0,-13160,0,-1.27M,CLOSE,0%
751212101,RL,RALPH LAUREN CORP,4639,-5801,1.02M,-1.28M,-55.6%,0.02%
36162J106,GEO,GEO GROUP INC NEW,10735,-43867,313.89K,-1.28M,-80.3%,<.01%
46140H106,DBA,INVESCO DB MULTI-SECTOR,0,-48341,0,-1.28M,CLOSE,0%
78435P105,SEZL,SEZZLE INC,0,-5062,0,-1.29M,CLOSE,0%
04621X108,AIZ,ASSURANT INC,2317,-6197,486.2K,-1.3M,-72.8%,0.01%
46435U853,USHY,ISHARES TR,0,-35406,0,-1.3M,CLOSE,0%
156504300,CCS,CENTURY CMNTYS INC,0,-17894,0,-1.31M,CLOSE,0%
29358P101,ENSG,ENSIGN GROUP INC,0,-10010,0,-1.33M,CLOSE,0%
457642205,INOD,INNODATA INC,0,-33726,0,-1.33M,CLOSE,0%
373737105,GGB,GERDAU SA,61485,-468918,174.93K,-1.33M,-88.4%,<.01%
94106L109,WM,WASTE MGMT INC DEL,5018,-5808,1.16M,-1.34M,-53.6%,0.03%
253393102,DKS,DICKS SPORTING GOODS INC,0,-5896,0,-1.35M,CLOSE,0%
G93A5A101,VIK,VIKING HOLDINGS LTD,0,-30640,0,-1.35M,CLOSE,0%
H8817H100,RIG,TRANSOCEAN LTD REGISTERED,0,-364281,0,-1.36M,CLOSE,0%
83417M104,SEDG,SOLAREDGE TECHNOLOGIES INC,19592,-84459,316.61K,-1.36M,-81.2%,<.01%
98956A105,ZETA,ZETA GLOBAL HOLDINGS CORP,23326,-101170,316.3K,-1.37M,-81.3%,<.01%
497266106,KEX,KIRBY CORP,0,-13088,0,-1.38M,CLOSE,0%
781154109,RBRK,RUBRIK INC.,58232,-22810,3.55M,-1.39M,-28.1%,0.08%
46435G334,EWU,ISHARES TR,0,-41943,0,-1.42M,CLOSE,0%
37954Y293,MLPX,GLOBAL X FDS,0,-23684,0,-1.43M,CLOSE,0%
030420103,AWK,AMERICAN WTR WKS CO INC NEW,0,-11501,0,-1.43M,CLOSE,0%
697900108,PAAS,PAN AMERN SILVER CORP,0,-71300,0,-1.45M,CLOSE,0%
808524870,SCHP,SCHWAB STRATEGIC TR,0,-56046,0,-1.45M,CLOSE,0%
46429B697,USMV,ISHARES TR,0,-16281,0,-1.45M,CLOSE,0%
020764106,AMR,ALPHA METALLURGICAL RESOUR I,0,-7225,0,-1.45M,CLOSE,0%
706327103,PBA,PEMBINA PIPELINE CORP,310000,-36400,12.48M,-1.46M,-10.5%,0.28%
562750109,MANH,MANHATTAN ASSOCIATES INC,0,-5434,0,-1.47M,CLOSE,0%
55305B101,MHO,M/I HOMES INC,2453,-12932,279.91K,-1.48M,-84.1%,<.01%
74460D109,PSA,PUBLIC STORAGE OPER CO,2064,-4939,617.75K,-1.48M,-70.5%,0.01%
922908538,VOT,VANGUARD INDEX FDS,0,-5823,0,-1.48M,CLOSE,0%
808524755,FNDF,SCHWAB STRATEGIC TR,0,-44868,0,-1.49M,CLOSE,0%
25278X109,FANG,DIAMONDBACK ENERGY INC,0,-9165,0,-1.5M,CLOSE,0%
62482R107,COOP,MR COOPER GROUP INC,0,-15723,0,-1.51M,CLOSE,0%
33741X102,SDVY,FIRST TR,0,-43486,0,-1.56M,CLOSE,0%
209115104,ED,CONSOLIDATED EDISON INC,0,-17597,0,-1.57M,CLOSE,0%
42704L104,HRI,HERC HLDGS INC,0,-8327,0,-1.57M,CLOSE,0%
74348A467,NOBL,PROSHARES TR,0,-15905,0,-1.58M,CLOSE,0%
122017106,BURL,BURLINGTON STORES INC,0,-5554,0,-1.58M,CLOSE,0%
903731107,ULS,UL SOLUTIONS INC CLASS A,0,-31939,0,-1.59M,CLOSE,0%
55087P104,LYFT,LYFT INC,0,-124681,0,-1.61M,CLOSE,0%
70202L102,PSN,PARSONS CORP DEL,0,-17450,0,-1.61M,CLOSE,0%
902252105,TYL,TYLER TECHNOLOGIES INC,6705,-2824,3.9M,-1.64M,-29.6%,0.09%
75513E101,RTX,RTX CORPORATION,21515,-12477,2.85M,-1.65M,-36.7%,0.06%
49714P108,KNSL,KINSALE CAP GROUP INC,0,-3551,0,-1.65M,CLOSE,0%
03783C100,APPF,APPFOLIO INC,0,-6740,0,-1.66M,CLOSE,0%
608190104,MHK,MOHAWK INDS INC,0,-14068,0,-1.68M,CLOSE,0%
243537107,DECK,DECKERS OUTDOOR CORP,0,-8261,0,-1.68M,CLOSE,0%
46434V738,IEUR,ISHARES TR,0,-31210,0,-1.69M,CLOSE,0%
46429B267,GOVT,ISHARES TR,0,-75485,0,-1.7M,CLOSE,0%
55261F104,MTB,M & T BK CORP,0,-9069,0,-1.71M,CLOSE,0%
881624209,TEVA,TEVA PHARMACEUTICAL INDS LTD,0,-77930,0,-1.72M,CLOSE,0%
45841N107,IBKR,INTERACTIVE BROKERS GROUP IN,9884,-10446,1.64M,-1.73M,-51.4%,0.04%
40171V100,GWRE,GUIDEWIRE SOFTWARE INC,0,-10309,0,-1.74M,CLOSE,0%
91917A207,WGMI,VALKYRIE ETF TRUST,0,-81266,0,-1.8M,CLOSE,0%
46137V613,PRF,INVESCO EXCHANGE TRADED FD T,0,-45721,0,-1.84M,CLOSE,0%
159864107,CRL,CHARLES RIV LABS INTL INC,0,-10215,0,-1.88M,CLOSE,0%
92189F429,PFXF,VANECK ETF TRUST,0,-110389,0,-1.9M,CLOSE,0%
35969L108,YMM,FULL TRUCK ALLIANCE CO LTD,62230,-149921,794.99K,-1.92M,-70.7%,0.02%
464288521,USRT,ISHARES TR,122093,-33475,7.03M,-1.93M,-21.5%,0.16%
00130H105,AES,AES CORP,76878,-155399,954.83K,-1.93M,-66.9%,0.02%
830566105,SKX,SKECHERS U S A INC,0,-28764,0,-1.93M,CLOSE,0%
464287804,IJR,ISHARES TR CORE,11608,-18548,1.21M,-1.94M,-61.5%,0.03%
68278B107,OS,ONESTREAM INC,0,-68501,0,-1.96M,CLOSE,0%
29084Q100,EME,EMCOR GROUP INC,5307,-5410,1.96M,-2M,-50.5%,0.04%
81369Y209,XLV,SELECT SECTOR SPDR TR,1531,-13815,223.43K,-2.02M,-90%,<.01%
25459W458,SOXL,DIREXION,0,-74566,0,-2.04M,CLOSE,0%
934423104,WBD,WARNER BROS DISCOVERY INC,41275,-190726,442.88K,-2.05M,-82.2%,<.01%
25460G831,JNUG,DIREXION,38449,-34465,2.36M,-2.12M,-47.3%,0.05%
453204109,PI,IMPINJ INC,0,-14791,0,-2.15M,CLOSE,0%
44925C103,ICFI,ICF INTL INC,0,-18284,0,-2.18M,CLOSE,0%
25609L105,DCBO,DOCEBO INC,46700,-75800,1.35M,-2.19M,-61.9%,0.03%
78468R853,SPSM,SPDR SER TR PORTFOLIO,0,-49947,0,-2.25M,CLOSE,0%
980745103,WWD,WOODWARD INC,2491,-12355,455.06K,-2.26M,-83.2%,0.01%
78464A789,KIE,SPDR SER TR,0,-39992,0,-2.26M,CLOSE,0%
464287564,ICF,ISHARES TR,7123,-37160,438.49K,-2.29M,-83.9%,<.01%
512807306,LRCX,LAM RESEARCH CORP,211646,-31608,15.38M,-2.3M,-13%,0.34%
008252108,AMG,AFFILIATED MANAGERS GROUP IN,4463,-13988,749.74K,-2.35M,-75.8%,0.02%
142339100,CSL,CARLISLE COS INC,0,-6419,0,-2.37M,CLOSE,0%
387437205,GRTUF,GRANITE REAL ESTATE INVT TR TR,0,-48900,0,-2.38M,CLOSE,0%
14040H105,COF,CAPITAL ONE FINL CORP,15055,-13330,2.7M,-2.39M,-47%,0.06%
81663L200,WGS,GENEDX HOLDINGS CORP,7032,-27054,623.88K,-2.4M,-79.4%,0.01%
76954A103,RIVN,RIVIAN AUTOMOTIVE INC,103963,-195879,1.29M,-2.44M,-65.3%,0.03%
36118L106,FUTU,FUTU HLDGS LTD,60369,-23940,6.18M,-2.45M,-28.4%,0.14%
37954Y871,URA,GLOBAL X FDS,0,-92431,0,-2.48M,CLOSE,0%
892672106,TW,TRADEWEB MKTS INC,5823,-16716,864.54K,-2.48M,-74.2%,0.02%
00162Q452,AMLP,ALPS ETF TR,8708,-48725,452.29K,-2.53M,-84.8%,0.01%
482497104,BEKE,KE HLDGS INC,69823,-126182,1.4M,-2.53M,-64.4%,0.03%
92204A405,VFH,VANGUARD WORLD FD,28870,-21232,3.45M,-2.54M,-42.4%,0.08%
M7516K103,NVMI,NOVA LTD,12424,-13792,2.29M,-2.54M,-52.6%,0.05%
464288653,TLH,ISHARES TR,0,-25623,0,-2.55M,CLOSE,0%
464288562,REZ,ISHARES TR,22572,-29549,1.95M,-2.55M,-56.7%,0.04%
46434G764,EMXC,ISHARES INC,0,-46820,0,-2.6M,CLOSE,0%
808625107,SAIC,SCIENCE APPLICATIONS INTL CO,0,-23787,0,-2.66M,CLOSE,0%
464287473,IWS,ISHARES TR,3655,-21307,460.64K,-2.69M,-85.4%,0.01%
37954Y657,PFFD,GLOBAL X FDS,0,-137745,0,-2.69M,CLOSE,0%
74347W130,SVXY,PROSHARES TR II,0,-54189,0,-2.71M,CLOSE,0%
35671D857,FCX,FREEPORT-MCMORAN INC,0,-71320,0,-2.72M,CLOSE,0%
464286822,EWW,ISHARES INC,0,-59186,0,-2.77M,CLOSE,0%
87256C101,TKO,TKO GROUP HOLDINGS INC,0,-19679,0,-2.8M,CLOSE,0%
G96629103,WTW,WILLIS TOWERS WATSON PLC LTD,1273,-8381,430.2K,-2.83M,-86.8%,<.01%
617446448,MS,MORGAN STANLEY,0,-22794,0,-2.87M,CLOSE,0%
16411R208,LNG,CHENIERE ENERGY INC,23436,-12442,5.43M,-2.88M,-34.7%,0.12%
464287499,IWR,ISHARES TR,0,-32851,0,-2.9M,CLOSE,0%
25460G120,LABU,DIREXION,0,-32709,0,-2.94M,CLOSE,0%
H1467J104,CB,CHUBB LIMITED,0,-10739,0,-2.97M,CLOSE,0%
784730103,SSRM,SSR MINING IN,103800,-294500,1.05M,-2.97M,-73.9%,0.02%
682680103,OKE,ONEOK INC NEW,19592,-29997,1.94M,-2.98M,-60.5%,0.04%
74347R842,UWM,PROSHARES TR,26683,-89706,890.95K,-3M,-77.1%,0.02%
74347Y888,UCO,PROSHARES TR II,84900,-110985,2.3M,-3M,-56.7%,0.05%
69374H857,CALF,PACER FDS TR,0,-68376,0,-3.01M,CLOSE,0%
47215P106,JD,JD.COM INC,0,-88827,0,-3.08M,CLOSE,0%
M98068105,WIX,WIX,8309,-18946,1.36M,-3.1M,-69.5%,0.03%
48666K109,KBH,KB HOME,0,-47273,0,-3.11M,CLOSE,0%
464286608,EZU,ISHARES INC,0,-66091,0,-3.12M,CLOSE,0%
74347R305,DDM,PROSHARES TR,11289,-34211,1.03M,-3.13M,-75.2%,0.02%
464287325,IXJ,ISHARES TR,0,-36387,0,-3.13M,CLOSE,0%
464287507,IJH,ISHARES TR CORE,0,-51525,0,-3.21M,CLOSE,0%
95040Q104,WELL,WELLTOWER INC,15765,-21447,2.42M,-3.29M,-57.6%,0.05%
040413205,ANET,ARISTA NETWORKS INC,131759,-43491,10.2M,-3.37M,-24.8%,0.23%
89677Q107,TCOM,TRIP COM GROUP LTD,0,-49032,0,-3.37M,CLOSE,0%
00214Q708,ARKF,ARK ETF TR,0,-91520,0,-3.39M,CLOSE,0%
03831W108,APP,APPLOVIN CORP,155937,-12866,41.3M,-3.41M,-7.6%,0.92%
M7S64H106,MNDY,MONDAY,0,-14519,0,-3.42M,CLOSE,0%
911363109,URI,UNITED RENTALS INC,0,-4909,0,-3.46M,CLOSE,0%
808524805,SCHF,SCHWAB STRATEGIC TR,0,-188965,0,-3.49M,CLOSE,0%
921937793,BLV,VANGUARD BD INDEX FDS,0,-51128,0,-3.5M,CLOSE,0%
219948106,CPAY,CORPAY INC,3535,-10048,1.23M,-3.5M,-74%,0.03%
74347X823,UDOW,PROSHARES TR,52077,-39922,4.57M,-3.5M,-43.4%,0.1%
808524409,SCHV,SCHWAB STRATEGIC TR,0,-140952,0,-3.67M,CLOSE,0%
45866F104,ICE,INTERCONTINENTAL EXCHANGE IN,35723,-21393,6.16M,-3.69M,-37.5%,0.14%
15135B101,CNC,CENTENE CORP DEL,44049,-61740,2.67M,-3.75M,-58.4%,0.06%
502431109,LHX,L3HARRIS TECHNOLOGIES INC,0,-17864,0,-3.76M,CLOSE,0%
37045V100,GM,GENERAL MTRS CO,251333,-80825,11.82M,-3.8M,-24.3%,0.26%
46641Q191,BBEU,J P MORGAN EXCHANGE TRADED F BETABUILDERS EUR,3693,-61577,228.12K,-3.8M,-94.3%,<.01%
92203J407,BNDX,VANGUARD CHARLOTTE FDS,0,-79493,0,-3.9M,CLOSE,0%
718546104,PSX,PHILLIPS 66,0,-34486,0,-3.93M,CLOSE,0%
464286509,EWC,ISHARES INC,0,-97606,0,-3.93M,CLOSE,0%
546347105,LPX,LOUISIANA PAC CORP,0,-38630,0,-4M,CLOSE,0%
969457100,WMB,WILLIAMS COS INC,85879,-68147,5.13M,-4.07M,-44.2%,0.11%
866796105,SLF,SUN LIFE FINANCIAL INC.,0,-69100,0,-4.11M,CLOSE,0%
M9T951109,ZIM,ZIM INTEGRATED SHIPPING SERV,0,-192114,0,-4.12M,CLOSE,0%
247361702,DAL,DELTA AIR LINES INC DEL,70173,-96113,3.06M,-4.19M,-57.8%,0.07%
78464A714,XRT,SPDR SER TR,0,-52785,0,-4.2M,CLOSE,0%
921908844,VIG,VANGUARD SPECIALIZED FUNDS DIV APP ETF,0,-22045,0,-4.32M,CLOSE,0%
615369105,MCO,MOODYS CORP,628,-9303,292.35K,-4.33M,-93.7%,<.01%
888787108,TOST,TOAST INC,35817,-135800,1.19M,-4.5M,-79.1%,0.03%
46434G772,EWT,ISHARES INC,0,-87989,0,-4.56M,CLOSE,0%
126650100,CVS,CVS HEALTH CORP,0,-101577,0,-4.56M,CLOSE,0%
464286707,EWQ,ISHARES INC,0,-129999,0,-4.67M,CLOSE,0%
464286749,EWL,ISHARES INC,0,-102212,0,-4.7M,CLOSE,0%
88033G407,THC,TENET HEALTHCARE CORP,0,-37727,0,-4.76M,CLOSE,0%
78464A664,SPTL,SPDR SER TR,0,-185938,0,-4.87M,CLOSE,0%
464288752,ITB,ISHARES TR,11451,-51233,1.09M,-4.88M,-81.7%,0.02%
03027X100,AMT,AMERICAN TOWER CORP NEW,41915,-22469,9.12M,-4.89M,-34.9%,0.2%
25460G781,NUGT,DIREXION,0,-143549,0,-5.04M,CLOSE,0%
74340W103,PLD,PROLOGIS INC.,0,-48042,0,-5.08M,CLOSE,0%
90353T100,UBER,UBER TECHNOLOGIES INC,248369,-69845,18.11M,-5.09M,-21.9%,0.4%
464287341,IXC,ISHARES TR,23146,-121355,972.94K,-5.1M,-84%,0.02%
89417E109,TRV,TRAVELERS COMPANIES INC,0,-21742,0,-5.24M,CLOSE,0%
464286103,EWA,ISHARES INC,0,-220721,0,-5.27M,CLOSE,0%
743315103,PGR,PROGRESSIVE CORP,50485,-18638,14.29M,-5.28M,-27%,0.32%
922042874,VGK,VANGUARD INTL EQUITY INDEX F FTSE EUROPE ETF,0,-84396,0,-5.35M,CLOSE,0%
464287226,AGG,ISHARES TR,0,-56083,0,-5.43M,CLOSE,0%
075887109,BDX,BECTON DICKINSON & CO,0,-24068,0,-5.46M,CLOSE,0%
067901108,B,BARRICK GOLD CORP,0,-354381,0,-5.49M,CLOSE,0%
87422Q109,TLN,TALEN ENERGY CORP,0,-27635,0,-5.56M,CLOSE,0%
91232N207,USO,UNITED STS OIL FD LP,30993,-72203,2.4M,-5.58M,-70%,0.05%
464288877,EFV,ISHARES TR,0,-107028,0,-5.62M,CLOSE,0%
443628102,HBM,HUDBAY MINERALS INC,181000,-741600,1.38M,-5.67M,-80.4%,0.03%
46434V456,IQLT,ISHARES TR,0,-156887,0,-5.82M,CLOSE,0%
33939L407,GUNR,FLEXSHARES TR,0,-164087,0,-5.97M,CLOSE,0%
25459W847,TNA,DIREXION,378658,-206932,11.08M,-6.05M,-35.3%,0.25%
46091J101,BTCO,INVESCO GALAXY BITCOIN ETF,0,-65115,0,-6.08M,CLOSE,0%
81369Y704,XLI,SELECT SECTOR SPDR TR,46401,-46670,6.08M,-6.12M,-50.1%,0.13%
525327102,LDOS,LEIDOS HOLDINGS INC,15882,-45784,2.14M,-6.18M,-74.2%,0.05%
464287440,IEF,ISHARES TR,0,-67072,0,-6.2M,CLOSE,0%
867224107,SU,SUNCOR ENERGY INC NEW,81100,-159400,3.16M,-6.21M,-66.3%,0.07%
G8994E103,TT,TRANE TECHNOLOGIES PLC,29280,-18560,9.86M,-6.25M,-38.8%,0.22%
921943858,VEA,VANGUARD TAX-MANAGED FDS,0,-131408,0,-6.28M,CLOSE,0%
02376R102,AAL,AMERICAN AIRLS GROUP INC,0,-375538,0,-6.54M,CLOSE,0%
097023105,BA,BOEING CO,0,-36973,0,-6.55M,CLOSE,0%
808524771,FNDX,SCHWAB STRATEGIC TR,0,-281919,0,-6.67M,CLOSE,0%
46429B663,HDV,ISHARES TR,4851,-57323,587.26K,-6.94M,-92.2%,0.01%
060505104,BAC,BANK AMERICA CORP,0,-158861,0,-6.99M,CLOSE,0%
60855R100,MOH,MOLINA HEALTHCARE INC,0,-24282,0,-7.07M,CLOSE,0%
13321L108,CCJ,CAMECO CORP,408800,-172600,16.92M,-7.14M,-29.7%,0.38%
808524797,SCHD,SCHWAB STRATEGIC TR,0,-264028,0,-7.21M,CLOSE,0%
92204A207,VDC,VANGUARD WORLD FD,0,-34156,0,-7.22M,CLOSE,0%
369604301,GE,GE AEROSPACE,45308,-36280,9.07M,-7.27M,-44.5%,0.2%
46434V613,IUSB,ISHARES TR,0,-161197,0,-7.29M,CLOSE,0%
92647X830,VFLO,VICTORY PORTFOLIOS II SHARES FREE CASH,6704,-215866,229.58K,-7.39M,-97%,<.01%
78464A508,SPYV,SPDR SER TR PRTFLO,0,-145061,0,-7.42M,CLOSE,0%
002896207,ANF,ABERCROMBIE & FITCH CO,0,-50019,0,-7.48M,CLOSE,0%
337738108,FISV,FISERV INC,0,-36831,0,-7.57M,CLOSE,0%
921937835,BND,VANGUARD BD INDEX FDS,0,-105411,0,-7.58M,CLOSE,0%
46137V357,RSP,INVESCO EXCHANGE TRADED FD T,0,-43785,0,-7.67M,CLOSE,0%
053332102,AZO,AUTOZONE INC,0,-2430,0,-7.79M,CLOSE,0%
148929102,CAVA,CAVA GROUP INC,0,-70302,0,-7.93M,CLOSE,0%
776696106,ROP,ROPER TECHNOLOGIES INC,3615,-13474,2.13M,-7.94M,-78.8%,0.05%
922908744,VTV,VANGUARD INDEX FDS,0,-48447,0,-8.2M,CLOSE,0%
303250104,FICO,FAIR ISAAC CORP,3468,-4552,6.39M,-8.39M,-56.8%,0.14%
38141G104,GS,GOLDMAN SACHS GROUP INC,0,-14797,0,-8.47M,CLOSE,0%
92206C714,VONV,VANGUARD SCOTTSDALE FDS,0,-105618,0,-8.58M,CLOSE,0%
23331A109,DHI,D R HORTON INC,72361,-68075,9.2M,-8.65M,-48.5%,0.2%
127190304,CACI,CACI INTL INC,4356,-23734,1.6M,-8.71M,-84.5%,0.04%
14020W106,CGDV,CAPITAL GROUP DIVIDEND VALUE,0,-255916,0,-9.02M,CLOSE,0%
651639106,NEM,NEWMONT CORP,86224,-187045,4.16M,-9.03M,-68.4%,0.09%
83406F102,SOFI,SOFI TECHNOLOGIES INC,0,-587790,0,-9.05M,CLOSE,0%
29414B104,EPAM,EPAM SYS INC,0,-39862,0,-9.31M,CLOSE,0%
172967424,C,CITIGROUP INC,16736,-136010,1.19M,-9.66M,-89%,0.03%
74347X864,UPRO,PROSHARES TR ULTRPRO,0,-109497,0,-9.71M,CLOSE,0%
46434V621,DGRO,ISHARES TR,0,-169785,0,-10.41M,CLOSE,0%
482480100,KLAC,KLA CORP,30353,-15351,20.63M,-10.43M,-33.6%,0.46%
78409V104,SPGI,S&P GLOBAL INC,3609,-20763,1.83M,-10.55M,-85.2%,0.04%
594972408,MSTR,MICROSTRATEGY INC,0,-37355,0,-10.82M,CLOSE,0%
256677105,DG,DOLLAR GEN CORP NEW,64772,-127336,5.69M,-11.2M,-66.3%,0.13%
G4124C109,GRAB,GRAB HOLDINGS LIMITED CLASS A,0,-2418300,0,-11.39M,CLOSE,0%
G54950103,LIN,LINDE PLC,0,-27616,0,-11.56M,CLOSE,0%
464287655,IWM,ISHARES TR,56323,-58817,11.24M,-11.74M,-51.1%,0.25%
444859102,HUM,HUMANA INC,9914,-44859,2.62M,-11.86M,-81.9%,0.06%
15101Q207,CLS,CELESTICA INC,0,-141336,0,-13.06M,CLOSE,0%
25460G138,TMF,DIREXION,0,-328681,0,-13.13M,CLOSE,0%
464287408,IVE,ISHARES TR,0,-70731,0,-13.51M,CLOSE,0%
949746101,WFC,WELLS FARGO CO NEW,0,-194465,0,-13.67M,CLOSE,0%
78464A888,XHB,SPDR SER TR,3579,-143158,346.7K,-13.87M,-97.6%,<.01%
92537N108,VRT,VERTIV HOLDINGS CO,0,-123344,0,-14.01M,CLOSE,0%
565788106,MARA,MARA HOLDINGS INC,0,-849945,0,-14.25M,CLOSE,0%
92189F106,GDX,VANECK ETF TRUST,0,-422176,0,-14.32M,CLOSE,0%
464287663,IUSV,ISHARES TR CORE,0,-160852,0,-14.9M,CLOSE,0%
46138E511,PGX,INVESCO EXCH TRADED FD TR,0,-1304504,0,-15.04M,CLOSE,0%
824348106,SHW,SHERWIN WILLIAMS CO,11706,-44509,4.09M,-15.54M,-79.2%,0.09%
87612G101,TRGP,TARGA RES CORP,18772,-77954,3.76M,-15.62M,-80.6%,0.08%
79466L302,CRM,SALESFORCE INC,0,-53455,0,-17.88M,CLOSE,0%
464287598,IWD,ISHARES TR,0,-98607,0,-18.26M,CLOSE,0%
09174C104,BITB,BITWISE BITCOIN ETF TR,0,-359720,0,-18.3M,CLOSE,0%
464288687,PFF,ISHARES TR,0,-597925,0,-18.8M,CLOSE,0%
92189F791,GDXJ,VANECK ETF TRUST,0,-473999,0,-20.26M,CLOSE,0%
464287457,SHY,ISHARES TR,0,-249148,0,-20.43M,CLOSE,0%
718172109,PM,PHILIP MORRIS INTL INC,26728,-128849,4.24M,-20.44M,-82.8%,0.09%
351858105,FNV,FRANCO NEV CORP,0,-185703,0,-21.86M,CLOSE,0%
464286772,EWY,ISHARES INC,0,-440045,0,-22.4M,CLOSE,0%
620076307,MSI,MOTOROLA SOLUTIONS INC,20405,-51650,8.93M,-22.6M,-71.7%,0.2%
92204A306,VDE,VANGUARD WORLD FD,11476,-186342,1.49M,-24.17M,-94.2%,0.03%
G1151C101,ACN,ACCENTURE PLC IRELAND,0,-69303,0,-24.4M,CLOSE,0%
92204A504,VHT,VANGUARD WORLD FD,0,-101461,0,-25.75M,CLOSE,0%
893641100,TDG,TRANSDIGM GROUP INC,2546,-18835,3.52M,-26.06M,-88.1%,0.08%
22788C105,CRWD,CROWDSTRIKE HLDGS INC,0,-76330,0,-26.12M,CLOSE,0%
92206C847,VGLT,VANGUARD SCOTTSDALE FDS,0,-479294,0,-26.53M,CLOSE,0%
962879102,WPM,WHEATON PRECIOUS METALS CORP,34100,-353700,2.66M,-27.62M,-91.2%,0.06%
21037T109,CEG,CONSTELLATION ENERGY CORP,0,-125779,0,-28.14M,CLOSE,0%
22160K105,COST,COSTCO WHSL CORP NEW,0,-31768,0,-29.11M,CLOSE,0%
922908629,VO,VANGUARD INDEX FDS,0,-116700,0,-30.81M,CLOSE,0%
92840M102,VST,VISTRA CORP,0,-229100,0,-31.58M,CLOSE,0%
40412C101,HCA,HCA HEALTHCARE INC,2922,-96042,1.01M,-33.21M,-97%,0.02%
46641Q332,JEPI,J P MORGAN EXCHANGE TRADED F EQUITY PREMIUM,0,-653385,0,-37.6M,CLOSE,0%
02079K107,GOOG,ALPHABET INC,397121,-242018,61.99M,-37.78M,-37.9%,1.4%
023135106,AMZN,AMAZON COM INC,0,-172638,0,-37.89M,CLOSE,0%
742718109,PG,PROCTER AND GAMBLE CO,10782,-229497,1.84M,-39.11M,-95.5%,0.04%
532457108,LLY,ELI LILLY & CO,0,-52038,0,-40.17M,CLOSE,0%
58155Q103,MCK,MCKESSON CORP,0,-77587,0,-44.23M,CLOSE,0%
81369Y308,XLP,SELECT SECTOR SPDR TR,152533,-553147,12.45M,-45.16M,-78.4%,0.28%
775109200,RCI,ROGERS,625600,-1713800,16.81M,-46.04M,-73.3%,0.37%
464287432,TLT,ISHARES TR 20 YR TR,0,-562684,0,-49.15M,CLOSE,0%
L8681T102,SPOT,SPOTIFY TECHNOLOGY S A,14913,-91110,8.2M,-50.09M,-85.9%,0.18%
78467X109,DIA,SPDR DOW JONES INDL AVERAGE UT SER 1,0,-136723,0,-58.18M,CLOSE,0%
82509L107,SHOP,SHOPIFY INC,0,-683500,0,-72.87M,CLOSE,0%
30303M102,META,META PLATFORMS INC,210906,-139810,121.58M,-80.6M,-39.9%,2.7%
94106B101,WCN,WASTE CONNECTIONS INC,0,-542200,0,-93.16M,CLOSE,0%
91324P102,UNH,UNITEDHEALTH GROUP INC,8628,-216586,4.52M,-113.47M,-96.2%,0.1%
036752103,ELV,ELEVANCE HEALTH INC,0,-319980,0,-118.01M,CLOSE,0%
N3167Y103,RACE,FERRARI N V,0,-336409,0,-144.73M,CLOSE,0%
88160R101,TSLA,TESLA INC,0,-409808,0,-165.41M,CLOSE,0%
67066G104,NVDA,NVIDIA CORPORATION,0,-1359379,0,-182.46M,CLOSE,0%
Total,,,,,4.51B,-414.77M,-8.3%,100%
