CUSIP,Ticker,Company,Shares,Delta_Shares,Value,Delta_Value,Delta,Portfolio%
67066G104,NVDA,NVIDIA CORPORATION,2147396,2147396,339.01M,339.01M,NEW,5.8%
037833100,AAPL,APPLE INC,1493459,1493459,306.34M,306.34M,NEW,5.3%
91324P102,UNH,UNITEDHEALTH GROUP INC,568869,560241,177.33M,174.64M,+6493.3%,3.1%
594918104,MSFT,MICROSOFT CORP,308619,308619,153.46M,153.46M,NEW,2.6%
64110L106,NFLX,NETFLIX INC,89735,89735,120.19M,120.19M,NEW,2.1%
83406F102,SOFI,SOFI TECHNOLOGIES INC,6328992,6328992,115.19M,115.19M,NEW,2%
78463V107,GLD,SPDR GOLD TR GOLD,328060,328060,100M,100M,NEW,1.7%
595112103,MU,MICRON TECHNOLOGY INC,693658,693658,85.45M,85.45M,NEW,1.5%
464285204,IAU,ISHARES GOLD TR,1058060,1058060,65.98M,65.98M,NEW,1.1%
136069101,CM,CANADIAN IMPERIAL BK COMM,1622200,907100,114.36M,63.95M,+126.8%,2%
337738108,FISV,FISERV INC,335697,335697,57.87M,57.87M,NEW,1%
57636Q104,MA,MASTERCARD INCORPORATED,129329,100640,72.64M,56.53M,+350.8%,1.3%
15101Q207,CLS,CELESTICA INC,338900,338900,52.68M,52.68M,NEW,0.91%
69608A108,PLTR,PALANTIR TECHNOLOGIES INC,776514,370671,105.89M,50.54M,+91.3%,1.8%
79466L302,CRM,SALESFORCE INC,183815,183815,50.12M,50.12M,NEW,0.86%
09627Y109,BPMC,BLUEPRINT MEDICINES CORP,382677,382677,49.06M,49.06M,NEW,0.85%
G6683N103,NU,NU HLDGS LTD,3311134,3311134,45.45M,45.45M,NEW,0.78%
68389X105,ORCL,ORACLE CORP,201248,201248,43.98M,43.98M,NEW,0.76%
874039100,TSM,TAIWAN SEMICONDUCTOR MFG LTD,178955,178955,40.53M,40.53M,NEW,0.7%
74347R206,QLD,PROSHARES TR,339321,339321,39.92M,39.92M,NEW,0.69%
464288513,HYG,ISHARES TR,489749,489749,39.49M,39.49M,NEW,0.68%
94106B101,WCN,WASTE CONNECTIONS INC,212400,212400,39.48M,39.48M,NEW,0.68%
06849F108,B,BARRICK MNG CORP,1869000,1869000,38.73M,38.73M,NEW,0.67%
58155Q103,MCK,MCKESSON CORP,51499,51499,37.74M,37.74M,NEW,0.65%
75886F107,REGN,REGENERON PHARMACEUTICALS,70449,70449,36.97M,36.97M,NEW,0.64%
78468R622,JNK,SPDR SERIES TRUST,372848,372848,36.27M,36.27M,NEW,0.62%
74347X831,TQQQ,PROSHARES TR,428532,428532,35.55M,35.55M,NEW,0.61%
097023105,BA,BOEING CO,160553,160553,33.63M,33.63M,NEW,0.58%
25459W102,TECL,DIREXION,356842,356842,33.36M,33.36M,NEW,0.57%
46429B655,FLOT,ISHARES TR,654191,650127,33.37M,33.17M,+15997.2%,0.57%
464288679,SHV,ISHARES TR,286440,286440,31.63M,31.63M,NEW,0.54%
023135106,AMZN,AMAZON COM INC,140979,140979,30.93M,30.93M,NEW,0.53%
92826C839,V,VISA INC,85034,85034,30.18M,30.18M,NEW,0.52%
38150K103,AAAU,GOLDMAN SACHS PHYSICAL GOLD,920490,920490,30.08M,30.08M,NEW,0.52%
036752103,ELV,ELEVANCE HEALTH INC,77244,77244,30.04M,30.04M,NEW,0.52%
458140100,INTC,INTEL CORP,1324942,1324942,29.66M,29.66M,NEW,0.51%
00724F101,ADBE,ADOBE INC,75624,75624,29.24M,29.24M,NEW,0.5%
433000106,HIMS,HIMS & HERS HEALTH INC,1275854,566760,63.62M,28.26M,+79.9%,1.1%
962879102,WPM,WHEATON PRECIOUS METALS CORP,333400,299300,29.84M,26.78M,+877.7%,0.51%
46138G508,BKLN,INVESCO EXCH TRADED FD TR,1202593,1202593,25.15M,25.15M,NEW,0.43%
75734B100,RDDT,REDDIT INC,368502,164666,55.47M,24.79M,+80.8%,0.96%
46654Q203,JEPQ,J P MORGAN EXCHANGE TRADED F,452088,442025,24.59M,24.04M,+4392.6%,0.42%
351858105,FNV,FRANCO NEV CORP,142000,142000,23.2M,23.2M,NEW,0.4%
922475108,VEEV,VEEVA SYS INC,110197,79907,31.74M,23.01M,+263.8%,0.55%
91232N207,USO,UNITED STS OIL FD LP,342680,311687,25.05M,22.79M,+1005.7%,0.43%
00326A104,SGOL,ETFS GOLD TR,1216015,720140,38.36M,22.72M,+145.2%,0.66%
70450Y103,PYPL,PAYPAL HLDGS INC,302606,302606,22.49M,22.49M,NEW,0.39%
81762P102,NOW,SERVICENOW INC,41541,21193,42.68M,21.78M,+104.2%,0.74%
78467V608,SRLN,SSGA ACTIVE ETF TR,510156,510156,21.22M,21.22M,NEW,0.37%
921078101,OUNZ,VANECK MERK GOLD ETF GOLD,636339,636339,20.29M,20.29M,NEW,0.35%
37960A529,SHLD,GLOBAL X FDS,333665,333665,20.11M,20.11M,NEW,0.35%
126650100,CVS,CVS HEALTH CORP,284859,284859,19.65M,19.65M,NEW,0.34%
464287184,FXI,ISHARES TR,509348,509348,18.72M,18.72M,NEW,0.32%
N3167Y103,RACE,FERRARI N V,37984,37984,18.53M,18.53M,NEW,0.32%
58733R102,MELI,MERCADOLIBRE INC,24654,6981,64.38M,18.23M,+39.5%,1.1%
500767306,KWEB,KRANESHARES TRUST,528311,528311,18.13M,18.13M,NEW,0.31%
78468R663,BIL,SPDR SERIES TRUST,197039,197039,18.07M,18.07M,NEW,0.31%
866796105,SLF,SUN LIFE FINANCIAL INC.,267500,267500,17.71M,17.71M,NEW,0.31%
14040H105,COF,CAPITAL ONE FINL CORP,97044,81989,20.64M,17.44M,+544.6%,0.36%
74347R669,USD,PROSHARES TR,231220,231220,17.12M,17.12M,NEW,0.29%
00217D100,ASTS,AST SPACEMOBILE INC,569785,359335,26.62M,16.79M,+170.7%,0.46%
98149E303,GLDM,WORLD GOLD TR,601421,255124,39.4M,16.71M,+73.7%,0.68%
92189H607,OIH,VANECK ETF TRUST,79947,71371,18.4M,16.43M,+832.2%,0.32%
149123101,CAT,CATERPILLAR INC,40996,40996,15.91M,15.91M,NEW,0.27%
78468R408,SJNK,SPDR SERIES TRUST,617893,617893,15.75M,15.75M,NEW,0.27%
00287Y109,ABBV,ABBVIE INC,83542,83542,15.51M,15.51M,NEW,0.27%
02156V109,OKLO,OKLO INC,275311,275311,15.41M,15.41M,NEW,0.27%
46436F103,IAUM,ISHARES GOLD TR,466896,466896,15.4M,15.4M,NEW,0.27%
46625H100,JPM,JPMORGAN CHASE & CO.,52522,52522,15.22M,15.22M,NEW,0.26%
617446448,MS,MORGAN STANLEY,104915,104915,14.77M,14.77M,NEW,0.25%
46090F100,PDBC,INVESCO ACTVELY MNGD ETC FD,1160203,1117229,15.12M,14.56M,+2599.8%,0.26%
172967424,C,CITIGROUP INC,187446,170710,15.95M,14.53M,+1020%,0.27%
444859102,HUM,HUMANA INC,66609,56695,16.28M,13.86M,+571.9%,0.28%
46138E537,PZA,INVESCO EXCH TRADED FD TR,615447,615447,13.78M,13.78M,NEW,0.24%
46138B103,DBC,INVESCO DB,796744,612267,17.37M,13.35M,+331.9%,0.3%
84858T772,EUAD,SPINNAKER ETF SERIES,306539,306539,13.2M,13.2M,NEW,0.23%
01609W102,BABA,ALIBABA GROUP HLDG LTD,115479,115479,13.09M,13.09M,NEW,0.23%
81141R100,SE,SEA LTD,296109,78652,47.36M,12.58M,+36.2%,0.82%
052769106,ADSK,AUTODESK INC,40434,40434,12.52M,12.52M,NEW,0.22%
003264108,SIVR,ABRDN SILVER ETF TRUST,506714,362296,17.43M,12.46M,+250.9%,0.3%
02079K107,GOOG,ALPHABET INC,467238,70117,82.86M,12.43M,+17.7%,1.4%
254687106,DIS,DISNEY WALT CO,133821,99785,16.59M,12.37M,+293.2%,0.29%
16411R208,LNG,CHENIERE ENERGY INC,72822,49386,17.73M,12.03M,+210.7%,0.31%
852234103,XYZ,BLOCK INC,172905,172905,11.75M,11.75M,NEW,0.2%
007903107,AMD,ADVANCED MICRO DEVICES INC,160522,82719,22.78M,11.74M,+106.3%,0.39%
25460G781,NUGT,DIREXION,156001,156001,11.6M,11.6M,NEW,0.2%
931142103,WMT,WALMART INC,117650,117650,11.5M,11.5M,NEW,0.2%
04016X101,ARGX,ARGENX SE,20501,20501,11.31M,11.31M,NEW,0.19%
780259305,SHEL,SHELL PLC,155336,155336,10.93M,10.93M,NEW,0.19%
03945R102,ACHR,ARCHER AVIATION INC,999480,999480,10.84M,10.84M,NEW,0.19%
169656105,CMG,CHIPOTLE MEXICAN GRILL INC,238006,186213,13.37M,10.46M,+359.5%,0.23%
78468R556,XOP,SPDR SERIES TRUST,93001,81806,11.7M,10.29M,+730.7%,0.2%
87807B107,TRP,TC ENERGY CORP,211200,211200,10.26M,10.26M,NEW,0.18%
687793109,OSCR,OSCAR HEALTH INC,499829,475725,10.72M,10.21M,+1973.6%,0.18%
464288687,PFF,ISHARES TR,312003,312003,9.57M,9.57M,NEW,0.16%
24703L202,DELL,DELL TECHNOLOGIES INC,77772,77772,9.53M,9.53M,NEW,0.16%
369604301,GE,GE AEROSPACE,82077,36769,21.12M,9.46M,+81.2%,0.36%
31428X106,FDX,FEDEX CORP,129572,40323,29.45M,9.17M,+45.2%,0.51%
457669307,INSM,INSMED INC,96703,89217,9.73M,8.98M,+1191.8%,0.17%
46429B671,MCHI,ISHARES TR,162658,153295,8.96M,8.45M,+1637.2%,0.15%
N07059210,ASML,ASML HOLDING N V N Y REGISTRY,10539,10539,8.45M,8.45M,NEW,0.15%
237194105,DRI,DARDEN RESTAURANTS INC,48176,38164,10.5M,8.32M,+381.2%,0.18%
781154109,RBRK,RUBRIK INC.,150843,92611,13.51M,8.29M,+159%,0.23%
92532F100,VRTX,VERTEX PHARMACEUTICALS INC,17913,17913,7.97M,7.97M,NEW,0.14%
949746101,WFC,WELLS FARGO CO NEW,95591,95591,7.65M,7.65M,NEW,0.13%
26856L103,ELF,E L F BEAUTY INC,60153,60153,7.49M,7.49M,NEW,0.13%
075887109,BDX,BECTON DICKINSON & CO,42382,42382,7.3M,7.3M,NEW,0.13%
46434V407,SHYG,ISHARES TR,165231,165231,7.13M,7.13M,NEW,0.12%
233051432,HYLB,DBX ETF TR,180946,180946,6.68M,6.68M,NEW,0.12%
74347X864,UPRO,PROSHARES TR ULTRPRO,71070,71070,6.5M,6.5M,NEW,0.11%
46428R107,GSG,ISHARES S&P GSCI,360943,291803,7.96M,6.44M,+422%,0.14%
464288158,SUB,ISHARES TR,60505,60505,6.43M,6.43M,NEW,0.11%
084670702,BRK.B,BERKSHIRE HATHAWAY INC,13218,13218,6.41M,6.41M,NEW,0.11%
33739H101,FTGC,FIRST TR EXCHANGE TRAD FD VI FST TR,258239,258239,6.37M,6.37M,NEW,0.11%
46429B747,STIP,ISHARES TR,61856,61856,6.36M,6.36M,NEW,0.11%
773121108,RKLB,ROCKET LAB CORP,177055,177055,6.33M,6.33M,NEW,0.11%
060505104,BAC,BANK AMERICA CORP,129473,129473,6.12M,6.12M,NEW,0.11%
40412C101,HCA,HCA HEALTHCARE INC,18660,15738,7.15M,6.03M,+538.6%,0.12%
47103U845,JAAA,JANUS DETROIT STR TR,124269,118261,6.31M,6M,+1968.4%,0.11%
37960A438,CLIP,GLOBAL X FDS,59724,59724,6M,6M,NEW,0.1%
47215P106,JD,JD.COM INC,181229,181229,5.92M,5.92M,NEW,0.1%
45866F104,ICE,INTERCONTINENTAL EXCHANGE IN,67280,31557,12.34M,5.79M,+88.3%,0.21%
76655K103,RGTI,RIGETTI COMPUTING INC,486561,486561,5.76M,5.76M,NEW,0.1%
92204A702,VGT,VANGUARD WORLD FD,9601,8581,6.36M,5.69M,+841.3%,0.11%
46140H106,DBA,INVESCO DB MULTI-SECTOR,216891,216891,5.67M,5.67M,NEW,0.1%
064149107,BNS,BANK NOVA SCOTIA HALIFAX,1128100,99600,62.08M,5.48M,+9.7%,1.1%
85472N109,STN,STANTEC INC,57100,50400,6.18M,5.46M,+752.2%,0.11%
90384S303,ULTA,ULTA BEAUTY INC,11581,11581,5.42M,5.42M,NEW,0.09%
78464A474,SPSB,SPDR SERIES TRUST,179230,179230,5.41M,5.41M,NEW,0.09%
143658300,CCL,CARNIVAL CORP,184172,184172,5.18M,5.18M,NEW,0.09%
911312106,UPS,UNITED PARCEL SERVICE INC,78829,50839,7.96M,5.13M,+181.6%,0.14%
316092402,FENY,FIDELITY COVINGTON TRUST,267554,213192,6.27M,5M,+392.2%,0.11%
81764X103,TTAN,SERVICETITAN INC,53949,46499,5.78M,4.98M,+624.1%,0.1%
69344A834,PAAA,PGIM ETF TR,113883,96673,5.86M,4.98M,+561.7%,0.1%
464287515,IGV,ISHARES TR,61642,44902,6.75M,4.92M,+268.2%,0.12%
26922A420,QTUM,ETF SER SOLUTIONS,53472,53472,4.91M,4.91M,NEW,0.08%
819047101,SHAK,SHAKE SHACK INC,34619,34619,4.87M,4.87M,NEW,0.08%
87612E106,TGT,TARGET CORP,69871,48796,6.89M,4.81M,+231.5%,0.12%
718546104,PSX,PHILLIPS 66,40272,40272,4.8M,4.8M,NEW,0.08%
33738D309,FTSL,FIRST TR,104613,104613,4.8M,4.8M,NEW,0.08%
95040Q104,WELL,WELLTOWER INC,46843,31078,7.2M,4.78M,+197.1%,0.12%
78433H675,QQQI,NEOS ETF TRUST,89941,89941,4.68M,4.68M,NEW,0.08%
922020805,VTIP,VANGUARD MALVERN FDS,92836,92836,4.67M,4.67M,NEW,0.08%
009158106,APD,AIR PRODS & CHEMS INC,16460,16460,4.64M,4.64M,NEW,0.08%
75513E101,RTX,RTX CORPORATION,52769,31254,7.7M,4.56M,+145.3%,0.13%
46435G474,FALN,ISHARES TR,163947,163947,4.45M,4.45M,NEW,0.08%
01921D204,AAUC,ALLIED GOLD CORP,322497,322497,4.31M,4.31M,NEW,0.07%
003261104,BCI,ABRDN ETFS BBRG ALL,207686,207686,4.31M,4.31M,NEW,0.07%
82846H405,QXO,QXO INC,296201,195018,6.38M,4.2M,+192.7%,0.11%
G4124C109,GRAB,GRAB HOLDINGS LIMITED CLASS A,822784,822784,4.14M,4.14M,NEW,0.07%
71654V408,PBR,PETROLEO BRASILEIRO SA PETRO,325492,325492,4.07M,4.07M,NEW,0.07%
46431W853,COMT,ISHARES U S ETF TR,234889,156836,6.07M,4.05M,+200.9%,0.1%
988498101,YUM,YUM BRANDS INC,26722,26722,3.96M,3.96M,NEW,0.07%
518439104,EL,LAUDER ESTEE COS INC,48821,48821,3.95M,3.95M,NEW,0.07%
M7518J104,ODD,ODDITY TECH LTD,51772,51772,3.91M,3.91M,NEW,0.07%
78709Y105,SAIA,SAIA INC,14167,14167,3.88M,3.88M,NEW,0.07%
60937P106,MDB,MONGODB INC,17902,17902,3.76M,3.76M,NEW,0.06%
808513105,SCHW,SCHWAB CHARLES CORP,40477,40477,3.69M,3.69M,NEW,0.06%
60855R100,MOH,MOLINA HEALTHCARE INC,12103,12103,3.6M,3.6M,NEW,0.06%
580135101,MCD,MCDONALDS CORP,12271,12271,3.59M,3.59M,NEW,0.06%
49456B101,KMI,KINDER MORGAN INC DEL,222263,121537,6.53M,3.57M,+120.7%,0.11%
681919106,OMC,OMNICOM GROUP INC,64601,49642,4.65M,3.57M,+331.9%,0.08%
303250104,FICO,FAIR ISAAC CORP,5412,1944,9.88M,3.55M,+56.1%,0.17%
90353T100,UBER,UBER TECHNOLOGIES INC,286358,37989,26.71M,3.54M,+15.3%,0.46%
46438R105,ETHA,ISHARES ETHEREUM TR,181730,181730,3.46M,3.46M,NEW,0.06%
253393102,DKS,DICKS SPORTING GOODS INC,17463,17463,3.45M,3.45M,NEW,0.06%
46090E103,QQQ,INVESCO QQQ TR,6634,6159,3.66M,3.4M,+1296.6%,0.06%
718172109,PM,PHILIP MORRIS INTL INC,45323,18595,8.25M,3.39M,+69.6%,0.14%
125269100,CF,CF INDS HLDGS INC,36737,36737,3.38M,3.38M,NEW,0.06%
12572Q105,CME,CME GROUP INC,44393,12186,12.23M,3.36M,+37.8%,0.21%
91912E105,VALE,VALE S A,341354,341354,3.31M,3.31M,NEW,0.06%
063671101,BMO,BANK MONTREAL QUE,29703,29703,3.29M,3.29M,NEW,0.06%
25460G831,JNUG,DIREXION,78818,40369,6.25M,3.2M,+105%,0.11%
78468R606,SPHY,SPDR SERIES TRUST,128972,128972,3.07M,3.07M,NEW,0.05%
37954Y491,DAX,GLOBAL X FDS,67803,67803,3.04M,3.04M,NEW,0.05%
88033G407,THC,TENET HEALTHCARE CORP,17218,17218,3.03M,3.03M,NEW,0.05%
91680M107,UPST,UPSTART HLDGS INC,45904,45904,2.97M,2.97M,NEW,0.05%
M3760D101,ESLT,ELBIT SYS LTD,12876,6572,5.78M,2.95M,+104.3%,0.1%
836100107,SOUN,SOUNDHOUND AI INC CLASS A,270879,270879,2.91M,2.91M,NEW,0.05%
81369Y803,XLK,SELECT SECTOR SPDR TR,11345,11345,2.87M,2.87M,NEW,0.05%
53947R105,LOAR,LOAR HOLDINGS INC,39069,33194,3.37M,2.86M,+565%,0.06%
651639106,NEM,NEWMONT CORP,134902,48678,7.86M,2.84M,+56.5%,0.14%
464288117,IGOV,ISHARES TR,64096,64096,2.76M,2.76M,NEW,0.05%
159864107,CRL,CHARLES RIV LABS INTL INC,17982,17982,2.73M,2.73M,NEW,0.05%
090040106,BILI,BILIBILI INC,127169,127169,2.73M,2.73M,NEW,0.05%
881624209,TEVA,TEVA PHARMACEUTICAL INDS LTD,161500,161500,2.7M,2.7M,NEW,0.05%
67103H107,ORLY,OREILLY AUTOMOTIVE INC,29614,29614,2.67M,2.67M,NEW,0.05%
808524862,SCHO,SCHWAB STRATEGIC TR,124146,109135,3.03M,2.66M,+727%,0.05%
88636J527,ULTY,TIDAL TR II,416477,416477,2.62M,2.62M,NEW,0.05%
969457100,WMB,WILLIAMS COS INC,126993,41114,7.97M,2.58M,+47.9%,0.14%
06738E204,BCS,BARCLAYS PLC,132843,132843,2.47M,2.47M,NEW,0.04%
D18190898,DB,DEUTSCHE BANK A G,84146,84146,2.46M,2.46M,NEW,0.04%
57060D108,MKTX,MARKETAXESS HLDGS INC,10986,10986,2.45M,2.45M,NEW,0.04%
46641Q332,JEPI,J P MORGAN EXCHANGE TRADED F,42916,42916,2.44M,2.44M,NEW,0.04%
842587107,SO,SOUTHERN CO,26372,26372,2.42M,2.42M,NEW,0.04%
92189H409,HYD,VANECK ETF TRUST,59963,48116,3.01M,2.42M,+406.1%,0.05%
267475101,DY,DYCOM INDS INC,9866,9866,2.41M,2.41M,NEW,0.04%
464289529,INDY,ISHARES TR,46866,42522,2.55M,2.31M,+978.9%,0.04%
090043100,BILL,BILL HOLDINGS INC,59664,49427,2.76M,2.29M,+482.8%,0.05%
02319V103,ABEV,AMBEV SA,936411,936411,2.25M,2.25M,NEW,0.04%
92189F429,PFXF,VANECK ETF TRUST,130881,130881,2.24M,2.24M,NEW,0.04%
94419L101,W,WAYFAIR INC,42959,42959,2.2M,2.2M,NEW,0.04%
128030202,CALM,CAL MAINE FOODS INC,26382,21979,2.63M,2.19M,+499.2%,0.05%
M9T951109,ZIM,ZIM INTEGRATED SHIPPING SERV,135900,135900,2.19M,2.19M,NEW,0.04%
G66721104,NCLH,NORWEGIAN CRUISE LINE HLDG L,105265,105265,2.13M,2.13M,NEW,0.04%
47030M106,JHX,JAMES HARDIE INDS PLC,123411,78554,3.32M,2.11M,+175.1%,0.06%
29250N105,ENB,ENBRIDGE INC,45841,45841,2.08M,2.08M,NEW,0.04%
87043Q108,SG,SWEETGREEN INC,139328,139328,2.07M,2.07M,NEW,0.04%
406216101,HAL,HALLIBURTON CO,148563,100306,3.02M,2.04M,+207.9%,0.05%
29414B104,EPAM,EPAM SYS INC,11430,11430,2.02M,2.02M,NEW,0.03%
46436E577,GOVZ,ISHARES TR,206776,206776,1.98M,1.98M,NEW,0.03%
34964C106,FBIN,FORTUNE BRANDS INNOVATIONS I,38420,38420,1.98M,1.98M,NEW,0.03%
22052L104,CTVA,CORTEVA INC,37510,26339,2.8M,1.96M,+235.8%,0.05%
37954Y657,PFFD,GLOBAL X FDS,103685,103685,1.95M,1.95M,NEW,0.03%
92189H300,EMLC,VANECK ETF TRUST,73285,73285,1.86M,1.86M,NEW,0.03%
596278101,MIDD,MIDDLEBY CORP,12602,12602,1.81M,1.81M,NEW,0.03%
46434V761,UAE,ISHARES TR,96895,96895,1.81M,1.81M,NEW,0.03%
77543R102,ROKU,ROKU INC,51283,20487,4.51M,1.8M,+66.5%,0.08%
09061G101,BMRN,BIOMARIN PHARMACEUTICAL INC,32392,32392,1.78M,1.78M,NEW,0.03%
G3730V105,FTAI,FTAI AVIATION LTD,15392,15392,1.77M,1.77M,NEW,0.03%
04965M106,ATAT,ATOUR LIFESTYLE HLDGS LTD,54126,54126,1.76M,1.76M,NEW,0.03%
98850P109,YUMC,YUM CHINA HLDGS INC,44426,39392,1.99M,1.76M,+782.5%,0.03%
55087P104,LYFT,LYFT INC,110062,110062,1.73M,1.73M,NEW,0.03%
398905109,GPI,GROUP 1 AUTOMOTIVE INC,4939,3947,2.16M,1.72M,+397.9%,0.04%
49845K101,KVYO,KLAVIYO INC,64153,51066,2.15M,1.71M,+390.2%,0.04%
682680103,OKE,ONEOK INC NEW,40230,20638,3.28M,1.68M,+105.3%,0.06%
46434V803,HEFA,ISHARES TR,44369,44369,1.68M,1.68M,NEW,0.03%
749527107,REVG,REV GROUP INC,35226,35226,1.68M,1.68M,NEW,0.03%
464287341,IXC,ISHARES TR,65831,42685,2.58M,1.68M,+184.4%,0.04%
89151E109,TTE,TOTALENERGIES SE,27149,27149,1.67M,1.67M,NEW,0.03%
01741R102,ATI,ATI INC,19219,19219,1.66M,1.66M,NEW,0.03%
83304A106,SNAP,SNAP INC,581169,189201,5.06M,1.65M,+48.3%,0.09%
34959J108,FTV,FORTIVE CORP,31395,31395,1.64M,1.64M,NEW,0.03%
115236101,BRO,BROWN & BROWN INC,14746,14746,1.63M,1.63M,NEW,0.03%
90364P105,PATH,UIPATH INC,193321,124422,2.47M,1.59M,+180.6%,0.04%
33768G107,FCFS,FIRSTCASH HOLDINGS INC,11723,11723,1.58M,1.58M,NEW,0.03%
013872106,AA,ALCOA CORP,53615,53615,1.58M,1.58M,NEW,0.03%
74347R693,ROM,PROSHARES TR,20660,20660,1.57M,1.57M,NEW,0.03%
83671M105,SOBO,SOUTH BOW CORP,60698,60698,1.57M,1.57M,NEW,0.03%
364760108,GAP,GAP INC,98152,72049,2.14M,1.57M,+276%,0.04%
92276F100,VTR,VENTAS INC,24846,24846,1.57M,1.57M,NEW,0.03%
37954Y293,MLPX,GLOBAL X FDS,24983,24983,1.57M,1.57M,NEW,0.03%
92206C102,VGSH,VANGUARD SCOTTSDALE FDS,26291,26291,1.55M,1.55M,NEW,0.03%
G5S37H101,MRX,MAREX GROUP PLC,47261,39055,1.86M,1.54M,+475.9%,0.03%
16359R103,CHE,CHEMED CORP NEW,4118,3149,2M,1.53M,+325%,0.03%
00508Y102,AYI,ACUITY INC,9223,5127,2.75M,1.53M,+125.2%,0.05%
G87110105,FTI,TECHNIPFMC PLC,44235,44235,1.52M,1.52M,NEW,0.03%
512816109,LAMR,LAMAR ADVERTISING CO NEW,12532,12532,1.52M,1.52M,NEW,0.03%
89832Q109,TFC,TRUIST FINL CORP,34935,34935,1.5M,1.5M,NEW,0.03%
921937793,BLV,VANGUARD BD INDEX FDS,21538,21538,1.5M,1.5M,NEW,0.03%
464288828,IHF,ISHARES TR,29898,29898,1.45M,1.45M,NEW,0.03%
17243V102,CNK,CINEMARK HLDGS INC,47591,47591,1.44M,1.44M,NEW,0.02%
23834J201,DAVE,DAVE INC CLASS A,9751,5325,2.61M,1.43M,+120.3%,0.05%
055622104,BP,BP PLC,47538,47538,1.42M,1.42M,NEW,0.02%
92189F106,GDX,VANECK ETF TRUST,27264,27264,1.42M,1.42M,NEW,0.02%
053774105,CAR,AVIS BUDGET GROUP,25806,8370,4.36M,1.41M,+48%,0.08%
V5633W109,MMYT,MAKEMYTRIP LIMITED MAURITIUS,14427,14427,1.41M,1.41M,NEW,0.02%
651587107,NEU,NEWMARKET CORP,2041,2041,1.41M,1.41M,NEW,0.02%
64125C109,NBIX,NEUROCRINE BIOSCIENCES INC,14809,11162,1.86M,1.4M,+306.1%,0.03%
97717Y527,USFR,WISDOMTREE TR,27874,27874,1.4M,1.4M,NEW,0.02%
72201R304,LTPZ,PIMCO ETF TR,26730,26730,1.4M,1.4M,NEW,0.02%
400506101,PAC,GRUPO AEROPUERTO DEL PACIFIC,6034,6034,1.39M,1.39M,NEW,0.02%
808625107,SAIC,SCIENCE APPLICATIONS INTL CO,12184,12184,1.37M,1.37M,NEW,0.02%
92243G108,PCVX,VAXCYTE INC,41797,41797,1.36M,1.36M,NEW,0.02%
75524B104,RBC,RBC BEARINGS INC,3424,3424,1.32M,1.32M,NEW,0.02%
339750101,FND,FLOOR & DECOR HLDGS INC,17145,17145,1.3M,1.3M,NEW,0.02%
876511106,TGB,TASEKO MINES LTD,532236,406036,1.68M,1.28M,+321.7%,0.03%
G8193D104,KAZR,SKYLINE BLDRS GROUP HLDG LTD,99505,99505,1.26M,1.26M,NEW,0.02%
647581206,EDU,NEW ORIENTAL ED & TECHNOLOGY,23139,23139,1.25M,1.25M,NEW,0.02%
816851109,SRE,SEMPRA,27412,16323,2.08M,1.24M,+147.2%,0.04%
92189H805,REMX,VANECK ETF TRUST,30298,30298,1.23M,1.23M,NEW,0.02%
89377M109,TMDX,TRANSMEDICS GROUP INC,8907,8907,1.19M,1.19M,NEW,0.02%
00404A109,ACHC,ACADIA HEALTHCARE COMPANY IN,51863,51863,1.18M,1.18M,NEW,0.02%
45784P101,PODD,INSULET CORP,8524,3728,2.68M,1.17M,+77.7%,0.05%
M7S64L123,PGY,PAGAYA TECHNOLOGIES LTD,69405,54709,1.48M,1.17M,+372.3%,0.03%
879369106,TFX,TELEFLEX INCORPORATED,13887,9843,1.64M,1.16M,+243.4%,0.03%
40051E202,ASR,GRUPO AEROPORTUARIO DEL SURE,5277,3625,1.68M,1.16M,+219.4%,0.03%
25609L105,DCBO,DOCEBO INC,86200,39500,2.49M,1.14M,+84.6%,0.04%
253868103,DLR,DIGITAL RLTY TR INC,31095,6483,5.42M,1.13M,+26.3%,0.09%
086516101,BBY,BEST BUY INC,31730,16828,2.13M,1.13M,+112.9%,0.04%
67079U306,NUTX,NUTEX HEALTH INC,8909,8909,1.11M,1.11M,NEW,0.02%
G25508105,CRH,CRH PLC,11763,11763,1.08M,1.08M,NEW,0.02%
G0260P102,AS,AMER SPORTS INC,67360,27839,2.61M,1.08M,+70.4%,0.04%
M8740S227,TATT,TAT TECHNOLOGIES LTD,34758,34758,1.06M,1.06M,NEW,0.02%
929740108,WAB,WABTEC,5009,5009,1.05M,1.05M,NEW,0.02%
59151K108,MEOH,METHANEX CORP,31800,31800,1.05M,1.05M,NEW,0.02%
42704L104,HRI,HERC HLDGS INC,7907,7907,1.04M,1.04M,NEW,0.02%
21874C102,CNM,CORE & MAIN INC,17094,17094,1.03M,1.03M,NEW,0.02%
465741106,ITRI,ITRON INC,7777,7777,1.02M,1.02M,NEW,0.02%
56501R106,MFC,MANULIFE FINL CORP,31908,31908,1.02M,1.02M,NEW,0.02%
15135B101,CNC,CENTENE CORP DEL,62828,18779,3.41M,1.02M,+42.6%,0.06%
902673102,UFPT,UFP TECHNOLOGIES INC,4153,4153,1.01M,1.01M,NEW,0.02%
87612G101,TRGP,TARGA RES CORP,24576,5804,4.28M,1.01M,+30.9%,0.07%
14149Y108,CAH,CARDINAL HEALTH INC,16526,6004,2.78M,1.01M,+57.1%,0.05%
15118V207,CELH,CELSIUS HLDGS INC,120679,21371,5.6M,991.19K,+21.5%,0.1%
302941109,FCN,FTI CONSULTING INC,6072,6072,980.2K,980.2K,NEW,0.02%
770323103,RHI,ROBERT HALF INC.,28371,23878,1.16M,980.19K,+531.4%,0.02%
74275K108,PCOR,PROCORE TECHNOLOGIES INC,14160,14160,968.26K,968.26K,NEW,0.02%
921946885,VWOB,VANGUARD WHITEHALL FDS,14786,14786,966.34K,966.34K,NEW,0.02%
155923105,CTRI,CENTURI HOLDINGS INC,42975,42975,963.93K,963.93K,NEW,0.02%
020764106,AMR,ALPHA METALLURGICAL RESOUR I,8518,8518,957.93K,957.93K,NEW,0.02%
294821608,ERIC,TELEFONAKTIEBOLAGET LM ERICS,111940,111940,950.37K,950.37K,NEW,0.02%
72201R882,ZROZ,PIMCO ETF TR,14139,14139,948.44K,948.44K,NEW,0.02%
95082P105,WCC,WESCO INTL INC,5087,5087,942.52K,942.52K,NEW,0.02%
25809K105,DASH,DOORDASH INC,32839,3809,8.1M,939.11K,+13.1%,0.14%
98139A105,WK,WORKIVA INC,18039,13638,1.23M,933.66K,+309.9%,0.02%
514952100,LB,LANDBRIDGE COMPANY LLC,13712,13712,926.66K,926.66K,NEW,0.02%
96208T104,WEX,WEX INC,6307,6307,925.93K,925.93K,NEW,0.02%
N5749R100,MRUS,MERUS N V,17573,17573,924.69K,924.69K,NEW,0.02%
80004C200,SNDK,SANDISK CORP,20261,20261,919.04K,919.04K,NEW,0.02%
918204108,VFC,V F CORP,92978,77939,1.09M,915.39K,+518.2%,0.02%
003262102,PALL,ABRDN PALLADIUM ETF TRUST,27030,9093,2.72M,913.76K,+50.7%,0.05%
26923N538,AIPI,ETF OPPORTUNITIES TRUST,20961,20961,908.45K,908.45K,NEW,0.02%
817070501,SENEA,SENECA FOODS CORP NEW,12021,8958,1.22M,907.18K,+292.5%,0.02%
33734X127,FXN,FIRST TR EXCHANGE TRADED FD,144242,59730,2.19M,906.7K,+70.7%,0.04%
29275Y102,ENS,ENERSYS,10510,10510,901.65K,901.65K,NEW,0.02%
N20944109,CNH,CNH INDL N V,89247,69036,1.16M,897.01K,+341.6%,0.02%
75629V104,RXRX,RECURSION PHARMACEUTICALS IN,176226,176226,891.7K,891.7K,NEW,0.02%
35953D104,FUBO,FUBOTV INC,357608,228488,1.38M,879.68K,+177%,0.02%
46138J635,BSJQ,INVESCO EXCH TRD SLF IDX FD,37449,37449,874.06K,874.06K,NEW,0.02%
05368X102,AVDX,AVIDXCHANGE HOLDINGS INC,88456,88456,865.98K,865.98K,NEW,0.01%
87162W100,SNX,TD SYNNEX CORPORATION,6351,6351,861.64K,861.64K,NEW,0.01%
88557W101,QFIN,QIFU TECHNOLOGY INC,19755,19755,857.17K,857.17K,NEW,0.01%
73044W302,POET,POET TECHNOLOGIES INC,164200,164200,855.48K,855.48K,NEW,0.01%
883203101,TXT,TEXTRON INC,10644,10644,854.39K,854.39K,NEW,0.01%
92337R101,VERA,VERA THERAPEUTICS INC,36136,36136,851.73K,851.73K,NEW,0.01%
650111107,NYT,NEW YORK TIMES CO,15212,15212,851.57K,851.57K,NEW,0.01%
P31076105,CPA,COPA HOLDINGS SA,7684,7684,845.09K,845.09K,NEW,0.01%
37954Y632,AIQ,GLOBAL X FDS,19114,19114,835.09K,835.09K,NEW,0.01%
892672106,TW,TRADEWEB MKTS INC,11470,5647,1.68M,826.72K,+97%,0.03%
423403104,MOMO,HELLO GROUP INC,119180,97925,1.01M,826K,+460.7%,0.02%
056752108,BIDU,BAIDU INC,9631,9631,825.76K,825.76K,NEW,0.01%
44930G107,ICUI,ICU MED INC,6223,6223,822.43K,822.43K,NEW,0.01%
171757206,CDTX,CIDARA THERAPEUTICS INC,16884,16884,820.23K,820.23K,NEW,0.01%
254067101,DDS,DILLARDS INC,1929,1929,806.12K,806.12K,NEW,0.01%
37940X102,GPN,GLOBAL PMTS INC,10018,10018,802.04K,802.04K,NEW,0.01%
88636J154,QQQY,TIDAL TR II,30674,30674,801.36K,801.36K,NEW,0.01%
922042718,VSS,VANGUARD INTL EQUITY INDEX F,5899,5899,792.65K,792.65K,NEW,0.01%
233051200,DBEF,DBX ETF TR,18025,18025,789.23K,789.23K,NEW,0.01%
903731107,ULS,UL SOLUTIONS INC CLASS A,10714,10714,780.14K,780.14K,NEW,0.01%
313148306,AGM,FEDERAL AGRIC MTG CORP,7226,3924,1.41M,763.02K,+118.8%,0.02%
46138E800,CQQQ,INVESCO EXCH TRADED FD TR,17235,17235,762.99K,762.99K,NEW,0.01%
422704106,HL,HECLA MNG CO,219044,125350,1.31M,750.22K,+133.8%,0.02%
N3168P101,FER,FERROVIAL SE,13946,13946,746.95K,746.95K,NEW,0.01%
00165C302,AMC,AMC ENTMT HLDGS INC,240474,240474,744.27K,744.27K,NEW,0.01%
099724106,BWA,BORGWARNER INC,22078,22078,738.51K,738.51K,NEW,0.01%
971378104,WSC,WILLSCOT HLDGS CORP,26773,26773,733.85K,733.85K,NEW,0.01%
35671D857,FCX,FREEPORT-MCMORAN INC,16788,16788,727.42K,727.42K,NEW,0.01%
74766W108,QUBT,QUANTUM COMPUTING INC,37725,37725,723.19K,723.19K,NEW,0.01%
33739Q408,FTSM,FIRST TR EXCHANGE-TRADED FD FIRST TR,12041,12041,720.89K,720.89K,NEW,0.01%
50189K103,LCII,LCI INDS,7892,7892,719.99K,719.99K,NEW,0.01%
913915104,UTI,UNIVERSAL TECHNICAL INST INC,21221,21221,719.18K,719.18K,NEW,0.01%
464288414,MUB,ISHARES TR,6875,6875,718.23K,718.23K,NEW,0.01%
83192D402,SMA,SMARTSTOP SELF STORAG REIT I,19684,19684,713.35K,713.35K,NEW,0.01%
233377407,DXPE,DXP ENTERPRISES INC,8144,8144,712.44K,712.44K,NEW,0.01%
926400102,VSXY,VICTORIAS SECRET AND CO,38309,38309,710.06K,710.06K,NEW,0.01%
384637104,GHC,GRAHAM HLDGS CO,747,747,706.24K,706.24K,NEW,0.01%
68236H204,ONDS,ONDAS HLDGS INC,365391,365391,705.21K,705.21K,NEW,0.01%
74623V103,PCT,PURECYCLE TECHNOLOGIES INC,50533,50533,692.3K,692.3K,NEW,0.01%
960413102,WLK,WESTLAKE CORPORATION,11392,9094,864.77K,690.33K,+395.7%,0.01%
904767704,UL,UNILEVER PLC,11279,11279,689.82K,689.82K,NEW,0.01%
143130102,KMX,CARMAX INC,10125,10125,680.6K,680.6K,NEW,0.01%
402635502,GPOR,GULFPORT ENERGY CORP,3381,3381,680.36K,680.36K,NEW,0.01%
N00985106,AER,AERCAP HOLDINGS NV,5762,5762,674.04K,674.04K,NEW,0.01%
761152107,RMD,RESMED INC,2606,2606,672.24K,672.24K,NEW,0.01%
18467V109,YOU,CLEAR SECURE INC,24159,24159,670.77K,670.77K,NEW,0.01%
099406100,BOOT,BOOT BARN HLDGS INC,4415,4415,670.77K,670.77K,NEW,0.01%
83417M104,SEDG,SOLAREDGE TECHNOLOGIES INC,52447,32855,1.07M,669.58K,+167.7%,0.02%
88025T102,TENB,TENABLE HLDGS INC,19801,19801,668.68K,668.68K,NEW,0.01%
92189H201,ITM,VANECK ETF TRUST,14669,14669,667.07K,667.07K,NEW,0.01%
950915108,WRD,WERIDE INC,84528,84528,665.66K,665.66K,NEW,0.01%
092528504,CLOA,BLACKROCK ETF TRUST,18809,12813,976.56K,665.25K,+213.7%,0.02%
759351604,RGA,REINSURANCE GRP OF AMERICA I,4484,3321,889K,658.42K,+285.6%,0.02%
78464A284,HYMB,SPDR SERIES TRUST,26339,26339,652.94K,652.94K,NEW,0.01%
48563L101,KRT,KARAT PACKAGING INC,23018,23018,648.88K,648.88K,NEW,0.01%
413216300,HMY,HARMONY GOLD MINING CO LTD,46340,46340,647.37K,647.37K,NEW,0.01%
863111100,STRT,STRATTEC SEC CORP,19054,10364,1.18M,643.14K,+119.3%,0.02%
87256C101,TKO,TKO GROUP HOLDINGS INC,3496,3496,636.06K,636.06K,NEW,0.01%
G1110E107,BHVN,BIOHAVEN LTD,43963,43963,619.88K,619.88K,NEW,0.01%
68278B107,OS,ONESTREAM INC,21613,21613,611K,611K,NEW,0.01%
150870103,CE,CELANESE CORP DEL,26311,11022,1.46M,609.74K,+72.1%,0.03%
912008109,USFD,US FOODS HLDG CORP,7904,7904,608.61K,608.61K,NEW,0.01%
40637H109,HALO,HALOZYME THERAPEUTICS INC,26649,11662,1.39M,606.54K,+77.8%,0.02%
03062D100,USAS,AMERICAS GOLD AND SILVER COR,749700,749700,602.73K,602.73K,NEW,0.01%
07317Q105,BTE,BAYTEX ENERGY CORP,333238,333238,594.83K,594.83K,NEW,0.01%
60687Y109,MFG,MIZUHO FINANCIAL GROUP INC,106623,106623,592.29K,592.29K,NEW,0.01%
87650L103,TARS,TARSUS PHARMACEUTICALS INC,14500,14500,588.41K,588.41K,NEW,0.01%
22160K105,COST,COSTCO WHSL CORP NEW,591,591,585K,585K,NEW,0.01%
05965X109,BSAC,BANCO SANTANDER CHILE NEW SP,22885,22885,576.7K,576.7K,NEW,<.01%
05329W102,AN,AUTONATION INC,5540,2884,1.1M,572.85K,+108.6%,0.02%
39854F101,GRND,GRINDR INC,39985,25063,908.06K,569.18K,+168%,0.02%
901109108,TPC,TUTOR PERINI CORP,12176,12176,569.11K,569.11K,NEW,<.01%
92647N535,USTB,VICTORY PORTFOLIOS II,11194,11194,568.88K,568.88K,NEW,<.01%
36352H100,GAU,GALIANO GOLD INC,446500,446500,567.82K,567.82K,NEW,<.01%
68373M107,OPRA,OPERA LTD,29883,29883,564.49K,564.49K,NEW,<.01%
P5626F128,IFS,INTERCORP FINL SVCS INC,14745,14745,562.52K,562.52K,NEW,<.01%
464288430,AIA,ISHARES TR,6870,6870,557.09K,557.09K,NEW,<.01%
980228308,WDS,WOODSIDE ENERGY GROUP LTD,35682,35682,550.57K,550.57K,NEW,<.01%
058586108,BLDP,BALLARD PWR SYS INC NEW,629000,346500,997.59K,549.55K,+122.7%,0.02%
97717W851,DXJ,WISDOMTREE TR,4809,4809,549.14K,549.14K,NEW,<.01%
40145W101,GRDN,GUARDIAN PHARMACY SVCS INC,25608,25608,545.84K,545.84K,NEW,<.01%
294268107,PLUS,EPLUS INC,7541,7541,543.86K,543.86K,NEW,<.01%
464288844,IEZ,ISHARES TR,46359,31955,787.41K,542.76K,+221.8%,0.01%
74158E104,PNRG,PRIMEENERGY RESOURCES CORP,3700,3700,541.61K,541.61K,NEW,<.01%
125896100,CMS,CMS ENERGY CORP,7683,7683,532.2K,532.2K,NEW,<.01%
69888T207,PARR,PAR PAC HOLDINGS INC,20022,20022,531.28K,531.28K,NEW,<.01%
25434V823,DFAR,DIMENSIONAL ETF TRUST,22490,22490,527.5K,527.5K,NEW,<.01%
077347300,BELFB,BEL FUSE INC,5359,5359,523.52K,523.52K,NEW,<.01%
02215L209,KNTK,KINETIK HOLDINGS INC COM NEW,19007,11854,837.07K,522.05K,+165.7%,0.01%
22207T101,BASE,COUCHBASE INC,21393,21393,521.56K,521.56K,NEW,<.01%
G9572D103,BULL,WEBULL CORP,43453,43453,519.7K,519.7K,NEW,<.01%
92189F437,ANGL,VANECK ETF TRUST,17715,17715,518.61K,518.61K,NEW,<.01%
G6674U108,NVCR,NOVOCURE LTD,28834,28834,513.53K,513.53K,NEW,<.01%
G2519Y108,BAP,CREDICORP LTD,10674,2295,2.39M,513.38K,+27.4%,0.04%
03770N101,APGE,APOGEE THERAPEUTICS INC,11829,11829,513.38K,513.38K,NEW,<.01%
38748G101,BAR,GRANITESHARES GOLD TR,15707,15707,512.6K,512.6K,NEW,<.01%
91913Y100,VLO,VALERO ENERGY CORP,7502,3779,1.01M,508.05K,+101.5%,0.02%
90400D108,RARE,ULTRAGENYX PHARMACEUTICAL IN,13944,13944,506.86K,506.86K,NEW,<.01%
53224K302,LTBR,LIGHTBRIDGE CORP,37726,37726,504.02K,504.02K,NEW,<.01%
461804106,ITIC,INVESTORS TITLE CO NC,3588,2372,758.22K,501.25K,+195.1%,0.01%
92673K108,VIGL,VIGIL NEUROSCIENCE INC,62271,62271,495.37K,495.37K,NEW,<.01%
46125A100,LUNR,INTUITIVE MACHINES INC CLASS A,45589,45589,495.1K,495.1K,NEW,<.01%
02553E106,AEO,AMERICAN EAGLE OUTFITTERS IN,65514,51162,629.92K,491.92K,+356.5%,0.01%
377322102,GKOS,GLAUKOS CORP,4715,4715,487.23K,487.23K,NEW,<.01%
46138G649,QQQM,INVESCO EXCH TRADED FD TR,2140,2140,485.87K,485.87K,NEW,<.01%
02209S103,MO,ALTRIA GROUP INC,8101,8101,474.68K,474.68K,NEW,<.01%
233331107,DTE,DTE ENERGY CO,3559,3559,471.43K,471.43K,NEW,<.01%
45258D105,IMCR,IMMUNOCORE HLDGS PLC,14975,14975,470.81K,470.81K,NEW,<.01%
74340W103,PLD,PROLOGIS INC.,4472,4472,469.87K,469.87K,NEW,<.01%
33738R118,TDIV,FIRST TR EXCHANGE TRADED FD,5182,5182,467.62K,467.62K,NEW,<.01%
872590104,TMUS,T-MOBILE US INC,1958,1958,466.75K,466.75K,NEW,<.01%
457730109,INSP,INSPIRE MED SYS INC,8462,3582,1.1M,464.48K,+73.4%,0.02%
302492103,FLYW,FLYWIRE CORPORATION,39016,39016,456.29K,456.29K,NEW,<.01%
46982L108,J,JACOBS SOLUTIONS INC,3470,3470,456.13K,456.13K,NEW,<.01%
G9618E107,WTM,WHITE MTNS INS GROUP LTD,548,254,982.85K,455.56K,+86.4%,0.02%
72703X106,PL,PLANET LABS PBC,74421,74421,453.6K,453.6K,NEW,<.01%
35905A109,FTDR,FRONTDOOR INC,7647,7647,450.71K,450.71K,NEW,<.01%
87652V109,TASK,TASKUS INC CLASS A,26552,26552,445.01K,445.01K,NEW,<.01%
942622200,WSO,WATSCO INC,1008,1008,444.93K,444.93K,NEW,<.01%
43689E107,HBCP,HOME BANCORP INC,8571,8571,444.58K,444.58K,NEW,<.01%
69047Q102,OVV,OVINTIV INC,11463,11463,436.17K,436.17K,NEW,<.01%
11777Q209,BTG,B2GOLD CORP,687623,120723,2.48M,435.21K,+21.3%,0.04%
927107409,VLGEA,VILLAGE SUPER MKT INC,11237,11237,432.62K,432.62K,NEW,<.01%
29278D105,ENIC,ENEL CHILE S.A.,135656,117551,494.47K,428.47K,+649.3%,<.01%
400764106,GNTY,GUARANTY BANCSHARES INC TEX,10074,10074,428.45K,428.45K,NEW,<.01%
82575P107,SBSW,SIBANYE STILLWATER LTD,58744,58744,424.43K,424.43K,NEW,<.01%
92206C623,VTWG,VANGUARD SCOTTSDALE FDS,2030,2030,423.6K,423.6K,NEW,<.01%
80359A205,PDYN,PALLADYNE AI CORP,48818,48818,422.76K,422.76K,NEW,<.01%
482497104,BEKE,KE HLDGS INC,93574,23751,1.66M,421.22K,+34%,0.03%
457642205,INOD,INNODATA INC,8193,8193,419.64K,419.64K,NEW,<.01%
693656100,PVH,PVH CORPORATION,16387,5987,1.12M,410.71K,+57.6%,0.02%
75704L104,RDVT,RED VIOLET INC,8287,8287,408.13K,408.13K,NEW,<.01%
29082A107,EMBJ,EMBRAER S.A.,7163,7163,407.75K,407.75K,NEW,<.01%
46137V811,PTF,INVESCO EXCHANGE TRADED FD T,10936,5896,746.82K,402.64K,+117%,0.01%
52468L406,LVHD,LEGG MASON ETF INVT,9967,9967,397.38K,397.38K,NEW,<.01%
46591M109,JOYY,JOYY INC,7750,7750,394.94K,394.94K,NEW,<.01%
55345K103,MRC,MRC GLOBAL INC,28784,28784,394.92K,394.92K,NEW,<.01%
604749101,MIRM,MIRUM PHARMACEUTICALS INC,7751,7751,394.45K,394.45K,NEW,<.01%
450913108,IAG,IAMGOLD CORP,53543,53543,393.81K,393.81K,NEW,<.01%
775133101,ROG,ROGERS CORP,5720,5720,392.11K,392.11K,NEW,<.01%
420261109,HWKN,HAWKINS INC,2728,2728,387.68K,387.68K,NEW,<.01%
579780206,MKC,MCCORMICK & CO INC,5115,5115,387.67K,387.67K,NEW,<.01%
74587B101,PLSE,PULSE BIOSCIENCES INC,25585,25585,387.61K,387.61K,NEW,<.01%
921932505,VOOG,VANGUARD ADMIRAL FDS INC,963,963,382.59K,382.59K,NEW,<.01%
165303108,CPK,CHESAPEAKE UTILS CORP,3162,3162,379.91K,379.91K,NEW,<.01%
33739N108,FMB,FIRST TR EXCH TRADED FD III,7549,7549,376.09K,376.09K,NEW,<.01%
74383L105,PVBC,PROVIDENT BANCORP INC,30000,30000,374.7K,374.7K,NEW,<.01%
877619106,TSHA,TAYSHA GENE THERAPIES INC,161940,161940,373.27K,373.27K,NEW,<.01%
H8817H100,RIG,TRANSOCEAN LTD REGISTERED,143830,143830,371.8K,371.8K,NEW,<.01%
98379L100,XPEL,XPEL INC,10372,10372,371.63K,371.63K,NEW,<.01%
900111204,TKC,TURKCELL ILETISIM HIZMETLERI,61346,61346,371.45K,371.45K,NEW,<.01%
Y4600W108,KARO,KAROOOOO LTD,7585,7585,371.29K,371.29K,NEW,<.01%
577933104,MMS,MAXIMUS INC,5275,5275,370.46K,370.46K,NEW,<.01%
04956D107,ATMU,ATMUS FILTRATION TECHNOLOGIE,10126,10126,369.19K,369.19K,NEW,<.01%
047649108,ATKR,ATKORE INC,5226,5226,368.82K,368.82K,NEW,<.01%
91823B109,UWMC,UWM HOLDINGS CORPORATION,89030,89030,368.58K,368.58K,NEW,<.01%
450056106,IRTC,IRHYTHM TECHNOLOGIES INC,2360,2360,363.3K,363.3K,NEW,<.01%
45337C102,INCY,INCYTE CORP,5330,5330,362.97K,362.97K,NEW,<.01%
20717M103,CFLT,CONFLUENT INC CLASS A,14238,14238,354.95K,354.95K,NEW,<.01%
46435U556,ARTY,ISHARES TR,8634,8634,354.25K,354.25K,NEW,<.01%
192108504,CDE,COEUR MNG INC,39865,39865,353.2K,353.2K,NEW,<.01%
636180101,NFG,NATIONAL FUEL GAS CO,4169,4169,353.03K,353.03K,NEW,<.01%
01625V104,ALHC,ALIGNMENT HEALTHCARE INC,25084,25084,351.05K,351.05K,NEW,<.01%
97717W315,DEM,WISDOMTREE TR,7738,7738,350.38K,350.38K,NEW,<.01%
67077M108,NTR,NUTRIEN LTD,5987,5987,348.62K,348.62K,NEW,<.01%
53220K504,LGND,LIGAND PHARMACEUTICALS INC,3056,3056,347.8K,347.8K,NEW,<.01%
33738D606,LGOV,FIRST TR,16214,16214,347.47K,347.47K,NEW,<.01%
40416E103,HCI,HCI GROUP INC,2259,2259,343.77K,343.77K,NEW,<.01%
258278100,DORM,DORMAN PRODS INC,5030,2796,616.78K,342.85K,+125.2%,0.01%
29446M102,EQNR,EQUINOR ASA,50872,13646,1.28M,342.79K,+36.7%,0.02%
228903100,AORT,ARTIVION INC,10982,10982,341.81K,341.81K,NEW,<.01%
00191U102,EFOR,ASGN INC,13078,6762,652.99K,337.63K,+107.1%,0.01%
92919F103,VOXR,VOX ROYALTY CORP,106561,106561,336.2K,336.2K,NEW,<.01%
44925C103,ICFI,ICF INTL INC,3973,3973,336.08K,336.08K,NEW,<.01%
300426103,ECG,EVERUS CONSTR GROUP,5255,5255,335.53K,335.53K,NEW,<.01%
86366E106,GPCR,STRUCTURE THERAPEUTICS INC,16079,16079,333.8K,333.8K,NEW,<.01%
002474104,AZZ,AZZ INC,3499,3499,330.97K,330.97K,NEW,<.01%
52736R102,LEVI,LEVI STRAUSS & CO NEW CL A,17884,17884,330.59K,330.59K,NEW,<.01%
606822104,MUFG,MITSUBISHI UFJ FINL GROUP IN,23706,23706,325.13K,325.13K,NEW,<.01%
399473206,GRPN,GROUPON INC,9693,9693,324.23K,324.23K,NEW,<.01%
38149W630,GPIQ,GOLDMAN SACHS ETF TR,6475,6475,322.45K,322.45K,NEW,<.01%
056525108,BMI,BADGER METER INC,4534,1313,1.11M,321.77K,+40.8%,0.02%
358054104,FRSH,FRESHWORKS INC CLASS A,21591,21591,321.71K,321.71K,NEW,<.01%
G9087Q102,TROX,TRONOX HOLDINGS PLC,87160,63493,441.46K,321.59K,+268.3%,<.01%
790148100,JOE,ST JOE CO,6728,6728,320.93K,320.93K,NEW,<.01%
Y23592135,ESEA,EUROSEAS LTD,7092,7092,319.42K,319.42K,NEW,<.01%
15678C102,CBLL,CERIBELL INC,16960,16960,317.49K,317.49K,NEW,<.01%
014752109,ALX,ALEXANDERS INC,1407,1407,316.25K,316.25K,NEW,<.01%
030111207,AMSC,AMERICAN SUPERCONDUCTOR CORP,8533,8533,313.08K,313.08K,NEW,<.01%
464287499,IWR,ISHARES TR,3402,3402,312.85K,312.85K,NEW,<.01%
92837L109,VIST,VISTA ENERGY S.A.B. DE C.V.,6504,6504,310.89K,310.89K,NEW,<.01%
15202L107,CSR,CENTERSPACE,5089,5089,305.85K,305.85K,NEW,<.01%
30052F100,EVGO,EVGO INC,83880,83880,305.32K,305.32K,NEW,<.01%
65345N106,NN,NEXTNAV INC,33963,19986,516.58K,303.99K,+143%,<.01%
G5509L101,LIVN,LIVANOVA PLC,6731,6731,303.03K,303.03K,NEW,<.01%
030506109,AMWD,AMERICAN WOODMARK CORPORATIO,5649,5649,301.71K,301.71K,NEW,<.01%
888787108,TOST,TOAST INC,42615,6798,1.89M,300.95K,+19%,0.03%
030420103,AWK,AMERICAN WTR WKS CO INC NEW,2162,2162,300.73K,300.73K,NEW,<.01%
640491106,NEOG,NEOGEN CORP,62600,62600,299.23K,299.23K,NEW,<.01%
48581R205,KSPI,KASPI KZ JSC,8267,3514,701.17K,298.04K,+73.9%,0.01%
G8588X103,SGHC,SUPER GROUP SGHC LIMITED,26932,26932,295.31K,295.31K,NEW,<.01%
000957100,ABM,ABM INDS INC,10689,6246,504.52K,294.81K,+140.6%,<.01%
404280406,HSBC,HSBC HLDGS PLC,4792,4792,291.19K,291.19K,NEW,<.01%
03753U106,APLS,APELLIS PHARMACEUTICALS INC,16798,16798,290.61K,290.61K,NEW,<.01%
G52694109,KNSA,KINIKSA PHARMACEUTICALS INTL,10440,10440,288.88K,288.88K,NEW,<.01%
205306103,TBRG,TRUBRIDGE INC,12304,12304,288.16K,288.16K,NEW,<.01%
45769N105,IA,INNOVATIVE SOLUTIONS & SUPPO,20630,20630,286.34K,286.34K,NEW,<.01%
602566309,MIND,MIND TECHNOLOGY INC,33519,33519,284.58K,284.58K,NEW,<.01%
87261Y106,TMC,TMC THE METALS COMPANY INC,43029,43029,283.99K,283.99K,NEW,<.01%
46641Q225,BBCA,J P MORGAN EXCHANGE TRADED F,3518,3518,283.94K,283.94K,NEW,<.01%
24661P807,DCTH,DELCATH SYS INC,20883,20883,283.9K,283.9K,NEW,<.01%
38071H106,GROY,GOLD ROYALTY CORP,177498,127904,393.16K,283.31K,+257.9%,<.01%
002120202,ATYR,ATYR PHARMA INC,56022,56022,282.91K,282.91K,NEW,<.01%
464287374,IGE,ISHARES TR,6349,6349,281.07K,281.07K,NEW,<.01%
35922N100,FVR,FRONTVIEW REIT INC,23285,23285,279.65K,279.65K,NEW,<.01%
415858109,HROW,HARROW INC,9156,9156,279.62K,279.62K,NEW,<.01%
693718108,PCAR,PACCAR INC,2938,2938,279.14K,279.14K,NEW,<.01%
204448104,BVN,COMPANIA DE MINAS BUENAVENTU,16884,16884,277.07K,277.07K,NEW,<.01%
09739D100,BCC,BOISE CASCADE CO DEL,3182,3182,276.42K,276.42K,NEW,<.01%
037598109,APOG,APOGEE ENTERPRISES INC,6755,6755,274.12K,274.12K,NEW,<.01%
91167Q100,BNO,UNITED STS BRENT OIL FD LP,70982,9373,2.07M,273.69K,+15.2%,0.04%
393657101,GBX,GREENBRIER COS INC,5944,5944,273.6K,273.6K,NEW,<.01%
03823U102,AAOI,APPLIED OPTOELECTRONICS INC,10642,10642,273.18K,273.18K,NEW,<.01%
95805V108,WRN,WESTERN COPPER & GOLD CORP,220600,220600,270.87K,270.87K,NEW,<.01%
337344105,QQEW,FIRST TR EXCHANGE-TRADED FD,1975,1975,269.53K,269.53K,NEW,<.01%
464286715,TUR,ISHARES INC,63563,8339,2.05M,269.02K,+15.1%,0.04%
G8060N102,ST,SENSATA TECHNOLOGIES HLDG PL,8832,8832,265.93K,265.93K,NEW,<.01%
724479100,PBI,PITNEY BOWES INC,24374,24374,265.92K,265.92K,NEW,<.01%
46266A109,IRMD,IRADIMED CORP,4436,4436,265.23K,265.23K,NEW,<.01%
974637100,WGO,WINNEBAGO INDS INC,9083,9083,263.41K,263.41K,NEW,<.01%
92763W103,VIPS,VIPSHOP HLDGS LTD,36290,17382,546.35K,261.69K,+91.9%,<.01%
783513203,RYAAY,RYANAIR HOLDINGS PLC,4445,4445,256.34K,256.34K,NEW,<.01%
03152W109,FOLD,AMICUS THERAPEUTICS INC,44512,44512,255.05K,255.05K,NEW,<.01%
444097109,HPP,HUDSON PAC PPTYS INC,134488,91888,368.5K,251.77K,+215.7%,<.01%
703343103,PATK,PATRICK INDS INC,2706,2706,249.9K,249.9K,NEW,<.01%
48242W106,KBR,KBR INC,10311,5193,494.21K,248.9K,+101.5%,<.01%
74933W452,TBIL,RBB FD INC,4964,4964,248.18K,248.18K,NEW,<.01%
06777U200,BNED,BARNES & NOBLE ED INC,21101,21101,248.15K,248.15K,NEW,<.01%
11040G103,VTOL,BRISTOW GROUP INC,7512,7512,247.82K,247.82K,NEW,<.01%
023608102,AEE,AMEREN CORP,2579,2579,247.62K,247.62K,NEW,<.01%
868459108,SUPN,SUPERNUS PHARMACEUTICALS INC,7850,7850,247.43K,247.43K,NEW,<.01%
34986A104,FWRD,FORWARD AIR CORP,10085,10085,247.38K,247.38K,NEW,<.01%
749360400,RCMT,RCM TECHNOLOGIES INC,10484,10484,247.11K,247.11K,NEW,<.01%
G3090S106,EPSM,EPSIUM ENTERPRISE LTD,18673,18673,247.04K,247.04K,NEW,<.01%
112463104,BKD,BROOKDALE SR LIVING INC,35385,35385,246.63K,246.63K,NEW,<.01%
33734X101,FXD,FIRST TR EXCHANGE TRADED FD,3869,3869,245.35K,245.35K,NEW,<.01%
98421M106,XRX,XEROX HOLDINGS CORP,46044,46044,242.88K,242.88K,NEW,<.01%
12466Q104,CFFI,C & F FINL CORP,3935,3935,242.67K,242.67K,NEW,<.01%
492327101,KROS,KEROS THERAPEUTICS INC,47000,18129,627.45K,242.02K,+62.8%,0.01%
03073E105,COR,CENCORA INC,805,805,241.34K,241.34K,NEW,<.01%
33738R308,FTHI,FIRST TR EXCHANGE TRADED FD,10552,10552,241.11K,241.11K,NEW,<.01%
05464T104,AXSM,AXSOME THERAPEUTICS INC,16459,2306,1.72M,240.65K,+16.3%,0.03%
57164Y107,VAC,MARRIOTT VACATIONS WORLDWIDE,3327,3327,240.44K,240.44K,NEW,<.01%
654902204,NOK,NOKIA CORP,46197,46197,238.84K,238.84K,NEW,<.01%
782011100,RSI,RUSH STREET INTERACTIVE INC,15962,15962,237.99K,237.99K,NEW,<.01%
15117B202,CLDX,CELLDEX THERAPEUTICS INC NEW,11656,11656,237.55K,237.55K,NEW,<.01%
296315104,ESE,ESCO TECHNOLOGIES INC,1228,1228,235.62K,235.62K,NEW,<.01%
34984V209,FET,FORUM ENERGY TECHNOLOGIES IN,12076,12076,234.88K,234.88K,NEW,<.01%
751212101,RL,RALPH LAUREN CORP,5493,854,1.51M,234.12K,+18.4%,0.03%
46138E107,GOVI,INVESCO EXCH TRADED FD TR,8516,8516,233.89K,233.89K,NEW,<.01%
292554102,ECPG,ENCORE CAP GROUP INC,6011,6011,232.99K,232.99K,NEW,<.01%
714236106,PBT,PERMIAN BASIN RTY TR,18597,18597,231.72K,231.72K,NEW,<.01%
67098H104,OI,O-I GLASS INC,15690,15690,231.43K,231.43K,NEW,<.01%
221006109,CRVL,CORVEL CORP,2243,2243,230.56K,230.56K,NEW,<.01%
001744101,AMN,AMN HEALTHCARE SVCS INC,11037,11037,228.13K,228.13K,NEW,<.01%
698884103,PAR,PAR TECHNOLOGY CORP,3285,3285,227.81K,227.81K,NEW,<.01%
758750103,RRX,REGAL REXNORD CORPORATION,1571,1571,227.79K,227.79K,NEW,<.01%
26923N744,FEPI,ETF OPPORTUNITIES TRUST,81344,4997,3.7M,227.51K,+6.5%,0.06%
85423L103,SARO,STANDARDAERO INC,41017,7140,1.3M,225.98K,+21.1%,0.02%
77313F106,RCKT,ROCKET PHARMACEUTICALS INC,92592,92592,225.92K,225.92K,NEW,<.01%
483497103,KALV,KALVISTA PHARMACEUTICALS INC,19973,19973,225.9K,225.9K,NEW,<.01%
226718104,CRTO,CRITEO S A,9396,9396,225.32K,225.32K,NEW,<.01%
632347100,NATH,NATHANS FAMOUS INC NEW,2024,2024,223.65K,223.65K,NEW,<.01%
25401T603,DBRG,DIGITALBRIDGE GROUP INC,21508,21508,222.61K,222.61K,NEW,<.01%
20603L102,CON,CONCENTRA GROUP HOLDINGS PAR,10728,10728,220.78K,220.78K,NEW,<.01%
05280R100,AUTL,AUTOLUS THERAPEUTICS PLC,96216,96216,220.34K,220.33K,NEW,<.01%
81619Q105,SEM,SELECT MED HLDGS CORP,14475,14475,219.59K,219.59K,NEW,<.01%
689648103,OTTR,OTTER TAIL CORP,2847,2847,219.45K,219.45K,NEW,<.01%
33767U107,FSUN,FIRSTSUN CAP BANCORP,6310,6310,219.27K,219.27K,NEW,<.01%
33751L105,MYFW,FIRST WESTN FINL INC,9682,9682,218.52K,218.52K,NEW,<.01%
30068X103,XGN,EXAGEN INC,31055,31055,216.76K,216.76K,NEW,<.01%
05278C107,ATHM,AUTOHOME INC SP ADS RP,8390,8390,216.46K,216.46K,NEW,<.01%
38149W622,GPIX,GOLDMAN SACHS ETF TR,4300,4300,214.18K,214.18K,NEW,<.01%
02005N100,ALLY,ALLY FINL INC,5484,5484,213.63K,213.63K,NEW,<.01%
146229109,CRI,CARTERS INC,7082,7082,213.31K,213.31K,NEW,<.01%
04342Y104,ASAN,ASANA INC,25792,15781,348.19K,213.04K,+157.6%,<.01%
00912X302,AL,AIR LEASE CORP,3629,3629,212.19K,212.19K,NEW,<.01%
Y81669106,GASS,STEALTHGAS INC,32420,32420,208.78K,208.78K,NEW,<.01%
04071F102,TETH,21SHARES CORE ETHEREUM ETF,16492,16492,207.47K,207.47K,NEW,<.01%
55380K109,MPTI,M-TRON INDS INC,4938,4938,206.26K,206.26K,NEW,<.01%
457030104,IMKTA,INGLES MKTS INC,3254,3254,205.98K,205.98K,NEW,<.01%
015857105,AQN,ALGONQUIN PWR UTILS CORP,35733,35733,204.75K,204.75K,NEW,<.01%
49456W105,KLC,KINDERCARE LEARNING COMPANIE,20094,20094,202.75K,202.75K,NEW,<.01%
120076104,BBW,BUILD-A-BEAR WORKSHOP INC,3891,3891,200.54K,200.54K,NEW,<.01%
G7500M104,RNW,RENEW ENERGY GLOBAL PLC,28983,28983,200.27K,200.27K,NEW,<.01%
00972D105,AKBA,AKEBIA THERAPEUTICS INC,81944,54691,297.46K,198.53K,+200.7%,<.01%
948596101,WB,WEIBO CORP,20672,20672,196.9K,196.9K,NEW,<.01%
853606101,SLI,STANDARD LITHIUM LTD,108854,98412,212.81K,192.4K,+942.5%,<.01%
462260100,IOVA,IOVANCE BIOTHERAPEUTICS INC,144124,111392,247.17K,191.04K,+340.3%,<.01%
670002401,NVAX,NOVAVAX INC,30321,30321,191.02K,191.02K,NEW,<.01%
554382101,MAC,MACERICH CO,11791,11791,190.9K,190.9K,NEW,<.01%
36870C104,GENK,GEN RESTAURENT GROUP,49044,49044,190.78K,190.78K,NEW,<.01%
25961D105,DOUG,DOUGLAS ELLIMAN INC,112226,82027,260.36K,190.3K,+271.6%,<.01%
75585H206,REAX,THE REAL BROKERAGE INC,59910,41807,269.89K,188.34K,+230.9%,<.01%
294375209,EPSN,EPSILON ENERGY LTD,25456,25456,187.61K,187.61K,NEW,<.01%
H5919C104,ONON,ON HLDG AG,98367,3599,5.12M,187.29K,+3.8%,0.09%
656811106,NOA,NORTH AMERN CONSTR GROUP LTD,11405,11405,182.14K,182.14K,NEW,<.01%
G01125106,AFYA,AFYA LTD,10107,10107,180.66K,180.66K,NEW,<.01%
731105201,PSNY,POLESTAR AUTOMOTIVE HLDG UK,241593,167196,259.71K,179.74K,+224.7%,<.01%
88556E102,TDUP,THREDUP INC,24017,24017,179.53K,179.53K,NEW,<.01%
678026105,OIS,OIL STS INTL INC,33109,33109,177.46K,177.46K,NEW,<.01%
78349D107,RXST,RXSIGHT INC,25314,13621,328.58K,176.8K,+116.5%,<.01%
92922P106,WTI,W & T OFFSHORE INC,106068,106068,175.54K,175.54K,NEW,<.01%
233051879,ASHR,DBX ETF TR,1320469,6352,36.36M,174.9K,+0.5%,0.63%
02376R102,AAL,AMERICAN AIRLS GROUP INC,15566,15566,174.5K,174.5K,NEW,<.01%
89346D107,TAC,TRANSALTA CORP,16056,16056,173.16K,173.16K,NEW,<.01%
08774B508,BETR,BETTER HOME & FINANCE HOLDIN COM NEW,13930,13930,172.73K,172.73K,NEW,<.01%
624580106,MOV,MOVADO GROUP INC,11306,11306,172.64K,172.64K,NEW,<.01%
69354N106,PRAA,PRA GROUP INC,11708,11708,172.58K,172.58K,NEW,<.01%
00090Q103,ADT,ADT INC DEL,90361,20357,764K,172.12K,+29.1%,0.01%
51509F105,LE,LANDS END INC NEW,15851,15851,169.76K,169.76K,NEW,<.01%
68386H103,OPFI,OPPFI INC,24848,12035,348K,168.55K,+93.9%,<.01%
244916102,DEFT,DEFI TECHNOLOGIES INC,57596,57596,168.47K,168.47K,NEW,<.01%
68236X100,STLN,THE ONCOLOGY INSTITUTE INC,79753,79753,163.89K,163.89K,NEW,<.01%
76029L100,RPAY,REPAY HLDGS CORP,33901,33901,163.57K,163.57K,NEW,<.01%
29258Y103,EXK,ENDEAVOUR SILVER CORP,32955,32955,162.3K,162.3K,NEW,<.01%
18453H106,CCO,CLEAR CHANNEL OUTDOOR HLDGS,136421,136421,160.98K,160.98K,NEW,<.01%
346563109,FORR,FORRESTER RESH INC,16223,16223,160.61K,160.61K,NEW,<.01%
946760105,CLMB,CLIMB GLOBAL SOLUTIONS INC,6128,1485,655.94K,158.95K,+32%,0.01%
45765U103,NSIT,INSIGHT ENTERPRISES INC,7725,1135,1.07M,156.75K,+17.2%,0.02%
G0585R106,AGO,ASSURED GUARANTY LTD,6045,1797,526.34K,156.46K,+42.3%,<.01%
29430C102,VSTS,VESTIS CORPORATION,26221,26221,150.25K,150.25K,NEW,<.01%
500643200,KFY,KORN FERRY,7181,2046,526.65K,150.05K,+39.8%,<.01%
14575E105,CARS,CARS COM INC,12561,12561,148.91K,148.91K,NEW,<.01%
00370M103,ABVX,ABIVAX SA,19367,19367,148.16K,148.16K,NEW,<.01%
53626N102,LION,LIONSGATE STUDIOS CORP,25409,25409,147.63K,147.63K,NEW,<.01%
26873J107,EMX,EMX RTY CORP,57854,57854,145.79K,145.79K,NEW,<.01%
410345102,HBI,HANESBRANDS INC,31716,31716,145.58K,145.58K,NEW,<.01%
G72800108,PRTA,PROTHENA CORP PLC,23752,23752,144.41K,144.41K,NEW,<.01%
524660107,LEG,LEGGETT & PLATT INC,16076,16076,143.32K,143.32K,NEW,<.01%
457187102,INGR,INGREDION INC,6180,1039,837.7K,140.84K,+20.2%,0.01%
69924R108,PGRE,PARAMOUNT GROUP INC,22740,22740,138.49K,138.49K,NEW,<.01%
942749102,WTS,WATTS WATER TECHNOLOGIES INC,2432,556,598.39K,136.8K,+29.6%,0.01%
74969N103,RLX,RLX TECHNOLOGY INC,88297,61459,195.14K,135.82K,+229%,<.01%
45675Y104,III,INFORMATION SVCS GROUP INC,27980,27980,134.02K,134.02K,NEW,<.01%
57638P104,MBC,MASTERBRAND INC,12249,12249,133.88K,133.88K,NEW,<.01%
500600101,KOPN,KOPIN CORP,174487,87018,266.96K,133.14K,+99.5%,<.01%
307359885,FFAI,FARADAY FUTURE INTLGT ELEC I COM NEW,77941,77941,131.72K,131.72K,NEW,<.01%
68628V308,ORN,ORION GROUP HLDGS INC,14238,14238,129.28K,129.28K,NEW,<.01%
879382208,TELFY,TELEFONICA S A,24438,24438,127.69K,127.69K,NEW,<.01%
M51474118,GILT,GILAT SATELLITE NETWORKS LTD,17594,17594,124.57K,124.57K,NEW,<.01%
92552V100,VSAT,VIASAT INC,49332,8477,719.75K,123.68K,+20.7%,0.01%
088786108,BCYC,BICYCLE THERAPEUTICS PLC,17738,17738,122.92K,122.92K,NEW,<.01%
52886X107,LXEO,LEXEO THERAPEUTICS INC,29779,29779,120.31K,120.31K,NEW,<.01%
67421J207,OTLY,OATLY GROUP AB,10098,10098,119.56K,119.56K,NEW,<.01%
76029N106,REPL,REPLIMUNE GROUP INC,12671,12671,117.84K,117.84K,NEW,<.01%
38341P102,GOSS,GOSSAMER BIO INC,95796,95796,116.87K,116.87K,NEW,<.01%
61945C103,MOS,MOSAIC CO NEW,81076,3203,2.96M,116.81K,+4.1%,0.05%
142038108,CRBU,CARIBOU BIOSCIENCES INC,91110,91110,114.34K,114.34K,NEW,<.01%
53946R106,LDI,LOANDEPOT INC,90363,90363,114.31K,114.31K,NEW,<.01%
36472T109,TDAY,GANNETT CO INC,68633,31114,245.36K,111.23K,+82.9%,<.01%
72815L107,PLTK,PLAYTIKA HLDG CORP,22867,22867,108.05K,108.05K,NEW,<.01%
81734D104,SEPN,SEPTERNA INC,10125,10125,107.33K,107.33K,NEW,<.01%
03237H101,AMLX,AMYLYX PHARMACEUTICALS INC,29430,16686,188.35K,106.79K,+130.9%,<.01%
L02235106,AMBP,ARDAGH METAL PACKAGING S A,46855,24856,200.77K,106.51K,+113%,<.01%
62878D100,NABL,N-ABLE INC,13024,13024,105.49K,105.49K,NEW,<.01%
024061103,DCH,AMERICAN AXLE & MFG HLDGS IN,37269,25237,151.87K,102.84K,+209.7%,<.01%
92556V106,VTRS,VIATRIS INC,11208,11208,100.14K,100.14K,NEW,<.01%
88338K103,STKS,THE ONE GROUP HOSPITALITY IN,24560,24560,99.71K,99.71K,NEW,<.01%
302491303,FMC,FMC CORP,12688,2387,529.47K,99.61K,+23.2%,<.01%
374163103,GERN,GERON CORP,150706,69950,211.74K,98.28K,+86.6%,<.01%
G63365103,MURA,MURAL ONCOLOGY PUB LTD CO,39285,39285,97.62K,97.62K,NEW,<.01%
01626W101,ALIT,ALIGHT INC,17160,17160,97.3K,97.3K,NEW,<.01%
904311107,UAA,UNDER ARMOUR INC,90932,14159,621.07K,96.71K,+18.4%,0.01%
48115J109,DERM,JOURNEY MED CORP,13181,13181,94.38K,94.38K,NEW,<.01%
84833T103,SPRO,SPERO THERAPEUTICS INC,31205,31205,90.5K,90.5K,NEW,<.01%
36241U106,GSIT,GSI TECHNOLOGY INC,26751,26751,89.62K,89.62K,NEW,<.01%
69380Q107,PACS,PACS GROUP INC,28531,6922,368.62K,89.43K,+32%,<.01%
23335Q100,DLHC,DLH HLDGS CORP,15348,15348,89.17K,89.17K,NEW,<.01%
500688106,KOS,KOSMOS ENERGY LTD,51627,51627,89.06K,89.06K,NEW,<.01%
891092108,TTC,TORO CO,11708,1250,827.52K,88.35K,+12%,0.01%
98955N207,ZH,ZHIHU INC,21108,21108,84.11K,84.11K,NEW,<.01%
38741L107,GPMT,GRANITE PT MTG TR INC,33802,33802,83.32K,83.32K,NEW,<.01%
64440N103,NFGC,NEW FOUND GOLD CORP,57893,57893,82.5K,82.5K,NEW,<.01%
913483103,UEIC,UNIVERSAL ELECTRS INC,12375,12375,82.05K,82.05K,NEW,<.01%
05508R106,BGS,B & G FOODS INC NEW,54978,18724,232.28K,79.11K,+51.6%,<.01%
28617K101,ELDN,ELEDON PHARMACEUTICALS INC,29058,29058,78.6K,78.6K,NEW,<.01%
009496100,AIRS,AIRSCULPT TECHNOLOGIES INC,16207,16207,78.28K,78.28K,NEW,<.01%
739650109,PROP,PRAIRIE OPER CO,25113,25113,75.09K,75.09K,NEW,<.01%
393222104,GPRE,GREEN PLAINS INC,12420,12420,74.89K,74.89K,NEW,<.01%
04335A105,ARVN,ARVINAS INC,35746,10045,263.45K,74.03K,+39.1%,<.01%
98422E103,XERS,XERIS BIOPHARMA HOLDINGS INC,46756,15623,218.82K,73.12K,+50.2%,<.01%
14147L108,CRDF,CARDIFF ONCOLOGY INC,23117,23117,72.93K,72.93K,NEW,<.01%
018581108,BFH,BREAD FINANCIAL HOLDINGS INC,10127,1275,578.05K,72.78K,+14.4%,<.01%
89686D303,TRVG,TRIVAGO N V,19236,19236,72.52K,72.52K,NEW,<.01%
38246G108,GDRX,GOODRX HLDGS INC,24659,14231,122.8K,70.87K,+136.5%,<.01%
37890B100,GBTG,GLOBAL BUSINESS TRAVEL GROUP,11207,11207,70.66K,70.66K,NEW,<.01%
N0731H103,ATAI,ATAI LIFE SCIENCES NV,32222,32222,70.41K,70.41K,NEW,<.01%
22717L101,CRON,CRONOS GROUP INC,36315,36315,69.54K,69.54K,NEW,<.01%
456237106,ILPT,INDUSTRIAL LOGISTICS PPTYS T,15020,15020,68.49K,68.49K,NEW,<.01%
08975P108,CMRC,BIGCOMMERCE HLDGS INC,13000,13000,65.06K,65.06K,NEW,<.01%
34385P108,LAB,STANDARD BIOTOOLS INC,84162,53852,100.57K,64.35K,+177.7%,<.01%
43157M102,HLVX,HILLEVAX INC,30942,30942,61.58K,61.58K,NEW,<.01%
29842P105,EPRX,EUPRAXIA PHARMACEUTICALS INC,10700,10700,61.39K,61.39K,NEW,<.01%
06684L103,BZUN,BAOZUN INC,24323,24323,61.05K,61.05K,NEW,<.01%
909214306,UIS,UNISYS CORP,13419,13419,60.79K,60.79K,NEW,<.01%
98943L107,ZNTL,ZENTALIS PHARMACEUTICALS INC,52456,52456,60.59K,60.59K,NEW,<.01%
57777K106,MXCT,MAXCYTE INC,27760,27760,60.38K,60.38K,NEW,<.01%
282914100,EGHT,8X8 INC NEW,29209,29209,57.25K,57.25K,NEW,<.01%
68247W109,OSS,ONE STOP SYS INC,16025,16025,56.97K,56.97K,NEW,<.01%
38500T200,GTE,GRAN TIERRA ENERGY INC,11831,11831,56.43K,56.43K,NEW,<.01%
05338F306,AVTX,AVALO THERAPEUTICS INC,10976,10976,54.77K,54.77K,NEW,<.01%
72814P109,PLBY,PLAYBOY INC,33656,33656,54.19K,54.19K,NEW,<.01%
G1466R173,BORR,BORR DRILLING LTD,45499,29577,83.04K,53.98K,+185.8%,<.01%
76200L309,RZLT,REZOLUTE INC,24504,12065,109.04K,53.69K,+97%,<.01%
76674Q107,RMNI,RIMINI STR INC DEL,26730,14146,100.91K,53.4K,+112.4%,<.01%
911549103,UAMY,UNITED STATES ANTIMONY CORP,64720,24125,140.44K,52.35K,+59.4%,<.01%
75508B104,RYAM,RAYONIER ADVANCED MATLS INC,13532,13532,51.96K,51.96K,NEW,<.01%
55406W103,LUXE,LUXEXPERIENCE BV,23186,6459,183.75K,51.19K,+38.6%,<.01%
68629Y103,ONL,ORION PROPERTIES INC,23500,23500,50.29K,50.29K,NEW,<.01%
G67927114,OST,OSTIN TECHNOLOGY GROUP CO LT SHS NEW,318100,318100,49.24K,49.24K,NEW,<.01%
72815G108,MYPS,PLAYSTUDIOS INC CLASS A,37331,37331,48.53K,48.53K,NEW,<.01%
47580P103,JELD,JELD-WEN HLDG INC,38561,12281,150.77K,48.02K,+46.7%,<.01%
N30577105,ZGN,ERMENEGILDO ZEGNA N V,18615,5555,159.25K,47.52K,+42.5%,<.01%
04247X102,AWI,ARMSTRONG WORLD INDS INC NEW,5185,292,843.13K,47.48K,+6%,0.01%
81578P106,SEER,SEER INC,22174,22174,47.23K,47.23K,NEW,<.01%
75943R102,RLAY,RELAY THERAPEUTICS INC,13496,13496,46.76K,46.76K,NEW,<.01%
90400P101,UGP,ULTRAPAR PARTICIPACOES SA SP,13660,13660,44.87K,44.87K,NEW,<.01%
66987E206,NG,NOVAGOLD RES INC,10784,10784,44.16K,44.16K,NEW,<.01%
M5R635108,INVZ,INNOVIZ TECHNOLOGIES LTD,26737,26737,43.98K,43.98K,NEW,<.01%
59124U605,MTA,METALLA RTY & STREAMING LTD,30578,11206,117.27K,42.98K,+57.8%,<.01%
320551104,DIBS,1STDIBS COM INC,15482,15482,42.5K,42.5K,NEW,<.01%
805111101,SVRA,SAVARA INC,18459,18459,41.99K,41.99K,NEW,<.01%
36257Y109,GOTU,GAOTU TECHEDU INC,11631,11631,41.87K,41.87K,NEW,<.01%
35104E100,FDMT,4D MOLECULAR THERAPEUTICS IN,11257,11257,41.76K,41.76K,NEW,<.01%
090683103,BTMD,BIOTE CORP CLASS A,10214,10214,41.06K,41.06K,NEW,<.01%
09352U108,BLND,BLEND LABS INC,12221,12221,40.27K,40.27K,NEW,<.01%
629337106,NNBR,NN INC,18888,18888,39.66K,39.66K,NEW,<.01%
18270P109,CLAR,CLARUS CORP NEW,11310,11310,39.25K,39.25K,NEW,<.01%
25065K104,DXLG,DESTINATION XL GROUP INC,34471,34471,38.44K,38.44K,NEW,<.01%
M20598104,CSTE,CAESARSTONE LTD,18340,18340,35.95K,35.95K,NEW,<.01%
74365U107,TARA,PROTARA THERAPEUTICS INC,11591,11591,35.18K,35.18K,NEW,<.01%
69012T305,OTLK,OUTLOOK THERAPEUTICS INC,21683,21683,34.8K,34.8K,NEW,<.01%
89854M101,TCRX,TSCAN THERAPEUTICS INC,22500,22500,32.85K,32.85K,NEW,<.01%
F21107101,CSTM,CONSTELLIUM SE,15964,2422,212.24K,32.2K,+17.9%,<.01%
35471R106,FSP,FRANKLIN STR PPTYS CORP,18620,18620,30.72K,30.72K,NEW,<.01%
54948X109,LUCD,LUCID DIAGNOSTICS INC,24917,24917,28.66K,28.66K,NEW,<.01%
M1R95N100,ARBE,ARBE ROBOTICS LTD,16023,16023,28.6K,28.6K,NEW,<.01%
654503101,NIPG,NIP GROUP INC,11782,11782,28.51K,28.51K,NEW,<.01%
95075A107,HOWL,WEREWOLF THERAPEUTICS INC,25791,25791,27.98K,27.98K,NEW,<.01%
750102105,RXT,RACKSPACE TECHNOLOGY INC,20605,20605,26.48K,26.48K,NEW,<.01%
004890109,ACRV,ACRIVON THERAPEUTICS INC,22175,22175,26.28K,26.28K,NEW,<.01%
556099109,MGNX,MACROGENICS INC,21105,21105,25.75K,25.75K,NEW,<.01%
693691107,PSQH,PSQ HOLDINGS INC,11066,11066,22.74K,22.74K,NEW,<.01%
14838T204,CTM,CASTELLUM INC,21089,21089,22.25K,22.25K,NEW,<.01%
68218J103,OABI,OMNIAB INC,12258,12258,21.27K,21.27K,NEW,<.01%
25460E547,EDZ,DIREXION,18156,3715,97.59K,19.97K,+25.7%,<.01%
20440W105,SID,COMPANHIA SIDERURGICA NACION,11542,11542,16.1K,16.1K,NEW,<.01%
25459Y207,QQQE,DIREXION,2872,163,282K,16K,+6%,<.01%
92707Y108,VFF,VILLAGE FARMS INTL INC,14510,14510,15.89K,15.89K,NEW,<.01%
G9TY5A101,ZURA,ZURA BIO LTD CLASS A,15158,15158,15.84K,15.84K,NEW,<.01%
747324101,PYXS,PYXIS ONCOLOGY INC,12334,12334,13.57K,13.57K,NEW,<.01%
G7385S101,ATTT,RAYTECH HLDG LTD,11351,11351,13.39K,13.39K,NEW,<.01%
81761L102,SVC,SERVICE PPTYS TR,17911,5588,42.9K,13.38K,+45.3%,<.01%
14179K101,CRGX,CARGO THERAPEUTICS INC,30980,2930,127.64K,12.07K,+10.4%,<.01%
019770106,ALLO,ALLOGENE THERAPEUTICS INC,44050,10059,50K,11.42K,+29.6%,<.01%
39986L109,GRWG,GROWGENERATION CORP,10353,10353,9.76K,9.76K,NEW,<.01%
81642T209,SLS,SELLAS LIFE SCIENCES GROUP I,24284,3611,52.7K,7.84K,+17.5%,<.01%
589492107,MREO,MEREO BIOPHARMA GROUP PLC,25399,2712,69.08K,7.38K,+12%,<.01%
03589W102,ANNX,ANNEXON INC,20515,2783,49.13K,6.67K,+15.7%,<.01%
29355A107,ENPH,ENPHASE ENERGY INC,40945,167,1.62M,6.62K,+0.4%,0.03%
10922N103,BHF,BRIGHTHOUSE FINL INC,7344,123,394.52K,6.61K,+1.7%,<.01%
320218100,THFF,FIRST FINANCIAL CORPORATION,4898,91,265.42K,4.93K,+1.9%,<.01%
68554V108,OSUR,ORASURE TECHNOLOGIES INC,12232,1623,36.76K,4.88K,+15.3%,<.01%
29975E109,EB,EVENTBRITE INC,16422,1671,43.27K,4.4K,+11.3%,<.01%
202608105,CVGI,COMMERCIAL VEH GROUP INC,23712,2651,39.12K,4.37K,+12.6%,<.01%
G5005R107,JRVR,JAMES RIV GROUP LTD,10706,56,62.74K,328.16,+0.5%,<.01%
90139K100,QLTY,2023 ETF SERIES TRUST,12361,0,423.86K,0,NO CHANGE,<.01%
74340E103,PGNY,PROGYNY INC,12173,-8,267.56K,-175.84,-0.1%,<.01%
00461U105,ACRS,ACLARIS THERAPEUTICS INC,38250,-1081,54.51K,-1.54K,-2.7%,<.01%
30290Y101,FSCO,FS CREDIT OPPORTUNITIES CORP,10844,-415,78.89K,-3.02K,-3.7%,<.01%
12529R107,CCCC,C4 THERAPEUTICS INC,13547,-2462,19.3K,-3.51K,-15.4%,<.01%
501976104,KYTX,KYVERNA THERAPEUTICS INC,12392,-1160,37.98K,-3.56K,-8.6%,<.01%
29664W105,ESPR,ESPERION THERAPEUTICS INC NE,46274,-4162,45.63K,-4.1K,-8.3%,<.01%
30050B101,EVH,EVOLENT HEALTH INC,12769,-428,143.84K,-4.82K,-3.2%,<.01%
25445D101,DDL,DINGDONG CAYMAN LTD,26583,-2489,53.7K,-5.03K,-8.6%,<.01%
109194100,BFAM,BRIGHT HORIZONS FAM SOL IN D,3694,-41,456.87K,-5.07K,-1.1%,<.01%
46655E100,DC,DAKOTA GOLD CORP,13285,-1911,49.02K,-7.05K,-12.6%,<.01%
729139105,PLRX,PLIANT THERAPEUTICS INC,61221,-6304,71.32K,-7.34K,-9.3%,<.01%
39304D102,GDOT,GREEN DOT CORP,17795,-1089,191.92K,-11.74K,-5.8%,<.01%
157085101,CERS,CERUS CORP,10997,-9203,15.45K,-12.93K,-45.6%,<.01%
464287564,ICF,ISHARES TR,6910,-213,422.82K,-13.03K,-3%,<.01%
N44821101,IFRX,INFLARX NV,0,-13858,0,-14.41K,CLOSE,0%
014442107,ALEC,ALECTOR INC,0,-12949,0,-15.99K,CLOSE,0%
05581M404,BTCS,BTCS INC,0,-11655,0,-17.48K,CLOSE,0%
40049J206,TV,GRUPO TELEVISA S A B,76672,-7978,168.29K,-17.51K,-9.4%,<.01%
G33856108,GSM,FERROGLOBE PLC,16205,-5129,59.31K,-18.77K,-24%,<.01%
45782C102,FFTY,INNOVATOR ETFS TRUST,11567,-591,375.81K,-19.2K,-4.9%,<.01%
59102M104,MGX,METAGENOMI INC,0,-14198,0,-19.45K,CLOSE,0%
29357K103,ENVA,ENOVA INTL INC,2365,-182,263.67K,-20.29K,-7.1%,<.01%
48123V102,ZD,ZIFF DAVIS INC,7709,-699,233.27K,-21.15K,-8.3%,<.01%
517125100,LRMR,LARIMAR THERAPEUTICS INC,0,-10242,0,-21.87K,CLOSE,0%
015658107,ASTL,ALGOMA STL GROUP INC,10570,-3524,72.77K,-24.26K,-25%,<.01%
92332V107,VTYX,VENTYX BIOSCIENCES INC,0,-21148,0,-24.53K,CLOSE,0%
02157Q109,ANRO,ALTO NEUROSCIENCE INC,0,-11402,0,-24.68K,CLOSE,0%
00445A100,SLRN,ACELYRIN INC,0,-10246,0,-25.26K,CLOSE,0%
G0176J109,ALLE,ALLEGION PLC,2742,-183,395.29K,-26.38K,-6.3%,<.01%
105230106,BOF,BRANCHOUT FOOD INC,0,-10803,0,-26.41K,CLOSE,0%
98585N106,YEXT,YEXT INC,19186,-3142,163.27K,-26.74K,-14.1%,<.01%
29479A108,ERAS,ERASCA INC,0,-20366,0,-27.9K,CLOSE,0%
433539202,HIPO,HIPPO HLDGS INC,9062,-1005,252.97K,-28.05K,-10%,<.01%
384313508,EAF,GRAFTECH INTL LTD,131020,-29482,127.38K,-28.66K,-18.4%,<.01%
34988V106,FOSL,FOSSIL GROUP INC,0,-25602,0,-29.57K,CLOSE,0%
14167R100,CCLD,CARECLOUD INC,0,-21731,0,-29.99K,CLOSE,0%
96328L205,UP,WHEELS UP EXPERIENCE INC,0,-30355,0,-30.51K,CLOSE,0%
92828Q109,VRTS,VIRTUS INVT PARTNERS INC,1787,-169,324.66K,-30.7K,-8.6%,<.01%
654484609,NB,NIOCORP DEVS LTD,0,-16166,0,-32.01K,CLOSE,0%
00288U106,ABCL,ABCELLERA BIOLOGICS INC,0,-14584,0,-32.38K,CLOSE,0%
46489V302,CATX,PERSPECTIVE THERAPEUTICS INC,0,-15158,0,-32.44K,CLOSE,0%
N2451R105,CVAC,CUREVAC N V,0,-11872,0,-33.12K,CLOSE,0%
30219Q106,EXFY,EXPENSIFY INC,0,-11052,0,-33.54K,CLOSE,0%
62857J201,MYO,MYOMO INC,18586,-15916,39.96K,-34.22K,-46.1%,<.01%
09077A106,BMEA,BIOMEA FUSION INC,0,-16077,0,-34.24K,CLOSE,0%
N71542109,PRQR,PROQR THRAPEUTICS N V,0,-26403,0,-35.38K,CLOSE,0%
45790W108,INZY,INOZYME PHARMA INC,0,-39496,0,-35.55K,CLOSE,0%
83191H107,SND,SMART SAND INC,0,-13783,0,-35.7K,CLOSE,0%
14161W105,CDLX,CARDLYTICS INC,0,-19952,0,-36.31K,CLOSE,0%
76152G100,RVPH,REVIVA PHARMACEUTCLS HLDGS I,0,-38941,0,-36.88K,CLOSE,0%
74587V107,PBYI,PUMA BIOTECHNOLOGY INC,0,-12508,0,-37.02K,CLOSE,0%
83422N105,SLDP,SOLID POWER INC CLASS A,0,-35714,0,-37.14K,CLOSE,0%
02451V309,ABAT,AMERICAN BATTERY TECHNOLOGY,0,-37151,0,-37.71K,CLOSE,0%
911805307,BSIN,U S ENERGY CORP DEL,0,-31769,0,-38.12K,CLOSE,0%
36269B105,GANX,GAIN THERAPEUTICS INC,0,-20154,0,-38.29K,CLOSE,0%
75605Y106,HOUS,ANYWHERE REAL ESTATE INC,0,-11657,0,-38.82K,CLOSE,0%
65345M108,NXDR,NEXTDOOR HOLDINGS INC,31688,-23635,52.44K,-39.12K,-42.7%,<.01%
55933J203,MX,MAGNACHIP SEMICONDUCTOR CORP,0,-11460,0,-39.37K,CLOSE,0%
M8287R202,REE,REE AUTOMOTIVE LTD,0,-15325,0,-40.3K,CLOSE,0%
00081T108,ACCO,ACCO BRANDS CORP,13223,-11367,47.34K,-40.69K,-46.2%,<.01%
679369108,OLPX,OLAPLEX HLDGS INC,23108,-29189,32.24K,-40.72K,-55.8%,<.01%
192005106,CDXS,CODEXIS INC,0,-15399,0,-41.73K,CLOSE,0%
319835104,FCCO,FIRST CMNTY CORP S C,9128,-1750,222.45K,-42.65K,-16.1%,<.01%
60783X104,MODVQ,MODIVCARE INC,0,-34038,0,-44.76K,CLOSE,0%
18270D106,CMTG,CLAROS MTG TR INC,34268,-16076,97.15K,-45.58K,-31.9%,<.01%
4525EP101,IMUX,IMMUNIC INC,0,-44536,0,-48.1K,CLOSE,0%
74168J101,PRME,PRIME MEDICINE INC,0,-24802,0,-49.6K,CLOSE,0%
680665205,OLN,OLIN CORP,11960,-2648,240.1K,-53.16K,-18.1%,<.01%
389375106,GTN,GRAY MEDIA INC,0,-12310,0,-53.18K,CLOSE,0%
23285D109,CTKB,CYTEK BIOSCIENCES INC,0,-13896,0,-55.86K,CLOSE,0%
23204X103,CTOS,CUSTOM TRUCK ONE SOURCE INC,0,-13475,0,-56.93K,CLOSE,0%
192176105,JVA,COFFEE HLDG CO INC,0,-16662,0,-59.32K,CLOSE,0%
550241103,LUMN,LUMEN TECHNOLOGIES INC,133757,-13673,585.19K,-59.82K,-9.3%,0.01%
Y7388L103,SB,SAFE BULKERS INC,0,-16367,0,-60.48K,CLOSE,0%
78573M104,SABR,SABRE CORP,66910,-19921,210.77K,-62.75K,-22.9%,<.01%
483467106,KLTR,KALTURA INC,0,-33673,0,-63.64K,CLOSE,0%
109641100,EAT,BRINKER INTL INC,12296,-366,2.22M,-65.99K,-2.9%,0.04%
666762109,NRIM,NORTHRIM BANCORP INC,3073,-746,286.89K,-69.65K,-19.5%,<.01%
G9889V101,ZENV,ZENVIA INC CLASS A,0,-33097,0,-71.16K,CLOSE,0%
M8216R109,RSKD,RISKIFIED LTD,12097,-14309,60.3K,-71.33K,-54.2%,<.01%
33833Q106,FPH,FIVE POINT HOLDINGS LLC,0,-14310,0,-76.34K,CLOSE,0%
591520200,MEI,METHODE ELECTRS INC,0,-12359,0,-78.85K,CLOSE,0%
444144109,HDSN,HUDSON TECHNOLOGIES INC,0,-12788,0,-78.97K,CLOSE,0%
N44445109,IMTX,IMMATICS N.V,0,-17940,0,-80.73K,CLOSE,0%
N53745100,LYB,LYONDELLBASELL INDUSTRIES N,4251,-1449,246K,-83.85K,-25.4%,<.01%
64157F103,NVRO,NEVRO CORP,0,-14473,0,-84.59K,CLOSE,0%
98980B103,ZIP,ZIPRECRUITER INC,0,-14407,0,-85.14K,CLOSE,0%
83193G107,SMRT,SMARTRENT INC,0,-70103,0,-85.17K,CLOSE,0%
58039P305,MUX,MCEWEN MNG INC,0,-11513,0,-86.87K,CLOSE,0%
640979100,NMRA,NEUMORA THERAPEUTICS INC.,0,-89200,0,-89.65K,CLOSE,0%
288578107,EARN,ELLINGTON CREDIT COMPANY,0,-16849,0,-91.49K,CLOSE,0%
848560306,SPIR,SPIRE GLOBAL INC,0,-11418,0,-92.6K,CLOSE,0%
45782T105,INMB,INMUNE BIO INC,0,-12301,0,-95.83K,CLOSE,0%
00835Q202,AEVA,AEVA TECHNOLOGIES INC,0,-13777,0,-96.58K,CLOSE,0%
G59665102,MGTX,MEIRAGTX HLDGS PLC,0,-14334,0,-97.11K,CLOSE,0%
92719V100,VMEO,VIMEO INC,0,-19089,0,-100.41K,CLOSE,0%
G3934V109,GENI,GENIUS SPORTS LIMITED SHARES,0,-10624,0,-106.24K,CLOSE,0%
222070203,COTY,COTY INC,0,-20169,0,-110.42K,CLOSE,0%
82489W107,SHLS,SHOALS TECHNOLOGIES GROUP IN,0,-33878,0,-111.8K,CLOSE,0%
25264R207,DHIL,DIAMOND HILL INVT GROUP INC,1862,-787,270.44K,-114.3K,-29.7%,<.01%
690742101,OC,OWENS CORNING NEW,5211,-835,716.72K,-114.85K,-13.8%,0.01%
451033708,IBIO,IBIO INC,0,-28850,0,-115.69K,CLOSE,0%
811054402,SSP,SCRIPPS E W CO OHIO,0,-39175,0,-115.96K,CLOSE,0%
68134L109,OLO,OLO INC,0,-19312,0,-116.55K,CLOSE,0%
78163D100,RWAY,RUNWAY GROWTH FINANCE CORP,0,-11343,0,-117.57K,CLOSE,0%
73931J109,AIOT,POWERFLEET INC,0,-21871,0,-119.74K,CLOSE,0%
88025U109,TXG,10X GENOMICS INC,0,-13932,0,-121.63K,CLOSE,0%
90291C201,USAU,U S GOLD CORP,0,-13516,0,-122.66K,CLOSE,0%
22266M104,COUR,COURSERA INC,0,-18523,0,-123.36K,CLOSE,0%
799566104,SANA,SANA BIOTECHNOLOGY INC,0,-74202,0,-124.66K,CLOSE,0%
70806A106,PFLT,PENNANTPARK FLOATING RATE CA,0,-11293,0,-126.14K,CLOSE,0%
G0457F107,ARCO,ARCOS DORADOS HOLDINGS INC,0,-15846,0,-127.72K,CLOSE,0%
13100M509,CALX,CALIX INC,4079,-2418,216.96K,-128.61K,-37.2%,<.01%
68375N103,OPK,OPKO HEALTH INC,0,-77658,0,-128.91K,CLOSE,0%
419870100,HE,HAWAIIAN ELEC INDUSTRIES,21418,-12626,227.57K,-134.15K,-37.1%,<.01%
28414H103,ELAN,ELANCO ANIMAL HEALTH INC,0,-12805,0,-134.52K,CLOSE,0%
88636J790,AIYY,TIDAL TR II,10031,-31689,43.53K,-137.53K,-76%,<.01%
82835W108,SPRY,ARS PHARMACEUTICALS INC,0,-10974,0,-138.05K,CLOSE,0%
83422E204,SLDB,SOLID BIOSCIENCES INC,0,-37325,0,-138.1K,CLOSE,0%
203668108,CYH,COMMUNITY HEALTH SYS INC NEW,36032,-40689,122.51K,-138.34K,-53%,<.01%
91531W106,TIGR,UP FINTECH HLDG LTD,57252,-14428,552.77K,-139.3K,-20.1%,<.01%
G3855L106,GHRS,GH RESEARCH PLC,20108,-11517,245.52K,-140.62K,-36.4%,<.01%
041242108,ARKO,ARKO CORP,0,-35571,0,-140.68K,CLOSE,0%
528877103,LX,LEXINFINTECH HLDGS LTD,27186,-19890,195.88K,-143.31K,-42.3%,<.01%
651229106,NWL,NEWELL BRANDS INC,52798,-26825,284.58K,-144.59K,-33.7%,<.01%
631103108,NDAQ,NASDAQ INC,20682,-1631,1.85M,-145.81K,-7.3%,0.03%
69366J200,PTCT,PTC THERAPEUTICS INC,9582,-3098,467.7K,-151.21K,-24.4%,<.01%
683416101,OOMA,OOMA INC,0,-11590,0,-151.89K,CLOSE,0%
902685106,UDMY,UDEMY INC,0,-19669,0,-152.73K,CLOSE,0%
92859G608,VZLA,VIZSLA SILVER CORP,35238,-52562,103.42K,-154.27K,-59.9%,<.01%
832248207,SFD,SMITHFIELD FOODS INC,8513,-6583,200.31K,-154.9K,-43.6%,<.01%
35969L108,YMM,FULL TRUCK ALLIANCE CO LTD,49106,-13124,579.94K,-154.99K,-21.1%,<.01%
152006102,CGAU,CENTERRA GOLD INC,311800,-21700,2.24M,-155.67K,-6.5%,0.04%
98459U103,YALA,YALLA GROUP LTD,0,-29975,0,-156.47K,CLOSE,0%
04523Y105,ASPN,ASPEN AEROGELS INC,0,-25300,0,-161.29K,CLOSE,0%
G29201103,ECX,ECARX HOLDINGS INC CLASS A,0,-130491,0,-162.46K,CLOSE,0%
G4R20B107,INTR,INTER & CO INC CLASS A,0,-30299,0,-165.89K,CLOSE,0%
M2197Q107,CLBT,CELLEBRITE DI LTD,11635,-10546,186.04K,-168.63K,-47.5%,<.01%
06759L103,BBDC,BARINGS BDC INC,0,-17740,0,-168.97K,CLOSE,0%
52603A208,HAPN,LENDINGCLUB CORP,0,-16470,0,-169.89K,CLOSE,0%
92189F452,MORT,VANECK ETF TRUST,0,-15208,0,-169.95K,CLOSE,0%
85208T107,CXM,SPRINKLR INC,0,-20356,0,-170.07K,CLOSE,0%
65481N100,NIU,NIU TECHNOLOGIES,0,-41718,0,-170.42K,CLOSE,0%
03969K108,ARQT,ARCUTIS BIOTHERAPEUTICS INC,0,-11026,0,-172.34K,CLOSE,0%
373737105,GGB,GERDAU SA,0,-61485,0,-174.93K,CLOSE,0%
G38327105,GPRK,GEOPARK LTD USD,0,-21698,0,-175.1K,CLOSE,0%
03064D108,COLD,AMERICOLD REALTY TRUST INC,20314,-10578,337.62K,-175.81K,-34.2%,<.01%
M84137104,SMWB,SIMILARWEB LTD,0,-21264,0,-175.85K,CLOSE,0%
14070B309,CAPR,CAPRICOR THERAPEUTICS INC,0,-18899,0,-179.16K,CLOSE,0%
86771W105,RUN,SUNRUN INC,43047,-21929,352.34K,-179.49K,-33.7%,<.01%
04206A101,ARLO,ARLO TECHNOLOGIES INC,0,-18374,0,-181.35K,CLOSE,0%
31810T101,FINV,FINVOLUTION GROUP,21513,-19380,203.73K,-183.53K,-47.4%,<.01%
674482203,OBE,OBSIDIAN ENERGY LTD,15489,-33111,86.2K,-184.26K,-68.1%,<.01%
88337K401,NCTY,THE9 LTD,0,-12589,0,-187.7K,CLOSE,0%
029683109,LGTY,LOGILITY SUPPLY CHAIN SOLUTI,0,-13278,0,-189.41K,CLOSE,0%
816307300,SLQT,SELECTQUOTE INC,0,-56904,0,-189.78K,CLOSE,0%
74347Y797,SCO,PROSHARES TR II,0,-11526,0,-193.41K,CLOSE,0%
88427A107,THRD,THIRD HARMONIC BIO INC,0,-56145,0,-194.82K,CLOSE,0%
92971A109,MAPS,WM TECHNOLOGY INC,0,-172832,0,-195.3K,CLOSE,0%
24906P109,XRAY,DENTSPLY SIRONA INC,0,-13315,0,-198.79K,CLOSE,0%
26853E102,EH,EHANG HLDGS LTD,35634,-11485,618.25K,-199.26K,-24.4%,0.01%
50012A108,KGS,KODIAK GAS SVCS INC,0,-5371,0,-200.18K,CLOSE,0%
093671105,HRB,BLOCK H & R INC,0,-3675,0,-201.72K,CLOSE,0%
76155X100,RVMD,REVOLUTION MEDICINES INC,0,-5729,0,-202.52K,CLOSE,0%
62955J103,NOV,NOV INC,0,-13515,0,-205.77K,CLOSE,0%
24477E103,DH,DEFINITIVE HEALTHCARE CORP CLASS A,22187,-52792,86.64K,-206.15K,-70.4%,<.01%
Y10230103,BWLP,BW LPG LTD,0,-18972,0,-206.23K,CLOSE,0%
872280102,CGBD,CARLYLE SECURED LENDING INC,0,-12777,0,-206.6K,CLOSE,0%
25862V105,DV,DOUBLEVERIFY HLDGS INC,0,-15474,0,-206.81K,CLOSE,0%
03957W106,AROC,ARCHROCK INC,0,-7917,0,-207.66K,CLOSE,0%
43283X105,HGV,HILTON GRAND VACATIONS INC,0,-5556,0,-207.88K,CLOSE,0%
60871R209,TAP,MOLSON COORS BEVERAGE CO CL B,0,-3442,0,-209.58K,CLOSE,0%
448947507,IDT,IDT CORP,0,-4096,0,-209.88K,CLOSE,0%
204149108,CTBI,COMMUNITY TR BANCORP INC,0,-4173,0,-210.78K,CLOSE,0%
896095106,TCBK,TRICO BANCSHARES,0,-5285,0,-211.4K,CLOSE,0%
171077407,NAGE,NIAGEN BIOSCIENCE INC,0,-30905,0,-212.94K,CLOSE,0%
165167735,EXE,EXPAND ENERGY CORPORATION,47744,-1823,5.58M,-213.18K,-3.7%,0.1%
808524763,FNDA,SCHWAB STRATEGIC TR,0,-7812,0,-213.85K,CLOSE,0%
442487401,HOV,HOVNANIAN ENTERPRISES INC,0,-2074,0,-217.27K,CLOSE,0%
25460G856,HIBL,DIREXION,0,-8222,0,-217.39K,CLOSE,0%
974250102,WINA,WINMARK CORP,0,-699,0,-221.51K,CLOSE,0%
104674106,BRC,BRADY CORP,0,-3137,0,-221.66K,CLOSE,0%
55825T103,MSGS,MADISON SQUARE GRDN SPRT COR,0,-1140,0,-221.89K,CLOSE,0%
81369Y209,XLV,SELECT SECTOR SPDR TR,0,-1531,0,-223.43K,CLOSE,0%
72919P202,PLUG,PLUG POWER INC,290212,-150651,433.87K,-225.22K,-34.2%,<.01%
05465C100,AX,AXOS FINANCIAL INC,0,-3532,0,-227.96K,CLOSE,0%
46641Q191,BBEU,J P MORGAN EXCHANGE TRADED F BETABUILDERS EUR,0,-3693,0,-228.12K,CLOSE,0%
81768T108,SFBS,SERVISFIRST BANCSHARES INC,0,-2767,0,-228.55K,CLOSE,0%
053906103,ASM,AVINO SILVER & GOLD MINES LT,60148,-63786,215.93K,-228.99K,-51.5%,<.01%
68376D104,OPRT,OPORTUN FINL CORP,0,-41885,0,-229.53K,CLOSE,0%
92647X830,VFLO,VICTORY PORTFOLIOS II SHARES FREE CASH,0,-6704,0,-229.58K,CLOSE,0%
81369Y852,XLC,SELECT SECTOR SPDR TR,0,-2382,0,-229.72K,CLOSE,0%
64131A105,STIM,NEURONETICS INC,28526,-67205,99.27K,-233.87K,-70.2%,<.01%
759509102,RS,RELIANCE INC,0,-811,0,-234.1K,CLOSE,0%
464287788,IYF,ISHARES TR,0,-2077,0,-234.29K,CLOSE,0%
49338L103,KEYS,KEYSIGHT TECHNOLOGIES INC,0,-1579,0,-236.39K,CLOSE,0%
69318G106,PBF,PBF ENERGY INC,0,-12452,0,-237.83K,CLOSE,0%
394357107,GCBC,GREENE CNTY BANCORP INC,0,-9861,0,-237.85K,CLOSE,0%
466367109,JACK,JACK IN THE BOX INC,0,-8756,0,-237.99K,CLOSE,0%
09624H208,BXC,BLUELINX HLDGS INC,0,-3214,0,-240.5K,CLOSE,0%
G8267P108,SW,SMURFIT WESTROCK PLC,0,-5349,0,-240.97K,CLOSE,0%
156431108,CENX,CENTURY ALUM CO,0,-13055,0,-242.3K,CLOSE,0%
008252108,AMG,AFFILIATED MANAGERS GROUP IN,3230,-1233,634.86K,-242.35K,-27.6%,0.01%
74347Y722,ZSL,PROSHARES TR II,0,-8293,0,-243.23K,CLOSE,0%
25434V302,DFAE,DIMENSIONAL ETF TRUST,0,-9408,0,-243.43K,CLOSE,0%
784117103,SEIC,SEI INVTS CO,0,-3138,0,-243.6K,CLOSE,0%
039483102,ADM,ARCHER DANIELS MIDLAND CO,0,-5082,0,-243.96K,CLOSE,0%
808524607,SCHA,SCHWAB STRATEGIC TR,0,-10422,0,-244.13K,CLOSE,0%
84920Y106,SPWH,SPORTSMANS WHSE HLDGS INC,11452,-71373,39.51K,-246.23K,-86.2%,<.01%
843878307,SSBK,SOUTHERN STS BANCSHARES INC,0,-6891,0,-246.7K,CLOSE,0%
410867105,THG,HANOVER INS GROUP INC,0,-1423,0,-247.62K,CLOSE,0%
45258J102,IMVT,IMMUNOVANT INC,0,-14498,0,-247.77K,CLOSE,0%
93403J106,WRBY,WARBY PARKER INC,0,-13670,0,-249.07K,CLOSE,0%
47737C104,JFIN,JIAYIN GROUP INC,0,-18228,0,-250.27K,CLOSE,0%
68634K106,ORLA,ORLA MNG LTD NEW,31500,-25100,314.83K,-250.87K,-44.3%,<.01%
171779309,CIEN,CIENA CORP,0,-4159,0,-251.29K,CLOSE,0%
78351F107,RYAN,RYAN SPECIALTY HOLDINGS INC,0,-3406,0,-251.63K,CLOSE,0%
830940102,SKWD,SKYWARD SPECIALTY INS GROUP,0,-4777,0,-252.37K,CLOSE,0%
G4701H109,IHS,IHS HOLDING LIMITED,0,-48580,0,-252.86K,CLOSE,0%
10576N102,BRZE,BRAZE INC,0,-7008,0,-252.99K,CLOSE,0%
76680R206,RNG,RINGCENTRAL INC,0,-10239,0,-253.47K,CLOSE,0%
464287861,IEV,ISHARES TR,0,-4359,0,-253.56K,CLOSE,0%
693506107,PPG,PPG INDS INC,0,-2319,0,-253.61K,CLOSE,0%
929328102,WSFS,WSFS FINL CORP,0,-4931,0,-256.07K,CLOSE,0%
090572207,BIO,BIO RAD LABS INC,0,-1064,0,-259.17K,CLOSE,0%
570535104,MKL,MARKEL GROUP INC,0,-139,0,-259.63K,CLOSE,0%
17253J106,CIFR,CIPHER MINING INC,0,-113410,0,-260.28K,CLOSE,0%
74347G184,BITI,PROSHARES TR,0,-9963,0,-262.33K,CLOSE,0%
87305R109,TTMI,TTM TECHNOLOGIES INC,0,-12852,0,-263.66K,CLOSE,0%
Y2990R101,HAFN,HAFNIA LTD,29459,-53302,147K,-265.98K,-64.4%,<.01%
422819102,HSII,HEIDRICK & STRUGGLES INTL IN,0,-6214,0,-266.39K,CLOSE,0%
74346Y103,PRO,PROS HOLDINGS INC,0,-13990,0,-266.51K,CLOSE,0%
25179M103,DVN,DEVON ENERGY CORP NEW,0,-7170,0,-268.37K,CLOSE,0%
M8T80P204,NEXN,NEXXEN INTL LTD,0,-32256,0,-269.01K,CLOSE,0%
70439P108,PAY,PAYMENTUS HOLDINGS INC,0,-10302,0,-269.19K,CLOSE,0%
893870204,TGS,TRANSPORTADORA DE GAS SUR,0,-10328,0,-273.28K,CLOSE,0%
68621F102,ORGO,ORGANOGENESIS HLDGS INC,0,-63478,0,-273.59K,CLOSE,0%
46434G830,EWI,ISHARES INC,0,-6500,0,-274.82K,CLOSE,0%
277432100,EMN,EASTMAN CHEM CO,0,-3132,0,-275.9K,CLOSE,0%
33830T103,FSBC,FIVE STAR BANCORP,0,-9956,0,-276.68K,CLOSE,0%
69553P100,PD,PAGERDUTY INC,0,-15233,0,-278.15K,CLOSE,0%
87157D109,SYNA,SYNAPTICS INC,0,-4369,0,-278.7K,CLOSE,0%
070830104,BBWI,BATH & BODY WORKS INC,20431,-9303,612.22K,-278.76K,-31.3%,0.01%
76243J105,RYTM,RHYTHM PHARMACEUTICALS INC,0,-5278,0,-279.63K,CLOSE,0%
55305B101,MHO,M/I HOMES INC,0,-2453,0,-279.91K,CLOSE,0%
00857U107,AGL,AGILON HEALTH INC,0,-64719,0,-280.23K,CLOSE,0%
88322Q108,TGTX,TG THERAPEUTICS INC,0,-7182,0,-283.19K,CLOSE,0%
002121101,ATEN,A10 NETWORKS INC,0,-17387,0,-284.1K,CLOSE,0%
00183L201,ANGI,ANGI INC,0,-18470,0,-284.99K,CLOSE,0%
917047102,URBN,URBAN OUTFITTERS INC,0,-5487,0,-287.52K,CLOSE,0%
000868109,ACNB,ACNB CORP,0,-6995,0,-287.91K,CLOSE,0%
26922A842,JETS,ETF SER SOLUTIONS US GLB JETS,0,-13882,0,-288.61K,CLOSE,0%
501270102,KRUS,KURA SUSHI USA INC,0,-5668,0,-289.41K,CLOSE,0%
624756102,MLI,MUELLER INDS INC,0,-3816,0,-290.44K,CLOSE,0%
22266T109,CPNG,COUPANG INC,146051,-9744,4.37M,-291.88K,-6.3%,0.08%
615369105,MCO,MOODYS CORP,0,-628,0,-292.35K,CLOSE,0%
700658107,PRK,PARK NATL CORP,0,-1931,0,-292.76K,CLOSE,0%
144285103,CRS,CARPENTER TECHNOLOGY CORP,0,-1617,0,-293.13K,CLOSE,0%
012653101,ALB,ALBEMARLE CORP,5778,-4701,362.05K,-294.56K,-44.9%,<.01%
801056102,SANM,SANMINA CORPORATION,0,-3883,0,-295.92K,CLOSE,0%
879360105,TDY,TELEDYNE TECHNOLOGIES INC,0,-595,0,-296.18K,CLOSE,0%
23344D108,DADA,DADA NEXUS LTD,0,-160651,0,-298.01K,CLOSE,0%
30041R108,EVER,EVERQUOTE INC,0,-11380,0,-298.21K,CLOSE,0%
M6158M104,ITRN,ITURAN LOCATION AND CONTROL,0,-8316,0,-300.62K,CLOSE,0%
74347G390,SRTY,PROSHARES TR,0,-12194,0,-301.44K,CLOSE,0%
71601V105,WOOF,PETCO HEALTH & WELLNESS CO I,0,-99180,0,-301.51K,CLOSE,0%
24665A103,DK,DELEK US HLDGS INC NEW,0,-20022,0,-301.93K,CLOSE,0%
12503M108,CBOE,CBOE GLOBAL MKTS INC,2894,-1297,673.93K,-302.03K,-30.9%,0.01%
032095101,APH,AMPHENOL CORP NEW,84693,-3072,8.36M,-303.33K,-3.5%,0.14%
96924N100,WLDN,WILLDAN GROUP INC,0,-7468,0,-304.02K,CLOSE,0%
64031N108,NNI,NELNET INC,0,-2765,0,-306.8K,CLOSE,0%
46138E594,KBWY,INVESCO EXCH TRADED FD TR,0,-18612,0,-310.36K,CLOSE,0%
071734107,BHC,BAUSCH HEALTH COS INC,24485,-46715,163.07K,-311.12K,-65.6%,<.01%
78467J100,SSNC,SS&C TECHNOLOGIES HLDGS INC,0,-3730,0,-311.64K,CLOSE,0%
874080104,TAL,TAL EDUCATION GROUP,100576,-30641,1.03M,-313.15K,-23.4%,0.02%
66510M204,NAK,NORTHERN DYNASTY MINERALS LT,46294,-232006,62.5K,-313.21K,-83.4%,<.01%
36162J106,GEO,GEO GROUP INC NEW,0,-10735,0,-313.89K,CLOSE,0%
50125G109,KULR,KULR TECHNOLOGY GROUP INC,0,-240629,0,-314.02K,CLOSE,0%
G9456A100,GLNG,GOLAR LNG LTD,0,-8277,0,-314.44K,CLOSE,0%
64828T201,RITM,RITHM CAPITAL CORP,0,-27554,0,-315.77K,CLOSE,0%
98956A105,ZETA,ZETA GLOBAL HOLDINGS CORP,0,-23326,0,-316.3K,CLOSE,0%
01644J108,ALKT,ALKAMI TECHNOLOGY INC,9352,-10526,281.92K,-317.31K,-53%,<.01%
353514102,FELE,FRANKLIN ELEC INC,0,-3385,0,-317.78K,CLOSE,0%
203607106,CBU,COMMUNITY FINANCIAL SYSTEM I,0,-5598,0,-318.36K,CLOSE,0%
M2029K104,BIRK,BIRKENSTOCK HOLDING PLC,0,-6942,0,-318.39K,CLOSE,0%
464287580,IYC,ISHARES TR,0,-3618,0,-319.58K,CLOSE,0%
74736L109,QTWO,Q2 HLDGS INC,6546,-3433,612.77K,-321.36K,-34.4%,0.01%
G68707101,PAGS,PAGSEGURO DIGITAL LTD,0,-42612,0,-324.49K,CLOSE,0%
68390D106,OR,OR ROYALTIES INC.,38400,-12785,982.85K,-327.24K,-25%,0.02%
739276103,POWI,POWER INTEGRATIONS INC,0,-6557,0,-331K,CLOSE,0%
89532M101,TRVI,TREVI THERAPEUTICS INC,25848,-60912,141.39K,-333.19K,-70.2%,<.01%
968223206,WLY,WILEY JOHN & SONS INC,0,-7525,0,-335.35K,CLOSE,0%
077454106,BDC,BELDEN INC,0,-3359,0,-336.87K,CLOSE,0%
49271V100,KDP,KEURIG DR PEPPER INC,0,-9873,0,-337.85K,CLOSE,0%
044186104,ASH,ASHLAND INC,0,-5706,0,-338.31K,CLOSE,0%
80706P103,SRRK,SCHOLAR ROCK HLDG CORP,0,-10544,0,-339.52K,CLOSE,0%
G6700G107,NVT,NVENT ELECTRIC PLC,0,-6486,0,-340.06K,CLOSE,0%
45826J105,NTLA,INTELLIA THERAPEUTICS INC,17649,-36357,165.37K,-340.66K,-67.3%,<.01%
78473E103,SPXC,SPX TECHNOLOGIES INC,3213,-2038,538.79K,-341.75K,-38.8%,<.01%
894164102,TNL,TRAVEL PLUS LEISURE CO,0,-7444,0,-344.47K,CLOSE,0%
981419104,WRLD,WORLD ACCEP CORPORATION,0,-2739,0,-346.62K,CLOSE,0%
78464A888,XHB,SPDR SER TR,0,-3579,0,-346.7K,CLOSE,0%
46434G814,EWM,ISHARES INC,22030,-14279,535.99K,-347.41K,-39.3%,<.01%
20337X109,VISN,COMMSCOPE HLDG CO INC,0,-66496,0,-352.43K,CLOSE,0%
29452E101,EQH,EQUITABLE HLDGS INC,0,-6794,0,-353.9K,CLOSE,0%
947890109,WBS,WEBSTER FINL CORP,0,-6866,0,-354.01K,CLOSE,0%
316092865,FUTY,FIDELITY COVINGTON TRUST,0,-7033,0,-358.05K,CLOSE,0%
042735100,ARW,ARROW ELECTRS INC,0,-3474,0,-360.5K,CLOSE,0%
977852102,WOLF,WOLFSPEED INC,0,-118057,0,-360.66K,CLOSE,0%
871829107,SYY,SYSCO CORP,0,-4815,0,-361.41K,CLOSE,0%
78464A755,XME,SPDR SER TR,0,-6515,0,-364.64K,CLOSE,0%
48553T106,BZ,KANZHUN LIMITED,0,-19084,0,-365.84K,CLOSE,0%
05968L102,CIB,BANCOLOMBIA S A,0,-9137,0,-367.4K,CLOSE,0%
957090103,WABC,WESTAMERICA BANCORPORATION,0,-7274,0,-368.28K,CLOSE,0%
433921103,HIVE,HIVE DIGITAL TECHNOLOGIES LT,0,-254619,0,-369.2K,CLOSE,0%
23204G100,CUBI,CUSTOMERS BANCORP INC,0,-7372,0,-370.22K,CLOSE,0%
754730109,RJF,RAYMOND JAMES FINL INC,0,-2670,0,-370.68K,CLOSE,0%
589400100,MCY,MERCURY GENL CORP NEW,0,-6633,0,-370.72K,CLOSE,0%
831865209,AOS,SMITH A O CORP,0,-5748,0,-375.57K,CLOSE,0%
046433108,ATRO,ASTRONICS CORP,0,-15603,0,-377.12K,CLOSE,0%
21871X109,CRBG,COREBRIDGE FINL INC,0,-12031,0,-379.82K,CLOSE,0%
55306N104,MKSI,MKS INSTRS INC,0,-4740,0,-380.24K,CLOSE,0%
69318J100,CNXN,PC CONNECTION INC,0,-6102,0,-381.38K,CLOSE,0%
235825205,DAN,DANA INC,0,-28843,0,-384.48K,CLOSE,0%
68268W103,OMF,ONEMAIN HLDGS INC,0,-7893,0,-385.81K,CLOSE,0%
98980F104,GTM,ZOOMINFO TECHNOLOGIES INC,0,-38639,0,-386K,CLOSE,0%
46137V563,PEY,INVESCO EXCHANGE TRADED FD T,0,-18077,0,-387.75K,CLOSE,0%
46654Q732,JTEK,J P MORGAN EXCHANGE TRADED F U S TECH LEADERS,0,-5814,0,-390.58K,CLOSE,0%
00182C103,ANIP,ANI PHARMACEUTICALS INC,0,-5892,0,-394.47K,CLOSE,0%
G0084W101,ADNT,ADIENT PLC,14760,-20442,287.38K,-398.01K,-58.1%,<.01%
985817105,YELP,YELP INC,0,-10758,0,-398.26K,CLOSE,0%
403949100,DINO,HF SINCLAIR CORP,7633,-9755,313.64K,-400.83K,-56.1%,<.01%
G79483106,LAES,SEALSQ CORP,0,-155837,0,-405.18K,CLOSE,0%
01748X102,ALGT,ALLEGIANT TRAVEL CO,0,-7847,0,-405.57K,CLOSE,0%
74164F103,PRIM,PRIMORIS SVCS CORP,0,-7089,0,-406.91K,CLOSE,0%
591774104,MCB,METROPOLITAN BK HLDG CORP,0,-7327,0,-410.68K,CLOSE,0%
25461A577,JDST,DIREXION,0,-25499,0,-411.81K,CLOSE,0%
749685103,RPM,RPM INTL INC,0,-3574,0,-413.51K,CLOSE,0%
126349109,CSGS,CSG SYS INTL INC,0,-6849,0,-413.68K,CLOSE,0%
58463J304,MPT,MEDICAL PPTYS TRUST INC,0,-68920,0,-415.24K,CLOSE,0%
25460G815,RETL,DIREXION,0,-68495,0,-417.48K,CLOSE,0%
57686G105,MATX,MATSON INC,1948,-3775,216.87K,-420.27K,-66%,<.01%
879433829,TDS,TELEPHONE & DATA SYS INC,0,-10859,0,-420.79K,CLOSE,0%
981811102,WOR,WORTHINGTON ENTERPRISES INC,0,-8421,0,-421.64K,CLOSE,0%
12135Y108,BHRB,BURKE HERBERT FINL SVCS CORP,0,-7636,0,-428K,CLOSE,0%
53216B104,LFMD,LIFEMD INC,11545,-31484,157.13K,-428.5K,-73.2%,<.01%
740444104,PLPC,PREFORMED LINE PRODS CO,0,-3065,0,-429.5K,CLOSE,0%
890110109,TMP,TOMPKINS FINL CORP,0,-6874,0,-429.76K,CLOSE,0%
740367404,PFBC,PREFERRED BK LOS ANGELES CA,0,-5131,0,-430.18K,CLOSE,0%
G96629103,WTW,WILLIS TOWERS WATSON PLC LTD,0,-1273,0,-430.2K,CLOSE,0%
316092873,FCOM,FIDELITY COVINGTON TRUST MSCI,0,-7680,0,-431.65K,CLOSE,0%
372303206,GMAB,GENMAB A/S,0,-22169,0,-433.85K,CLOSE,0%
14019W109,CGXU,CAPITAL GROUP INTL FOCUS EQT,0,-17804,0,-435.4K,CLOSE,0%
032724106,ANAB,ANAPTYSBIO INC,0,-23508,0,-437.25K,CLOSE,0%
533900106,LECO,LINCOLN ELEC HLDGS INC,0,-2313,0,-437.67K,CLOSE,0%
46138W107,FXY,INVESCO CURRENCYSHARES JAPAN JAPANESE YEN,0,-7199,0,-442.74K,CLOSE,0%
934423104,WBD,WARNER BROS DISCOVERY INC,0,-41275,0,-442.88K,CLOSE,0%
451051106,IBTA,IBOTTA INC CLASS A,0,-10658,0,-449.45K,CLOSE,0%
87161C501,SNV,SYNOVUS FINL CORP,0,-9636,0,-450K,CLOSE,0%
00162Q452,AMLP,ALPS ETF TR,0,-8708,0,-452.29K,CLOSE,0%
10316T104,BOX,BOX INC,0,-14683,0,-453.19K,CLOSE,0%
902788108,UMBF,UMB FINL CORP,0,-4480,0,-453.2K,CLOSE,0%
74347G374,DXD,PROSHARES TR,24442,-18754,591.86K,-454.13K,-43.4%,0.01%
980745103,WWD,WOODWARD INC,0,-2491,0,-455.06K,CLOSE,0%
59100U108,CASH,PATHWARD FINANCIAL INC,0,-6256,0,-457.19K,CLOSE,0%
743713109,PRLB,PROTO LABS INC,0,-13122,0,-460.06K,CLOSE,0%
464287473,IWS,ISHARES TR,0,-3655,0,-460.64K,CLOSE,0%
90114C107,TUYA,TUYA INC SPONSERED,19769,-199027,45.77K,-460.75K,-91%,<.01%
920253101,VMI,VALMONT INDS INC,5997,-1427,1.96M,-465.9K,-19.2%,0.03%
78468R549,XES,SPDR SER TR,0,-6534,0,-466.4K,CLOSE,0%
05379B107,AVA,AVISTA CORP,0,-11337,0,-474.57K,CLOSE,0%
922908512,VOE,VANGUARD INDEX FDS,0,-2958,0,-474.7K,CLOSE,0%
G7S00T104,PNR,PENTAIR PLC,0,-5493,0,-480.64K,CLOSE,0%
M8744T106,TBLA,TABOOLA.COM LTD,0,-162879,0,-481.31K,CLOSE,0%
00751Y106,AAP,ADVANCE AUTO PARTS INC,0,-12302,0,-482.12K,CLOSE,0%
929042109,VNO,VORNADO RLTY TR,0,-13076,0,-483.81K,CLOSE,0%
7591EP100,RF,REGIONS FINANCIAL CORP NEW,0,-22316,0,-485.26K,CLOSE,0%
04621X108,AIZ,ASSURANT INC,0,-2317,0,-486.2K,CLOSE,0%
912318409,UNG,UNITED STS NAT GAS FD LP,95905,-31934,1.46M,-487.79K,-25%,0.03%
744573106,PEG,PUBLIC SVC ENTERPRISE GRP IN,0,-5931,0,-488.12K,CLOSE,0%
184496107,CLH,CLEAN HARBORS INC,0,-2477,0,-488.22K,CLOSE,0%
G1144A105,BTBT,BIT DIGITAL INC,0,-242748,0,-490.35K,CLOSE,0%
46144X487,TARK,INVESTMENT MANAGERS SER TR I,0,-17340,0,-494.02K,CLOSE,0%
87724P106,TMHC,TAYLOR MORRISON HOME CORP,0,-8260,0,-495.6K,CLOSE,0%
374689107,ROCK,GIBRALTAR INDS INC,0,-8479,0,-498.23K,CLOSE,0%
46138E354,SPLV,INVESCO EXCH TRADED FD TR II,0,-6747,0,-504.1K,CLOSE,0%
57142B104,MQ,MARQETA INC CLASS A,0,-122665,0,-505.38K,CLOSE,0%
06211J100,BFC,BANK FIRST CORP,0,-5092,0,-512.25K,CLOSE,0%
37954Y236,DTCR,GLOBAL X FDS,0,-31529,0,-515.81K,CLOSE,0%
928254101,VIRT,VIRTU FINL INC,0,-13572,0,-517.37K,CLOSE,0%
46435G425,ESGU,ISHARES TR,0,-4262,0,-519.45K,CLOSE,0%
361448103,GATX,GATX CORP,0,-3370,0,-522.99K,CLOSE,0%
52603B107,TREE,LENDINGTREE INC NEW,0,-10686,0,-536.76K,CLOSE,0%
H11356104,BG,BUNGE GLOBAL SA,0,-7176,0,-548.25K,CLOSE,0%
69343T107,PJT,PJT PARTNERS INC,1711,-3425,282.21K,-564.92K,-66.7%,<.01%
453836108,INDB,INDEPENDENT BK CORP MASS,0,-9103,0,-570.39K,CLOSE,0%
53681J103,LAC,LITHIUM AMERS CORP NEW,0,-212773,0,-577.68K,CLOSE,0%
941848103,WAT,WATERS CORP,0,-1577,0,-581.24K,CLOSE,0%
25461A387,KORU,DIREXION,0,-15197,0,-581.44K,CLOSE,0%
902494103,TSN,TYSON FOODS INC,0,-9113,0,-581.64K,CLOSE,0%
46429B663,HDV,ISHARES TR,0,-4851,0,-587.26K,CLOSE,0%
48020Q107,JLL,JONES LANG LASALLE INC,943,-2307,241.2K,-590.09K,-71%,<.01%
004498101,ACIW,ACI WORLDWIDE INC,0,-10901,0,-596.5K,CLOSE,0%
78468R788,SPYD,SPDR SER TR PRTFLO,0,-13512,0,-597.77K,CLOSE,0%
12618T105,CRAI,CRA INTL INC,0,-3449,0,-598.4K,CLOSE,0%
378973507,GSAT,GLOBALSTAR INC,0,-28709,0,-598.87K,CLOSE,0%
559166103,MGIC,MAGIC SOFTWARE ENTERPRISES L,0,-46247,0,-600.29K,CLOSE,0%
521865204,LEA,LEAR CORP,0,-6866,0,-605.79K,CLOSE,0%
116794108,BRKR,BRUKER CORP,0,-14523,0,-606.04K,CLOSE,0%
75960P104,RELY,REMITLY GLOBAL INC,0,-29157,0,-607.05K,CLOSE,0%
59001A102,MTH,MERITAGE HOMES CORP,0,-8625,0,-611.25K,CLOSE,0%
464287796,IYE,ISHARES TR,25562,-13555,1.16M,-612.96K,-34.7%,0.02%
668771108,GEN,GEN DIGITAL INC,0,-23231,0,-616.09K,CLOSE,0%
74460D109,PSA,PUBLIC STORAGE OPER CO,0,-2064,0,-617.75K,CLOSE,0%
192446102,CTSH,COGNIZANT TECHNOLOGY SOLUTIO,0,-8094,0,-619.03K,CLOSE,0%
268150109,DT,DYNATRACE INC,0,-13148,0,-619.93K,CLOSE,0%
81663L200,WGS,GENEDX HOLDINGS CORP,0,-7032,0,-623.88K,CLOSE,0%
46138G615,SOXQ,INVESCO EXCH TRADED FD TR,0,-18627,0,-626.24K,CLOSE,0%
67059N108,NTNX,NUTANIX INC,0,-9217,0,-642.79K,CLOSE,0%
665859104,NTRS,NORTHERN TR CORP,0,-6680,0,-658.98K,CLOSE,0%
25460E711,UTSL,DIREXION,0,-18973,0,-660.45K,CLOSE,0%
33829M101,FIVE,FIVE BELOW INC,1969,-5072,258.31K,-665.4K,-72%,<.01%
46137V282,RSPT,INVESCO EXCHANGE TRADED FD T,0,-19510,0,-667.63K,CLOSE,0%
464287770,IYG,ISHARES TR,0,-8538,0,-670.4K,CLOSE,0%
29261A100,EHC,ENCOMPASS HEALTH CORP,0,-6654,0,-673.82K,CLOSE,0%
78667J108,SAGE,SAGE THERAPEUTICS INC,0,-84964,0,-675.46K,CLOSE,0%
26210C104,DBX,DROPBOX INC,0,-25314,0,-675.88K,CLOSE,0%
74347W395,GLL,PROSHARES TR II,0,-53911,0,-683.05K,CLOSE,0%
29364G103,ETR,ENTERGY CORP NEW,3114,-8233,258.81K,-684.25K,-72.6%,<.01%
00737L103,CVSA,ADTALEM GLOBAL ED INC,0,-6861,0,-690.42K,CLOSE,0%
46817M107,JXN,JACKSON FINANCIAL INC,6853,-7809,608.68K,-693.59K,-53.3%,0.01%
031100100,AME,AMETEK INC,0,-4040,0,-695.37K,CLOSE,0%
16115Q308,GTLS,CHART INDS INC,3600,-4230,592.67K,-696.38K,-54%,0.01%
478160104,JNJ,JOHNSON & JOHNSON,0,-4207,0,-697.9K,CLOSE,0%
14020X104,CGGO,CAPITAL GROUP GBL GROWTH EQT,0,-24701,0,-699.04K,CLOSE,0%
852066208,SII,SPROTT INC,125200,-10300,8.61M,-708.46K,-7.6%,0.15%
78440X887,SLG,SL GREEN RLTY CORP,0,-12356,0,-713.19K,CLOSE,0%
902973304,USB,US BANCORP DEL,23600,-15786,1.07M,-714.08K,-40.1%,0.02%
89055F103,BLD,TOPBUILD CORP,0,-2373,0,-723.55K,CLOSE,0%
88166A508,WEAT,TEUCRIUM,0,-157235,0,-736.65K,CLOSE,0%
27579R104,EWBC,EAST WEST BANCORP INC,0,-8227,0,-738.7K,CLOSE,0%
00973Y108,AKRO,AKERO THERAPEUTICS INC,0,-18273,0,-739.69K,CLOSE,0%
314211103,FHI,FEDERATED HERMES INC,0,-18451,0,-752.25K,CLOSE,0%
46137V498,XSMO,INVESCO EXCHANGE TRADED FD T,0,-12045,0,-755.82K,CLOSE,0%
74347G168,TWM,PROSHARES TR,0,-14417,0,-776.07K,CLOSE,0%
G11448100,BTDR,BITDEER TECHNOLOGIES GROUP CL A,0,-88310,0,-779.78K,CLOSE,0%
45781V101,IIPR,INNOVATIVE INDL PPTYS INC,0,-14802,0,-800.05K,CLOSE,0%
44980X109,IPGP,IPG PHOTONICS CORP,0,-12687,0,-800.42K,CLOSE,0%
46140H403,DBO,INVESCO DB MULTI-SECTOR,196030,-61013,2.59M,-806.29K,-23.7%,0.04%
571748102,MRSH,MARSH & MCLENNAN COS INC,0,-3317,0,-809.41K,CLOSE,0%
53190C102,LTH,LIFE TIME GROUP HOLDINGS INC,0,-26977,0,-814.44K,CLOSE,0%
26622P107,DOCS,DOXIMITY INC,0,-14063,0,-816.22K,CLOSE,0%
464287168,DVY,ISHARES TR,0,-6087,0,-817.54K,CLOSE,0%
147528103,CASY,CASEYS GEN STORES INC,0,-1885,0,-818.45K,CLOSE,0%
46137V266,RPG,INVESCO EXCHANGE TRADED FD T,0,-21501,0,-822.2K,CLOSE,0%
25746U109,D,DOMINION ENERGY INC,0,-14700,0,-824.23K,CLOSE,0%
20464U100,COMP,COMPASS INC,0,-94442,0,-824.48K,CLOSE,0%
603170101,MLYS,MINERALYS THERAPEUTICS INC,11987,-61021,162.42K,-826.84K,-83.6%,<.01%
74967X103,RH,RH,0,-3548,0,-831.69K,CLOSE,0%
464288836,IHE,ISHARES TR,0,-11838,0,-834.82K,CLOSE,0%
925050106,VRNA,VERONA PHARMA PLC,6197,-8890,585.8K,-840.37K,-58.9%,0.01%
25461A478,DUST,DIREXION,0,-23399,0,-841.19K,CLOSE,0%
25434V815,DFSV,DIMENSIONAL ETF TRUST,0,-29940,0,-842.06K,CLOSE,0%
23345M107,DTM,DT MIDSTREAM INC,0,-8813,0,-849.93K,CLOSE,0%
55405Y100,MTSI,MACOM TECH SOLUTIONS HLDGS I,4246,-5969,608.11K,-854.88K,-58.4%,0.01%
74276L105,PRCT,PROCEPT BIOROBOTICS CORP,0,-14723,0,-857.62K,CLOSE,0%
00846U101,A,AGILENT TECHNOLOGIES INC,0,-7396,0,-865.11K,CLOSE,0%
759916109,RGEN,REPLIGEN CORP,0,-6837,0,-869.94K,CLOSE,0%
05605H100,BWXT,BWX TECHNOLOGIES INC,0,-8863,0,-874.78K,CLOSE,0%
477143101,JBLU,JETBLUE AWYS CORP,0,-182311,0,-879.65K,CLOSE,0%
46138E362,SPHD,INVESCO EXCH TRADED FD TR II,0,-17726,0,-890.55K,CLOSE,0%
74347R842,UWM,PROSHARES TR,0,-26683,0,-890.95K,CLOSE,0%
185899101,CLF,CLEVELAND-CLIFFS INC NEW,90325,-117765,686.92K,-895.6K,-56.6%,0.01%
185123106,CWAN,CLEARWATER ANALYTICS HLDGS I,22633,-40993,496.34K,-898.98K,-64.4%,<.01%
46434G848,PICK,ISHARES INC,0,-25217,0,-906.55K,CLOSE,0%
11133T103,BR,BROADRIDGE FINL SOLUTIONS IN,0,-3761,0,-911.89K,CLOSE,0%
70438V106,PCTY,PAYLOCITY HLDG CORP,0,-4955,0,-927.53K,CLOSE,0%
53566V106,LINE,LINEAGE INC,0,-15912,0,-933.08K,CLOSE,0%
25460E240,FAZ,DIREXION,0,-166906,0,-942.18K,CLOSE,0%
25460G609,ERX,DIREXION,63844,-18436,3.29M,-948.72K,-22.4%,0.06%
00130H105,AES,AES CORP,0,-76878,0,-954.83K,CLOSE,0%
G3265R107,APTV,APTIV PLC,0,-16291,0,-969.32K,CLOSE,0%
25659T107,DLB,DOLBY LABORATORIES INC,0,-12144,0,-974.92K,CLOSE,0%
56418H100,MAN,MANPOWERGROUP INC WIS,0,-16843,0,-975.29K,CLOSE,0%
811543107,SEB,SEABOARD CORP DEL,0,-363,0,-979.36K,CLOSE,0%
902681105,UGI,UGI CORP NEW,0,-29648,0,-980.46K,CLOSE,0%
92338C103,VLTO,VERALTO CORP,0,-10203,0,-994.08K,CLOSE,0%
464287812,IYK,ISHARES TR,0,-13910,0,-995.54K,CLOSE,0%
25460G195,YINN,DIREXION,0,-24127,0,-1M,CLOSE,0%
829933100,SIRI,SIRIUSXM HOLDINGS INC,0,-44709,0,-1.01M,CLOSE,0%
369550108,GD,GENERAL DYNAMICS CORP,0,-3713,0,-1.01M,CLOSE,0%
464288562,REZ,ISHARES TR,10176,-12396,837.49K,-1.02M,-54.9%,0.01%
74347R305,DDM,PROSHARES TR,0,-11289,0,-1.03M,CLOSE,0%
N14506104,ESTC,ELASTIC N V,0,-11588,0,-1.03M,CLOSE,0%
25460G716,LABD,DIREXION,0,-110320,0,-1.04M,CLOSE,0%
784730103,SSRM,SSR MINING IN,0,-103800,0,-1.05M,CLOSE,0%
46138G706,TAN,INVESCO EXCH TRADED FD TR,0,-34405,0,-1.05M,CLOSE,0%
260003108,DOV,DOVER CORP,0,-5973,0,-1.05M,CLOSE,0%
16679L109,CHWY,CHEWY INC,0,-32660,0,-1.06M,CLOSE,0%
464287705,IJJ,ISHARES TR,0,-8978,0,-1.07M,CLOSE,0%
04010E109,AGX,ARGAN INC,0,-8202,0,-1.08M,CLOSE,0%
446150104,HBAN,HUNTINGTON BANCSHARES INC,0,-72176,0,-1.08M,CLOSE,0%
464288752,ITB,ISHARES TR,0,-11451,0,-1.09M,CLOSE,0%
464287622,IWB,ISHARES TR,0,-3564,0,-1.09M,CLOSE,0%
07831C103,BRBR,BELLRING BRANDS INC,0,-14815,0,-1.1M,CLOSE,0%
03820C105,AIT,APPLIED INDL TECHNOLOGIES IN,0,-4897,0,-1.1M,CLOSE,0%
011659109,ALK,ALASKA AIR GROUP INC,7745,-22457,382.99K,-1.11M,-74.4%,<.01%
688239201,OSK,OSHKOSH CORP,0,-11829,0,-1.11M,CLOSE,0%
26614N102,DD,DUPONT DE NEMOURS INC,0,-14961,0,-1.12M,CLOSE,0%
857477103,STT,STATE STR CORP,0,-12563,0,-1.12M,CLOSE,0%
370334104,GIS,GENERAL MLS INC,0,-18878,0,-1.13M,CLOSE,0%
89400J107,TRU,TRANSUNION,0,-13613,0,-1.13M,CLOSE,0%
576323109,MTZ,MASTEC INC,5073,-6662,864.49K,-1.14M,-56.8%,0.01%
G4705A100,ICLR,ICON PLC,35333,-7834,5.14M,-1.14M,-18.1%,0.09%
94106L109,WM,WASTE MGMT INC DEL,0,-5018,0,-1.16M,CLOSE,0%
504922105,LH,LABCORP HOLDINGS INC,0,-4994,0,-1.16M,CLOSE,0%
25460E232,TZA,DIREXION,0,-68846,0,-1.17M,CLOSE,0%
G87052109,TEL,TE CONNECTIVITY PLC,6983,-6961,1.18M,-1.17M,-49.9%,0.02%
134748102,CAN,CANAAN INC,0,-1352153,0,-1.19M,CLOSE,0%
428050108,HSAI,HESAI GROUP,56713,-54534,1.24M,-1.2M,-49%,0.02%
052800109,ALV,AUTOLIV INC,0,-13564,0,-1.2M,CLOSE,0%
46434V647,REET,ISHARES TR,0,-49571,0,-1.2M,CLOSE,0%
84265V105,SCCO,SOUTHERN COPPER CORP,0,-12894,0,-1.2M,CLOSE,0%
53700T827,DBMF,LITMAN GREGORY FDS TR,0,-47973,0,-1.21M,CLOSE,0%
464287804,IJR,ISHARES TR CORE,0,-11608,0,-1.21M,CLOSE,0%
74347W353,AGQ,PROSHARES TR II,139449,-25846,6.62M,-1.23M,-15.6%,0.11%
219948106,CPAY,CORPAY INC,0,-3535,0,-1.23M,CLOSE,0%
29530P102,ERIE,ERIE INDTY CO,0,-3002,0,-1.26M,CLOSE,0%
25459W755,DRN,DIREXION,0,-122000,0,-1.26M,CLOSE,0%
74366E102,PTGX,PROTAGONIST THERAPEUTICS INC,0,-26061,0,-1.26M,CLOSE,0%
37954Y715,BOTZ,GLOBAL X FDS,0,-44766,0,-1.27M,CLOSE,0%
38526M106,LOPE,GRAND CANYON ED INC,2069,-6795,391.19K,-1.28M,-76.7%,<.01%
76954A103,RIVN,RIVIAN AUTOMOTIVE INC,0,-103963,0,-1.29M,CLOSE,0%
219350105,GLW,CORNING INC,23484,-24738,1.24M,-1.3M,-51.3%,0.02%
526057104,LEN,LENNAR CORP,0,-11384,0,-1.31M,CLOSE,0%
29472R108,ELS,EQUITY LIFESTYLE PPTYS INC,0,-19703,0,-1.31M,CLOSE,0%
464288257,ACWI,ISHARES TR,0,-11366,0,-1.32M,CLOSE,0%
46436E338,TLTW,ISHARES TR 20 YEAR TR,0,-55780,0,-1.34M,CLOSE,0%
74347Y888,UCO,PROSHARES TR II,24962,-59938,559.65K,-1.34M,-70.6%,<.01%
78463M107,SPSC,SPS COMM INC,0,-10130,0,-1.34M,CLOSE,0%
33733E500,QCLN,FIRST TR,0,-47013,0,-1.35M,CLOSE,0%
92204A876,VPU,VANGUARD WORLD FD,0,-7899,0,-1.35M,CLOSE,0%
46429B309,EIDO,ISHARES TR,261521,-76479,4.61M,-1.35M,-22.6%,0.08%
M98068105,WIX,WIX,0,-8309,0,-1.36M,CLOSE,0%
880770102,TER,TERADYNE INC,0,-16536,0,-1.37M,CLOSE,0%
863667101,SYK,STRYKER CORPORATION,0,-3732,0,-1.39M,CLOSE,0%
34959E109,FTNT,FORTINET INC,0,-14645,0,-1.41M,CLOSE,0%
235851102,DHR,DANAHER CORPORATION,33089,-7160,6.54M,-1.41M,-17.8%,0.11%
231561101,CW,CURTISS WRIGHT CORP,0,-4529,0,-1.44M,CLOSE,0%
72352L106,PINS,PINTEREST INC,48737,-40122,1.75M,-1.44M,-45.2%,0.03%
959802109,WU,WESTERN UN CO,0,-139214,0,-1.47M,CLOSE,0%
G8068L108,SN,SHARKNINJA INC,0,-17811,0,-1.49M,CLOSE,0%
92204A306,VDE,VANGUARD WORLD FD,0,-11476,0,-1.49M,CLOSE,0%
87165B103,SYF,SYNCHRONY FINANCIAL,0,-28587,0,-1.51M,CLOSE,0%
92343E102,VRSN,VERISIGN INC,0,-5987,0,-1.52M,CLOSE,0%
828806109,SPG,SIMON PPTY GROUP INC NEW,0,-9173,0,-1.52M,CLOSE,0%
G85158106,STNE,STONECO LTD,42104,-95303,675.35K,-1.53M,-69.4%,0.01%
443510607,HUBB,HUBBELL INC,0,-4737,0,-1.57M,CLOSE,0%
536797103,LAD,LITHIA MTRS INC,0,-5382,0,-1.58M,CLOSE,0%
443628102,HBM,HUDBAY MINERALS INC,31887,-149113,338K,-1.58M,-82.4%,<.01%
45168D104,IDXX,IDEXX LABS INC,0,-3774,0,-1.58M,CLOSE,0%
G02602103,DOX,AMDOCS LTD,0,-17423,0,-1.59M,CLOSE,0%
127190304,CACI,CACI INTL INC,0,-4356,0,-1.6M,CLOSE,0%
87241L109,TFII,TFI INTL INC,6545,-17955,586.83K,-1.61M,-73.3%,0.01%
45841N107,IBKR,INTERACTIVE BROKERS GROUP IN,0,-39536,0,-1.64M,CLOSE,0%
46138E339,SPMO,INVESCO EXCH TRADED FD TR II,0,-17718,0,-1.64M,CLOSE,0%
464286640,ECH,ISHARES INC,0,-55100,0,-1.64M,CLOSE,0%
12541W209,CHRW,C H ROBINSON WORLDWIDE INC,0,-16060,0,-1.64M,CLOSE,0%
464286871,EWH,ISHARES INC,564759,-84570,11.22M,-1.68M,-13%,0.19%
25460G708,BRZU,DIREXION SHS ETF TR BRZ BL 2X,22331,-25851,1.46M,-1.69M,-53.7%,0.03%
40131M109,GH,GUARDANT HEALTH INC,0,-40025,0,-1.7M,CLOSE,0%
946784105,WAY,WAYSTAR HLDG CORP,0,-45968,0,-1.72M,CLOSE,0%
78464A367,SPLB,SPDR SER TR,0,-76562,0,-1.73M,CLOSE,0%
29446Y502,EQX,EQUINOX GOLD CORP,257500,-301400,1.48M,-1.73M,-53.9%,0.03%
464287879,IJS,ISHARES TR,0,-17830,0,-1.74M,CLOSE,0%
199908104,FIX,COMFORT SYS USA INC,1511,-3314,809.98K,-1.78M,-68.7%,0.01%
30225T102,EXR,EXTRA SPACE STORAGE INC,0,-12061,0,-1.79M,CLOSE,0%
92204A884,VOX,VANGUARD WORLD FD,0,-12246,0,-1.82M,CLOSE,0%
25490K869,CHAU,DIREXION,101737,-123151,1.51M,-1.82M,-54.8%,0.03%
V7780T103,RCL,ROYAL CARIBBEAN GROUP,0,-8888,0,-1.83M,CLOSE,0%
316092808,FTEC,FIDELITY COVINGTON TRUST,2537,-9279,500.47K,-1.83M,-78.5%,<.01%
78409V104,SPGI,S&P GLOBAL INC,0,-3609,0,-1.83M,CLOSE,0%
742718109,PG,PROCTER AND GAMBLE CO,0,-10782,0,-1.84M,CLOSE,0%
525327102,LDOS,LEIDOS HOLDINGS INC,4108,-11774,648K,-1.86M,-74.1%,0.01%
12504L109,CBRE,CBRE GROUP INC,0,-14209,0,-1.86M,CLOSE,0%
548661107,LOW,LOWES COS INC,0,-8029,0,-1.87M,CLOSE,0%
025072877,AVUV,AMERICAN CENTY ETF TR,0,-21683,0,-1.89M,CLOSE,0%
464287648,IWO,ISHARES TR,0,-7518,0,-1.92M,CLOSE,0%
M22465104,CHKP,CHECK POINT SOFTWARE TECH LT,0,-8445,0,-1.93M,CLOSE,0%
46284V101,IRM,IRON MTN INC DEL,0,-22389,0,-1.93M,CLOSE,0%
256746108,DLTR,DOLLAR TREE INC,0,-25826,0,-1.94M,CLOSE,0%
29084Q100,EME,EMCOR GROUP INC,0,-5307,0,-1.96M,CLOSE,0%
464286806,EWG,ISHARES INC,0,-53388,0,-1.98M,CLOSE,0%
77311W101,RKT,ROCKET COS INC,0,-165082,0,-1.99M,CLOSE,0%
35473P769,FLIN,FRANKLIN TEMPLETON ETF TR,19141,-50917,763.44K,-2.03M,-72.7%,0.01%
29977A105,EVR,EVERCORE INC,0,-10309,0,-2.06M,CLOSE,0%
091955104,ETHW,BITWISE ETHEREUM ETF,31064,-114374,560.71K,-2.06M,-78.6%,<.01%
46222L108,IONQ,IONQ INC,0,-94153,0,-2.08M,CLOSE,0%
46267X108,IQ,IQIYI INC,0,-924988,0,-2.09M,CLOSE,0%
247361702,DAL,DELTA AIR LINES INC DEL,27271,-42902,1.34M,-2.11M,-61.1%,0.02%
26884L109,EQT,EQT CORP,14560,-36281,849.14K,-2.12M,-71.4%,0.01%
278768106,ECHO,ECHOSTAR CORP,0,-83012,0,-2.12M,CLOSE,0%
776696106,ROP,ROPER TECHNOLOGIES INC,0,-3615,0,-2.13M,CLOSE,0%
099502106,BAH,BOOZ ALLEN HAMILTON HLDG COR,8977,-20614,934.87K,-2.15M,-69.7%,0.02%
55405W104,MYRG,MYR GROUP INC DEL,1529,-11906,277.5K,-2.16M,-88.6%,<.01%
92206C664,VTWO,VANGUARD SCOTTSDALE FDS,0,-27286,0,-2.2M,CLOSE,0%
913903100,UHS,UNIVERSAL HLTH SVCS INC,22486,-12151,4.07M,-2.2M,-35.1%,0.07%
74347G135,SDOW,PROSHARES TR,33469,-53427,1.39M,-2.21M,-61.5%,0.02%
464286533,EEMV,ISHARES INC,0,-38401,0,-2.24M,CLOSE,0%
M7516K103,NVMI,NOVA LTD,0,-12424,0,-2.29M,CLOSE,0%
278865100,ECL,ECOLAB INC,0,-9109,0,-2.31M,CLOSE,0%
25460E869,SPDN,DIREXION,0,-200306,0,-2.32M,CLOSE,0%
285512109,EA,ELECTRONIC ARTS INC,0,-16082,0,-2.32M,CLOSE,0%
78464A300,SLYV,SPDR SER TR,0,-29923,0,-2.34M,CLOSE,0%
22822V101,CCI,CROWN CASTLE INC,3357,-23081,344.87K,-2.37M,-87.3%,<.01%
98980G102,ZS,ZSCALER INC,71743,-7669,22.52M,-2.41M,-9.7%,0.39%
33737A108,GRID,FIRST TR EXCHANGE TRADED FD,0,-21673,0,-2.45M,CLOSE,0%
922908595,VBK,VANGUARD INDEX FDS,0,-9837,0,-2.48M,CLOSE,0%
256677105,DG,DOLLAR GEN CORP NEW,42187,-22585,4.83M,-2.58M,-34.9%,0.08%
46137V134,PBW,INVESCO EXCHANGE TRADED FD T,0,-164576,0,-2.59M,CLOSE,0%
867224107,SU,SUNCOR ENERGY INC NEW,10800,-70300,402.64K,-2.62M,-86.7%,<.01%
670346105,NUE,NUCOR CORP,0,-21977,0,-2.64M,CLOSE,0%
695156109,PKG,PACKAGING CORP AMER,0,-13364,0,-2.65M,CLOSE,0%
46137V845,PRN,INVESCO EXCHANGE TRADED FD T,13224,-17139,2.07M,-2.69M,-56.4%,0.04%
316092857,FREL,FIDELITY COVINGTON TRUST,0,-98423,0,-2.7M,CLOSE,0%
110122108,BMY,BRISTOL-MYERS SQUIBB CO,0,-44319,0,-2.7M,CLOSE,0%
464288851,IEO,ISHARES TR,0,-28968,0,-2.74M,CLOSE,0%
92891H101,SVIX,VS TRUST,0,-136054,0,-2.76M,CLOSE,0%
225310101,CACC,CREDIT ACCEP CORP MICH,0,-5356,0,-2.77M,CLOSE,0%
693475105,PNC,PNC FINL SVCS GROUP INC,31028,-15131,5.78M,-2.82M,-32.8%,0.1%
03076C106,AMP,AMERIPRISE FINL INC,0,-5997,0,-2.9M,CLOSE,0%
464286392,URTH,ISHARES INC,0,-19239,0,-2.95M,CLOSE,0%
172908105,CTAS,CINTAS CORP,0,-14612,0,-3M,CLOSE,0%
60770K107,MRNA,MODERNA INC,65343,-111313,1.8M,-3.07M,-63%,0.03%
14448C104,CARR,CARRIER GLOBAL CORPORATION,0,-48692,0,-3.09M,CLOSE,0%
632307104,NTRA,NATERA INC,0,-22053,0,-3.12M,CLOSE,0%
922042742,VT,VANGUARD INTL EQUITY INDEX F TT WRLD ST ETF,0,-27348,0,-3.17M,CLOSE,0%
74347B201,TBT,PROSHARES TR,0,-95435,0,-3.21M,CLOSE,0%
922908611,VBR,VANGUARD INDEX FDS,0,-17255,0,-3.21M,CLOSE,0%
46138E370,SPHB,INVESCO EXCH TRADED FD TR II,0,-41753,0,-3.27M,CLOSE,0%
464288778,IAT,ISHARES TR,0,-70297,0,-3.28M,CLOSE,0%
016255101,ALGN,ALIGN TECHNOLOGY INC,0,-21265,0,-3.38M,CLOSE,0%
92189F817,VNM,VANECK ETF TRUST,133684,-249143,1.84M,-3.43M,-65.1%,0.03%
92204A405,VFH,VANGUARD WORLD FD,0,-28870,0,-3.45M,CLOSE,0%
337345102,QTEC,FIRST TR NASDAQ 100 TECH IND,0,-20182,0,-3.5M,CLOSE,0%
58506Q109,MEDP,MEDPACE HLDGS INC,0,-11550,0,-3.52M,CLOSE,0%
893641100,TDG,TRANSDIGM GROUP INC,0,-2546,0,-3.52M,CLOSE,0%
126408103,CSX,CSX CORP,0,-122756,0,-3.61M,CLOSE,0%
55354G100,MSCI,MSCI INC,0,-6488,0,-3.67M,CLOSE,0%
78467Y107,MDY,SPDR S&P MIDCAP 400 ETF TR UTSER1,0,-6911,0,-3.69M,CLOSE,0%
74347X799,URTY,PROSHARES TR ULTR,0,-107417,0,-3.69M,CLOSE,0%
834203309,SLNO,SOLENO THERAPEUTICS INC,0,-51762,0,-3.69M,CLOSE,0%
244199105,DE,DEERE & CO,0,-7918,0,-3.72M,CLOSE,0%
46266C105,IQV,IQVIA HLDGS INC,6955,-23830,1.1M,-3.75M,-77.4%,0.02%
78468R721,TFI,SPDR SER TR,0,-83607,0,-3.77M,CLOSE,0%
464289511,IGLB,ISHARES TR,0,-75466,0,-3.79M,CLOSE,0%
592688105,MTD,METTLER TOLEDO INTERNATIONAL,0,-3210,0,-3.79M,CLOSE,0%
464287549,IGM,ISHARES TR,4351,-34398,488.75K,-3.86M,-88.8%,<.01%
464288794,IAI,ISHARES TR,0,-27581,0,-3.87M,CLOSE,0%
902252105,TYL,TYLER TECHNOLOGIES INC,0,-6705,0,-3.9M,CLOSE,0%
46432F396,MTUM,ISHARES TR,23991,-16250,5.77M,-3.91M,-40.4%,0.1%
26740W109,QBTS,D-WAVE QUANTUM INC,0,-516231,0,-3.92M,CLOSE,0%
25460E661,DFEN,DIREXION,34103,-75817,1.77M,-3.93M,-69%,0.03%
447462102,HURN,HURON CONSULTING GROUP INC,0,-27678,0,-3.97M,CLOSE,0%
824348106,SHW,SHERWIN WILLIAMS CO,0,-11706,0,-4.09M,CLOSE,0%
97717W422,EPI,WISDOMTREE TR,47376,-89302,2.25M,-4.24M,-65.3%,0.04%
437076102,HD,HOME DEPOT INC,1093,-11672,400.63K,-4.28M,-91.4%,<.01%
464287721,IYW,ISHARES TR,6591,-25206,1.14M,-4.37M,-79.3%,0.02%
858119100,STLD,STEEL DYNAMICS INC,0,-35679,0,-4.46M,CLOSE,0%
74347X823,UDOW,PROSHARES TR,0,-52077,0,-4.57M,CLOSE,0%
36118L106,FUTU,FUTU HLDGS LTD,23028,-37341,2.85M,-4.61M,-61.9%,0.05%
191216100,KO,COCA COLA CO,46814,-65748,3.31M,-4.65M,-58.4%,0.06%
655844108,NSC,NORFOLK SOUTHN CORP,0,-19647,0,-4.65M,CLOSE,0%
03990B101,ARES,ARES MANAGEMENT CORPORATION CL A,0,-31947,0,-4.68M,CLOSE,0%
26701L100,BROS,DUTCH BROS INC,0,-75837,0,-4.69M,CLOSE,0%
443201108,HWM,HOWMET AEROSPACE INC,0,-36311,0,-4.71M,CLOSE,0%
620076307,MSI,MOTOROLA SOLUTIONS INC,8964,-11441,3.77M,-4.81M,-56.1%,0.06%
844741108,LUV,SOUTHWEST AIRLS CO,0,-143162,0,-4.81M,CLOSE,0%
907818108,UNP,UNION PAC CORP,0,-20929,0,-4.94M,CLOSE,0%
281020107,EIX,EDISON INTL,10613,-97419,547.52K,-5.03M,-90.2%,<.01%
25460G500,GUSH,DIREXION,0,-188004,0,-5.05M,CLOSE,0%
25490K596,NAIL,DBX ETF TR,0,-83305,0,-5.18M,CLOSE,0%
020002101,ALL,ALLSTATE CORP,0,-25620,0,-5.3M,CLOSE,0%
02043Q107,ALNY,ALNYLAM PHARMACEUTICALS INC,1887,-16624,614.67K,-5.42M,-89.8%,0.01%
G98239109,XP,XP INC,18843,-271121,380.53K,-5.48M,-93.5%,<.01%
00827B106,AFRM,AFFIRM HLDGS INC,0,-123235,0,-5.57M,CLOSE,0%
33733E302,FDN,FIRST TR,0,-25372,0,-5.63M,CLOSE,0%
56585A102,MPC,MARATHON PETE CORP,0,-38722,0,-5.64M,CLOSE,0%
679295105,OKTA,OKTA INC,0,-54326,0,-5.72M,CLOSE,0%
876030107,TPR,TAPESTRY INC,30174,-65184,2.65M,-5.72M,-68.4%,0.05%
74349Y829,QID,PROSHARES TR,0,-155949,0,-5.94M,CLOSE,0%
33734X192,SKYY,FIRST TR EXCHANGE TRADED FD CLOUD,0,-59485,0,-6.08M,CLOSE,0%
81369Y704,XLI,SELECT SECTOR SPDR TR,0,-46401,0,-6.08M,CLOSE,0%
M2682V108,CYBR,CYBERARK SOFTWARE LTD,0,-18564,0,-6.28M,CLOSE,0%
654106103,NKE,NIKE INC,0,-99437,0,-6.32M,CLOSE,0%
03027X100,AMT,AMERICAN TOWER CORP NEW,13139,-28776,2.9M,-6.36M,-68.7%,0.05%
464288521,USRT,ISHARES TR,8791,-113302,497.04K,-6.41M,-92.8%,<.01%
25460E265,SPXS,DIREXION,0,-956812,0,-6.82M,CLOSE,0%
464287481,IWP,ISHARES TR,0,-58494,0,-6.87M,CLOSE,0%
231021106,CMI,CUMMINS INC,10498,-21260,3.44M,-6.97M,-66.9%,0.06%
701094104,PH,PARKER-HANNIFIN CORP,0,-11756,0,-7.14M,CLOSE,0%
922908652,VXF,VANGUARD INDEX FDS,0,-41523,0,-7.16M,CLOSE,0%
349553107,FTS,FORTIS INC,0,-165700,0,-7.59M,CLOSE,0%
37954Y848,SIL,GLOBAL X FDS,0,-199834,0,-7.88M,CLOSE,0%
33734X846,CIBR,FIRST TR EXCHANGE TRADED FD,0,-126303,0,-7.96M,CLOSE,0%
74349Y753,SH,PROSHARES TR SHORT,0,-182000,0,-8.11M,CLOSE,0%
37954Y830,COPX,GLOBAL X FDS,0,-208159,0,-8.13M,CLOSE,0%
20030N101,CMCSA,COMCAST CORP NEW,15713,-229894,560.4K,-8.2M,-93.6%,<.01%
L8681T102,SPOT,SPOTIFY TECHNOLOGY S A,0,-14913,0,-8.2M,CLOSE,0%
74347G416,SDS,PROSHARES TR ULTRASHRT,0,-382400,0,-8.21M,CLOSE,0%
644535106,NGD,NEW GOLD INC CDA,376400,-1687300,1.86M,-8.33M,-81.8%,0.03%
05534B760,BCE,BCE INC,0,-381500,0,-8.81M,CLOSE,0%
775109200,RCI,ROGERS,319100,-306500,9.42M,-9.05M,-49%,0.16%
37954Y475,XYLD,GLOBAL X FDS,49639,-233037,1.93M,-9.07M,-82.4%,0.03%
038222105,AMAT,APPLIED MATLS INC,0,-63012,0,-9.15M,CLOSE,0%
011532108,AGI,ALAMOS GOLD INC NEW,0,-341500,0,-9.18M,CLOSE,0%
23331A109,DHI,D R HORTON INC,0,-72361,0,-9.2M,CLOSE,0%
74349Y837,PSQ,PROSHARES TR,0,-226360,0,-9.2M,CLOSE,0%
50212V100,LPLA,LPL FINL HLDGS INC,0,-28823,0,-9.43M,CLOSE,0%
461202103,INTU,INTUIT,0,-15570,0,-9.56M,CLOSE,0%
717081103,PFE,PFIZER INC,0,-386480,0,-9.79M,CLOSE,0%
G8994E103,TT,TRANE TECHNOLOGIES PLC,0,-29280,0,-9.86M,CLOSE,0%
81369Y886,XLU,SELECT SECTOR SPDR TR,0,-126698,0,-9.99M,CLOSE,0%
666807102,NOC,NORTHROP GRUMMAN CORP,3762,-20079,1.88M,-10.04M,-84.2%,0.03%
78464A607,RWR,SPDR SER TR,0,-102018,0,-10.12M,CLOSE,0%
040413205,ANET,ARISTA NETWORKS INC,0,-131759,0,-10.2M,CLOSE,0%
88031M109,TS,TENARIS S A,456997,-540610,8.82M,-10.43M,-54.2%,0.15%
58933Y105,MRK,MERCK & CO INC,18537,-133728,1.47M,-10.58M,-87.8%,0.03%
74349Y845,SPXU,PROSHARES TR,0,-419765,0,-10.72M,CLOSE,0%
37045V100,GM,GENERAL MTRS CO,32934,-218399,1.62M,-10.75M,-86.9%,0.03%
573874104,MRVL,MARVELL TECHNOLOGY INC,0,-175274,0,-10.79M,CLOSE,0%
032108649,SILJ,AMPLIFY ETF TR,119112,-738822,1.76M,-10.93M,-86.1%,0.03%
72201R833,MINT,PIMCO ETF TR,0,-109402,0,-11.01M,CLOSE,0%
25459W847,TNA,DIREXION,0,-378658,0,-11.08M,CLOSE,0%
706327103,PBA,PEMBINA PIPELINE CORP,13700,-296300,513.75K,-11.11M,-95.6%,<.01%
18915M107,NET,CLOUDFLARE INC,0,-99579,0,-11.22M,CLOSE,0%
464287655,IWM,ISHARES TR,0,-56323,0,-11.24M,CLOSE,0%
146869102,CVNA,CARVANA CO,16096,-34633,5.42M,-11.67M,-68.3%,0.09%
922908751,VB,VANGUARD INDEX FDS,0,-52763,0,-11.7M,CLOSE,0%
25460G153,DPST,DIREXION,0,-136479,0,-11.83M,CLOSE,0%
31946M103,FCNCA,FIRST CTZNS BANCSHARES INC N,0,-6473,0,-12.01M,CLOSE,0%
92189F692,PPH,VANECK ETF TRUST,0,-135786,0,-12.37M,CLOSE,0%
81369Y308,XLP,SELECT SECTOR SPDR TR,0,-152533,0,-12.45M,CLOSE,0%
101137107,BSX,BOSTON SCIENTIFIC CORP,107878,-117718,11.59M,-12.64M,-52.2%,0.2%
032654105,ADI,ANALOG DEVICES INC,0,-63662,0,-12.84M,CLOSE,0%
443573100,HUBS,HUBSPOT INC,8696,-23095,4.84M,-12.86M,-72.6%,0.08%
48251W104,KKR,KKR & CO INC,0,-119704,0,-13.84M,CLOSE,0%
910047109,UAL,UNITED AIRLS HLDGS INC,0,-200852,0,-13.86M,CLOSE,0%
25459W862,SPXL,DIREXION,15912,-81848,2.76M,-14.2M,-83.7%,0.05%
882508104,TXN,TEXAS INSTRS INC,0,-79080,0,-14.22M,CLOSE,0%
743315103,PGR,PROGRESSIVE CORP,0,-50485,0,-14.29M,CLOSE,0%
88579Y101,MMM,3M CO,0,-99703,0,-14.64M,CLOSE,0%
20825C104,COP,CONOCOPHILLIPS,0,-140621,0,-14.77M,CLOSE,0%
16119P108,CHTR,CHARTER COMMUNICATIONS INC N,0,-40820,0,-15.04M,CLOSE,0%
G29183103,ETN,EATON CORP PLC,0,-56166,0,-15.27M,CLOSE,0%
30231G102,XOM,EXXON MOBIL CORP,0,-129173,0,-15.36M,CLOSE,0%
512807306,LRCX,LAM RESEARCH CORP,0,-211646,0,-15.38M,CLOSE,0%
92343V104,VZ,VERIZON COMMUNICATIONS INC,0,-340469,0,-15.45M,CLOSE,0%
62944T105,NVR,NVR INC,0,-2236,0,-16.22M,CLOSE,0%
17275R102,CSCO,CISCO SYS INC,0,-268307,0,-16.55M,CLOSE,0%
539830109,LMT,LOCKHEED MARTIN CORP,15784,-35889,7.31M,-16.61M,-69.5%,0.13%
74347G192,SQQQ,PROSHARES TR,0,-433739,0,-16.63M,CLOSE,0%
13321L108,CCJ,CAMECO CORP,0,-408800,0,-16.92M,CLOSE,0%
345370860,F,FORD MTR CO,1235818,-1566108,13.4M,-16.98M,-55.9%,0.23%
43300A203,HLT,HILTON WORLDWIDE HLDGS INC,0,-76928,0,-17.5M,CLOSE,0%
049468101,TEAM,ATLASSIAN CORPORATION,70103,-87589,14.25M,-17.81M,-55.5%,0.25%
09290D101,BLK,BLACKROCK INC,434,-16985,455.05K,-17.81M,-97.5%,<.01%
771049103,RBLX,ROBLOX CORP,178140,-171507,18.74M,-18.04M,-49.1%,0.32%
833445109,SNOW,SNOWFLAKE INC,77790,-82462,17.4M,-18.44M,-51.5%,0.3%
464287630,IWN,ISHARES TR,0,-122531,0,-18.5M,CLOSE,0%
78464A359,CWB,SPDR SERIES TRUST,47934,-226565,3.96M,-18.71M,-82.5%,0.07%
883556102,TMO,THERMO FISHER SCIENTIFIC INC,10282,-47565,4.17M,-19.29M,-82.2%,0.07%
09857L108,BKNG,BOOKING HOLDINGS INC,0,-4231,0,-19.47M,CLOSE,0%
747525103,QCOM,QUALCOMM INC,0,-128169,0,-19.69M,CLOSE,0%
36828A101,GEV,GE VERNOVA INC,39752,-37734,21.03M,-19.96M,-48.7%,0.36%
482480100,KLAC,KLA CORP,0,-30353,0,-20.63M,CLOSE,0%
81369Y860,XLRE,SELECT SECTOR SPDR TR,0,-501575,0,-21M,CLOSE,0%
722304102,PDD,PDD HOLDINGS INC,0,-190375,0,-22.52M,CLOSE,0%
78464A797,KBE,SPDR SER TR,0,-430599,0,-22.8M,CLOSE,0%
65339F101,NEE,NEXTERA ENERGY INC,0,-325618,0,-23.09M,CLOSE,0%
09260D107,BX,BLACKSTONE INC,0,-165342,0,-23.11M,CLOSE,0%
770700102,HOOD,ROBINHOOD MKTS INC,919191,-249578,86.06M,-23.37M,-21.4%,1.5%
46120E602,ISRG,INTUITIVE SURGICAL INC,0,-47932,0,-23.73M,CLOSE,0%
81369Y605,XLF,SELECT SECTOR SPDR TR,0,-481012,0,-23.97M,CLOSE,0%
88023B103,TEM,TEMPUS AI INC,344590,-380227,21.89M,-24.15M,-52.5%,0.38%
46138E628,KBWB,INVESCO EXCH TRADED FD TR,0,-390351,0,-24.49M,CLOSE,0%
25459Y694,FAS,DIREXION,0,-162322,0,-25.66M,CLOSE,0%
92189F676,SMH,VANECK ETF TRUST,5192,-98913,1.45M,-27.58M,-95%,0.02%
46428Q109,SLV,ISHARES SILVER TR,53606,-848471,1.76M,-27.83M,-94.1%,0.03%
464286400,EWZ,ISHARES INC,0,-1110848,0,-28.72M,CLOSE,0%
37954Y483,QYLD,GLOBAL X FDS,366538,-1798760,6.12M,-30.06M,-83.1%,0.11%
808524847,SCHH,SCHWAB STRATEGIC TR,0,-1455557,0,-31.31M,CLOSE,0%
81369Y506,XLE,SELECT SECTOR SPDR TR,0,-337895,0,-31.58M,CLOSE,0%
46429B598,INDA,ISHARES TR,0,-667949,0,-34.38M,CLOSE,0%
78464A698,KRE,SPDR SER TR,0,-682463,0,-38.79M,CLOSE,0%
464287739,IYR,ISHARES TR,0,-407150,0,-38.98M,CLOSE,0%
922908553,VNQ,VANGUARD INDEX FDS,0,-445840,0,-40.37M,CLOSE,0%
29444U700,EQIX,EQUINIX INC,0,-62082,0,-50.6M,CLOSE,0%
780087102,RY,ROYAL BK CDA,248400,-395300,32.54M,-51.78M,-61.4%,0.56%
03831W108,APP,APPLOVIN CORP,5989,-149948,2.1M,-52.5M,-96.2%,0.04%
464287523,SOXX,ISHARES TR,4260,-257492,1.02M,-61.46M,-98.4%,0.02%
N82405106,STLA,STELLANTIS N.V,239189,-6546668,2.4M,-65.63M,-96.5%,0.04%
19260Q107,COIN,COINBASE GLOBAL INC,151040,-200737,52.94M,-70.36M,-57.1%,0.91%
30303M102,META,META PLATFORMS INC,101706,-109200,75.06M,-80.59M,-51.8%,1.3%
15135U109,CVE,CENOVUS ENERGY INC,0,-6118900,0,-85.65M,CLOSE,0%
891160509,TD,TORONTO DOMINION BK ONT,43266,-1175034,3.18M,-86.29M,-96.4%,0.05%
81369Y100,XLB,SELECT SECTOR SPDR TR,0,-1154303,0,-99.24M,CLOSE,0%
136385101,CNQ,CANADIAN NAT RES LTD,15015,-3582885,471.47K,-112.5M,-99.6%,<.01%
11135F101,AVGO,BROADCOM INC,0,-1269112,0,-212.6M,CLOSE,0%
136375102,CNI,CANADIAN NATL RY CO,97000,-2113700,10.05M,-218.94M,-95.6%,0.17%
Total,,,,,5.81B,827.47M,+18.3%,100%
