CUSIP,Ticker,Company,Shares,Delta_Shares,Value,Delta_Value,Delta,Portfolio%
78467X109,DIA,STATE STR SPDR DOW JONES IND,1202720,1137901,628.29M,594.43M,+1755.5%,5.8%
023135106,AMZN,AMAZON COM INC,1624795,1359073,387.25M,323.92M,+511.5%,3.6%
464286772,EWY,ISHARES INC,1667108,1577391,336.59M,318.48M,+1758.2%,3.1%
874039100,TSM,TAIWAN SEMICONDUCTOR MANUFAC,1149192,528748,548.82M,252.51M,+85.2%,5%
037833100,AAPL,APPLE INC,842877,834097,243.89M,241.35M,+9500%,2.2%
N07059210,ASML,ASML HLDG NV,126416,74547,251.5M,148.31M,+143.7%,2.3%
594918104,MSFT,MICROSOFT CORP,303034,303034,113.04M,113.04M,NEW,1%
30303M102,META,META PLATFORMS INC,404082,177974,227.62M,100.25M,+78.7%,2.1%
573874104,MRVL,MARVELL TECHNOLOGY INC,332498,314772,99.05M,93.77M,+1775.8%,0.91%
46625H100,JPM,JPMORGAN CHASE & CO,279599,279599,91.52M,91.52M,NEW,0.84%
85207K107,PSLV,SPROTT ASSET MANAGEMENT LP,17254071,4400600,325.58M,83.04M,+34.2%,3%
86800U302,SMCI,SUPER MICRO COMPUTER INC,3320429,2594027,97.39M,76.08M,+357.1%,0.89%
00217D100,ASTS,AST SPACEMOBILE INC,836000,806466,74.29M,71.66M,+2730.6%,0.68%
097023105,BA,BOEING CO,300918,300918,65.14M,65.14M,NEW,0.6%
747525103,QCOM,QUALCOMM INC,373821,320974,69.08M,59.31M,+607.4%,0.63%
01609W102,BABA,ALIBABA GROUP HLDG LTD,940367,600292,90.26M,57.62M,+176.5%,0.83%
482480100,KLAC,KLA CORP,194496,188553,58.68M,56.89M,+3172.7%,0.54%
166764100,CVX,CHEVRON CORPORATION,329207,329207,54.57M,54.57M,NEW,0.5%
931142103,WMT,WALMART INC,463314,463314,52.47M,52.47M,NEW,0.48%
093712107,BE,BLOOM ENERGY CORP,243712,157345,73.77M,47.63M,+182.2%,0.68%
336433107,FSLR,FIRST SOLAR INC,219295,200903,51.74M,47.41M,+1092.3%,0.48%
00724F101,ADBE,ADOBE INC,227295,227295,46.6M,46.6M,NEW,0.43%
22160K105,COST,COSTCO WHOLESALE CORPORATION,92816,49211,86.83M,46.04M,+112.9%,0.8%
458140100,INTC,INTEL CORP,1054100,313249,147.18M,43.74M,+42.3%,1.4%
084670108,BRK.A,BERKSHIRE HATHAWAY INC DEL,59,58,44.18M,43.43M,+5800%,0.41%
G1151C101,ACN,ACCENTURE PLC IRELAND,333902,333902,41.55M,41.55M,NEW,0.38%
713448108,PEP,PEPSICO INC,304877,304877,41.28M,41.28M,NEW,0.38%
165167735,EXE,EXPAND ENERGY CORPORATION,459197,440265,41.87M,40.15M,+2325.5%,0.38%
90353T100,UBER,UBER TECHNOLOGIES INC,512570,512570,36.99M,36.99M,NEW,0.34%
79466L302,CRM,SALESFORCE INC,230873,230873,36.17M,36.17M,NEW,0.33%
056752108,BIDU,BAIDU INC,346338,315213,39.58M,36.03M,+1012.7%,0.36%
874054109,TTWO,TAKE-TWO INTERACTIVE SOFTWAR,220824,138624,55.2M,34.65M,+168.6%,0.51%
172573107,CRCL,CIRCLE INTERNET GROUP INC,550735,550735,34.49M,34.49M,NEW,0.32%
254687106,DIS,DISNEY WALT CO,349255,349255,33.62M,33.62M,NEW,0.31%
46654Q203,JEPQ,J P MORGAN EXCHANGE TRADED F,655652,534381,40.3M,32.84M,+440.7%,0.37%
N97284108,NBIS,NEBIUS GROUP N.V.,189753,117791,52.4M,32.53M,+163.7%,0.48%
92343V104,VZ,VERIZON COMMUNICATIONS INC,740378,740378,31.35M,31.35M,NEW,0.29%
81762P102,NOW,SERVICENOW INC,312394,312394,31.01M,31.01M,NEW,0.28%
532457108,LLY,ELI LILLY & CO,25449,25449,30.52M,30.52M,NEW,0.28%
651639106,NEM,NEWMONT CORP,335389,324361,31.33M,30.3M,+2941.2%,0.29%
461202103,INTU,INTUIT,110604,110604,28.87M,28.87M,NEW,0.27%
Q4982L109,IREN,IREN LIMITED,1065875,618765,48.74M,28.3M,+138.4%,0.45%
042068205,ARM,ARM HOLDINGS PLC,76670,76670,27.18M,27.18M,NEW,0.25%
73044W302,POET,POET TECHNOLOGIES INC,2705352,2610705,27.81M,26.84M,+2758.4%,0.26%
78464A698,KRE,SPDR SERIES TRUST,568491,353319,42.55M,26.45M,+164.2%,0.39%
594972408,MSTR,STRATEGY INC,294903,294903,25.64M,25.64M,NEW,0.24%
16119P108,CHTR,CHARTER COMMUNICATIONS INC,185635,179130,26.4M,25.47M,+2753.7%,0.24%
17275R102,CSCO,CISCO SYS INC,215562,215562,25.32M,25.32M,NEW,0.23%
85207H104,PHYS,SPROTT ASSET MANAGEMENT LP,3250316,801098,98.06M,24.17M,+32.7%,0.9%
008474108,AEM,AGNICO EAGLE MINES LTD,151768,151768,23.54M,23.54M,NEW,0.22%
038222105,AMAT,APPLIED MATLS INC,31530,31530,22.8M,22.8M,NEW,0.21%
21037T109,CEG,CONSTELLATION ENERGY CORP,104773,90677,26.02M,22.52M,+643.3%,0.24%
674599105,OXY,OCCIDENTAL PETE CORP,460480,460480,22.37M,22.37M,NEW,0.21%
654106103,NKE,NIKE INC,1145773,529689,47.03M,21.74M,+86%,0.43%
172967424,C,CITIGROUP INC,154714,154714,21.65M,21.65M,NEW,0.2%
64110L106,NFLX,NETFLIX INC.,298471,298471,21.31M,21.31M,NEW,0.2%
G7997R103,STX,SEAGATE TECHNOLOGY HLDNGS PL,36749,22001,35.46M,21.23M,+149.2%,0.33%
008073108,AVAV,AEROVIRONMENT INC,138755,126620,22.9M,20.9M,+1043.4%,0.21%
77926X320,DRAM,ROUNDHILL ETF TRUST,282952,282952,20.9M,20.9M,NEW,0.19%
30231G102,XOM,EXXON MOBIL CORP,150178,150178,20.53M,20.53M,NEW,0.19%
58733R102,MELI,MERCADOLIBRE,12000,12000,20.37M,20.37M,NEW,0.19%
19260Q107,COIN,COINBASE GLOBAL INC,193907,139016,28.35M,20.32M,+253.3%,0.26%
969904101,WSM,WILLIAMS SONOMA INC,86128,86128,20.08M,20.08M,NEW,0.18%
31428X106,FDX,FEDEX CORP,63330,63330,19.83M,19.83M,NEW,0.18%
46269C102,IRDM,IRIDIUM COMMUNICATIONS INC,354368,354368,19.44M,19.44M,NEW,0.18%
15135B101,CNC,CENTENE CORP DEL,475914,295896,30.55M,18.99M,+164.4%,0.28%
199908104,FIX,COMFORT SYS USA INC,9346,9346,18.52M,18.52M,NEW,0.17%
91324P102,UNH,UNITEDHEALTH GROUP INC,44389,44389,18.45M,18.45M,NEW,0.17%
580135101,MCD,MCDONALDS CORP,83031,68221,22.44M,18.44M,+460.6%,0.21%
G3643J108,FLUT,FLUTTER ENTMT PLC,179908,179908,18.38M,18.38M,NEW,0.17%
922908769,VTI,VANGUARD INDEX FDS,71328,48506,26.39M,17.95M,+212.5%,0.24%
92537N108,VRT,VERTIV HOLDINGS CO,73357,53248,24.56M,17.83M,+264.8%,0.23%
35671D857,FCX,FREEPORT MCMORAN INC,695515,283435,43.74M,17.83M,+68.8%,0.4%
G6683N103,NU,NU HLDGS LTD,1976287,1293581,26.4M,17.28M,+189.5%,0.24%
15118V207,CELH,CELSIUS HLDGS INC,711652,587039,20.84M,17.19M,+471.1%,0.19%
74347X831,TQQQ,PROSHARES TR,499223,209706,40.44M,16.99M,+72.4%,0.37%
81369Y506,XLE,SELECT SECTOR SPDR TR,317947,317947,16.89M,16.89M,NEW,0.16%
03823U102,AAOI,APPLIED OPTOELECTRONICS INC,223442,112526,33.11M,16.67M,+101.5%,0.3%
57636Q104,MA,MASTERCARD INCORPORATED,31732,31732,16.3M,16.3M,NEW,0.15%
G3323L100,FN,FABRINET,27641,27641,15.54M,15.54M,NEW,0.14%
011659109,ALK,ALASKA AIR GROUP INC,295972,295972,15.45M,15.45M,NEW,0.14%
806857108,SLB,SLB LIMITED,379660,321988,17.65M,14.97M,+558.3%,0.16%
771049103,RBLX,ROBLOX CORP,436858,274890,23.76M,14.95M,+169.7%,0.22%
46222L108,IONQ,IONQ INC,278194,278194,14.82M,14.82M,NEW,0.14%
925550105,VIAV,VIAVI SOLUTIONS INC,303031,303031,14.47M,14.47M,NEW,0.13%
15101Q207,CLS,CELESTICA INC,82112,39368,29.95M,14.36M,+92.1%,0.28%
81369Y852,XLC,SELECT SECTOR SPDR TR,132937,132937,14.24M,14.24M,NEW,0.13%
69608A108,PLTR,PALANTIR TECHNOLOGIES INC,398565,120011,46.5M,14M,+43.1%,0.43%
34959E109,FTNT,FORTINET INC,144905,90807,22.26M,13.95M,+167.9%,0.2%
46120E602,ISRG,INTUITIVE SURGICAL INC,44787,33818,17.81M,13.45M,+308.3%,0.16%
192422103,CGNX,COGNEX CORP,180397,180397,13.06M,13.06M,NEW,0.12%
74762E102,PWR,QUANTA SVCS INC,18434,18046,13.27M,12.99M,+4651%,0.12%
25461A429,PLTD,DIREXION SHARES ETF TRUST,1391688,1391688,12.33M,12.33M,NEW,0.11%
20030N101,CMCSA,COMCAST CORP NEW,799149,497449,19.62M,12.21M,+164.9%,0.18%
78409V104,SPGI,S&P GLOBAL INC,39585,29545,16.12M,12.03M,+294.3%,0.15%
539830109,LMT,LOCKHEED MARTIN CORP,23503,23503,11.97M,11.97M,NEW,0.11%
958102105,WDC,WESTERN DIGITAL CORP,93724,18222,59.86M,11.64M,+24.1%,0.55%
682189105,ON,ON SEMICONDUCTOR CORP,122238,122238,11.56M,11.56M,NEW,0.11%
03027X100,AMT,AMERICAN TOWER CORP,99492,70516,16.27M,11.53M,+243.4%,0.15%
94419L101,W,WAYFAIR INC,145868,121731,13.48M,11.25M,+504.3%,0.12%
031652100,AMKR,AMKOR TECHNOLOGY INC,140508,130420,12.12M,11.25M,+1292.8%,0.11%
98956A105,ZETA,ZETA GLOBAL HOLDINGS CORP,628800,566933,12.37M,11.16M,+916.4%,0.11%
89417E109,TRV,TRAVELERS COMPANIES INC,33046,33046,10.91M,10.91M,NEW,0.1%
038169207,APLD,APPLIED DIGITAL CORP,359607,291010,13.41M,10.85M,+424.2%,0.12%
88339J105,TTD,THE TRADE DESK INC,1119722,589061,20.24M,10.65M,+111%,0.19%
88080T104,WULF,TERAWULF INC,726847,428989,17.95M,10.6M,+144%,0.16%
127387108,CDNS,CADENCE DESIGN SYSTEM INC,28131,28131,10.56M,10.56M,NEW,0.1%
43849R105,HONA,HONEYWELL AEROSPACE INC,47532,47532,10.51M,10.51M,NEW,0.1%
G54950103,LIN,LINDE PLC,20231,20231,10.5M,10.5M,NEW,0.1%
13321L108,CCJ,CAMECO CORP,185714,102137,18.92M,10.4M,+122.2%,0.17%
09290D101,BLK,BLACKROCK INC,14965,10773,14.39M,10.36M,+257%,0.13%
16411R208,LNG,CHENIERE ENERGY INC,42822,42822,10.23M,10.23M,NEW,0.09%
316841105,FIG,FIGMA INC,614041,565675,11.11M,10.23M,+1169.6%,0.1%
74347G440,BITO,PROSHARES TR,1281050,1281050,10.22M,10.22M,NEW,0.09%
09058V103,BCRX,BIOCRYST PHARMACEUTICALS INC,1634336,1003046,16.34M,10.03M,+158.9%,0.15%
00751Y106,AAP,ADVANCE AUTO PARTS INC,279990,158397,17.42M,9.86M,+130.3%,0.16%
026874784,AIG,AMERICAN INTL GROUP INC,132186,132186,9.85M,9.85M,NEW,0.09%
46434G772,EWT,ISHARES INC,90437,90437,9.82M,9.82M,NEW,0.09%
830830105,SKY,CHAMPION HOMES INC,111175,111175,9.8M,9.8M,NEW,0.09%
433000106,HIMS,HIMS & HERS HEALTH INC,789513,280938,27.37M,9.74M,+55.2%,0.25%
882508104,TXN,TEXAS INSTRS INC,32581,32581,9.71M,9.71M,NEW,0.09%
055622104,BP,BP PLC,406148,262220,15.01M,9.69M,+182.2%,0.14%
013872106,AA,ALCOA CORP,225431,181116,11.75M,9.44M,+408.7%,0.11%
049468101,TEAM,ATLASSIAN CORPORATION,169302,120388,13.17M,9.36M,+246.1%,0.12%
03214Q108,AMPX,AMPRIUS TECHNOLOGIES INC,734114,671435,10.17M,9.31M,+1071.2%,0.09%
15675D103,CBRS,CEREBRAS SYSTEMS INC,42024,42024,9.29M,9.29M,NEW,0.09%
518415104,LSCC,LATTICE SEMICONDUCTOR CORP,59759,59759,9.14M,9.14M,NEW,0.08%
609839105,MPWR,MONOLITHIC PWR SYS INC,9733,6602,13.45M,9.13M,+210.9%,0.12%
29355A107,ENPH,ENPHASE ENERGY INC,272009,185108,13.39M,9.11M,+213%,0.12%
88023U101,SGI,SOMNIGROUP INTERNATIONAL INC,116116,116116,9.1M,9.1M,NEW,0.08%
278768106,ECHO,ECHOSTAR CORP,141901,89495,14.4M,9.08M,+170.8%,0.13%
38747R827,NVDL,GRANITESHARES ETF TR,303098,303098,9.04M,9.04M,NEW,0.08%
67079K100,SMR,NUSCALE PWR CORP,889373,889373,8.92M,8.92M,NEW,0.08%
189054109,CLX,CLOROX CO DEL,92773,92773,8.85M,8.85M,NEW,0.08%
90138F102,TWLO,TWILIO INC,50880,42544,10.5M,8.78M,+510.4%,0.1%
46266C105,IQV,IQVIA HLDGS INC,45416,45416,8.78M,8.78M,NEW,0.08%
500767306,KWEB,KRANESHARES TRUST,356606,356606,8.73M,8.73M,NEW,0.08%
337738108,FISV,FISERV INC,258549,174081,12.68M,8.54M,+206.1%,0.12%
N53745100,LYB,LYONDELLBASELL INDUSTRIES NV,159312,159312,8.39M,8.39M,NEW,0.08%
25754A201,DPZ,DOMINOS PIZZA INC,50732,28271,15.02M,8.37M,+125.9%,0.14%
00206R102,T,AT&T INC,396869,396869,8.22M,8.22M,NEW,0.08%
553368101,MP,MP MATERIALS CORP,255516,146520,14.31M,8.21M,+134.4%,0.13%
25461A163,MUD,DIREXION SHARES ETF TRUST,824122,824122,8.07M,8.07M,NEW,0.07%
962879102,WPM,WHEATON PRECIOUS METALS CORP,102889,70163,11.56M,7.88M,+214.4%,0.11%
98422D105,XPEV,XPENG INC,1085529,594784,14.37M,7.87M,+121.2%,0.13%
267475101,DY,DYCOM INDS INC,15377,15377,7.77M,7.77M,NEW,0.07%
75776W103,RDW,REDWIRE CORPORATION,934416,634580,11.43M,7.76M,+211.6%,0.1%
351858105,FNV,FRANCO NEV CORP,36825,36825,7.68M,7.68M,NEW,0.07%
457669307,INSM,INSMED INC,76126,71654,8.12M,7.64M,+1602.3%,0.07%
91529Y106,UNM,UNUM GROUP,85230,85230,7.62M,7.62M,NEW,0.07%
G11448100,BTDR,BITDEER TECHNOLOGIES GROUP,620433,473894,9.85M,7.52M,+323.4%,0.09%
92552V100,VSAT,VIASAT INC,92470,83072,8.3M,7.46M,+883.9%,0.08%
74347Y656,SCO,PROSHARES TR II,224065,212875,7.85M,7.45M,+1902.3%,0.07%
110122108,BMY,BRISTOL-MYERS SQUIBB CO,128157,128157,7.38M,7.38M,NEW,0.07%
345370860,F,FORD MTR CO,530451,530451,7.37M,7.37M,NEW,0.07%
778296103,ROST,ROSS STORES INC,34555,34555,7.36M,7.36M,NEW,0.07%
42824C109,HPE,HEWLETT PACKARD ENTERPRISE C,162224,162224,7.32M,7.32M,NEW,0.07%
25179M103,DVN,DEVON ENERGY CORP NEW,177095,177095,7.32M,7.32M,NEW,0.07%
21871N101,CXW,CORECIVIC INC,270885,239409,8.23M,7.27M,+760.6%,0.08%
75644T100,RCAT,RED CAT HLDGS INC,680359,680359,7.25M,7.25M,NEW,0.07%
74349Y753,SH,PROSHARES TR,244436,219262,8.07M,7.24M,+871%,0.07%
346375108,FORM,FORMFACTOR INC,45135,45135,7.22M,7.22M,NEW,0.07%
780287108,RGLD,ROYAL GOLD INC,58606,35966,11.7M,7.18M,+158.9%,0.11%
81141R100,SE,SEA LTD,286806,74585,27.48M,7.15M,+35.1%,0.25%
62914V106,NIO,NIO INC,2572872,1405688,13.02M,7.11M,+120.4%,0.12%
666807102,NOC,NORTHROP GRUMMAN CORP,13575,13575,6.91M,6.91M,NEW,0.06%
892356106,TSCO,TRACTOR SUPPLY CO,216936,216936,6.86M,6.86M,NEW,0.06%
501044101,KR,KROGER CO,119009,119009,6.61M,6.61M,NEW,0.06%
45687V106,IR,INGERSOLL RAND INC,79026,79026,6.48M,6.48M,NEW,0.06%
655663102,NDSN,NORDSON CORP,22437,21472,6.77M,6.48M,+2225.1%,0.06%
06748M196,VXX,BARCLAYS BANK PLC,953876,291500,21.07M,6.44M,+44%,0.19%
147528103,CASY,CASEYS GEN STORES INC,8928,8054,7.1M,6.4M,+921.5%,0.07%
808513105,SCHW,SCHWAB CHARLES CORP,159940,69277,14.76M,6.39M,+76.4%,0.14%
891160509,TD,TORONTO DOMINION BK ONT,52108,52108,6.33M,6.33M,NEW,0.06%
69331C108,PCG,PG&E CORP,444486,371805,7.48M,6.25M,+511.6%,0.07%
23703Q203,DQ,DAQO NEW ENERGY CORP,473416,461956,6.34M,6.19M,+4031%,0.06%
343412102,FLR,FLUOR CORP,117298,117298,6.15M,6.15M,NEW,0.06%
929089100,VOYA,VOYA FINANCIAL INC,65974,65974,5.97M,5.97M,NEW,0.05%
464285204,IAU,ISHARES GOLD TR,104170,76310,7.87M,5.76M,+273.9%,0.07%
N6596X109,NXPI,NXP SEMICONDUCTORS N V,20381,20381,5.73M,5.73M,NEW,0.05%
573284106,MLM,MARTIN MARIETTA MATLS INC,11824,9824,6.82M,5.67M,+491.2%,0.06%
025816109,AXP,AMERICAN EXPRESS CO,32609,16675,11.03M,5.64M,+104.7%,0.1%
012653101,ALB,ALBEMARLE CORP,41231,41231,5.57M,5.57M,NEW,0.05%
29362U104,ENTG,ENTEGRIS INC,30218,30218,5.44M,5.44M,NEW,0.05%
25461A858,AMZU,DIREXION SHARES ETF TRUST,162941,162941,5.41M,5.41M,NEW,0.05%
485924104,KRMN,KARMAN HLDGS INC,107287,107287,5.36M,5.36M,NEW,0.05%
464287713,IYZ,ISHARES TR,148022,125885,6.26M,5.33M,+568.7%,0.06%
N14506104,ESTC,ELASTIC N V,92533,92533,5.28M,5.28M,NEW,0.05%
235851102,DHR,DANAHER CORP DEL,53471,27545,10.19M,5.25M,+106.2%,0.09%
767204100,RIO,RIO TINTO PLC,54458,54458,5.17M,5.17M,NEW,0.05%
57776J100,MXL,MAXLINEAR INC,40196,40196,5.15M,5.15M,NEW,0.05%
21036P108,STZ,CONSTELLATION BRANDS INC,56587,36830,7.87M,5.12M,+186.4%,0.07%
292671708,UUUU,ENERGY FUELS INC,353104,353104,5.12M,5.12M,NEW,0.05%
61945C103,MOS,MOSAIC CO,758223,240935,16.07M,5.11M,+46.6%,0.15%
37954Y830,COPX,GLOBAL X FDS,121003,66265,9.31M,5.1M,+121.1%,0.09%
863667101,SYK,STRYKER CORPORATION,16036,16036,5.05M,5.05M,NEW,0.05%
50077B207,KTOS,KRATOS DEFENSE & SEC SOLUTIO,118768,99340,5.92M,4.95M,+511.3%,0.05%
91680M107,UPST,UPSTART HLDGS INC,194041,139201,6.87M,4.93M,+253.8%,0.06%
H8817H100,RIG,TRANSOCEAN LTD,1046762,1003528,5.12M,4.91M,+2321.2%,0.05%
G9456A100,GLNG,GOLAR LNG LTD,97119,97119,4.84M,4.84M,NEW,0.04%
683712103,OPEN,OPENDOOR TECHNOLOGIES INC,2071950,1045927,9.57M,4.83M,+101.9%,0.09%
04302A104,AIP,ARTERIS INC,99235,99235,4.82M,4.82M,NEW,0.04%
443573100,HUBS,HUBSPOT INC,28567,26189,5.21M,4.78M,+1101.3%,0.05%
22266T109,CPNG,COUPANG INC,325014,274220,5.65M,4.76M,+539.9%,0.05%
185899101,CLF,CLEVELAND-CLIFFS INC NEW,759049,506692,7.13M,4.76M,+200.8%,0.07%
91532F102,UMAC,UNUSUAL MACHS INC,244748,212553,5.46M,4.74M,+660.2%,0.05%
G6331P104,AOSL,ALPHA & OMEGA SEMICONDUCTOR,99791,99791,4.72M,4.72M,NEW,0.04%
74347Y888,UCO,PROSHARES TR II,138993,138993,4.58M,4.58M,NEW,0.04%
064149107,BNS,BANK NOVA SCOTIA B C,52374,52374,4.55M,4.55M,NEW,0.04%
G0260P102,AS,AMER SPORTS INC,175784,133683,5.95M,4.52M,+317.5%,0.05%
83417M104,SEDG,SOLAREDGE TECHNOLOGIES INC,77273,77273,4.52M,4.52M,NEW,0.04%
45866F104,ICE,INTERCONTINENTAL EXCHANGE IN,36482,36482,4.49M,4.49M,NEW,0.04%
49456B101,KMI,KINDER MORGAN INC DEL,140308,140308,4.49M,4.49M,NEW,0.04%
25461H812,LINT,DIREXION SHARES ETF TRUST,17419,17419,4.46M,4.46M,NEW,0.04%
09062X103,BIIB,BIOGEN INC,20649,20649,4.46M,4.46M,NEW,0.04%
893641100,TDG,TRANSDIGM GROUP INC,3323,3323,4.43M,4.43M,NEW,0.04%
30041T104,MRAM,EVERSPIN TECHNOLOGIES INC,179302,179302,4.34M,4.34M,NEW,0.04%
G8588X103,SGHC,SUPER GROUP SGHC LIMITED,319622,319622,4.33M,4.33M,NEW,0.04%
00676P107,ADEA,ADEIA INC,131427,131427,4.33M,4.33M,NEW,0.04%
244199105,DE,DEERE & CO,6760,6760,4.29M,4.29M,NEW,0.04%
46438M106,ETHB,ISHARES STAKED ETHEREUM TR E,210517,210517,4.27M,4.27M,NEW,0.04%
12572Q105,CME,CME GROUP INC,19329,19329,4.27M,4.27M,NEW,0.04%
268150109,DT,DYNATRACE INC,97151,97151,4.27M,4.27M,NEW,0.04%
45676K103,INFQ,INFLEQTION INC,319766,319766,4.26M,4.26M,NEW,0.04%
H50430232,LOGI,LOGITECH INTL S A,45212,45212,4.25M,4.25M,NEW,0.04%
422704106,HL,HECLA MINING COMPANY,983842,273850,15.18M,4.23M,+38.6%,0.14%
81369Y100,XLB,SELECT SECTOR SPDR TR,82691,82691,4.2M,4.2M,NEW,0.04%
338307101,FIVN,FIVE9 INC,196188,196188,4.18M,4.18M,NEW,0.04%
717081103,PFE,PFIZER INC,173689,173689,4.18M,4.18M,NEW,0.04%
89377M109,TMDX,TRANSMEDICS GROUP INC,90515,62823,6.01M,4.17M,+226.9%,0.06%
37954Y871,URA,GLOBAL X FDS,137015,94528,5.99M,4.13M,+222.5%,0.05%
00215W100,ASX,ASE TECHNOLOGY HLDG CO LTD,90607,90607,4.09M,4.09M,NEW,0.04%
Y2065G121,DHT,DHT HOLDINGS INC,244891,244891,4.05M,4.05M,NEW,0.04%
29273V100,ET,ENERGY TRANSFER L P,408157,208163,7.8M,3.98M,+104.1%,0.07%
91733P107,USAR,USA RARE EARTH INC,184431,184431,3.98M,3.98M,NEW,0.04%
256677105,DG,DOLLAR GEN CORP,36063,34255,4.15M,3.94M,+1894.6%,0.04%
76655K103,RGTI,RIGETTI COMPUTING INC,228658,203667,4.42M,3.93M,+815%,0.04%
758750103,RRX,REGAL REXNORD CORPORATION,27289,16494,6.5M,3.93M,+152.8%,0.06%
G8267P108,SW,SMURFIT WESTROCK PLC,83818,83818,3.88M,3.88M,NEW,0.04%
63942X106,NVTS,NAVITAS SEMICONDUCTOR CORP,403158,215663,7.22M,3.86M,+115%,0.07%
98978V103,ZTS,ZOETIS INC,67756,53767,4.87M,3.86M,+384.4%,0.04%
131428104,CLMT,CALUMET INC,106934,106934,3.85M,3.85M,NEW,0.04%
844741108,LUV,SOUTHWEST AIRLS CO,129324,74594,6.65M,3.84M,+136.3%,0.06%
74347Y698,GLL,PROSHARES TR II,141750,141750,3.82M,3.82M,NEW,0.04%
020764106,AMR,ALPHA METALLURGICAL RESOUR I,27901,23155,4.6M,3.82M,+487.9%,0.04%
125269100,CF,CF INDUSTRIES HOLD,35135,35135,3.8M,3.8M,NEW,0.03%
61174X109,MNST,MONSTER BEVERAGE CORP NEW,64650,39514,6.21M,3.8M,+157.2%,0.06%
20825C104,COP,CONOCOPHILLIPS,36508,36508,3.8M,3.8M,NEW,0.03%
819047101,SHAK,SHAKE SHACK INC,67274,67274,3.77M,3.77M,NEW,0.03%
297178105,ESS,ESSEX PPTY TR INC,12674,12674,3.7M,3.7M,NEW,0.03%
002824100,ABT,ABBOTT LABORATORIES,48905,40641,4.44M,3.69M,+491.8%,0.04%
861012102,STM,STMICROELECTRONICS N V,139583,49136,10.45M,3.68M,+54.3%,0.1%
871607107,SNPS,SYNOPSYS INC,45806,8178,20.43M,3.65M,+21.7%,0.19%
375916103,GIL,GILDAN ACTIVEWEAR INC,81159,70514,4.19M,3.64M,+662.4%,0.04%
741623102,PRMB,PRIMO BRANDS CORPORATION,148577,148577,3.63M,3.63M,NEW,0.03%
922475108,VEEV,VEEVA SYS INC,20319,20319,3.61M,3.61M,NEW,0.03%
88579Y101,MMM,3M CO,56352,22093,9.12M,3.58M,+64.5%,0.08%
693718108,PCAR,PACCAR INC,29717,29717,3.57M,3.57M,NEW,0.03%
53190C102,LTH,LIFE TIME GROUP HOLDINGS INC,87314,87314,3.57M,3.57M,NEW,0.03%
872540109,TJX,TJX COS INC NEW,23217,23217,3.52M,3.52M,NEW,0.03%
60937P106,MDB,MONGODB INC,20961,10407,7.04M,3.5M,+98.6%,0.06%
87975E776,NASA,TEMA ETF TRUST,115041,115041,3.49M,3.49M,NEW,0.03%
29084Q100,EME,EMCOR GROUP INC,4211,4211,3.49M,3.49M,NEW,0.03%
75886F107,REGN,REGENERON PHARMACEUTICALS,5591,5591,3.49M,3.49M,NEW,0.03%
88025T102,TENB,TENABLE HLDGS INC,94046,94046,3.47M,3.47M,NEW,0.03%
457642205,INOD,INNODATA INC,45483,45483,3.44M,3.44M,NEW,0.03%
90385V107,UCTT,ULTRA CLEAN HLDGS INC,23709,23709,3.38M,3.38M,NEW,0.03%
09260D107,BX,BLACKSTONE INC,133960,28651,15.76M,3.37M,+27.2%,0.14%
260557103,DOW,DOW HLDGS INC,122860,122860,3.36M,3.36M,NEW,0.03%
36317J209,GLXY,GALAXY DIGITAL INC.,198554,121758,5.43M,3.33M,+158.5%,0.05%
45784P101,PODD,INSULET CORP,21795,21795,3.32M,3.32M,NEW,0.03%
253393102,DKS,DICKS SPORTING GOODS INC,15956,14614,3.62M,3.31M,+1089%,0.03%
192108504,CDE,COEUR MNG INC,486254,202628,7.94M,3.31M,+71.4%,0.07%
829933100,SIRI,SIRIUSXM HOLDINGS INC,111330,111330,3.29M,3.29M,NEW,0.03%
72703X106,PL,PLANET LABS PBC,261350,97699,8.66M,3.24M,+59.7%,0.08%
031162100,AMGN,AMGEN INC,8927,8927,3.23M,3.23M,NEW,0.03%
15102K100,CELC,CELCUITY INC,41127,30895,4.3M,3.23M,+301.9%,0.04%
150870103,CE,CELANESE CORP DEL,70216,70216,3.23M,3.23M,NEW,0.03%
833635105,SQM,SOCIEDAD QUIMICA Y MINERA DE,43382,43382,3.21M,3.21M,NEW,0.03%
26923N819,NVDX,ETF OPPORTUNITIES TRUST,188346,188346,3.2M,3.2M,NEW,0.03%
001084102,AGCO,AGCO CORP,26688,26688,3.19M,3.19M,NEW,0.03%
46125A100,LUNR,INTUITIVE MACHINES INC,343051,146647,7.34M,3.14M,+74.7%,0.07%
606710200,MITK,MITEK SYS INC,155503,155503,3.13M,3.13M,NEW,0.03%
46138G706,TAN,INVESCO EXCH TRADED FD TR II,52726,52726,3.12M,3.12M,NEW,0.03%
782011100,RSI,RUSH STREET INTERACTIVE INC,104310,104310,3.1M,3.1M,NEW,0.03%
98980L101,ZM,ZOOM COMMUNICATIONS INC,136968,35903,11.82M,3.1M,+35.5%,0.11%
44916Y106,PURR,HYPERLIQUID STRATEGIES INC,390129,390129,3.07M,3.07M,NEW,0.03%
70432V102,PAYC,PAYCOM SOFTWARE INC,35323,24390,4.44M,3.07M,+223.1%,0.04%
443510607,HUBB,HUBBELL INC,5823,5823,3.05M,3.05M,NEW,0.03%
031100100,AME,AMETEK INC,15197,12591,3.68M,3.05M,+483.2%,0.03%
98419M100,XYL,XYLEM INC,28912,25460,3.42M,3.01M,+737.5%,0.03%
253868103,DLR,DIGITAL RLTY TR INC,16753,16753,3.01M,3.01M,NEW,0.03%
25461A841,GGLL,DIREXION SHARES ETF TRUST,31999,26394,3.64M,3M,+470.9%,0.03%
G037AX101,AMBA,AMBARELLA INC,60277,34669,5.17M,2.97M,+135.4%,0.05%
L8681T102,SPOT,SPOTIFY TECHNOLOGY S A,40924,6401,18.79M,2.94M,+18.5%,0.17%
375558103,GILD,GILEAD SCIENCES INC,23216,23216,2.93M,2.93M,NEW,0.03%
49338L103,KEYS,KEYSIGHT TECHNOLOGIES INC,8358,8358,2.93M,2.93M,NEW,0.03%
G02602103,DOX,AMDOCS LTD,57584,57584,2.91M,2.91M,NEW,0.03%
G3265R107,APTV,APTIV PLC,60141,47115,3.69M,2.89M,+361.7%,0.03%
156431108,CENX,CENTURY ALUM CO,74506,61826,3.43M,2.84M,+487.6%,0.03%
78440P306,SKM,SK TELECOM CO LTD,167090,87540,5.37M,2.82M,+110%,0.05%
989207105,ZBRA,ZEBRA TECHNOLOGIES CORPORATI,10515,10515,2.77M,2.77M,NEW,0.03%
82982T106,SITM,SITIME CORP,3687,3687,2.75M,2.75M,NEW,0.03%
20451Q104,CODI,COMPASS DIVERSIFIED,306719,256113,3.27M,2.73M,+506.1%,0.03%
698813102,PZZA,PAPA JOHNS INTL INC,73949,73949,2.72M,2.72M,NEW,0.02%
G87052109,TEL,TE CONNECTIVITY PLC,13260,13260,2.67M,2.67M,NEW,0.02%
08975B109,BBAI,BIGBEAR AI HLDGS INC,1178130,725802,4.32M,2.66M,+160.5%,0.04%
74767V109,QS,QUANTUMSCAPE CORP,1021456,350296,7.72M,2.65M,+52.2%,0.07%
29446M102,EQNR,EQUINOR ASA,114494,84112,3.6M,2.64M,+276.8%,0.03%
719405102,PLAB,PHOTRONICS INC,80294,80294,2.61M,2.61M,NEW,0.02%
92835K103,VPG,VISHAY PRECISION GROUP INC,17370,17370,2.6M,2.6M,NEW,0.02%
780087102,RY,ROYAL BK CDA,21785,12474,4.51M,2.58M,+134%,0.04%
93627C101,HCC,WARRIOR MET COAL INC,31305,31305,2.54M,2.54M,NEW,0.02%
17253J106,CIFR,CIPHER DIGITAL INC,656153,102413,16.08M,2.51M,+18.5%,0.15%
592688105,MTD,METTLER TOLEDO INTERNATIONAL,1950,1950,2.49M,2.49M,NEW,0.02%
05550J101,BJ,BJS WHSL CLUB HLDGS INC,28180,28180,2.46M,2.46M,NEW,0.02%
69932A204,PSKY,PARAMOUNT SKYDANCE CORP,322314,246917,3.18M,2.43M,+327.5%,0.03%
74340W103,PLD,PROLOGIS INC.,21712,17872,2.94M,2.42M,+465.4%,0.03%
G4124C109,GRAB,GRAB HOLDINGS LIMITED,899131,640831,3.39M,2.42M,+248.1%,0.03%
40167F101,GOF,GUGGENHEIM STRATEGIC OPPORTU,217872,217872,2.38M,2.38M,NEW,0.02%
20464U100,COMP,COMPASS INC,220357,192913,2.72M,2.38M,+702.9%,0.02%
74347W130,SVXY,PROSHARES TR II,54346,41494,3.11M,2.38M,+322.9%,0.03%
693656100,PVH,PVH CORPORATION,64452,31917,4.79M,2.37M,+98.1%,0.04%
617446448,MS,MORGAN STANLEY,109930,11301,22.98M,2.36M,+11.5%,0.21%
93403J106,WRBY,WARBY PARKER INC,170803,77351,5.18M,2.35M,+82.8%,0.05%
38747R520,MVLL,GRANITESHARES ETF TR,40518,40518,2.33M,2.33M,NEW,0.02%
428050108,HSAI,HESAI GROUP,178626,127363,3.25M,2.32M,+248.5%,0.03%
921910816,MGK,VANGUARD WORLD FD,27183,26367,2.39M,2.32M,+3231.2%,0.02%
G6700G107,NVT,NVENT ELEC PLC,13566,13566,2.3M,2.3M,NEW,0.02%
75513E101,RTX,RTX CORPORATION,19734,12114,3.74M,2.3M,+159%,0.03%
37637K108,GTLB,GITLAB INC,145769,75190,4.45M,2.3M,+106.5%,0.04%
03674X106,AR,ANTERO RESOURCES CORP,186598,65321,6.56M,2.3M,+53.9%,0.06%
12503M108,CBOE,CBOE GLOBAL MKTS INC,30008,9417,7.28M,2.29M,+45.7%,0.07%
12662P108,CVI,CVR ENERGY INC,82888,82888,2.28M,2.28M,NEW,0.02%
25380B102,DGXX,DIGI PWR X INC,437313,414548,2.38M,2.26M,+1821%,0.02%
904767803,UL,UNILEVER PLC,64935,37557,3.9M,2.26M,+137.2%,0.04%
25461A551,AVS,DIREXION SHARES ETF TRUST,329499,285890,2.59M,2.25M,+655.6%,0.02%
12504L109,CBRE,CBRE GROUP INC,30759,16581,4.14M,2.23M,+116.9%,0.04%
157210105,CEVA,CEVA INC,47275,47275,2.23M,2.23M,NEW,0.02%
38059T106,GFI,GOLD FIELDS LTD,66262,66262,2.23M,2.23M,NEW,0.02%
110448107,BTI,BRITISH AMERN TOB PLC,36018,36018,2.22M,2.22M,NEW,0.02%
16679L109,CHWY,CHEWY INC,111594,111594,2.19M,2.19M,NEW,0.02%
011532108,AGI,ALAMOS GOLD INC,145472,71845,4.41M,2.18M,+97.6%,0.04%
501242101,KLIC,KULICKE & SOFFA INDS INC,22764,16214,3.04M,2.17M,+247.5%,0.03%
171484108,CHDN,CHURCHILL DOWNS INC,45090,24107,4.04M,2.16M,+114.9%,0.04%
35834F104,TE,T1 ENERGY INC,286805,224291,2.72M,2.13M,+358.8%,0.02%
828806109,SPG,SIMON PPTY GROUP INC NEW,9477,9477,2.12M,2.12M,NEW,0.02%
826599102,SGML,SIGMA LITHIUM CORPORATION,351178,166340,4.44M,2.1M,+90%,0.04%
46152A668,SNXX,INVESTMENT MANAGERS SER TR I,87675,50003,3.69M,2.1M,+132.7%,0.03%
74347X799,URTY,PROSHARES TR,43348,23897,3.79M,2.09M,+122.9%,0.03%
09581B103,OWL,BLUE OWL CAPITAL INC,235299,235299,2.06M,2.06M,NEW,0.02%
125896100,CMS,CMS ENERGY CORP,26820,26820,2.05M,2.05M,NEW,0.02%
862945300,ASST,STRIVE INC,201830,186729,2.2M,2.04M,+1236.5%,0.02%
74349Y829,QID,PROSHARES TR,251553,150038,3.41M,2.03M,+147.8%,0.03%
74347Y680,UVXY,PROSHARES TR II,80816,80816,2.01M,2.01M,NEW,0.02%
192446102,CTSH,COGNIZANT TECHNOLOGY SOLUTIO,50915,50915,1.97M,1.97M,NEW,0.02%
46137V357,RSP,INVESCO EXCHANGE TRADED FD T,9267,9267,1.97M,1.97M,NEW,0.02%
372303206,GMAB,GENMAB A/S,71596,71596,1.97M,1.97M,NEW,0.02%
781154109,RBRK,RUBRIK INC.,71035,24470,5.7M,1.96M,+52.6%,0.05%
29977A105,EVR,EVERCORE INC,5745,5745,1.96M,1.96M,NEW,0.02%
M22465104,CHKP,CHECK POINT SOFTWARE TECH LT,19266,14834,2.53M,1.95M,+334.7%,0.02%
464287440,IEF,ISHARES TR,55388,20379,5.24M,1.93M,+58.2%,0.05%
370334104,GIS,GENERAL MILLS INC,266286,54681,9.27M,1.9M,+25.8%,0.09%
98138H101,WDAY,WORKDAY INC,15469,15469,1.89M,1.89M,NEW,0.02%
86771W105,RUN,SUNRUN INC,141185,141185,1.89M,1.89M,NEW,0.02%
74350P642,SRTY,PROSHARES TR,87983,87983,1.88M,1.88M,NEW,0.02%
36165L108,GDS,GDS HLDGS LTD,102145,62601,3.07M,1.88M,+158.3%,0.03%
85256A109,STGW,STAGWELL INC,291412,251762,2.17M,1.87M,+635%,0.02%
50189K103,LCII,LCI INDS,17576,17576,1.86M,1.86M,NEW,0.02%
G5960L103,MDT,MEDTRONIC PLC,23456,23456,1.83M,1.83M,NEW,0.02%
46152A528,CRDU,INVESTMENT MANAGERS SER TR I,19267,19267,1.83M,1.83M,NEW,0.02%
95040Q104,WELL,WELLTOWER INC,8055,8055,1.83M,1.83M,NEW,0.02%
446413106,HII,HUNTINGTON INGALLS INDS INC,6486,6486,1.82M,1.82M,NEW,0.02%
09857L108,BKNG,BOOKING HOLDINGS INC,10155,10155,1.81M,1.81M,NEW,0.02%
65345N106,NN,NEXTNAV INC,305717,100917,5.45M,1.8M,+49.3%,0.05%
892331307,TM,TOYOTA MOTOR CORP,10651,10651,1.79M,1.79M,NEW,0.02%
74768A104,QNT,QUANTINUUM INC,21772,21772,1.78M,1.78M,NEW,0.02%
H8088L103,SRAD,SPORTRADAR GROUP AG,174973,117138,2.62M,1.75M,+202.5%,0.02%
58155Q103,MCK,MCKESSON CORP,2317,2317,1.75M,1.75M,NEW,0.02%
231021106,CMI,CUMMINS INC,12068,2442,8.61M,1.74M,+25.4%,0.08%
46138E339,SPMO,INVESCO EXCH TRADED FD TR II,10714,10714,1.73M,1.73M,NEW,0.02%
532257805,LPTH,LIGHTPATH TECHNOLOGIES INC,119391,104498,1.95M,1.71M,+701.7%,0.02%
81764X103,TTAN,SERVICETITAN INC,40137,24114,2.84M,1.71M,+150.5%,0.03%
75281A109,RRC,RANGE RES CORP,45722,45722,1.7M,1.7M,NEW,0.02%
78464A714,XRT,SPDR SERIES TRUST,43762,19334,3.84M,1.7M,+79.1%,0.04%
92846Q107,COCO,VITA COCO CO INC,25565,25565,1.69M,1.69M,NEW,0.02%
872657101,TPG,TPG INC,41694,41694,1.69M,1.69M,NEW,0.02%
231561101,CW,CURTISS WRIGHT CORP,2219,2219,1.68M,1.68M,NEW,0.02%
867224107,SU,SUNCOR ENERGY INC NEW,31219,31219,1.68M,1.68M,NEW,0.02%
136069101,CM,CANADIAN IMPERIAL BANK OF CO,14568,14568,1.68M,1.68M,NEW,0.02%
636180101,NFG,NATIONAL FUEL GAS CO,21545,21545,1.66M,1.66M,NEW,0.02%
G4000K175,GRRR,GORILLA TECHNOLOGY GROUP INC,83440,83440,1.66M,1.66M,NEW,0.02%
81758H106,SERV,SERVE ROBOTICS INC,251782,251782,1.66M,1.66M,NEW,0.02%
205768302,CRK,COMSTOCK RES INC,110476,110476,1.65M,1.65M,NEW,0.02%
77664L207,ROOT,ROOT INC,29441,29441,1.65M,1.65M,NEW,0.02%
25461H564,TSLS,DIREXION SHARES ETF TRUST,59658,32169,3.05M,1.65M,+117%,0.03%
558868105,MDGL,MADRIGAL PHARMACEUTICALS INC,10847,3052,5.82M,1.64M,+39.2%,0.05%
74347R305,DDM,PROSHARES TR,29671,24999,1.94M,1.64M,+535.1%,0.02%
82489W107,SHLS,SHOALS TECHNOLOGIES GROUP IN,316550,165416,3.13M,1.64M,+109.4%,0.03%
126650100,CVS,CVS HEALTH CORP,102432,15796,10.6M,1.63M,+18.2%,0.1%
29605J106,ESAB,ESAB CORPORATION,16495,16495,1.63M,1.63M,NEW,0.01%
74967X103,RH,RH,14766,9810,2.43M,1.62M,+197.9%,0.02%
918204108,VFC,V F CORP,124510,96834,2.08M,1.62M,+349.9%,0.02%
14448C104,CARR,CARRIER GLOBAL CORPORATION,21960,21960,1.61M,1.61M,NEW,0.01%
003264108,SIVR,ABRDN SILVER ETF TRUST,52609,28559,2.96M,1.61M,+118.7%,0.03%
34631F102,FPS,FORGENT POWER SOLUTIONS INC,28554,28554,1.6M,1.6M,NEW,0.01%
29357K103,ENVA,ENOVA INTL INC,6624,6624,1.59M,1.59M,NEW,0.01%
780259305,SHEL,SHELL PLC,20344,20344,1.58M,1.58M,NEW,0.01%
96208T104,WEX,WEX INC,11164,11164,1.58M,1.58M,NEW,0.01%
413160102,HLIT,HARMONIC INC,96245,96245,1.57M,1.57M,NEW,0.01%
589400100,MCY,MERCURY GENL CORP NEW,21267,14730,2.27M,1.57M,+225.3%,0.02%
20602D101,CNXC,CONCENTRIX CORP,69847,69847,1.56M,1.56M,NEW,0.01%
00768Y453,MSOS,ADVISORSHARES TR,771373,303450,3.92M,1.54M,+64.9%,0.04%
148929102,CAVA,CAVA GROUP INC,19518,19518,1.53M,1.53M,NEW,0.01%
66987V109,NVS,NOVARTIS AG,9740,9740,1.53M,1.53M,NEW,0.01%
116794108,BRKR,BRUKER CORP,25179,25179,1.52M,1.52M,NEW,0.01%
75134P600,METC,RAMACO RES INC,272054,114212,3.6M,1.51M,+72.4%,0.03%
03743Q108,APA,APA CORPORATION,140553,46049,4.58M,1.5M,+48.7%,0.04%
G0593M107,AZN,ASTRAZENECA PLC,7754,7754,1.47M,1.47M,NEW,0.01%
92939U106,WEC,WEC ENERGY GROUP INC,15735,12562,1.84M,1.47M,+395.9%,0.02%
303075105,FDS,FACTSET RESH SYS INC,9782,6373,2.25M,1.47M,+186.9%,0.02%
49714P108,KNSL,KINSALE CAP GROUP INC,4427,4427,1.46M,1.46M,NEW,0.01%
45867G101,IDCC,INTERDIGITAL INC,6437,5129,1.82M,1.45M,+392.1%,0.02%
25460G195,YINN,DIREXION SHARES ETF TRUST,84618,67553,1.82M,1.45M,+395.9%,0.02%
H11356104,BG,BUNGE GLOBAL SA,13469,13469,1.44M,1.44M,NEW,0.01%
92204A702,VGT,VANGUARD WORLD FD,14732,12017,1.76M,1.44M,+442.6%,0.02%
25459W102,TECL,DIREXION SHARES ETF TRUST,28581,6222,6.6M,1.44M,+27.8%,0.06%
464286327,SLVP,ISHARES INC,46154,46154,1.42M,1.42M,NEW,0.01%
86384P109,STUB,STUBHUB HLDGS INC,109676,109676,1.41M,1.41M,NEW,0.01%
G96115103,WYFI,WHITEFIBER INC,36136,36136,1.4M,1.4M,NEW,0.01%
G2519Y108,BAP,CREDICORP LTD,4569,3587,1.78M,1.4M,+365.3%,0.02%
313745101,FRT,FEDERAL RLTY INVT TR NEW,18757,11272,2.32M,1.39M,+150.6%,0.02%
09940T100,BRUN,BOOST RUN INC,35814,35814,1.39M,1.39M,NEW,0.01%
314911108,FRMI,FERMI INC,151607,151607,1.39M,1.39M,NEW,0.01%
36467W117,GMEWS,GAMESTOP CORP NEW,62833,62833,1.39M,1.39M,NEW,0.01%
03945R102,ACHR,ARCHER AVIATION INC,766134,290938,3.62M,1.38M,+61.2%,0.03%
72703H101,PLNT,PLANET FITNESS MASTER ISSUER,26278,26278,1.37M,1.37M,NEW,0.01%
46434G822,EWJ,ISHARES INC,14675,14675,1.37M,1.37M,NEW,0.01%
911549103,UAMY,UNITED STATES ANTIMONY CORP,186344,186344,1.35M,1.35M,NEW,0.01%
98389B100,XEL,XCEL ENERGY INC,16813,16813,1.35M,1.35M,NEW,0.01%
34379V103,FLNC,FLUENCE ENERGY INC,110420,67469,2.2M,1.34M,+157.1%,0.02%
739276103,POWI,POWER INTEGRATIONS INC,16007,16007,1.34M,1.34M,NEW,0.01%
78464A789,KIE,SPDR SERIES TRUST,21853,21853,1.33M,1.33M,NEW,0.01%
00402L107,ASO,ACADEMY SPORTS & OUTDOORS IN,28277,28277,1.33M,1.33M,NEW,0.01%
46143U542,ASTX,INVESTMENT MANAGERS SER TR,67340,48069,1.86M,1.33M,+249.4%,0.02%
714266103,PPTA,PERPETUA RESOURCES CORP,71695,63772,1.49M,1.32M,+804.9%,0.01%
34964C106,FBIN,FORTUNE BRANDS INNOVATIONS I,43575,23959,2.39M,1.32M,+122.1%,0.02%
039483102,ADM,ARCHER DANIELS MIDLAND CO,17152,17152,1.31M,1.31M,NEW,0.01%
171779309,CIEN,CIENA CORP,2663,2663,1.31M,1.31M,NEW,0.01%
882927577,ARMG,THEMES ETF TR,33115,33115,1.31M,1.31M,NEW,0.01%
98423F109,XMTR,XOMETRY INC,13513,13513,1.3M,1.3M,NEW,0.01%
26622P107,DOCS,DOXIMITY INC,62758,62758,1.3M,1.3M,NEW,0.01%
G76279101,ROIV,ROIVANT SCIENCES LTD,68630,36411,2.43M,1.29M,+113%,0.02%
916896103,UEC,URANIUM ENERGY CORP,189449,120391,2.02M,1.28M,+174.3%,0.02%
46152A536,APPX,INVESTMENT MANAGERS SER TR I,49154,31736,1.99M,1.28M,+182.2%,0.02%
883556102,TMO,THERMO FISHER SCIENTIFIC INC,11538,2521,5.78M,1.26M,+28%,0.05%
25461A379,PALU,DIREXION SHARES ETF TRUST,24349,24349,1.26M,1.26M,NEW,0.01%
33734X846,CIBR,FIRST TR EXCHANGE-TRADED FD,13928,13928,1.25M,1.25M,NEW,0.01%
532275104,LWLG,LIGHTWAVE LOGIC INC,132146,132146,1.25M,1.25M,NEW,0.01%
67098H104,OI,O-I GLASS INC,162684,128572,1.57M,1.24M,+376.9%,0.01%
759509102,RS,RELIANCE INC,3309,3309,1.24M,1.24M,NEW,0.01%
74736K101,QRVO,QORVO INC,13216,13216,1.23M,1.23M,NEW,0.01%
L44385109,GLOB,GLOBANT S A,42519,42519,1.23M,1.23M,NEW,0.01%
070830104,BBWI,BATH & BODY WORKS INC,72011,53060,1.67M,1.23M,+280%,0.02%
05605H100,BWXT,BWX TECHNOLOGIES INC,6275,6275,1.22M,1.22M,NEW,0.01%
46152A544,LABX,INVESTMENT MANAGERS SER TR I,5519,5519,1.22M,1.22M,NEW,0.01%
099502106,BAH,BOOZ ALLEN HAMILTON HLDG COR,20026,20026,1.21M,1.21M,NEW,0.01%
74347R842,UWM,PROSHARES TR,17970,17970,1.21M,1.21M,NEW,0.01%
87724P106,TMHC,TAYLOR MORRISON HOME CORP,16805,16805,1.21M,1.21M,NEW,0.01%
922280102,VRNS,VARONIS SYS INC,46206,28680,1.94M,1.2M,+163.6%,0.02%
67000B104,NOVT,NOVANTA INC,7417,7417,1.2M,1.2M,NEW,0.01%
46138G508,BKLN,INVESCO EXCH TRADED FD TR II,59025,59025,1.2M,1.2M,NEW,0.01%
55306N104,MKSI,MKS INC.,4960,2703,2.21M,1.2M,+119.8%,0.02%
858119100,STLD,STEEL DYNAMICS INC,15866,5229,3.64M,1.2M,+49.2%,0.03%
01749D105,ALGM,ALLEGRO MICROSYSTEMS INC,17227,17227,1.2M,1.2M,NEW,0.01%
38747R736,MSFL,GRANITESHARES ETF TR,137064,80564,2.02M,1.19M,+142.6%,0.02%
G4253H101,JHX,JAMES HARDIE INDS PLC,64551,45223,1.69M,1.18M,+234%,0.02%
887389104,TKR,TIMKEN CO,7999,7999,1.16M,1.16M,NEW,0.01%
78463X202,FEZ,SPDR INDEX SHS FDS,37766,16880,2.59M,1.16M,+80.8%,0.02%
60786M105,MC,MOELIS & CO,17693,17693,1.16M,1.16M,NEW,0.01%
78410G104,SBAC,SBA COMMUNICATIONS CORP,13225,6540,2.33M,1.15M,+97.8%,0.02%
G0585R106,AGO,ASSURED GUARANTY LTD,14383,14383,1.15M,1.15M,NEW,0.01%
56501R106,MFC,MANULIFE FINL CORP,28418,28418,1.15M,1.15M,NEW,0.01%
25461A411,AMUU,DIREXION SHARES ETF TRUST,3976,3976,1.15M,1.15M,NEW,0.01%
04339D105,ARXS,ARXIS INC,24841,24841,1.15M,1.15M,NEW,0.01%
969457100,WMB,WILLIAMS COS INC,42181,15300,3.14M,1.14M,+56.9%,0.03%
192576106,COHU,COHU INC,15189,15189,1.12M,1.12M,NEW,0.01%
058498106,BALL,BALL CORP,17903,17903,1.12M,1.12M,NEW,0.01%
91912E105,VALE,VALE S A,73695,73695,1.11M,1.11M,NEW,0.01%
464288513,HYG,ISHARES TR,418029,13849,33.43M,1.11M,+3.4%,0.31%
98850P109,YUMC,YUM CHINA HLDGS INC,27054,27054,1.11M,1.11M,NEW,0.01%
433921103,HIVE,HIVE DIGITAL TECHNOLOGIES LT,567474,302163,2.07M,1.1M,+113.9%,0.02%
70959W103,PAG,PENSKE AUTOMOTIVE GRP INC,6112,6112,1.09M,1.09M,NEW,0.01%
50202M102,LI,LI AUTO INC,105083,92666,1.23M,1.09M,+746.3%,0.01%
88642R109,TDW,TIDEWATER INC NEW,16282,16282,1.08M,1.08M,NEW,<.01%
04271T100,ARRY,ARRAY TECHNOLOGIES INC,146128,146128,1.08M,1.08M,NEW,<.01%
25460G781,NUGT,DIREXION SHARES ETF TRUST,52482,9221,6.14M,1.08M,+21.3%,0.06%
00508Y102,AYI,ACUITY INC,4822,2864,1.82M,1.08M,+146.3%,0.02%
86333M108,LRN,STRIDE INC,22307,12469,1.92M,1.08M,+126.7%,0.02%
25460G500,GUSH,DIREXION SHARES ETF TRUST,34947,34947,1.07M,1.07M,NEW,<.01%
88636J600,CHAT,TIDAL TRUST II,10861,10861,1.07M,1.07M,NEW,<.01%
92766K403,SPCE,VIRGIN GALACTIC HOLDINGS INC,432610,370721,1.25M,1.07M,+599%,0.01%
042735100,ARW,ARROW ELECTRS INC,5008,5008,1.07M,1.07M,NEW,<.01%
701094104,PH,PARKER-HANNIFIN CORP,1089,1089,1.07M,1.07M,NEW,<.01%
382550101,GT,GOODYEAR TIRE & RUBR CO,341861,160135,2.26M,1.06M,+88.1%,0.02%
38748G101,BAR,GRANITESHARES GOLD TR,35661,26728,1.41M,1.06M,+299.2%,0.01%
36162J106,GEO,GEO GROUP INC,270484,35642,7.99M,1.05M,+15.2%,0.07%
316773100,FITB,FIFTH THIRD BANCORP,18657,18657,1.05M,1.05M,NEW,<.01%
243537107,DECK,DECKERS OUTDOOR CORP,55297,10508,5.49M,1.04M,+23.5%,0.05%
002474104,AZZ,AZZ INC,6729,6729,1.04M,1.04M,NEW,<.01%
64110W102,NTES,NETEASE COM INC,17100,8136,2.19M,1.04M,+90.8%,0.02%
836100107,SOUN,SOUNDHOUND AI INC,310417,160388,2.01M,1.04M,+106.9%,0.02%
362397101,GAB,GABELLI EQUITY TR INC,183328,183328,1.04M,1.04M,NEW,<.01%
31620M106,FIS,FIDELITY NATL INFORMATION SV,26634,26634,1.04M,1.04M,NEW,<.01%
82575P107,SBSW,SIBANYE STILLWATER LTD,204055,121481,1.73M,1.03M,+147.1%,0.02%
G8060N102,ST,SENSATA TECHNOLOGIES HLDG PL,38636,21527,1.84M,1.03M,+125.8%,0.02%
963320106,WHR,WHIRLPOOL CORP,37621,26010,1.48M,1.03M,+224%,0.01%
047726302,BATRK,ATLANTA BRAVES HLDGS INC,49400,19744,2.56M,1.02M,+66.6%,0.02%
91347P105,OLED,UNIVERSAL DISPLAY CORP,14103,11701,1.22M,1.01M,+487.1%,0.01%
98980A105,ZTO,ZTO EXPRESS CAYMAN INC,44932,44932,1.01M,1.01M,NEW,<.01%
00857U206,AGL,AGILON HEALTH INC,9379,9379,1.01M,1.01M,NEW,<.01%
88023B103,TEM,TEMPUS AI INC,92439,17337,5.35M,1M,+23.1%,0.05%
N82405106,STLA,STELLANTIS N.V,174639,174639,1M,1M,NEW,<.01%
257554105,DOMO,DOMO INC,400262,318831,1.25M,997.94K,+391.5%,0.01%
92338C103,VLTO,VERALTO CORP,11239,11239,996.67K,996.67K,NEW,<.01%
25461A544,TSMX,DIREXION SHARES ETF TRUST,9451,9451,990.18K,990.18K,NEW,<.01%
608190104,MHK,MOHAWK INDS INC,8110,8110,983.99K,983.99K,NEW,<.01%
540424108,L,LOEWS CORP,8690,8690,983.79K,983.79K,NEW,<.01%
882927668,ASMG,THEMES ETF TR,15014,15014,979.08K,979.08K,NEW,<.01%
25461A189,DUST,DIREXION SHARES ETF TRUST,15305,15305,972.79K,972.79K,NEW,<.01%
00510N102,TIC,TIC SOLUTIONS INC,120036,120036,971.09K,971.09K,NEW,<.01%
46152A361,SNDQ,INVESTMENT MANAGERS SER TR I,494487,494487,964.25K,964.25K,NEW,<.01%
G491BT108,IVZ,INVESCO LTD,36328,36328,958.7K,958.7K,NEW,<.01%
74623V103,PCT,PURECYCLE TECHNOLOGIES INC,117163,117163,950.19K,950.19K,NEW,<.01%
499049104,KNX,KNIGHT-SWIFT TRANSN HLDGS IN,30823,12186,2.4M,948.92K,+65.4%,0.02%
413216300,HMY,HARMONY GOLD MNG LTD,103100,62354,1.57M,948.4K,+153%,0.01%
750917106,RMBS,RAMBUS INC DEL,7129,7129,946.3K,946.3K,NEW,<.01%
191098102,COKE,COCA COLA CONS INC,12981,4956,2.48M,946.2K,+61.8%,0.02%
25461A601,GGLS,DIREXION SHARES ETF TRUST,239013,165077,1.37M,944.24K,+223.3%,0.01%
835699307,SONY,SONY GROUP CORP,46949,46949,941.8K,941.8K,NEW,<.01%
833034101,SNA,SNAP ON INC,2337,2337,940.41K,940.41K,NEW,<.01%
00766T100,ACM,AECOM,13459,13459,939.44K,939.44K,NEW,<.01%
6706EW100,XSSPX,NUVEEN S&P 500 DYNAMIC OVERW,50253,50253,936.72K,936.72K,NEW,<.01%
80105N105,SNY,SANOFI SA,21874,21874,933.14K,933.14K,NEW,<.01%
204166102,CVLT,COMMVAULT SYS INC,9860,6571,1.4M,931.31K,+199.8%,0.01%
46092D392,COZX,INVESTMENT MANAGERS SER TR I,41228,41228,925.98K,925.98K,NEW,<.01%
218937100,CNR,CORE NATURAL RESOURCES INC,11553,11553,924.47K,924.47K,NEW,<.01%
G1110E107,BHVN,BIOHAVEN LTD,84201,62121,1.25M,924.36K,+281.3%,0.01%
26874R108,E,ENI SPA,19712,19712,923.7K,923.7K,NEW,<.01%
49845K101,KVYO,KLAVIYO INC,121976,61167,1.84M,923.62K,+100.6%,0.02%
902252105,TYL,TYLER TECHNOLOGIES INC,5679,3147,1.66M,920.37K,+124.3%,0.02%
09631P102,BPRE,BLUEROCK PVT REAL ESTATE FD,70580,70580,918.25K,918.25K,NEW,<.01%
98420N105,XENE,XENON PHARMACEUTICALS INC,15083,15083,910.41K,910.41K,NEW,<.01%
718546104,PSX,PHILLIPS 66,5384,5384,910.16K,910.16K,NEW,<.01%
00835Q202,AEVA,AEVA TECHNOLOGIES INC,66216,31584,1.9M,907.09K,+91.2%,0.02%
Y8162K204,SBLK,STAR BULK CARRIERS CORP.,36255,36255,905.29K,905.29K,NEW,<.01%
72352L106,PINS,PINTEREST INC,42975,42975,903.76K,903.76K,NEW,<.01%
872590104,TMUS,T-MOBILE US INC,5381,5381,902.55K,902.55K,NEW,<.01%
122017106,BURL,BURLINGTON STORES INC,11481,2846,3.64M,901.61K,+33%,0.03%
39813G109,GDYN,GRID DYNAMICS HLDGS INC,158109,158109,898.06K,898.06K,NEW,<.01%
25461H648,MRVU,DIREXION SHARES ETF TRUST,3910,3910,894.73K,894.73K,NEW,<.01%
502431109,LHX,L3HARRIS TECHNOLOGIES INC,3058,3058,888.62K,888.62K,NEW,<.01%
226552107,CXDO,CREXENDO INC,118927,118927,888.38K,888.38K,NEW,<.01%
482497104,BEKE,KE HLDGS INC,60867,60867,884.4K,884.4K,NEW,<.01%
G87110105,FTI,TECHNIPFMC PLC,43638,13253,2.89M,878.67K,+43.6%,0.03%
84265V105,SCCO,SOUTHERN COPPER CORP,4988,4988,869.21K,869.21K,NEW,<.01%
Y41053102,INSW,INTERNATIONAL SEAWAYS INC,22041,10989,1.69M,841.65K,+99.4%,0.02%
70339W104,PTRN,PATTERN GROUP INC,44786,33339,1.13M,839.81K,+291.2%,0.01%
92189F601,NLR,VANECK ETF TRUST,15482,7228,1.8M,838.3K,+87.6%,0.02%
55336V100,MPLX,MPLX LP,14873,14873,837.8K,837.8K,NEW,<.01%
722014107,PHK,PIMCO HIGH INCOME FD,179410,179410,836.05K,836.05K,NEW,<.01%
665531307,NOG,NORTHERN OIL & GAS INC,45796,45796,831.2K,831.2K,NEW,<.01%
92189H821,DAPP,VANECK ETF TRUST,42487,42487,823.4K,823.4K,NEW,<.01%
52661A108,DRS,LEONARDO DRS INC,19197,19197,819.14K,819.14K,NEW,<.01%
38747R587,QCML,GRANITESHARES ETF TR,41148,41148,816.38K,816.38K,NEW,<.01%
92259N302,VELO,VELO3D INC,70580,46361,1.24M,813.64K,+191.4%,0.01%
12468P104,AI,C3 AI INC,193393,89429,1.76M,812.91K,+86%,0.02%
23355L106,DXC,DXC TECHNOLOGY CO,91622,91622,810.86K,810.86K,NEW,<.01%
686688102,ORA,ORMAT TECHNOLOGIES INC,23069,7399,2.51M,805.75K,+47.2%,0.02%
87615L107,TH,TARGET HOSPITALITY CORP,50828,39248,1.03M,799.09K,+338.9%,<.01%
74347Y672,ZSL,PROSHARES TR II,57762,25851,1.78M,795.95K,+81%,0.02%
25461A197,NVDD,DIREXION SHARES ETF TRUST,23293,23293,792.1K,792.1K,NEW,<.01%
820014405,SBET,SHARPLINK INC,291679,164788,1.4M,790.98K,+129.9%,0.01%
855244109,SBUX,STARBUCKS CORP,7740,7740,790.95K,790.95K,NEW,<.01%
46429B598,INDA,ISHARES TR,16009,16009,790.68K,790.68K,NEW,<.01%
156727109,CRNC,CERENCE INC,104104,69583,1.18M,787.68K,+201.6%,0.01%
D18190898,DB,DEUTSCHE BK AG,23328,23328,787.55K,787.55K,NEW,<.01%
18914F103,CLOV,CLOVER HEALTH INVESTMENTS CO,643030,150132,3.37M,786.69K,+30.5%,0.03%
143130102,KMX,CARMAX INC,28868,14625,1.53M,773.52K,+102.7%,0.01%
29275Y102,ENS,ENERSYS,3296,3296,770.67K,770.67K,NEW,<.01%
90041L105,TPB,TURNING PT BRANDS INC,9066,9066,768.89K,768.89K,NEW,<.01%
69351T106,PPL,PPL CORP,21088,21088,766.55K,766.55K,NEW,<.01%
88636W486,MUZ,TIDAL TRUST II,76028,76028,760.28K,760.28K,NEW,<.01%
216648501,COO,COOPER COS INC,10599,10599,760.05K,760.05K,NEW,<.01%
00790R104,WMS,ADVANCED DRAIN SYS INC DEL,4771,4771,748.86K,748.86K,NEW,<.01%
256163106,DOCU,DOCUSIGN INC,16781,16781,745.41K,745.41K,NEW,<.01%
464288257,ACWI,ISHARES TR,4743,4743,744.51K,744.51K,NEW,<.01%
74624M102,P,EVERPURE INC,35007,9391,2.76M,739.92K,+36.7%,0.03%
22822V101,CCI,CROWN CASTLE INC,22791,9754,1.73M,738.67K,+74.8%,0.02%
89679E300,TFIN,TRIUMPH FINANCIAL INC,9651,9651,736.47K,736.47K,NEW,<.01%
H2927K103,AMRZ,AMRIZE LTD,41996,13631,2.24M,726.53K,+48.1%,0.02%
78468R796,SPYX,SPDR SERIES TRUST,44848,11825,2.74M,722.51K,+35.8%,0.03%
681116109,OLLI,OLLIES BARGAIN OUTLET HLDGS,9379,9379,721.06K,721.06K,NEW,<.01%
F21107101,CSTM,CONSTELLIUM SE,22567,22567,719.21K,719.21K,NEW,<.01%
88340W681,GLWG,THEMES ETF TR,15880,15880,717.78K,717.78K,NEW,<.01%
019330109,ALNT,ALLIENT INC,6957,6957,716.08K,716.08K,NEW,<.01%
83088M102,SWKS,SKYWORKS SOLUTIONS INC,10555,10555,715.63K,715.63K,NEW,<.01%
48123V102,ZD,ZIFF DAVIS INC,13654,13654,715.06K,715.06K,NEW,<.01%
G01767105,ALKS,ALKERMES PLC,20383,13504,1.07M,707.54K,+196.3%,<.01%
151290889,CX,CEMEX SA EURO MTN BE 144A,58946,58946,707.35K,707.35K,NEW,<.01%
25461H572,SOXS,DIREXION SHARES ETF TRUST,276037,216350,894.36K,700.97K,+362.5%,<.01%
82846H405,QXO,QXO INC,201107,40214,3.48M,694.9K,+25%,0.03%
M20791105,CAMT,CAMTEK LTD,8835,4254,1.44M,693.91K,+92.9%,0.01%
882927627,AMDG,THEMES ETF TR,4943,4943,692.02K,692.02K,NEW,<.01%
01625V104,ALHC,ALIGNMENT HEALTHCARE INC,57199,29024,1.36M,691.06K,+103%,0.01%
89531P105,TREX,TREX INC,13648,13648,682.95K,682.95K,NEW,<.01%
903731107,ULS,UL SOLUTIONS INC,10189,6672,1.04M,679.61K,+189.7%,<.01%
85571B105,STWD,STARWOOD PPTY TR INC,100057,41124,1.64M,673.61K,+69.8%,0.02%
63010H108,NNE,NANO NUCLEAR ENERGY INC,31757,31757,671.34K,671.34K,NEW,<.01%
07831C103,BRBR,BELLRING BRANDS INC,51737,51737,669.48K,669.48K,NEW,<.01%
533535100,LINC,LINCOLN EDL SVCS CORP,13348,13348,666.07K,666.07K,NEW,<.01%
88636Y706,KEEX,TIDAL TRUST II,5919,5919,665.24K,665.24K,NEW,<.01%
636274409,NGG,NATIONAL GRID PLC,8018,8018,664.45K,664.45K,NEW,<.01%
05603J108,BKV,BKV CORP,24205,24205,662.25K,662.25K,NEW,<.01%
58507V107,MDLN,MEDLINE INC,16668,16668,657.39K,657.39K,NEW,<.01%
675232102,OII,OCEANEERING INTL INC,16202,16202,656.5K,656.5K,NEW,<.01%
26923N447,NFLU,ETF OPPORTUNITIES TRUST,39594,39594,653.3K,653.3K,NEW,<.01%
218946663,EUV,CORGI ETF TR I,20357,20357,651.02K,651.02K,NEW,<.01%
364760108,GAP,GAP INC,34787,34787,649.82K,649.82K,NEW,<.01%
92865J737,SOLT,VOLATILITY SHS TR,20083,20083,648.08K,648.08K,NEW,<.01%
84790A105,SPB,SPECTRUM BRANDS HOLDINGS INC,7557,7557,648.01K,648.01K,NEW,<.01%
74164F103,PRIM,PRIMORIS SVCS CORP,12024,6533,1.19M,647.55K,+119%,0.01%
27828H105,EVV,EATON VANCE LIMITED DURATION,68616,68616,642.93K,642.93K,NEW,<.01%
00326W106,ASGI,ABRDN GLOBAL INFRA INCOME FU,27442,27442,638.03K,638.03K,NEW,<.01%
42704L104,HRI,HERC HLDGS INC,8998,4451,1.29M,638.01K,+97.9%,0.01%
79589L106,IOT,SAMSARA INC,19638,19638,636.86K,636.86K,NEW,<.01%
765504105,RR,RICHTECH ROBOTICS INC,356889,300954,753.04K,635.01K,+538%,<.01%
46436E718,SGOV,ISHARES TR,6287,6287,632.91K,632.91K,NEW,<.01%
53263P105,LMB,LIMBACH HLDGS INC,8192,8192,630.78K,630.78K,NEW,<.01%
38747R751,AMDL,GRANITESHARES ETF TR,148942,7595,12.32M,628.49K,+5.4%,0.11%
231647207,NXG,NXG NEXTGEN INFRASTR INCM FD,9697,9697,627.49K,627.49K,NEW,<.01%
974155103,WING,WINGSTOP INC,3568,3568,618.73K,618.73K,NEW,<.01%
460146103,IP,INTERNATIONAL PAPER CO,69070,16238,2.63M,618.67K,+30.7%,0.02%
85208P303,URNM,SPROTT FDS TR,33712,11753,1.77M,618.09K,+53.5%,0.02%
466367109,JACK,JACK IN THE BOX INC,39076,39076,617.79K,617.79K,NEW,<.01%
879512309,TSAT,TELESAT CORP,12135,12135,614.27K,614.27K,NEW,<.01%
87151X101,SYM,SYMBOTIC INC,13631,13631,612.71K,612.71K,NEW,<.01%
732908108,PONY,PONY AI INC,183264,87943,1.27M,611.2K,+92.3%,0.01%
78464A532,XTN,SPDR SERIES TRUST,5232,5232,605.03K,605.03K,NEW,<.01%
277432100,EMN,EASTMAN CHEM CO,9025,9025,604.49K,604.49K,NEW,<.01%
72201J104,PFN,PIMCO INCOME STRATEGY FD II,84734,84734,604.15K,604.15K,NEW,<.01%
92864M822,SOLZ,VOLATILITY SHS TR,128656,81613,949.48K,602.3K,+173.5%,<.01%
78464A771,KCE,SPDR SERIES TRUST,12454,4073,1.83M,599.69K,+48.6%,0.02%
88340C693,TERG,THEMES ETF TR,7518,7518,597.11K,597.11K,NEW,<.01%
98386P102,XE,X-ENERGY INC,32442,32442,595.63K,595.63K,NEW,<.01%
064058100,BNY,BANK OF NY MELLON CORP,4074,4074,589.14K,589.14K,NEW,<.01%
H17182108,CRSP,CRISPR THERAPEUTICS AG,10709,10709,584.07K,584.07K,NEW,<.01%
35905A109,FTDR,FRONTDOOR INC,7517,7517,583.24K,583.24K,NEW,<.01%
31613E103,FETH,FIDELITY ETHEREUM FD,36978,36978,582.03K,582.03K,NEW,<.01%
L67359106,NEXA,NEXA RES S A,47546,47546,581.96K,581.96K,NEW,<.01%
00214Q302,ARKG,ARK ETF TR,13835,13835,581.9K,581.9K,NEW,<.01%
02553E106,AEO,AMERICAN EAGLE OUTFITTERS IN,33557,33557,577.18K,577.18K,NEW,<.01%
34354P105,FLS,FLOWSERVE CORP,7775,7775,576.59K,576.59K,NEW,<.01%
05464T104,AXSM,AXSOME THERAPEUTICS INC.,10187,2340,2.49M,572.76K,+29.8%,0.02%
737446104,POST,POST HLDGS INC,6434,6434,567.87K,567.87K,NEW,<.01%
21871X109,CRBG,COREBRIDGE FINL INC,64581,19827,1.85M,567.65K,+44.3%,0.02%
127055101,CBT,CABOT CORP,6206,6206,563.63K,563.63K,NEW,<.01%
94987B105,EAD,ALLSPRING INCOME OPPORTUNIT,86618,86618,563.02K,563.02K,NEW,<.01%
G0176J109,ALLE,ALLEGION PLC,4003,4003,562.38K,562.38K,NEW,<.01%
26923Q713,SNOU,ETF OPPORTUNITIES TRUST,13750,13750,560.86K,560.86K,NEW,<.01%
59001A102,MTH,MERITAGE HOMES CORP,6685,6685,560.54K,560.54K,NEW,<.01%
81725T100,SXT,SENSIENT TECHNOLOGIES CORP,4544,4544,560.23K,560.23K,NEW,<.01%
81663L200,WGS,GENEDX HOLDINGS CORP,12794,8151,878.31K,559.57K,+175.6%,<.01%
053611109,AVY,AVERY DENNISON CORP,3440,3440,558.48K,558.48K,NEW,<.01%
G32089107,ETOR,ETORO GROUP LTD,14138,14138,558.03K,558.03K,NEW,<.01%
808524300,SCHG,SCHWAB STRATEGIC TR,27868,16417,943.05K,555.55K,+143.4%,<.01%
07725L102,ONC,BEONE MEDICINES LTD,1949,1949,555.41K,555.41K,NEW,<.01%
26922A842,JETS,ETF SER SOLUTIONS,16612,16612,551.85K,551.85K,NEW,<.01%
74347R693,ROM,PROSHARES TR,3520,3520,546.3K,546.3K,NEW,<.01%
38747R744,AMZZ,GRANITESHARES ETF TR,17663,17663,543.98K,543.98K,NEW,<.01%
366651107,IT,GARTNER INC,5958,4174,772.28K,541.03K,+234%,<.01%
464287390,ILF,ISHARES TR,15987,15987,539.56K,539.56K,NEW,<.01%
25659T107,DLB,DOLBY LABORATORIES INC,10257,10257,539.31K,539.31K,NEW,<.01%
086921103,BETA,BETA TECHNOLOGIES INC,32184,32184,539.08K,539.08K,NEW,<.01%
879433829,TDS,TELEPHONE & DATA SYS INC,14538,14538,538.05K,538.05K,NEW,<.01%
443320106,HUBG,HUB GROUP INC,12285,12285,537.96K,537.96K,NEW,<.01%
19247A100,CNS,COHEN & STEERS INC,7058,7058,537.4K,537.4K,NEW,<.01%
64119N608,NTSK,NETSKOPE INC,99558,49000,1.09M,536.06K,+96.9%,0.01%
464288224,ICLN,ISHARES TR,26038,26038,533.52K,533.52K,NEW,<.01%
88340C453,SNDG,THEMES ETF TR,20178,20178,531.69K,531.69K,NEW,<.01%
03062D803,USAS,AMERICAS GOLD AND SILVER COR,257262,112532,1.21M,531.15K,+77.8%,0.01%
44862P208,HYMC,HYCROFT MINING HOLDING CORP,297734,22696,6.97M,531.09K,+8.3%,0.06%
83089J108,SKYT,SKYWATER TECHNOLOGY INC,15111,15111,526.16K,526.16K,NEW,<.01%
665859104,NTRS,NORTHERN TR CORP,3020,3020,525K,525K,NEW,<.01%
G7S00T104,PNR,PENTAIR PLC,16982,6769,1.3M,518.91K,+66.3%,0.01%
00165C302,AMC,AMC ENTMT HLDGS INC,807974,273000,1.54M,518.7K,+51%,0.01%
80689H102,SNDR,SCHNEIDER NATIONAL INC,14165,14165,517.45K,517.45K,NEW,<.01%
45765U103,NSIT,INSIGHT ENTERPRISES INC,4248,4248,517.41K,517.41K,NEW,<.01%
902494103,TSN,TYSON FOODS INC,30384,9014,1.74M,516.05K,+42.2%,0.02%
231631300,SRV,NXG CUSHING MIDSTREAM ENERGY,10298,10298,515.83K,515.83K,NEW,<.01%
464287754,IYJ,ISHARES TR,5204,3095,867.25K,515.78K,+146.8%,<.01%
950915108,WRD,WERIDE INC,88614,88614,515.73K,515.73K,NEW,<.01%
398905109,GPI,GROUP 1 AUTOMOTIVE INC,1763,1763,513.33K,513.33K,NEW,<.01%
49639K101,KC,KINGSOFT CLOUD HLDGS LTD,56378,56378,510.22K,510.22K,NEW,<.01%
46434G848,PICK,ISHARES INC,8695,8695,505.61K,505.61K,NEW,<.01%
25461A536,TSMZ,DIREXION SHARES ETF TRUST,71232,71232,505.04K,505.04K,NEW,<.01%
26923N389,ROBN,ETF OPPORTUNITIES TRUST,16561,16561,499.48K,499.48K,NEW,<.01%
030111207,AMSC,AMERICAN SUPERCONDUCTOR CORP,12020,12020,498.95K,498.95K,NEW,<.01%
109696104,BCO,BRINKS CO,5278,5278,498.72K,498.72K,NEW,<.01%
343498101,FLO,FLOWERS FOODS INC,98696,62746,779.7K,495.69K,+174.5%,<.01%
62886E108,VYX,NCR VOYIX CORPORATION,60369,60369,493.21K,493.22K,NEW,<.01%
26923N413,MSTZ,ETF OPPORTUNITIES TRUST,57317,31691,890.13K,492.16K,+123.7%,<.01%
68634K106,ORLA,ORLA MNG LTD NEW,63505,50186,621.71K,491.32K,+376.8%,<.01%
464287630,IWN,ISHARES TR,2221,2221,491.29K,491.29K,NEW,<.01%
G06973112,AUGO,AURA MINERALS INC,7801,7801,491.07K,491.07K,NEW,<.01%
775711104,ROL,ROLLINS INC,11759,11759,490.82K,490.82K,NEW,<.01%
29270J100,ERII,ENERGY RECOVERY INC,66819,54286,602.71K,489.66K,+433.1%,<.01%
745867101,PHM,PULTE GROUP INC,3558,3558,488.19K,488.19K,NEW,<.01%
562750109,MANH,MANHATTAN ASSOCIATES INC,3496,3496,486.82K,486.82K,NEW,<.01%
92189F411,BIZD,VANECK ETF TRUST,38177,38177,483.32K,483.32K,NEW,<.01%
70202L102,PSN,PARSONS CORP DEL,9214,9214,482.72K,482.72K,NEW,<.01%
20337X109,VISN,VISTANCE NETWORKS INC,37576,37576,480.22K,480.22K,NEW,<.01%
31188V100,FSLY,FASTLY INC,341210,26100,6.26M,479.2K,+8.3%,0.06%
78440X887,SLG,SL GREEN RLTY CORP,9254,9254,479.08K,479.08K,NEW,<.01%
264147109,DCO,DUCOMMUN INC DEL,2580,2580,477.84K,477.84K,NEW,<.01%
750940108,RAL,RALLIANT CORP,6474,6474,476.68K,476.68K,NEW,<.01%
26969P108,EXP,EAGLE MATLS INC,4130,2113,929.25K,475.43K,+104.8%,<.01%
88340F209,BEG,THEMES ETF TR,5683,5683,475.21K,475.21K,NEW,<.01%
617477104,EDD,MORGAN STANLEY EMERGING MKTS,80605,80605,473.96K,473.96K,NEW,<.01%
88340W517,SSPC,THEMES ETF TR,46047,46047,471.98K,471.98K,NEW,<.01%
05589G102,BWIN,THE BALDWIN INSURANCE GRP IN,17698,17698,470.41K,470.41K,NEW,<.01%
78464A755,XME,SPDR SERIES TRUST,4357,4357,465.89K,465.89K,NEW,<.01%
M7518J104,ODD,ODDITY TECH LTD,45383,30763,686.64K,465.44K,+210.4%,<.01%
056525108,BMI,BADGER METER INC,3135,3135,465.17K,465.17K,NEW,<.01%
86366E106,GPCR,STRUCTURE THERAPEUTICS INC,8618,8618,462.53K,462.53K,NEW,<.01%
901109108,TPC,TUTOR PERINI CORP,5551,5551,460.57K,460.57K,NEW,<.01%
65336K103,NXST,NEXSTAR MEDIA GROUP INC,2567,2567,458.44K,458.44K,NEW,<.01%
49926D109,KN,KNOWLES CORP,10992,10992,455.95K,455.95K,NEW,<.01%
53635D202,LQDA,LIQUIDIA CORPORATION,5716,5716,455.74K,455.74K,NEW,<.01%
81369Y886,XLU,SELECT SECTOR SPDR TR,10035,10035,454.99K,454.99K,NEW,<.01%
90400D108,RARE,ULTRAGENYX PHARMACEUTICAL IN,25535,13616,852.61K,454.64K,+114.2%,<.01%
N3168P101,FER,FERROVIAL NV,11427,6584,784.01K,451.73K,+135.9%,<.01%
377322102,GKOS,GLAUKOS CORP,3223,3223,450.45K,450.45K,NEW,<.01%
98390R102,XNDU,XANADU QUANTUM TECHNOLO LTD,37180,37180,450.25K,450.25K,NEW,<.01%
866796105,SLF,SUN LIFE FINANCIAL INC.,5727,5727,449.11K,449.11K,NEW,<.01%
80810D103,SDGR,SCHRODINGER INC,27243,27243,442.7K,442.7K,NEW,<.01%
044186104,ASH,ASHLAND INC,19787,6676,1.3M,439.88K,+50.9%,0.01%
04342Y104,ASAN,ASANA INC,129621,62745,907.35K,439.21K,+93.8%,<.01%
74347R107,SSO,PROSHARES TR,6418,6418,432.44K,432.44K,NEW,<.01%
02451V309,ABAT,AMERICAN BATTERY TECHNOLOGY,152686,152686,432.1K,432.1K,NEW,<.01%
89679M104,TFPM,TRIPLE FLAG PRECIOUS METAL,35328,14338,1.06M,429.71K,+68.3%,<.01%
451100101,IEP,ICAHN ENTERPRISES LP,59521,59521,429.15K,429.15K,NEW,<.01%
759530108,RELX,RELX PLC,13540,13540,428.81K,428.81K,NEW,<.01%
26210V102,DRVN,DRIVEN BRANDS HLDGS INC,30756,30756,428.74K,428.74K,NEW,<.01%
910873405,UMC,UNITED MICROELECTRONICS CORP,39242,15713,1.07M,427.55K,+66.8%,<.01%
38149W630,GPIQ,GOLDMAN SACHS ETF TR,7168,7168,425.13K,425.13K,NEW,<.01%
092508100,BTZ,BLACKROCK CR ALLOCATION,41558,41558,424.72K,424.72K,NEW,<.01%
26923N629,AAPX,ETF OPPORTUNITIES TRUST,13408,13408,424.63K,424.63K,NEW,<.01%
302491303,FMC,FMC CORP,69913,36892,804K,424.26K,+111.7%,<.01%
25278X109,FANG,DIAMONDBACK ENERGY INC,2406,2406,422.93K,422.93K,NEW,<.01%
87241L109,TFII,TFI INTERNATIONAL INC,2943,2943,422.53K,422.53K,NEW,<.01%
962166104,WY,WEYERHAEUSER CO,100064,17649,2.4M,422.52K,+21.4%,0.02%
640268306,NKTR,NEKTAR THERAPEUTICS,22412,6051,1.56M,422.42K,+37%,0.01%
120076104,BBW,BUILD-A-BEAR WORKSHOP INC,13786,13786,421.99K,421.99K,NEW,<.01%
G5784H106,MANU,MANCHESTER UTD PLC NEW,18367,18367,421.15K,421.16K,NEW,<.01%
11271J107,BN,BROOKFIELD CORP,9877,9877,420.66K,420.66K,NEW,<.01%
03938L203,MT,ARCELORMITTAL SA LUXEMBOURG,16172,6979,973.88K,420.28K,+75.9%,<.01%
524660107,LEG,LEGGETT & PLATT INC,35762,35762,418.77K,418.77K,NEW,<.01%
366505105,GTX,GARRETT MOTION INC,11553,11553,418.56K,418.56K,NEW,<.01%
57060D108,MKTX,MARKETAXESS HLDGS INC,3685,3685,418.21K,418.21K,NEW,<.01%
07272M107,BCML,BAYCOM CORP,12708,12708,418.09K,418.09K,NEW,<.01%
02361E108,AMRC,AMERESCO INC,15048,15048,415.32K,415.32K,NEW,<.01%
946784105,WAY,WAYSTAR HLDG CORP,20020,20020,411.01K,411.01K,NEW,<.01%
02156V109,OKLO,OKLO INC,7813,7813,408.85K,408.85K,NEW,<.01%
25461A445,PLTU,DIREXION SHARES ETF TRUST,16220,16220,408.74K,408.74K,NEW,<.01%
266042407,DUOT,DUOS TECHNOLOGIES GROUP INC,34033,34033,408.4K,408.4K,NEW,<.01%
760125104,RTO,RENTOKIL INITIAL PLC,21444,14272,613.51K,408.32K,+199%,<.01%
10922N103,BHF,BRIGHTHOUSE FINL INC,6426,6426,406.77K,406.77K,NEW,<.01%
358010106,FEIM,FREQUENCY ELECTRS INC,6056,6056,401.82K,401.82K,NEW,<.01%
70931T103,PMT,PENNYMAC MTG INVT TR,48196,35321,543.65K,398.42K,+274.3%,<.01%
00835T107,AVEX,AEVEX CORP,19057,19057,398.1K,398.1K,NEW,<.01%
74347G168,TWM,PROSHARES TR,50957,19135,1.05M,395.71K,+60.1%,<.01%
38747T583,MRAL,GRANITESHARES ETF TR,5544,5544,394.26K,394.26K,NEW,<.01%
25461A494,TECS,DIREXION SHARES ETF TRUST,104172,63777,641.7K,392.87K,+157.9%,<.01%
92864M301,BITX,VOLATILITY SHS TR,37924,37924,391.38K,391.38K,NEW,<.01%
942622200,WSO,WATSCO INC,937,937,390.48K,390.48K,NEW,<.01%
92511U102,VRRM,VERRA MOBILITY CORP,91545,91545,389.07K,389.07K,NEW,<.01%
46187W107,INVH,INVITATION HOMES INC,12838,12838,387.84K,387.84K,NEW,<.01%
78468R556,XOP,SPDR SERIES TRUST,2500,2500,385.65K,385.65K,NEW,<.01%
05463X106,AXGN,AXOGEN INC,8349,8349,385.64K,385.64K,NEW,<.01%
020398707,ALM,ALMONTY INDS INC,23122,23122,382.9K,382.9K,NEW,<.01%
881454102,IMSR,TERRESTRIAL ENERGY INC,74991,53834,530.94K,381.14K,+254.5%,<.01%
G1466R173,BORR,BORR DRILLING LTD,107068,92251,442.19K,381K,+622.6%,<.01%
46817M107,JXN,JACKSON FINANCIAL INC,3715,3715,380.38K,380.38K,NEW,<.01%
74347X823,UDOW,PROSHARES TR,56454,5402,3.96M,378.63K,+10.6%,0.04%
29280W109,NRGV,ENERGY VAULT HOLDINGS INC,115423,80104,543.64K,377.29K,+226.8%,<.01%
29382R107,EVC,ENTRAVISION COMMUNICATIONS C,38937,28932,507.74K,377.27K,+289.2%,<.01%
886364231,GRNY,TIDAL TRUST I,13559,13559,374.91K,374.91K,NEW,<.01%
55354G100,MSCI,MSCI INC,667,667,373.55K,373.55K,NEW,<.01%
74837P405,QUIK,QUICKLOGIC CORP,18696,18696,373.36K,373.36K,NEW,<.01%
761562503,DRNZ,REX ETF TR,16546,16546,372.62K,372.62K,NEW,<.01%
88636W247,IONZ,TIDAL TRUST II,144845,144845,372.25K,372.25K,NEW,<.01%
81617J301,WTTR,SELECT WATER SOLUTIONS INC,18527,18527,370.17K,370.17K,NEW,<.01%
46138W107,FXY,INVESCO CURRENCYSHARES,30341,6558,1.71M,370.13K,+27.6%,0.02%
172908105,CTAS,CINTAS CORP,6589,2168,1.12M,368.73K,+49%,0.01%
882927585,TSMG,THEMES ETF TR,7232,7232,368.38K,368.38K,NEW,<.01%
81282V100,PRKS,UNITED PARKS & RESORTS INC,7713,7713,368.22K,368.22K,NEW,<.01%
38747R512,VRTL,GRANITESHARES ETF TR,7050,7050,367.25K,367.25K,NEW,<.01%
88636Y789,XOVL,TIDAL TRUST II,15770,15770,365.39K,365.39K,NEW,<.01%
300426103,ECG,EVERUS CONSTR GROUP,2201,2201,365.26K,365.26K,NEW,<.01%
G65163100,JOBY,JOBY AVIATION INC,231436,40889,2.06M,364.73K,+21.5%,0.02%
78464A508,SPYV,SPDR SERIES TRUST,13600,5998,826.74K,364.62K,+78.9%,<.01%
38747R561,DLLL,GRANITESHARES ETF TR,14603,14603,364.49K,364.49K,NEW,<.01%
87288V101,TSSI,TSS INC DEL,68954,29525,848.13K,363.16K,+74.9%,<.01%
114340102,AZTA,AZENTA INC,14156,14156,361.26K,361.26K,NEW,<.01%
92337F107,VCYT,VERACYTE INC,6142,6142,360.72K,360.72K,NEW,<.01%
74022D407,PDS,PRECISION DRILLING CORP,4698,4698,360.15K,360.15K,NEW,<.01%
03211Q200,AMPG,AMPLITECH GROUP INC,51561,51561,358.87K,358.87K,NEW,<.01%
09249E101,BHK,BLACKROCK CORE BD TR,38877,38877,356.5K,356.5K,NEW,<.01%
371927104,GEL,GENESIS ENERGY L P,25155,25155,356.45K,356.45K,NEW,<.01%
900450206,TBCH,TURTLE BEACH CORP,28416,28416,353.78K,353.78K,NEW,<.01%
52603B107,TREE,LENDINGTREE INC,7964,7964,352.73K,352.73K,NEW,<.01%
922908736,VUG,VANGUARD INDEX FDS,18811,4094,1.62M,352.66K,+27.8%,0.01%
46152A213,BEZ,INVESTMENT MANAGERS SER TR I,31708,31708,351.96K,351.96K,NEW,<.01%
376535878,GLAD,GLADSTONE CAP CORP,18016,18016,349.87K,349.87K,NEW,<.01%
G39108108,GTES,GATES INDL CORP PLC,12489,12489,349.32K,349.32K,NEW,<.01%
453038408,IMO,IMPERIAL OIL LTD,3117,3117,349.17K,349.17K,NEW,<.01%
46152A486,JOBX,INVESTMENT MANAGERS SER TR I,19236,19236,348.17K,348.17K,NEW,<.01%
92847W103,VITL,VITAL FARMS INC,56338,29774,655.21K,346.27K,+112.1%,<.01%
87918A105,TDOC,TELADOC HEALTH INC,40508,40508,343.51K,343.51K,NEW,<.01%
10950A106,BTSG,BRIGHTSPRING HEALTH SVCS INC,4910,4910,342.42K,342.42K,NEW,<.01%
763165107,RELL,RICHARDSON ELECTRS LTD,18012,18012,342.41K,342.41K,NEW,<.01%
78137L105,RUM,RUM GROUP INC,64219,53992,407.15K,342.31K,+527.9%,<.01%
25460G179,ERY,DIREXION SHARES ETF TRUST,25972,25972,339.19K,339.19K,NEW,<.01%
46152A353,LITZ,INVESTMENT MANAGERS SER TR I,21318,21318,336.19K,336.19K,NEW,<.01%
92189F692,PPH,VANECK ETF TRUST,6329,3072,692.08K,335.92K,+94.3%,<.01%
91201T102,UGA,UNITED STS GASOLINE FD LP,3262,3262,335.89K,335.89K,NEW,<.01%
21077F100,CTGO,CONTANGO SILVER & GOLD INC,21241,21241,335.39K,335.39K,NEW,<.01%
36266G107,GEHC,GE HEALTHCARE TECHNOLOGIES I,34536,5172,2.21M,331.06K,+17.6%,0.02%
98980F104,GTM,ZOOMINFO TECHNOLOGIES INC,111902,111902,327.87K,327.87K,NEW,<.01%
090043100,BILL,BILL HOLDINGS INC,9066,9066,327.83K,327.83K,NEW,<.01%
293828877,XOVR,ENTREPRENEURSHARES SERIES TR,52261,15458,1.1M,325.39K,+42%,0.01%
967590209,WYY,WIDEPOINT CORP,18560,18560,324.8K,324.8K,NEW,<.01%
31556C106,FRVO,FERVO ENERGY CO,11064,11064,323.4K,323.4K,NEW,<.01%
37950E259,ARGT,GLOBAL X FDS,3537,3537,322.93K,322.93K,NEW,<.01%
55933J203,MX,MAGNACHIP SEMICONDUCTOR CORP,67909,67909,321.21K,321.21K,NEW,<.01%
88636Y854,RIOX,TIDAL TRUST II,5439,5439,320.79K,320.79K,NEW,<.01%
46152A288,SPCG,INVESTMENT MANAGERS SER TR I,18461,18461,317.9K,317.9K,NEW,<.01%
05946K101,BBVA,BANCO BILBAO VIZCAYA ARGENTA,12676,12676,317.66K,317.66K,NEW,<.01%
00776X109,ALMU,AELUMA INC,29895,14380,660.08K,317.51K,+92.7%,<.01%
22041X102,CRSR,CORSAIR GAMING INC,59493,32664,575.3K,315.86K,+121.7%,<.01%
78464A540,XTL,SPDR SERIES TRUST,1388,1388,315.76K,315.76K,NEW,<.01%
368802104,GAM,GENERAL AMERN INVS CO INC,4929,4929,314.22K,314.22K,NEW,<.01%
65473P105,NI,NISOURCE INC,6576,6576,312.69K,312.69K,NEW,<.01%
025932104,AFG,AMERICAN FINANCIAL GROUP INC,2217,2217,310.25K,310.25K,NEW,<.01%
194014502,ENOV,ENOVIS CORPORATION,14967,14967,309.82K,309.82K,NEW,<.01%
501889208,LKQ,LKQ CORP,11763,11763,309.72K,309.72K,NEW,<.01%
58039P305,MUX,MCEWEN INC.,61495,17057,1.11M,309.24K,+38.4%,0.01%
790148100,JOE,ST JOE CO,18264,4860,1.14M,304.38K,+36.3%,0.01%
675746606,ONIT,ONITY GROUP INC,15253,7633,606.31K,303.41K,+100.2%,<.01%
418056107,HAS,HASBRO INC,3664,3664,302.61K,302.61K,NEW,<.01%
371901109,GNTX,GENTEX CORP,11927,11927,301.39K,301.39K,NEW,<.01%
04956D107,ATMU,ATMUS FILTRATION TECHNOLOGIE,5893,5893,300.48K,300.48K,NEW,<.01%
74347X302,EET,PROSHARES TR,8207,2540,964.9K,298.63K,+44.8%,<.01%
09249W101,BLW,BLACKROCK LTD DURATION INCOM,23715,23715,296.2K,296.2K,NEW,<.01%
92937A102,WPP,WPP PLC NEW,19047,19047,295.04K,295.04K,NEW,<.01%
25461A361,PALD,DIREXION SHARES ETF TRUST,25009,25009,294.52K,294.52K,NEW,<.01%
52476L109,LGN,LEGENCE CORP,3453,3453,294.3K,294.3K,NEW,<.01%
40131M109,GH,GUARDANT HEALTH INC,13342,1955,2M,293.31K,+17.2%,0.02%
88076W103,TDC,TERADATA CORP DEL,8254,8254,286K,286K,NEW,<.01%
826165201,SIDU,SIDUS SPACE INC,101040,101040,283.92K,283.92K,NEW,<.01%
68404L201,OPCH,OPTION CARE HEALTH INC,13506,13506,283.22K,283.22K,NEW,<.01%
971378104,WSC,WILLSCOT HLDGS CORP,9799,9799,282.8K,282.8K,NEW,<.01%
464287614,IWF,ISHARES TR,2276,2276,282.61K,282.61K,NEW,<.01%
075887109,BDX,BECTON DICKINSON & CO,1856,1856,280.87K,280.87K,NEW,<.01%
500754106,KHC,KRAFT HEINZ CO,82793,11879,1.96M,280.58K,+16.8%,0.02%
26923N579,MSFX,ETF OPPORTUNITIES TRUST,19089,19089,279.85K,279.85K,NEW,<.01%
L00849106,AGRO,ADECOAGRO S A,29252,29252,279.36K,279.36K,NEW,<.01%
219948106,CPAY,CORPAY INC,837,837,278.95K,278.95K,NEW,<.01%
285409108,ELMD,ELECTROMED INC,6588,6588,278.67K,278.67K,NEW,<.01%
74317M104,PAL,PROFICIENT AUTO LOGISTICS IN,52315,40920,356.26K,278.67K,+359.1%,<.01%
981475106,WKC,WORLD KINECT CORPORATION,8451,8451,278.38K,278.38K,NEW,<.01%
294821608,ERIC,TELEFONAKTIEBOLAGET LM ERICS,24784,24784,276.34K,276.34K,NEW,<.01%
98148L746,BTCZ,WORLD FDS TR,41562,41562,275.97K,275.97K,NEW,<.01%
63945M107,NBBK,NB BANCORP INC,13027,13027,275.26K,275.26K,NEW,<.01%
447462102,HURN,HURON CONSULTING GROUP INC,3051,3051,275.08K,275.08K,NEW,<.01%
11133T103,BR,BROADRIDGE FINL SOLUTIONS IN,2001,2001,274.04K,274.04K,NEW,<.01%
830940102,SKWD,SKYWARD SPECIALTY INS GROUP,4689,4689,273.6K,273.6K,NEW,<.01%
754907103,RYN,RAYONIER INC,12804,12804,272.47K,272.47K,NEW,<.01%
68902V107,OTIS,OTIS WORLDWIDE CORP,9136,3795,654.14K,271.72K,+71.1%,<.01%
43283X105,HGV,HILTON GRAND VACATIONS INC,5171,5171,270.81K,270.81K,NEW,<.01%
00302L207,AWP,ABRDN GLOBAL PREMIER PPTYS F,22836,22836,270.38K,270.38K,NEW,<.01%
16411Q101,CQP,CHENIERE ENERGY PARTNERS L P,4387,4387,267.39K,267.39K,NEW,<.01%
831754106,SWBI,SMITH & WESSON BRANDS INC,29225,17742,439.54K,266.84K,+154.5%,<.01%
16935C109,CHYM,CHIME FINL INC,12967,12967,265.56K,265.56K,NEW,<.01%
084423102,WRB,BERKLEY W R CORP,3738,3738,263.64K,263.64K,NEW,<.01%
92852X103,VTS,VITESSE ENERGY INC,16649,16649,262.56K,262.56K,NEW,<.01%
49446R109,KIM,KIMCO REALTY CORP,10349,10349,262.35K,262.35K,NEW,<.01%
294429105,EFX,EQUIFAX INC,3166,1652,502.51K,262.21K,+109.1%,<.01%
G36738105,DMC,DEL MONTE CORP,9385,9385,261.94K,261.94K,NEW,<.01%
912932100,UNIT,UNITI GROUP LLC,35035,22794,401.85K,261.45K,+186.2%,<.01%
248019101,DLX,DELUXE CORP MEDIUM TERM NTS,10941,10941,261.27K,261.27K,NEW,<.01%
37954Y236,DTCR,GLOBAL X FDS,8556,8556,259.85K,259.85K,NEW,<.01%
419870100,HE,HAWAIIAN ELEC INDS INC MTN B,34215,19179,462.93K,259.49K,+127.6%,<.01%
83422N105,SLDP,SOLID POWER INC,178944,99945,463.46K,258.86K,+126.5%,<.01%
516544103,LNTH,LANTHEUS HLDGS INC,10061,2306,1.12M,255.83K,+29.7%,0.01%
G38644103,GCT,GIGACLOUD TECHNOLOGY INC,54501,8070,1.72M,255.01K,+17.4%,0.02%
44952J104,CRGY,CRESCENT ENERGY COMPANY,195114,25713,1.92M,252.5K,+15.2%,0.02%
279158109,EC,ECOPETROL S A,51667,17719,735.74K,252.32K,+52.2%,<.01%
25460G609,ERX,DIREXION SHARES ETF TRUST,8288,3304,631.63K,251.8K,+66.3%,<.01%
72201H108,PFL,PIMCO INCOME STRATEGY FD,31932,31932,251.62K,251.62K,NEW,<.01%
87876P201,TGEN,TECOGEN INC NEW,61800,48150,322.6K,251.34K,+352.7%,<.01%
117043109,BC,BRUNSWICK CORP,2983,2983,251.29K,251.29K,NEW,<.01%
88634T881,GDXY,TIDAL TRUST II,24860,24860,251.09K,251.09K,NEW,<.01%
40609P105,HNRG,HALLADOR ENERGY COMPANY,27672,14361,481.22K,249.74K,+107.9%,<.01%
65340P106,NXE,NEXGEN ENERGY LTD,26458,26458,248.44K,248.44K,NEW,<.01%
N85083108,NKLR,TERRA INNOVATUM GLOBAL NV,50248,50248,247.22K,247.22K,NEW,<.01%
00183L201,ANGI,ANGI INC,41509,41509,246.98K,246.98K,NEW,<.01%
69346J106,GHY,PGIM GLOBAL HIGH YIELD FD FO,20344,20344,246.16K,246.16K,NEW,<.01%
464287549,IGM,ISHARES TR,1495,1495,244.55K,244.55K,NEW,<.01%
39874R101,GO,GROCERY OUTLET HLDG CORP,42686,24491,426.01K,244.42K,+134.6%,<.01%
464286509,EWC,ISHARES INC,8642,4237,498.12K,244.22K,+96.2%,<.01%
46138E800,CQQQ,INVESCO EXCH TRADED FD TR II,4221,4221,240.72K,240.72K,NEW,<.01%
31738L206,FOA,FINANCE OF AMERICA COMPAN,8738,8738,240.47K,240.47K,NEW,<.01%
26923Q275,CIFU,ETF OPPORTUNITIES TRUST,7219,7219,240.47K,240.47K,NEW,<.01%
112830104,RA,BROOKFIELD REAL ASSETS INCOM,18613,18613,239.74K,239.74K,NEW,<.01%
09258A107,BIT,BLACKROCK MULTI SECTOR INC T,19088,19088,238.98K,238.98K,NEW,<.01%
705573103,PEGA,PEGASYSTEMS INC,7866,7866,235.74K,235.74K,NEW,<.01%
88636Y797,SPCL,TIDAL TRUST II,5089,5089,235.67K,235.67K,NEW,<.01%
892672106,TW,TRADEWEB MKTS INC,2363,2363,235.5K,235.5K,NEW,<.01%
500600101,KOPN,KOPIN CORP,124850,52556,559.33K,235.45K,+72.7%,<.01%
25862D105,DLY,DOUBLELINE YIELD OPPORTUNITI,16709,16709,235.1K,235.1K,NEW,<.01%
46152A320,AXTX,INVESTMENT MANAGERS SER TR I,16109,16109,234.71K,234.71K,NEW,<.01%
88634T857,APLY,TIDAL TRUST II,20281,20281,234.65K,234.65K,NEW,<.01%
12812C106,CPZ,CALAMOS LNG SHR EQT DYNAMIC,17816,17816,233.03K,233.03K,NEW,<.01%
38747R843,FBL,GRANITESHARES ETF TR,11118,11118,232.59K,232.59K,NEW,<.01%
G0450A105,ACGL,ARCH CAP GROUP LTD,2396,2396,232.56K,232.56K,NEW,<.01%
624580106,MOV,MOVADO GROUP INC,5857,5857,230.24K,230.24K,NEW,<.01%
783513203,RYAAY,RYANAIR HOLDINGS PLC,3554,3554,230.12K,230.12K,NEW,<.01%
M84137104,SMWB,SIMILARWEB LTD,37506,37506,229.91K,229.91K,NEW,<.01%
74350U302,UCOP,PROSHARES TR,5809,5809,229.73K,229.73K,NEW,<.01%
92865J729,XRPT,VOLATILITY SHS TR,10531,10531,229.16K,229.16K,NEW,<.01%
24906P109,XRAY,DENTSPLY SIRONA INC,21577,21577,228.93K,228.93K,NEW,<.01%
88340W525,SPCH,THEMES ETF TR,14900,14900,228.27K,228.27K,NEW,<.01%
61559X104,MLTX,MOONLAKE IMMUNOTHERAPEUTICS,23048,11696,448.75K,227.72K,+103%,<.01%
46152A247,CBRX,INVESTMENT MANAGERS SER TR I,13352,13352,227.38K,227.39K,NEW,<.01%
74347W338,VIXM,PROSHARES TR II,145260,15826,2.08M,227.1K,+12.2%,0.02%
004225108,ACAD,ACADIA PHARMACEUTICALS INC,8959,8959,226.66K,226.66K,NEW,<.01%
521865204,LEA,LEAR CORP,1687,1687,226.16K,226.16K,NEW,<.01%
452521107,IMMR,IMMERSION CORP,49621,33239,335.93K,225.03K,+202.9%,<.01%
464287499,IWR,ISHARES TR,7982,2022,880.57K,223.07K,+33.9%,<.01%
69121K104,OBDC,BLUE OWL CAPITAL CORPORATION,37726,20517,410.08K,223.02K,+119.2%,<.01%
09061G101,BMRN,BIOMARIN PHARMACEUTICAL INC,9467,3867,541.7K,221.27K,+69.1%,<.01%
913903100,UHS,UNIVERSAL HLTH SVCS INC,3149,1487,468.23K,221.1K,+89.5%,<.01%
92857W308,VOD,VODAFONE GROUP PLC,16683,16683,220.63K,220.63K,NEW,<.01%
10316T104,BOX,BOX INC,8296,8296,220.18K,220.18K,NEW,<.01%
358039105,FRPT,FRESHPET INC,3712,3712,219.45K,219.45K,NEW,<.01%
G33856108,GSM,FERROGLOBE PLC,78851,68805,250.75K,218.8K,+684.9%,<.01%
601137102,MRP,MILLROSE PPTYS INC,23108,7262,694.39K,218.22K,+45.8%,<.01%
301505889,EMQQ,EXCHANGE TRADED CONCEPTS TRU,6984,6984,217.92K,217.92K,NEW,<.01%
18482P103,CLFD,CLEARFIELD INC,5448,5448,216.78K,216.78K,NEW,<.01%
22266M104,COUR,COURSERA INC,242206,38169,1.37M,215.27K,+18.7%,0.01%
42806J700,HTZ,HERTZ GLOBAL HLDGS INC,188157,93967,426.18K,212.84K,+99.8%,<.01%
67074Y105,JRI,NUVEEN REAL ASSET INCOME & G,16409,16409,212.66K,212.66K,NEW,<.01%
70614W100,PTON,PELOTON INTERACTIVE INC,434666,35913,2.57M,212.25K,+9%,0.02%
00091G104,ACVA,ACV AUCTIONS INC,29503,29503,212.13K,212.13K,NEW,<.01%
59522J103,MAA,MID-AMER APT CMNTYS INC,8158,1523,1.13M,211.61K,+23%,0.01%
70014A104,PKE,PARK AEROSPACE CORP,5543,5543,211.52K,211.52K,NEW,<.01%
58463J304,MPT,MEDICAL PROPERTIES TRUST INC,45682,45682,211.05K,211.05K,NEW,<.01%
M5425M103,INMD,INMODE LTD,14312,14312,209.24K,209.24K,NEW,<.01%
G7500M104,RNW,RENEW ENERGY GLOBAL PLC,33263,33263,207.89K,207.89K,NEW,<.01%
384747101,GRAL,GRAIL INC,25053,3039,1.71M,207.47K,+13.8%,0.02%
52736R102,LEVI,LEVI STRAUSS & CO NEW,8352,8352,207.38K,207.38K,NEW,<.01%
76674Q107,RMNI,RIMINI STR INC DEL,48668,48668,207.33K,207.33K,NEW,<.01%
56146T103,MAMA,MAMAS CREATIONS INC,11490,11490,205.1K,205.1K,NEW,<.01%
04040Y109,ARIS,ARIS MINING CORPORATION,13694,13694,204.18K,204.18K,NEW,<.01%
46137V233,XLG,INVESCO EXCHANGE TRADED FD T,9327,3326,571.09K,203.65K,+55.4%,<.01%
46152A429,AAOX,INVESTMENT MANAGERS SER TR I,32330,6435,1.02M,203.41K,+24.9%,<.01%
12653C108,CNX,CNX RES CORP,5986,5986,203.1K,203.1K,NEW,<.01%
26923W199,RDWU,ETF OPPORTUNITIES TRUST,20384,20384,202.41K,202.41K,NEW,<.01%
023193105,AMBQ,AMBIQ MICRO INC,2291,2291,202.29K,202.29K,NEW,<.01%
88340W780,HUTG,THEMES ETF TR,6558,6558,201.67K,201.67K,NEW,<.01%
46140H403,DBO,INVESCO DB MULTI-SECTOR COMM,11409,11409,201.37K,201.37K,NEW,<.01%
G9600F104,VGNT,VERSIGENT PLC,4789,4789,201.19K,201.19K,NEW,<.01%
922042742,VT,VANGUARD INTL EQUITY INDEX F,1277,1277,200.43K,200.43K,NEW,<.01%
01644J108,ALKT,ALKAMI TECHNOLOGY INC,11056,11056,200.34K,200.34K,NEW,<.01%
74347G184,BITI,PROSHARES TR,67305,6889,1.95M,199.99K,+11.4%,0.02%
01881G106,AB,ALLIANCEBERNSTEIN HLDG L P,22586,5658,795.48K,199.27K,+33.4%,<.01%
05614L209,BW,BABCOCK & WILCOX ENTERPRISES,14076,14076,198.47K,198.47K,NEW,<.01%
313148306,AGM,FEDERAL AGRIC MTG CORP,4577,981,912.06K,195.48K,+27.3%,<.01%
38747T575,SMCL,GRANITESHARES ETF TR,28690,15620,350.59K,190.88K,+119.5%,<.01%
500081104,KDK,KODIAK AI INC.,37551,37551,190.76K,190.76K,NEW,<.01%
53681J103,LAC,LITHIUM AMERS CORP NEW,239176,49165,920.83K,189.29K,+25.9%,<.01%
M85548101,SSYS,STRATASYS LTD,21913,21913,187.57K,187.58K,NEW,<.01%
219798105,QDEL,QUIDELORTHO CORP,10707,10707,187.53K,187.53K,NEW,<.01%
G89479102,TRMD,TORM PLC,25275,7196,658.67K,187.53K,+39.8%,<.01%
92189F700,MOO,VANECK ETF TRUST,7552,2353,598.12K,186.36K,+45.3%,<.01%
95766A101,EMD,WESTERN ASSET EMERGING MKTS,17104,17104,183.7K,183.7K,NEW,<.01%
G4R20B107,INTR,INTER & CO INC,33701,33701,183K,183K,NEW,<.01%
142152107,CAI,CARIS LIFE SCIENCES INC,23148,10229,412.5K,182.28K,+79.2%,<.01%
000361105,AIR,AAR CORP,11019,1262,1.57M,180.38K,+12.9%,0.01%
22544F103,DHY,CREDIT SUISSE HIGH YIELD CRE,100441,100441,178.78K,178.78K,NEW,<.01%
46429B309,EIDO,ISHARES TR,15758,15758,178.22K,178.22K,NEW,<.01%
87261Y106,TMC,TMC THE METALS COMPANY INC,345823,40108,1.53M,177.68K,+13.1%,0.01%
71601V105,WOOF,PETCO HEALTH & WELLNESS CO I,117351,64580,319.19K,175.66K,+122.4%,<.01%
09174F107,XRP,BITWISE XRP ETF,28237,15037,329.24K,175.33K,+113.9%,<.01%
74467Q103,PUBM,PUBMATIC INC,50081,13239,657.06K,173.7K,+35.9%,<.01%
38747R595,TSDD,GRANITESHARES ETF TR,150834,24751,1.06M,173.5K,+19.6%,<.01%
882927429,PANG,THEMES ETF TR,21051,5432,671.62K,173.31K,+34.8%,<.01%
703481101,PTEN,PATTERSON-UTI ENERGY INC,18657,18657,171.27K,171.27K,NEW,<.01%
091947101,BTGO,BITGO HOLDINGS INC,33017,33017,171.03K,171.03K,NEW,<.01%
163072101,CAKE,CHEESECAKE FACTORY INC,20568,2145,1.64M,170.61K,+11.6%,0.02%
12448X201,BYRN,BYRNA TECHNOLOGIES INC,25388,25388,170.35K,170.35K,NEW,<.01%
98262P200,WW,WW INTL INC,10644,10644,170.09K,170.09K,NEW,<.01%
053906103,ASM,AVINO SILVER & GOLD MINES LT,26632,26632,168.85K,168.85K,NEW,<.01%
00162Q452,AMLP,ALPS ETF TR,22342,3236,1.16M,167.79K,+16.9%,0.01%
G1890L107,CPRI,CAPRI HOLDINGS LIMITED,73318,8964,1.36M,166.46K,+13.9%,0.01%
874080104,TAL,TAL ED GROUP,17385,17385,166.37K,166.37K,NEW,<.01%
248356107,DNN,DENISON MINES CORP,176512,54338,540.13K,166.27K,+44.5%,<.01%
09225M101,BSM,BLACK STONE MINERALS L P,11902,11902,166.27K,166.27K,NEW,<.01%
45569U101,INDI,INDIE SEMICONDUCTOR INC,36857,36857,165.49K,165.49K,NEW,<.01%
55445L100,MNR,MACH NATURAL RESOURCES LP,13009,13009,164.43K,164.43K,NEW,<.01%
25382K100,DMRC,DIGIMARC CORP,29830,19870,245.2K,163.33K,+199.5%,<.01%
00486H105,ADTN,ADTRAN HOLDINGS INC,24131,11702,335.42K,162.66K,+94.2%,<.01%
H5012F103,LAR,LITHIUM ARGENTINA AG,19634,19634,162.37K,162.37K,NEW,<.01%
88636X732,MSTY,TIDAL TRUST II,13240,13240,161.93K,161.93K,NEW,<.01%
808524102,SCHB,SCHWAB STRATEGIC TR,23489,5570,680.24K,161.31K,+31.1%,<.01%
09075V102,BNTX,BIONTECH SE,29282,1711,2.72M,159.21K,+6.2%,0.03%
12047B105,BMBL,BUMBLE INC,92437,49689,295.8K,159K,+116.2%,<.01%
25862V105,DV,DOUBLEVERIFY HLDGS INC,14600,14600,158.26K,158.26K,NEW,<.01%
48242W106,KBR,KBR INC,36909,4583,1.27M,158.25K,+14.2%,0.01%
M0740A108,DRTS,ALPHA TAU MEDICAL LTD,12434,12434,156.42K,156.42K,NEW,<.01%
882927395,PLTG,THEMES ETF TR,17337,17337,156.03K,156.03K,NEW,<.01%
456788108,INFY,INFOSYS LTD,14644,14644,153.62K,153.62K,NEW,<.01%
03212B103,AMPY,AMPLIFY ENERGY CORP NEW,38427,38427,152.94K,152.94K,NEW,<.01%
57142B104,MQ,MARQETA INC,74513,37613,302.52K,152.71K,+101.9%,<.01%
G3934V109,GENI,GENIUS SPORTS LIMITED,25066,25066,151.9K,151.9K,NEW,<.01%
46152A650,LITX,INVESTMENT MANAGERS SER TR I,28207,4372,973.42K,150.88K,+18.3%,<.01%
516548203,LTRX,LANTRONIX INC,25452,25452,149.66K,149.66K,NEW,<.01%
69553P100,PD,PAGERDUTY INC,15458,15458,149.17K,149.17K,NEW,<.01%
092915107,BZAI,BLAIZE HLDGS INC,107110,107110,147.81K,147.81K,NEW,<.01%
683712129,OPENW,OPENDOOR TECHNOLOGIES INC,31975,31975,147.72K,147.72K,NEW,<.01%
683712137,OPENL,OPENDOOR TECHNOLOGIES INC,31975,31975,147.72K,147.72K,NEW,<.01%
683712145,OPENZ,OPENDOOR TECHNOLOGIES INC,31975,31975,147.72K,147.72K,NEW,<.01%
26923Q465,CORD,ETF OPPORTUNITIES TRUST,26650,26650,146.31K,146.31K,NEW,<.01%
852312305,STAA,STAAR SURGICAL CO,23187,5077,665.24K,145.66K,+28%,<.01%
112463104,BKD,BROOKDALE SR LIVING INC,78589,8920,1.26M,143.52K,+12.8%,0.01%
26923N181,TSLZ,ETF OPPORTUNITIES TRUST,61312,13202,652.97K,140.6K,+27.4%,<.01%
00764C109,AVK,ADVENT CONV & INCOME FD,10715,10715,140.37K,140.37K,NEW,<.01%
88340C412,AAOG,THEMES ETF TR,19843,19843,140.09K,140.09K,NEW,<.01%
35969L108,YMM,FULL TRUCK ALLIANCE CO LTD,55562,16926,451.16K,137.44K,+43.8%,<.01%
G9108L173,TEN,TSAKOS ENERGY NAVIGATION LTD,56345,3855,1.99M,136.35K,+7.3%,0.02%
948596101,WB,WEIBO CORP,34997,18663,254.08K,135.49K,+114.3%,<.01%
222070203,COTY,COTY INC,169309,62664,365.71K,135.35K,+58.8%,<.01%
00288U106,ABCL,ABCELLERA BIOLOGICS INC,17205,17205,135.06K,135.06K,NEW,<.01%
85208P873,SLVR,SPROTT FDS TR,13010,2670,652.97K,134.01K,+25.8%,<.01%
55272X607,MFA,MFA FINL INC,13807,13807,133.79K,133.79K,NEW,<.01%
36118L106,FUTU,FUTU HLDGS LTD,54750,1423,5.13M,133.39K,+2.7%,0.05%
53946R106,LDI,LOANDEPOT INC,230960,106406,288.7K,133.01K,+85.4%,<.01%
64115T104,NTCT,NETSCOUT SYS INC,10227,3034,445.39K,132.13K,+42.2%,<.01%
60510V108,AVO,MISSION PRODUCE INC,11111,11111,131K,131K,NEW,<.01%
36866J105,GEMI,GEMINI SPACE STA INC,30572,30572,130.24K,130.24K,NEW,<.01%
G8726X106,TNK,TEEKAY TANKERS LTD,19248,2006,1.25M,130.13K,+11.6%,0.01%
349942102,FSM,FORTUNA MNG CORP,15097,15097,127.57K,127.57K,NEW,<.01%
50186V102,LPL,LG DISPLAY CO LTD,32721,32721,127.28K,127.28K,NEW,<.01%
238337109,PLAY,DAVE & BUSTERS ENTMT INC,11048,11048,125.95K,125.95K,NEW,<.01%
75585H206,REAX,THE REAL BROKERAGE INC,68743,68743,125.11K,125.11K,NEW,<.01%
73642K106,PTLO,PORTILLOS INC,244875,26351,1.16M,124.9K,+12.1%,0.01%
90138A103,VNET,VNET GROUP INC,188840,15491,1.52M,124.55K,+8.9%,0.01%
88636V678,OKLL,TIDAL TRUST II,25264,25264,124.05K,124.05K,NEW,<.01%
36116M106,FF,FUTUREFUEL CORP,41392,27264,187.09K,123.23K,+193%,<.01%
500688106,KOS,KOSMOS ENERGY LTD,565717,56844,1.19M,119.94K,+11.2%,0.01%
25490K281,EDC,DIREXION SHARES ETF TRUST,10577,1346,940.61K,119.7K,+14.6%,<.01%
31154R109,FPI,FARMLAND PARTNERS INC,12227,12227,118.36K,118.36K,NEW,<.01%
69380Q107,PACS,PACS GROUP INC,23405,2764,997.99K,117.86K,+13.4%,<.01%
25459Y694,FAS,DIREXION SHARES ETF TRUST,2654,791,390.62K,116.42K,+42.5%,<.01%
88340W798,ONDG,THEMES ETF TR,45115,34854,150.23K,116.06K,+339.7%,<.01%
26923Q457,CRCD,ETF OPPORTUNITIES TRUST,88060,16487,615.54K,115.24K,+23%,<.01%
032037103,AP,AMPCO-PITTSBURG CORP,13316,13316,115.18K,115.18K,NEW,<.01%
02927U208,AREC,AMERICAN RES CORP,133251,52453,286.49K,112.77K,+64.9%,<.01%
03044L204,AMWL,AMERICAN WELL CORP,12333,12333,112.48K,112.48K,NEW,<.01%
302635206,FSK,FS KKR CAP CORP,10700,10700,112.35K,112.35K,NEW,<.01%
25525P107,DHC,DIVERSIFIED HEALTHCARE TR,11950,11950,111.14K,111.14K,NEW,<.01%
M15342104,AUDC,AUDIOCODES LTD,11393,11393,110.28K,110.28K,NEW,<.01%
55955D100,MGNI,MAGNITE INC,33508,5734,635.98K,108.83K,+20.6%,<.01%
74276L105,PRCT,PROCEPT BIOROBOTICS CORP,24495,4598,553.1K,103.82K,+23.1%,<.01%
68554V108,OSUR,ORASURE TECHNOLOGIES INC,46650,23133,208.06K,103.17K,+98.4%,<.01%
26923N173,MSTU,ETF OPPORTUNITIES TRUST,62870,62870,101.85K,101.85K,NEW,<.01%
G75398100,RZLV,REZOLVE AI PLC,216841,32197,683.05K,101.42K,+17.4%,<.01%
55318A108,MNTN,MNTN INC,10731,10731,98.72K,98.72K,NEW,<.01%
585464100,MLCO,MELCO RESORTS AND ENTMNT LTD,18451,18451,97.24K,97.24K,NEW,<.01%
45780L104,INGN,INOGEN INC,14763,14763,95.22K,95.22K,NEW,<.01%
88636W171,RKLZ,TIDAL TRUST II,37379,37379,94.19K,94.19K,NEW,<.01%
464286640,ECH,ISHARES INC,9181,2335,364.49K,92.7K,+34.1%,<.01%
09257W100,BXMT,BLACKSTONE MORTGAGE TRUST IN,52945,5409,897.42K,91.68K,+11.4%,<.01%
95766K109,HIO,WESTERN ASSET HIGH INCOME OP,24666,24666,89.78K,89.78K,NEW,<.01%
53216B104,LFMD,LIFEMD INC,82076,21522,338.97K,88.89K,+35.5%,<.01%
009496100,AIRS,AIRSCULPT TECHNOLOGIES INC,19643,19643,88.39K,88.39K,NEW,<.01%
26923Q564,BMNU,ETF OPPORTUNITIES TRUST,130984,130984,87.5K,87.5K,NEW,<.01%
059460303,BBD,BANCO BRADESCO S A,62703,24621,217.58K,85.43K,+64.7%,<.01%
91851C201,EGY,VAALCO ENERGY INC,16707,16707,84.87K,84.87K,NEW,<.01%
18914E106,GLO,CLOUGH GLOBAL OPPORTUNITIES,13436,13436,82.23K,82.23K,NEW,<.01%
690732102,ACH,ACCENDRA HEALTH INC,42255,23812,144.51K,81.44K,+129.1%,<.01%
02156K103,OPTU,OPTIMUM COMMUNICATIONS INC,55803,55803,80.91K,80.91K,NEW,<.01%
88688T209,TLRY,TILRAY BRANDS INC,18004,18004,80.84K,80.84K,NEW,<.01%
359678109,FLL,FULL HSE RESORTS INC,28824,28824,80.42K,80.42K,NEW,<.01%
860630102,SF,STIFEL FINL CORP,7290,1143,508.62K,79.75K,+18.6%,<.01%
753422104,RPD,RAPID7 INC,44820,9780,363.04K,79.22K,+27.9%,<.01%
59516C106,MVST,MICROVAST HOLDINGS INC,249491,66538,291.9K,77.85K,+36.4%,<.01%
00971T101,AKAM,AKAMAI TECHNOLOGIES INC,9954,638,1.18M,75.42K,+6.8%,0.01%
G17977110,BUR,BURFORD CAPITAL LIMITED,18180,18180,74.54K,74.54K,NEW,<.01%
25461A395,AMDD,DIREXION SHARES ETF TRUST,88908,27438,235.61K,72.71K,+44.6%,<.01%
G9471C206,EVTL,VERTICAL AEROSPACE LTD,41738,41738,72.62K,72.62K,NEW,<.01%
12510Q100,CCC,CCC INTELLIGENT SOLUTIONS HL,13958,13958,72.02K,72.02K,NEW,<.01%
62878D100,NABL,N-ABLE INC,19300,19300,70.83K,70.83K,NEW,<.01%
92337U302,TONX,TON STRATEGY CO,27679,27679,70.58K,70.58K,NEW,<.01%
64107A105,NPWR,NET POWER INC,41449,41449,69.22K,69.22K,NEW,<.01%
00770K202,AMTX,AEMETIS INC,42206,42206,69.22K,69.22K,NEW,<.01%
909214306,UIS,UNISYS CORP,18803,18803,68.82K,68.82K,NEW,<.01%
49177J102,KVUE,KENVUE INC,84702,3414,1.62M,65.24K,+4.2%,0.01%
37364X109,GEOS,GEOSPACE TECHNOLOGIES CORP,23132,9634,156.6K,65.22K,+71.4%,<.01%
25460G187,CWEB,DIREXION SHARES ETF TRUST,33264,3447,628.69K,65.15K,+11.6%,<.01%
88636V652,RGTZ,TIDAL TRUST II,26676,17470,99.08K,64.89K,+189.8%,<.01%
45782B302,INSG,INSEEGO CORP,18699,6168,193.16K,63.72K,+49.2%,<.01%
78163D100,RWAY,RUNWAY GROWTH FINANCE CORP,11354,11354,63.7K,63.7K,NEW,<.01%
021513106,ALTO,ALTO INGREDIENTS INC,11091,11091,63.22K,63.22K,NEW,<.01%
35953C106,FIP,FTAI INFRASTRUCTURE INC,13234,13234,61.41K,61.41K,NEW,<.01%
78781J109,SAIL,SAILPOINT INC,24271,4158,355.33K,60.87K,+20.7%,<.01%
19239V302,CCOI,COGENT COMM HOLDINGS INC,50535,4364,701.43K,60.57K,+9.5%,<.01%
249906108,DSGX,DESCARTES SYS GROUP INC,4093,867,283.4K,60.03K,+26.9%,<.01%
032108649,SILJ,AMPLIFY ETF TR,28893,2309,748.91K,59.85K,+8.7%,<.01%
039697107,ARDX,ARDELYX INC,36248,11525,184.87K,58.78K,+46.6%,<.01%
98956P102,ZBH,ZIMMER BIOMET HOLDINGS INC,6787,673,584.29K,57.94K,+11%,<.01%
74765K105,QSI,QUANTUM SI INC,285758,64882,252.9K,57.42K,+29.4%,<.01%
03843E104,AQST,AQUESTIVE THERAPEUTICS INC,13584,13584,56.51K,56.51K,NEW,<.01%
462260100,IOVA,IOVANCE BIOTHERAPEUTICS INC,13200,13200,54.91K,54.91K,NEW,<.01%
78397Q109,SES,SES AI CORPORATION,127841,57065,122.75K,54.79K,+80.6%,<.01%
47100L111,DFDVW,DEFI DEVELOPMENT CORP,18241,18241,53.63K,53.63K,NEW,<.01%
88636W262,SMCZ,TIDAL TRUST II,12875,5940,116K,53.52K,+85.7%,<.01%
29082K105,EMBC,EMBECTA CORP,15772,15772,51.42K,51.42K,NEW,<.01%
349932103,FWDI,FORWARD INDUSTRIES INC,11987,11987,50.59K,50.59K,NEW,<.01%
50125G307,KULR,KULR TECHNOLOGY GROUP INC,40659,13227,154.91K,50.39K,+48.2%,<.01%
055869101,BTQ,BTQ TECHNOLOGIES CORP,25445,8480,137.15K,45.71K,+50%,<.01%
651587107,NEU,NEWMARKET CORP,470,56,371.88K,44.31K,+13.5%,<.01%
74766Q101,QTRX,QUANTERIX CORP,10214,10214,44.12K,44.12K,NEW,<.01%
716382106,PETS,PETMED EXPRESS INC,22924,22924,44.01K,44.01K,NEW,<.01%
053807103,AVT,AVNET INC,3796,495,337.16K,43.97K,+15%,<.01%
172406308,CNVS,CINEVERSE CORP,13907,13907,41.3K,41.3K,NEW,<.01%
36352H100,GAU,GALIANO GOLD INC,22055,22055,41.24K,41.24K,NEW,<.01%
76680V108,REI,RING ENERGY INC,37715,37715,40.73K,40.73K,NEW,<.01%
66979W842,NMG,NOUVEAU MONDE GRAPHITE INC,26528,26528,39.79K,39.79K,NEW,<.01%
89677Y100,TPVG,TRIPLEPOINT VENTURE GROWTH B,21431,7902,105.23K,38.8K,+58.4%,<.01%
37611X209,DNA,GINKGO BIOWORKS HOLDINGS INC,24311,3810,240.92K,37.76K,+18.6%,<.01%
46092D202,QBTX,INVESTMENT MANAGERS SER TR I,23708,2518,355.15K,37.72K,+11.9%,<.01%
12430A300,BZFD,BUZZFEED INC,25633,25633,37.42K,37.42K,NEW,<.01%
22890A302,ORBS,EIGHTCO HOLDINGS INC,123859,53763,86.14K,37.39K,+76.7%,<.01%
374396406,GEVO,GEVO INC,43111,24117,64.67K,36.18K,+127%,<.01%
81761L102,SVC,SERVICE PPTYS TR,20735,20735,35.04K,35.04K,NEW,<.01%
205750409,LODE,COMSTOCK INC,83692,8284,348.16K,34.46K,+11%,<.01%
97717X651,DGRS,WISDOMTREE TR,5146,567,305.44K,33.65K,+12.4%,<.01%
92921W300,VUZI,VUZIX CORP,23235,11418,67.38K,33.11K,+96.6%,<.01%
36170N107,GCTS,GCT SEMICONDUCTOR HLDG INC,10700,10700,31.78K,31.78K,NEW,<.01%
84858T772,EUAD,SPINNAKER ETF SERIES,7032,746,296.61K,31.47K,+11.9%,<.01%
38268T103,GPRO,GOPRO INC,192886,36622,150.06K,28.49K,+23.4%,<.01%
72814P109,PLBY,PLAYBOY INC,34415,23314,41.99K,28.44K,+210%,<.01%
244916102,DEFT,DEFI TECHNOLOGIES INC,121742,52100,62.6K,26.79K,+74.8%,<.01%
871829107,SYY,SYSCO CORP,8759,313,732.08K,26.16K,+3.7%,<.01%
74969N103,RLX,RLX TECHNOLOGY INC,13368,13368,25.4K,25.4K,NEW,<.01%
68571X301,ORC,ORCHID IS CAP INC,26747,3582,186.43K,24.97K,+15.5%,<.01%
50101L106,DNUT,KRISPY KREME INC,44646,7025,157.6K,24.8K,+18.7%,<.01%
05508R106,BGS,B & G FOODS INC,39406,6145,156.84K,24.46K,+18.5%,<.01%
06684L103,BZUN,BAOZUN INC,31069,8352,87.92K,23.64K,+36.8%,<.01%
91823B109,UWMC,UWM HOLDINGS CORPORATION,91434,10288,209.38K,23.56K,+12.7%,<.01%
76169C100,REXR,REXFORD INDL RLTY INC,15711,702,526.32K,23.52K,+4.7%,<.01%
71948P209,PHUN,PHUNWARE INC,11322,11322,23.21K,23.21K,NEW,<.01%
918090101,UTZ,UTZ BRANDS INC,21252,2994,163.64K,23.05K,+16.4%,<.01%
205826209,CMTL,COMTECH TELECOMMUNICATIONS C,10907,10907,22.91K,22.91K,NEW,<.01%
525327102,LDOS,LEIDOS HOLDINGS INC,4501,216,463.47K,22.24K,+5%,<.01%
25460G328,DRIP,DIREXION SHARES ETF TRUST,47602,3832,254.67K,20.5K,+8.8%,<.01%
G98239109,XP,XP INC,19621,1215,319.04K,19.76K,+6.6%,<.01%
05964H105,SAN,BANCO SANTANDER SA,36740,1417,507.01K,19.55K,+4%,<.01%
42225T107,HCAT,HEALTH CATALYST INC,28163,9712,56.04K,19.33K,+52.6%,<.01%
92347M100,VERI,VERITONE INC,49936,13822,68.41K,18.94K,+38.3%,<.01%
26923Q614,CCUP,ETF OPPORTUNITIES TRUST,87079,12180,129.75K,18.15K,+16.3%,<.01%
674870506,OPTT,OCEAN PWR TECHNOLOGIES INC,103241,68900,27.05K,18.05K,+200.6%,<.01%
M70700105,NNOX,NANO X IMAGING LTD,81052,14851,94.02K,17.23K,+22.4%,<.01%
80359A205,PDYN,PALLADYNE AI CORP,16790,2804,102.08K,17.05K,+20%,<.01%
103002101,BWMN,BOWMAN CONSULTING GROUP LTD,25435,535,742.7K,15.62K,+2.1%,<.01%
28238P109,EHTH,EHEALTH INC,10003,10003,14.9K,14.9K,NEW,<.01%
250565108,DBI,DESIGNER BRANDS INC,12758,2476,74.38K,14.44K,+24.1%,<.01%
98585L100,YRD,YIREN DIGITAL LTD,14917,14917,12.47K,12.47K,NEW,<.01%
588056101,MERC,MERCER INTL INC,18432,18432,12.16K,12.16K,NEW,<.01%
256086109,DCGO,DOCGO INC,37430,21000,19.32K,10.84K,+127.8%,<.01%
75700L108,RRR,RED ROCK RESORTS INC,4231,158,275.27K,10.28K,+3.9%,<.01%
55262C100,MBI,MBIA INC,88511,1517,577.09K,9.89K,+1.7%,<.01%
89621C105,TMQ,TRILOGY METALS INC NEW,97996,2739,343.97K,9.61K,+2.9%,<.01%
07317Q105,BTE,BAYTEX ENERGY CORP,18148,2248,72.59K,8.99K,+14.1%,<.01%
74349Y704,BITU,PROSHARES TR,27692,1014,224.86K,8.23K,+3.8%,<.01%
157085101,CERS,CERUS CORP,15230,2693,44.47K,7.86K,+21.5%,<.01%
G6564A105,NOMD,NOMAD FOODS LTD,17500,709,191.62K,7.76K,+4.2%,<.01%
30052F100,EVGO,EVGO INC,150844,3640,288.11K,6.95K,+2.5%,<.01%
G61188127,LBTYK,LIBERTY GLOBAL LTD,15788,575,173.67K,6.33K,+3.8%,<.01%
59982U200,SUIG,SUI GROUP HOLDINGS LIMITED,23887,5035,27.71K,5.84K,+26.7%,<.01%
74350P485,RXD,PROSHARES TR,12592,318,214.06K,5.41K,+2.6%,<.01%
134748102,CAN,CANAAN INC,381250,15465,109.46K,4.44K,+4.2%,<.01%
461147100,INTT,INTEST CORP,15374,244,279.35K,4.43K,+1.6%,<.01%
74347G366,REK,PROSHARES TR,19320,272,301.96K,4.25K,+1.4%,<.01%
09352U108,BLND,BLEND LABS INC,51074,2444,87.34K,4.18K,+5%,<.01%
31810T101,FINV,FINVOLUTION GROUP,37682,848,180.5K,4.06K,+2.3%,<.01%
39959A205,UPXI,UPEXI INC,52768,4698,41.38K,3.68K,+9.8%,<.01%
405217100,HAIN,HAIN CELESTIAL GROUP INC,28369,6300,15.89K,3.53K,+28.5%,<.01%
23248B109,CXAI,CXAPP INC,11800,11800,2.2K,2.2K,NEW,<.01%
816307300,SLQT,SELECTQUOTE INC,15472,2090,13.01K,1.76K,+15.6%,<.01%
759419104,REKR,REKOR SYSTEMS INC,101393,2100,70.46K,1.46K,+2.1%,<.01%
92922P106,WTI,W & T OFFSHORE INC,12597,422,39.68K,1.33K,+3.5%,<.01%
64081V109,NRDY,NERDY INC,14588,500,13.36K,458.05,+3.5%,<.01%
85207Q104,SPPP,SPROTT ASSET MANAGEMENT LP,3002396,0,37.38M,0,NO CHANGE,0.34%
464287697,IDU,ISHARES TR,7000,0,802.27K,0,NO CHANGE,<.01%
78468R770,ONEY,SPDR SERIES TRUST,2225,0,285.02K,0,NO CHANGE,<.01%
74347R180,UST,PROSHARES TR,5353,0,226.43K,0,NO CHANGE,<.01%
50105F105,KRO,KRONOS WORLDWIDE INC,10344,-3,65.48K,-18.99,-0%,<.01%
G9087Q102,TROX,TRONOX HOLDINGS PLC,56732,-272,357.41K,-1.71K,-0.5%,<.01%
62857J201,MYO,MYOMO INC,20474,-1826,21.29K,-1.9K,-8.2%,<.01%
105861306,ATLX,ATLAS LITHIUM CORP,27457,-544,101.32K,-2.01K,-1.9%,<.01%
594960304,MVIS,MICROVISION INC DEL,316654,-6763,103.55K,-2.21K,-2.1%,<.01%
927926303,VGZ,VISTA GOLD CORP,28987,-1898,55.37K,-3.63K,-6.1%,<.01%
74349Y100,EETH,PROSHARES TR,13025,-225,250.6K,-4.33K,-1.7%,<.01%
75574U101,RC,READY CAPITAL CORP,20758,-2823,36.33K,-4.94K,-12%,<.01%
528877103,LX,LEXINFINTECH HLDGS LTD,37437,-3104,73.75K,-6.11K,-7.7%,<.01%
714157203,PESI,PERMA-FIX ENVIRONMENTAL SVCS,16465,-468,235.28K,-6.69K,-2.8%,<.01%
09354A100,BLNK,BLINK CHARGING CO,0,-11797,0,-6.69K,CLOSE,0%
64782A107,NEWP,NEW PAC METALS CORP,16746,-1700,67.32K,-6.83K,-9.2%,<.01%
09073N300,STEX,STREAMEX CORP,29727,-8873,25.28K,-7.54K,-23%,<.01%
15643U104,LEU,CENTRUS ENERGY CORP,4376,-47,734.6K,-7.89K,-1.1%,<.01%
76122Q105,RGP,RESOURCES CONNECTION INC,16194,-1982,68.82K,-8.42K,-10.9%,<.01%
063679559,BULZ,BANK MONTREAL MEDIUM,10120,-220,400.45K,-8.71K,-2.1%,<.01%
392709101,GRBK,GREEN BRICK PARTNERS INC,3097,-109,247.88K,-8.72K,-3.4%,<.01%
163092109,CHGG,CHEGG INC,0,-12879,0,-9.55K,CLOSE,0%
68375N103,OPK,OPKO HEALTH INC,0,-10874,0,-12.4K,CLOSE,0%
47580P103,JELD,JELD-WEN HLDG INC,0,-10108,0,-12.53K,CLOSE,0%
59935V107,MIST,MILESTONE PHARMACEUTICALS IN,0,-10943,0,-13.02K,CLOSE,0%
46092D384,TSLQ,INVESTMENT MANAGERS SER TR I,38138,-804,634.24K,-13.37K,-2.1%,<.01%
91702V101,UROY,URANIUM RTY CORP,18063,-4917,50.22K,-13.67K,-21.4%,<.01%
98419E108,XNET,XUNLEI LTD,13168,-2571,73.67K,-14.38K,-16.3%,<.01%
64131A105,STIM,NEURONETICS INC,14566,-12728,18.94K,-16.55K,-46.6%,<.01%
05581M404,BTCS,BTCS INC,0,-12524,0,-17.41K,CLOSE,0%
00373V100,ABVEF,ABOVE FOOD INGREDIENTS INC,0,-17691,0,-17.87K,CLOSE,0%
39986L109,GRWG,GROWGENERATION CORP,0,-17179,0,-18.9K,CLOSE,0%
003881307,ACTG,ACACIA RESH CORP,17544,-4076,81.75K,-18.99K,-18.9%,<.01%
96328L205,UP,WHEELS UP EXPERIENCE INC,0,-37074,0,-19.15K,CLOSE,0%
67577C105,OCGN,OCUGEN INC,0,-11569,0,-20.94K,CLOSE,0%
015857105,AQN,ALGONQUIN POWER & UTILITIES,15941,-3574,93.41K,-20.94K,-18.3%,<.01%
M9607U115,VLN,VALENS SEMICONDUCTOR LTD,54508,-9459,123.19K,-21.38K,-14.8%,<.01%
379577208,GMED,GLOBUS MED INC,3548,-272,280.33K,-21.49K,-7.1%,<.01%
49456W105,KLC,KINDERCARE LEARNING COMPANIE,0,-10001,0,-22K,CLOSE,0%
38387Q105,PEW,GRABAGUN DIGITAL HLDGS INC,50350,-9813,114.8K,-22.37K,-16.3%,<.01%
423403104,MOMO,HELLO GROUP INC,19839,-3891,115.07K,-22.57K,-16.4%,<.01%
74348T102,PSEC,PROSPECT CAP CORP,90476,-10766,209K,-24.87K,-10.6%,<.01%
09259E108,TCPC,BLACKROCK TCP CAPITAL CORP,13301,-7778,44.69K,-26.13K,-36.9%,<.01%
925283103,VSNT,VERSANT MEDIA GROUP INC,26515,-730,954.8K,-26.29K,-2.7%,<.01%
49457M106,NAKA,NAKAMOTO INC,0,-121846,0,-26.92K,CLOSE,0%
63938C108,NAVI,NAVIENT CORPORATION,14186,-3242,120.72K,-27.59K,-18.6%,<.01%
374275105,GETY,GETTY IMAGES HOLDINGS INC,0,-36378,0,-28.86K,CLOSE,0%
00214Q708,ARKF,ARK ETF TR,13965,-776,551.06K,-30.62K,-5.3%,<.01%
02155H200,ALT,ALTIMMUNE INC,0,-10004,0,-30.81K,CLOSE,0%
04965M106,ATAT,ATOUR LIFESTYLE HLDGS LTD,9627,-976,306.14K,-31.04K,-9.2%,<.01%
G6964L206,PSFE,PAYSAFE LIMITED,12903,-4351,96.39K,-32.5K,-25.2%,<.01%
961684206,WWR,WESTWATER RES INC,42051,-67900,21.24K,-34.29K,-61.8%,<.01%
25445D101,DDL,DINGDONG CAYMAN LTD,0,-13520,0,-34.75K,CLOSE,0%
56400P706,MNKD,MANNKIND CORP,0,-14238,0,-34.88K,CLOSE,0%
034948109,ANGX,ANGEL STUDIOS INC.,11690,-9586,42.9K,-35.18K,-45.1%,<.01%
78573M104,SABR,SABRE CORP,32245,-16853,67.39K,-35.22K,-34.3%,<.01%
644393100,NFE,NEW FORTRESS ENERGY INC,0,-61246,0,-36.13K,CLOSE,0%
M1R95N100,ARBE,ARBE ROBOTICS LTD,143115,-44327,118.78K,-36.79K,-23.6%,<.01%
83125X103,SNBRQ,SLEEP NUMBER CORP,0,-20638,0,-37.05K,CLOSE,0%
98212N107,WRAP,WRAP TECHNOLOGIES INC,11044,-28839,14.25K,-37.2K,-72.3%,<.01%
85209W109,SPT,SPROUT SOCIAL INC,16168,-5010,122.07K,-37.83K,-23.7%,<.01%
29259W700,EU,ENCORE ENERGY CORP,0,-21178,0,-38.12K,CLOSE,0%
45073V108,ITT,ITT INC,5016,-194,991.96K,-38.37K,-3.7%,<.01%
415858109,HROW,HARROW INC,20877,-912,886.65K,-38.73K,-4.2%,<.01%
690145206,OM,OUTSET MED INC,0,-10325,0,-39.65K,CLOSE,0%
105368203,BDN,BRANDYWINE RLTY TR,11037,-12996,34.99K,-41.2K,-54.1%,<.01%
803607100,SRPT,SAREPTA THERAPEUTICS INC,11546,-2349,207.48K,-42.21K,-16.9%,<.01%
65345M108,NXDR,NEXTDOOR HOLDINGS INC,27581,-18639,62.61K,-42.31K,-40.3%,<.01%
138035704,CGC,CANOPY GROWTH CORPORATION,0,-45504,0,-43.19K,CLOSE,0%
74348A210,RWM,PROSHARES TR,104805,-3275,1.39M,-43.52K,-3%,0.01%
29261A100,EHC,ENCOMPASS HEALTH CORP,7638,-431,772.05K,-43.57K,-5.3%,<.01%
002205102,AZ,A2Z CUST2MATE SOLUTIONS CORP,16484,-7507,95.94K,-43.69K,-31.3%,<.01%
05580M108,RILY,BRC GROUP HOLDINGS INC,27619,-5580,222.06K,-44.86K,-16.8%,<.01%
G38327105,GPRK,GEOPARK LTD,23279,-5132,211.84K,-46.7K,-18.1%,<.01%
64440N103,NFGC,NEW FOUND GOLD CORP,0,-24100,0,-46.75K,CLOSE,0%
559663109,MGY,MAGNOLIA OIL & GAS CORP,15129,-1829,387K,-46.79K,-10.8%,<.01%
42981E401,HITI,HIGH TIDE INC,12132,-20748,27.66K,-47.31K,-63.1%,<.01%
431284108,HIW,HIGHWOODS PPTYS INC,43001,-1633,1.3M,-49.25K,-3.7%,0.01%
023139884,OSG,OCTAVE SPECIALTY GROUP INC,0,-10897,0,-50.67K,CLOSE,0%
Y2188B108,DLNG,DYNAGAS LNG PARTNERS LP,0,-11962,0,-51.2K,CLOSE,0%
443628102,HBM,HUDBAY MINERALS INC,29889,-2179,705.68K,-51.45K,-6.8%,<.01%
53224K302,LTBR,LIGHTBRIDGE CORP,30007,-5905,263.76K,-51.91K,-16.4%,<.01%
72765Q882,PLG,PLATINUM GROUP METALS LTD,43184,-38755,58.3K,-52.32K,-47.3%,<.01%
G96629103,WTW,WILLIS TOWERS WATSON PLC LTD,1123,-203,293.52K,-53.06K,-15.3%,<.01%
18538R103,CLW,CLEARWATER PAPER CORP,10059,-3410,157.72K,-53.47K,-25.3%,<.01%
860897107,SFIX,STITCH FIX INC,0,-17094,0,-56.58K,CLOSE,0%
83307B101,SNDL,SNDL INC,123101,-42231,166.19K,-57.01K,-25.5%,<.01%
464287309,IVW,ISHARES TR,5070,-415,697.28K,-57.07K,-7.6%,<.01%
45337C102,INCY,INCYTE CORP,3945,-509,447.2K,-57.7K,-11.4%,<.01%
81752R100,SRG,SERITAGE GROWTH PPTYS,0,-20667,0,-58.07K,CLOSE,0%
690370101,NXH,BED BATH & BEYOND INC,76027,-10169,440.2K,-58.88K,-11.8%,<.01%
02462A104,ABTC,AMERICAN BITCOIN CORP.,73305,-87473,49.93K,-59.58K,-54.4%,<.01%
45784M108,INV,INNVENTURE INC,0,-15894,0,-62.15K,CLOSE,0%
98936T208,ZENA,ZENATECH INC,13496,-41690,20.24K,-62.53K,-75.5%,<.01%
48251K100,KREF,KKR REAL ESTATE FIN TR INC,0,-10309,0,-63.09K,CLOSE,0%
98422E103,XERS,XERIS BIOPHARMA HOLDINGS INC,0,-10881,0,-63.11K,CLOSE,0%
52567D107,LMND,LEMONADE INC,6316,-983,410.86K,-63.94K,-13.5%,<.01%
45773H409,INO,INOVIO PHARMACEUTICALS INC,0,-37889,0,-65.93K,CLOSE,0%
750102105,RXT,RACKSPACE TECHNOLOGY INC,0,-67826,0,-66.46K,CLOSE,0%
47100L301,DFDV,DEFI DEVELOPMENT CORP,0,-20494,0,-67.42K,CLOSE,0%
284902509,EGO,ELDORADO GOLD CORP NEW,47676,-2176,1.48M,-67.65K,-4.4%,0.01%
04965B100,ATOM,ATOMERA INC,0,-17873,0,-68.1K,CLOSE,0%
539439109,LYG,LLOYDS BANKING GROUP PLC,0,-13703,0,-68.93K,CLOSE,0%
74349Y498,UXRP,PROSHARES TR,0,-19013,0,-70.16K,CLOSE,0%
438333106,HNST,HONEST CO INC,18006,-19304,65.9K,-70.65K,-51.7%,<.01%
74349Y563,SBIT,PROSHARES TR,2931,-1021,204.09K,-71.09K,-25.8%,<.01%
127537207,CDZI,CADIZ INC,0,-14893,0,-73.12K,CLOSE,0%
22717L101,CRON,CRONOS GROUP INC,0,-29442,0,-73.9K,CLOSE,0%
M0854Q105,ALLT,ALLOT LTD,13716,-8377,121.39K,-74.14K,-37.9%,<.01%
853606101,SLI,STANDARD LITHIUM LTD,0,-21754,0,-74.18K,CLOSE,0%
98422X101,XPOF,XPONENTIAL FITNESS INC,0,-12660,0,-76.21K,CLOSE,0%
04523Y105,ASPN,ASPEN AEROGELS INC,0,-22470,0,-76.85K,CLOSE,0%
739650109,PROP,PRAIRIE OPER CO,46775,-107375,33.75K,-77.47K,-69.7%,<.01%
88340C883,GLGG,THEMES ETF TR,0,-17776,0,-77.47K,CLOSE,0%
25400W102,APPS,DIGITAL TURBINE INC,0,-27000,0,-77.76K,CLOSE,0%
749660106,RES,RPC INC,0,-11329,0,-80.21K,CLOSE,0%
30049H102,EVLV,EVOLV TECHNOLOGIES HLDNGS IN,0,-13337,0,-80.69K,CLOSE,0%
29258Y103,EXK,ENDEAVOUR SILVER CORP,254895,-9939,2.11M,-82.29K,-3.8%,0.02%
Y7542C130,STNG,SCORPIO TANKERS INC,26565,-1219,1.84M,-84.43K,-4.4%,0.02%
68247W109,OSS,ONE STOP SYS INC,0,-11187,0,-84.69K,CLOSE,0%
74766W108,QUBT,QUANTUM COMPUTING INC,0,-12526,0,-85.8K,CLOSE,0%
M98068105,WIX,WIX COM LTD,9208,-1898,417.77K,-86.11K,-17.1%,<.01%
46140H700,DBB,INVESCO DB MULTI-SECTOR COMM,20938,-3681,504.61K,-88.71K,-15%,<.01%
886029206,THRY,THRYV HLDGS INC,0,-32521,0,-89.11K,CLOSE,0%
057665200,BCPC,BALCHEM CORP,1648,-530,278.43K,-89.54K,-24.3%,<.01%
Y9390M103,VFS,VINFAST AUTO LTD,0,-23653,0,-91.06K,CLOSE,0%
74347R685,UPW,PROSHARES TR,29832,-3825,716.53K,-91.87K,-11.4%,<.01%
66510M204,NAK,NORTHERN DYNASTY MINERALS LT,662884,-49497,1.27M,-95.03K,-6.9%,0.01%
72815L107,PLTK,PLAYTIKA HLDG CORP,45383,-25588,168.82K,-95.19K,-36.1%,<.01%
88162F105,TTI,TETRA TECHNOLOGIES INC DEL,0,-11650,0,-99.26K,CLOSE,0%
65487X102,NOAH,NOAH HLDGS LTD,0,-10062,0,-99.61K,CLOSE,0%
01973R101,ALSN,ALLISON TRANSMISSION HLDGS I,4126,-888,465.17K,-100.11K,-17.7%,<.01%
464288828,IHF,ISHARES TR,6468,-1834,357.87K,-101.48K,-22.1%,<.01%
91531W106,TIGR,UP FINTECH HLDG LTD,86467,-23335,380.45K,-102.67K,-21.3%,<.01%
44045A102,HRZN,HORIZON TECHNOLOGY FIN CORP,40074,-21721,189.55K,-102.74K,-35.2%,<.01%
38071H106,GROY,GOLD ROYALTY CORP,39375,-37703,108.67K,-104.06K,-48.9%,<.01%
87427V103,TALK,TALKSPACE INC,0,-20147,0,-104.26K,CLOSE,0%
278865100,ECL,ECOLAB INC,20998,-375,5.85M,-104.48K,-1.8%,0.05%
654484609,NB,NIOCORP DEVS LTD,23313,-22445,112.37K,-108.19K,-49.1%,<.01%
464288760,ITA,ISHARES TR,2378,-472,576.48K,-114.42K,-16.6%,<.01%
01626W101,ALIT,ALIGHT INC,158792,-206233,88.92K,-115.49K,-56.5%,<.01%
38246G108,GDRX,GOODRX HLDGS INC,36250,-41654,104.4K,-119.96K,-53.5%,<.01%
Y3894J187,IMPP,IMPERIAL PETE INC,27574,-26545,127.12K,-122.37K,-49%,<.01%
88554D205,DDD,3D SYS CORP DEL,265304,-40578,801.22K,-122.55K,-13.3%,<.01%
46267X108,IQ,IQIYI INC,147617,-118097,153.52K,-122.82K,-44.4%,<.01%
11285B108,BEPC,BROOKFIELD RENEWABLE CORP,6519,-3367,241.99K,-124.98K,-34.1%,<.01%
68236V401,FRMM,FORUM MARKETS INC,15778,-23664,85.67K,-128.5K,-60%,<.01%
024061103,DCH,DAUCH CORP,45316,-24571,245.61K,-133.17K,-35.2%,<.01%
80401C100,SATL,SATELLOGIC INC,0,-24608,0,-133.87K,CLOSE,0%
09228F103,BB,BLACKBERRY LTD,0,-41908,0,-135.78K,CLOSE,0%
85208P808,URNJ,SPROTT FDS TR,10104,-5868,234.72K,-136.31K,-36.7%,<.01%
78646V107,SAFE,SAFEHOLD INC,0,-10163,0,-137.5K,CLOSE,0%
53656H595,XXRP,LISTED FDS TR,12207,-6975,251.22K,-143.55K,-36.4%,<.01%
26923N249,SSK,ETF OPPORTUNITIES TRUST,0,-13136,0,-147.78K,CLOSE,0%
38747R454,NOWL,GRANITESHARES ETF TR,0,-24811,0,-147.87K,CLOSE,0%
59124U605,MTA,METALLA RTY & STREAMING LTD,13792,-19557,104.96K,-148.83K,-58.6%,<.01%
000899104,ADMA,ADMA BIOLOGICS INC,44092,-17983,369.05K,-150.52K,-29%,<.01%
66987E206,NG,NOVAGOLD RESOURCES INC,89988,-25317,537.23K,-151.14K,-22%,<.01%
094235108,BLMN,BLOOMIN BRANDS INC,0,-28026,0,-151.34K,CLOSE,0%
639057207,NWG,NATWEST GROUP PLC,0,-10340,0,-154.07K,CLOSE,0%
67401P405,OCSL,OAKTREE SPECIALTY LENDING,0,-13765,0,-155.54K,CLOSE,0%
57686G105,MATX,MATSON INC,1183,-810,227.41K,-155.71K,-40.6%,<.01%
25461A874,AAPU,DIREXION SHARES ETF TRUST,28095,-4516,979.67K,-157.47K,-13.8%,<.01%
09173B107,KEEL,BITFARMS LTD,0,-81268,0,-158.47K,CLOSE,0%
88340C701,CRCG,THEMES ETF TR,0,-59241,0,-161.14K,CLOSE,0%
03761U502,MFIC,MIDCAP FINANCIAL INVSTMNT CO,0,-14424,0,-162.13K,CLOSE,0%
29430C102,VSTS,VESTIS CORPORATION,0,-20810,0,-163.57K,CLOSE,0%
45826J105,NTLA,INTELLIA THERAPEUTICS INC,0,-12771,0,-163.72K,CLOSE,0%
950755108,WERN,WERNER ENTERPRISES INC,10565,-3766,460.74K,-164.24K,-26.3%,<.01%
M51474118,GILT,GILAT SATELLITE NETWORKS LTD,0,-10972,0,-164.8K,CLOSE,0%
26853E102,EH,EHANG HLDGS LTD,42450,-25176,278.05K,-164.9K,-37.2%,<.01%
74347G705,DIG,PROSHARES TR,10015,-3366,492.44K,-165.51K,-25.2%,<.01%
67011P100,DNOW,DNOW INC,0,-13937,0,-165.99K,CLOSE,0%
449109107,HYLN,HYLIION HOLDINGS CORP,0,-94793,0,-166.84K,CLOSE,0%
298736109,EEFT,EURONET WORLDWIDE INC,6698,-2284,490.23K,-167.17K,-25.4%,<.01%
016255101,ALGN,ALIGN TECHNOLOGY INC,11558,-993,1.95M,-167.48K,-7.9%,0.02%
882927478,XYZG,THEMES ETF TR,0,-15339,0,-170.31K,CLOSE,0%
35909R108,ULCC,FRONTIER GROUP HLDGS INC,0,-48812,0,-172.31K,CLOSE,0%
06777U200,BNED,BARNES & NOBLE ED INC,0,-19740,0,-174.3K,CLOSE,0%
26142Q304,DPRO,DRAGANFLY INC.,41057,-32306,222.53K,-175.1K,-44%,<.01%
65250K105,NMAX,NEWSMAX INC,32716,-21527,270.89K,-178.24K,-39.7%,<.01%
92686J106,VKTX,VIKING THERAPEUTICS INC,26811,-4615,1.05M,-180.03K,-14.7%,<.01%
00258Y104,ABX,ABACUS GLOBAL MGMT INC,15403,-16963,164.97K,-181.67K,-52.4%,<.01%
Y81669106,GASS,STEALTHGAS INC,15713,-23207,124.13K,-183.34K,-59.6%,<.01%
38747R694,UBRL,GRANITESHARES ETF TR,0,-11752,0,-184.61K,CLOSE,0%
009422106,AIRO,AIRO GROUP HLDGS INC,0,-24344,0,-185.14K,CLOSE,0%
858568108,SCM,STELLUS CAP INVT CORP,0,-21284,0,-196.03K,CLOSE,0%
13462K109,CWH,CAMPING WORLD HLDGS INC,0,-29205,0,-199.47K,CLOSE,0%
803866300,SSL,SASOL LTD,0,-15443,0,-200.14K,CLOSE,0%
464286608,EZU,ISHARES INC,0,-3201,0,-200.51K,CLOSE,0%
427096508,HTGC,HERCULES CAPITAL INC,51011,-12762,804.44K,-201.26K,-20%,<.01%
59151K108,MEOH,METHANEX CORP,24013,-4378,1.11M,-202.04K,-15.4%,0.01%
25461H853,LABD,DIREXION SHARES ETF TRUST,0,-12486,0,-203.52K,CLOSE,0%
29082A107,EMBJ,EMBRAER S.A.,21372,-3220,1.36M,-205.44K,-13.1%,0.01%
047649108,ATKR,ATKORE INC,0,-3500,0,-206.19K,CLOSE,0%
88166A102,CORN,TEUCRIUM COMMODITY TR,28405,-12374,475.78K,-207.26K,-30.3%,<.01%
78433H675,QQQI,NEOS ETF TRUST,0,-4186,0,-208K,CLOSE,0%
90187B804,TWO,TWO HARBORS INVENTMENT CORPO,0,-18377,0,-209.87K,CLOSE,0%
G7738W106,SFL,SFL CORPORATION LTD,0,-19554,0,-210.99K,CLOSE,0%
700517105,PK,PARK HOTELS & RESORTS INC,66557,-14834,948.44K,-211.38K,-18.2%,<.01%
17306X102,CTRN,CITI TRENDS INC,0,-4896,0,-212.09K,CLOSE,0%
G16258108,BEP,BROOKFIELD RENEWABLE ENERGY,0,-6587,0,-215K,CLOSE,0%
880779103,TEX,TEREX CORP NEW,0,-3688,0,-217.96K,CLOSE,0%
M9T951109,ZIM,ZIM INTEGRATED SHIPPING SERV,0,-8307,0,-218.89K,CLOSE,0%
577128101,MATW,MATTHEWS INTL CORP,0,-8506,0,-219.62K,CLOSE,0%
05988J103,BAND,BANDWIDTH INC,8784,-3472,556.03K,-219.78K,-28.3%,<.01%
136385101,CNQ,CANADIAN NAT RES LTD MED TER,0,-4538,0,-221.14K,CLOSE,0%
M78673114,PERI,PERION NETWORK LTD,0,-22471,0,-224.49K,CLOSE,0%
29530P102,ERIE,ERIE INDTY CO,0,-896,0,-225.17K,CLOSE,0%
28852N109,EFC,ELLINGTON FINANCIAL INC,0,-19063,0,-225.9K,CLOSE,0%
78574H104,SOC,SABLE OFFSHORE CORP,118431,-73648,364.77K,-226.84K,-38.3%,<.01%
92859G608,VZLA,VIZSLA SILVER CORP,343448,-69598,1.13M,-229.67K,-16.8%,0.01%
674482203,OBE,OBSIDIAN ENERGY LTD,0,-24354,0,-230.63K,CLOSE,0%
71424F105,PR,PERMIAN RESOURCES CORP,0,-10956,0,-233.58K,CLOSE,0%
88636Y888,IRE,TIDAL TRUST II,0,-17905,0,-233.66K,CLOSE,0%
Y2106R110,LPG,DORIAN LPG LTD,0,-6983,0,-238.82K,CLOSE,0%
379378201,GNL,GLOBAL NET LEASE INC,0,-25761,0,-241.12K,CLOSE,0%
25459W565,TYD,DIREXION SHARES ETF TRUST,0,-9935,0,-243.51K,CLOSE,0%
79546E104,SBH,SALLY BEAUTY HLDGS INC,0,-17585,0,-243.55K,CLOSE,0%
922907746,VTEB,VANGUARD MUN BD FDS,0,-4944,0,-246.66K,CLOSE,0%
33737A108,GRID,FIRST TR EXCHANGE-TRADED FD,0,-1513,0,-247.5K,CLOSE,0%
88636W528,HOOZ,TIDAL TRUST II,0,-6080,0,-247.52K,CLOSE,0%
926400102,VSXY,VICTORIAS SECRET AND CO,7579,-2968,632.7K,-247.77K,-28.1%,<.01%
G87264100,TGLS,TECNOGLASS INC,0,-5582,0,-248.68K,CLOSE,0%
44332N106,HTHT,H WORLD GROUP LTD,5709,-5963,238.18K,-248.78K,-51.1%,<.01%
007408206,ADUR,ADURO CLEAN TECHNOLOGIES INC,16733,-15839,263.71K,-249.62K,-48.6%,<.01%
904311206,UA,UNDER ARMOUR INC,59519,-40152,370.21K,-249.75K,-40.3%,<.01%
25461A312,ELIL,DIREXION SHARES ETF TRUST,0,-12928,0,-249.95K,CLOSE,0%
88636W239,SMCX,TIDAL TRUST II,0,-29556,0,-252.41K,CLOSE,0%
88636W619,DAMD,TIDAL TRUST II,0,-12511,0,-252.72K,CLOSE,0%
46138K103,FXE,INVESCO CURRENCYSHARES EURO,0,-2418,0,-257.98K,CLOSE,0%
25460G120,LABU,DIREXION SHARES ETF TRUST,0,-1558,0,-258.77K,CLOSE,0%
36241U106,GSIT,GSI TECHNOLOGY INC,29572,-34066,228.59K,-263.33K,-53.5%,<.01%
00768Y289,MSOX,ADVISORSHARES TR,0,-122698,0,-263.8K,CLOSE,0%
68373M107,OPRA,OPERA LTD,19758,-13405,391.8K,-265.82K,-40.4%,<.01%
526057104,LEN,LENNAR CORP,0,-3078,0,-267.29K,CLOSE,0%
46137V316,RSPM,INVESCO EXCHANGE TRADED FD T,0,-6915,0,-267.37K,CLOSE,0%
05759B305,BKKT,BAKKT INC,74417,-34246,581.2K,-267.46K,-31.5%,<.01%
G2662B103,CRML,CRITICAL METALS CORP,0,-33703,0,-267.6K,CLOSE,0%
22160N109,CSGP,COSTAR GROUP INC,0,-6637,0,-267.74K,CLOSE,0%
90184D100,TWST,TWIST BIOSCIENCE CORP,0,-5661,0,-269.01K,CLOSE,0%
78464A821,MDYG,SPDR SERIES TRUST,7251,-2401,812.76K,-269.13K,-24.9%,<.01%
09073M104,TECH,BIO-TECHNE CORP,0,-5160,0,-269.66K,CLOSE,0%
464288810,IHI,ISHARES TR,0,-5066,0,-270.27K,CLOSE,0%
G6674U108,NVCR,NOVOCURE LTD,12833,-17859,194.42K,-270.56K,-58.2%,<.01%
90278V206,SCDL,UBS AG LONDON BRANCH,0,-5499,0,-270.94K,CLOSE,0%
063679567,SPYU,BANK MONTREAL MEDIUM,0,-13010,0,-271.13K,CLOSE,0%
57164Y107,VAC,MARRIOTT VACATIONS WORLDWIDE,0,-4188,0,-272.72K,CLOSE,0%
G65773106,NAT,NORDIC AMERICAN TANKERS LIMI,42828,-50653,237.27K,-280.62K,-54.2%,<.01%
985817105,YELP,YELP INC,0,-11440,0,-283.03K,CLOSE,0%
921943858,VEA,VANGUARD TAX-MANAGED FDS,0,-4429,0,-283.81K,CLOSE,0%
68622V106,OGN,ORGANON & CO,0,-47531,0,-284.71K,CLOSE,0%
40415F101,HDB,HDFC BANK LTD,40470,-11078,1.05M,-286.14K,-21.5%,<.01%
B38564108,CMBT,CMB.TECH NV,25158,-20474,351.96K,-286.43K,-44.9%,<.01%
35953D401,FUBO,FUBOTV INC,0,-30307,0,-286.7K,CLOSE,0%
695156109,PKG,PACKAGING CORP AMER,0,-1356,0,-287.77K,CLOSE,0%
26817Q886,DX,DYNEX CAP INC,43258,-22134,567.11K,-290.18K,-33.8%,<.01%
89532M101,TRVI,TREVI THERAPEUTICS INC,0,-24324,0,-290.19K,CLOSE,0%
46137V134,PBW,INVESCO EXCHANGE TRADED FD T,0,-9191,0,-290.25K,CLOSE,0%
514952100,LB,LANDBRIDGE COMPANY LLC,0,-4213,0,-290.91K,CLOSE,0%
013091103,ACI,ALBERTSONS COMPANIES INC,37662,-21550,509.57K,-291.57K,-36.4%,<.01%
90278V701,USML,UBS AG LONDON BRANCH,0,-7267,0,-292.35K,CLOSE,0%
302301106,EZPW,EZCORP INC,0,-11600,0,-294.41K,CLOSE,0%
502160104,LXU,LSB INDS INC,17562,-27387,189.84K,-296.05K,-60.9%,<.01%
00181T107,GOLD,GOLD COM INC,22542,-7166,937.97K,-298.18K,-24.1%,<.01%
26923Q655,CRWU,ETF OPPORTUNITIES TRUST,67675,-49165,411.46K,-298.92K,-42.1%,<.01%
29476L107,VMRK,EQUITY RESIDENTIAL,3367,-4413,228.72K,-299.77K,-56.7%,<.01%
92707Y108,VFF,VILLAGE FARMS INTL INC,11466,-150017,22.93K,-300.03K,-92.9%,<.01%
92189L103,ETHV,VANECK ETHEREUM TR,0,-9854,0,-302.02K,CLOSE,0%
89055F103,BLD,TOPBUILD COR,0,-864,0,-303.52K,CLOSE,0%
48138M105,JMIA,JUMIA TECHNOLOGIES AG,36922,-43057,260.3K,-303.55K,-53.8%,<.01%
33733E807,FCG,FIRST TR EXCHANGE-TRADED FD,0,-9746,0,-308.85K,CLOSE,0%
981811102,WOR,WORTHINGTON ENTERPRISES INC,0,-5931,0,-309.24K,CLOSE,0%
G1144A105,BTBT,BIT DIGITAL INC,276733,-174927,498.12K,-314.87K,-38.7%,<.01%
185123106,CWAN,CLEARWATER ANALYTICS HLDGS I,0,-13436,0,-317.76K,CLOSE,0%
88339P101,REAL,THE REALREAL INC,0,-35045,0,-318.21K,CLOSE,0%
46137V662,PJP,INVESCO EXCHANGE TRADED FD T,0,-3069,0,-318.44K,CLOSE,0%
651229106,NWL,NEWELL BRANDS INC,200068,-51939,1.23M,-318.91K,-20.6%,0.01%
44951W106,IESC,IES HOLDINGS INC,0,-674,0,-321.14K,CLOSE,0%
63008G203,NNDM,NANO DIMENSION LTD,0,-189985,0,-322.98K,CLOSE,0%
498894104,KNF,KNIFE RIVER CORP,0,-3958,0,-323.17K,CLOSE,0%
52490G102,LEGN,LEGEND BIOTECH CORP,0,-17894,0,-323.7K,CLOSE,0%
82889N863,SVOL,SIMPLIFY EXCHANGE TRADED FUN,0,-21195,0,-325.13K,CLOSE,0%
358054104,FRSH,FRESHWORKS INC,29674,-32129,300.3K,-325.15K,-52%,<.01%
25459W730,MIDU,DIREXION SHARES ETF TRUST,0,-6262,0,-325.25K,CLOSE,0%
45579U109,INDV,INDIVIOR PHARMACEUTICALS INC,0,-10723,0,-326.84K,CLOSE,0%
233051879,ASHR,DBX ETF TR,0,-10058,0,-328.29K,CLOSE,0%
477143101,JBLU,JETBLUE AIRWAYS CORP,0,-74294,0,-328.38K,CLOSE,0%
22410J106,CBRL,CRACKER BARREL OLD CTRY STOR,0,-11683,0,-328.41K,CLOSE,0%
74347Y748,BOIL,PROSHARES TR II,0,-20381,0,-328.54K,CLOSE,0%
72348N109,PNFP,PINNACLE FINL PARTNERS INC,0,-3820,0,-329.06K,CLOSE,0%
413197104,HRMY,HARMONY BIOSCIENCES HLDGS IN,0,-11765,0,-329.54K,CLOSE,0%
92204A306,VDE,VANGUARD WORLD FD,0,-1911,0,-330.68K,CLOSE,0%
00090Q103,ADT,ADT INC DEL,0,-50497,0,-331.76K,CLOSE,0%
093671105,HRB,BLOCK H & R INC,0,-10475,0,-332.48K,CLOSE,0%
577081102,MAT,MATTEL INC,18990,-24196,263.58K,-335.84K,-56%,<.01%
053484101,AVB,AVALONBAY CMNTYS INC,2846,-1801,537.01K,-339.83K,-38.8%,<.01%
464286715,TUR,ISHARES INC,0,-8804,0,-340.27K,CLOSE,0%
H42097107,UBS,UBS GROUP AG,60720,-6889,3.01M,-341.42K,-10.2%,0.03%
688239201,OSK,OSHKOSH CORP,0,-2325,0,-342.26K,CLOSE,0%
90278V107,IWDL,UBS AG LONDON BRANCH,0,-6996,0,-343.24K,CLOSE,0%
67077M108,NTR,NUTRIEN LTD,113109,-5500,7.12M,-346.23K,-4.6%,0.07%
78467J100,SSNC,SS&C TECH HLDGS,0,-5131,0,-346.7K,CLOSE,0%
05352A100,AVTR,AVANTOR INC,19126,-35138,189.35K,-347.87K,-64.8%,<.01%
921909768,VXUS,VANGUARD STAR FDS,10809,-4070,924.06K,-347.94K,-27.4%,<.01%
88340C859,FIGG,THEMES ETF TR,0,-292891,0,-348.8K,CLOSE,0%
38747R363,CONI,GRANITESHARES ETF TR,0,-5688,0,-350.07K,CLOSE,0%
882927452,PYPG,THEMES ETF TR,0,-59115,0,-350.13K,CLOSE,0%
552848103,MTG,MGIC INVT CORP WIS,0,-13483,0,-353.93K,CLOSE,0%
559222401,MGA,MAGNA INTL INC,3646,-5416,239.4K,-355.61K,-59.8%,<.01%
96924N100,WLDN,WILLDAN GROUP INC,4351,-4506,344.16K,-356.42K,-50.9%,<.01%
26884U109,EPR,EPR PPTYS,0,-7157,0,-357.56K,CLOSE,0%
049560105,ATO,ATMOS ENERGY CORP,0,-1936,0,-357.62K,CLOSE,0%
464288661,IEI,ISHARES TR,0,-3033,0,-359.71K,CLOSE,0%
531229755,FWONK,LIBERTY MEDIA CORP DEL,0,-4286,0,-364.4K,CLOSE,0%
26923N199,NVDQ,ETF OPPORTUNITIES TRUST,0,-20976,0,-368.13K,CLOSE,0%
009158106,APD,AIR PRODUCTS AND CHEMICALS I,0,-1268,0,-368.34K,CLOSE,0%
46137V365,RSPG,INVESCO EXCHANGE TRADED FD T,0,-3380,0,-370.01K,CLOSE,0%
18507C103,CLPT,CLEARPOINT NEURO INC,26494,-21049,472.65K,-375.51K,-44.3%,<.01%
45781V101,IIPR,INNOVATIVE INDL PPTYS INC,0,-7508,0,-376.6K,CLOSE,0%
47759T100,JKS,JINKOSOLAR HLDG CO LTD,31901,-22442,535.94K,-377.03K,-41.3%,<.01%
81369Y803,XLK,SELECT SECTOR SPDR TR,20937,-1980,3.99M,-377.23K,-8.6%,0.04%
86881A100,SGRY,SURGERY PARTNERS INC,0,-31676,0,-377.58K,CLOSE,0%
G8473T100,STE,STERIS PLC,0,-1710,0,-378.13K,CLOSE,0%
53626N102,LION,LIONSGATE STUDIOS CORP,0,-39623,0,-379.99K,CLOSE,0%
83443Q103,SOLS,SOLSTICE ADVANCED MATLS INC,14216,-4327,1.26M,-383.37K,-23.3%,0.01%
P31076105,CPA,COPA HOLDINGS SA,0,-3386,0,-384.68K,CLOSE,0%
959802109,WU,WESTERN UN CO,117565,-50180,905.25K,-386.39K,-29.9%,<.01%
45256X103,IBRX,IMMUNITYBIO INC,53011,-44137,464.11K,-386.42K,-45.4%,<.01%
Y2573F102,FLEX,FLEXTRONICS INTL LTD,0,-5973,0,-390.99K,CLOSE,0%
64428N109,NUAI,NEW ERA ENERGY & DIGITAL INC,0,-96376,0,-391.29K,CLOSE,0%
30161Q104,EXEL,EXELIXIS INC,0,-9170,0,-393.3K,CLOSE,0%
46434G103,IEMG,ISHARES INC,5778,-4755,478.65K,-393.9K,-45.1%,<.01%
589378108,MRCY,MERCURY SYS INC,0,-5422,0,-395.32K,CLOSE,0%
88162G103,TTEK,TETRA TECH INC NEW,10023,-13717,289.56K,-396.28K,-57.8%,<.01%
714046109,RVTY,REVVITY INC,0,-4563,0,-399.76K,CLOSE,0%
88636X708,ULTY,TIDAL TRUST II,0,-13099,0,-401.75K,CLOSE,0%
88557W101,QFIN,QFIN HOLDINGS INC,17910,-25522,283.16K,-403.5K,-58.8%,<.01%
48020Q107,JLL,JONES LANG LASALLE INC,0,-1333,0,-405.66K,CLOSE,0%
46432F396,MTUM,ISHARES TR,0,-1692,0,-406.06K,CLOSE,0%
293594107,ENVX,ENOVIX CORPORATION,0,-78595,0,-407.12K,CLOSE,0%
38747R777,TSLR,GRANITESHARES ETF TR,0,-19734,0,-407.9K,CLOSE,0%
45769N105,IA,INNOVATIVE SOLUTIONS & SUPPO,0,-19979,0,-410.17K,CLOSE,0%
501147102,KRYS,KRYSTAL BIOTECH INC,0,-1591,0,-410.99K,CLOSE,0%
H01301128,ALC,ALCON AG,0,-5474,0,-412.47K,CLOSE,0%
64111Q104,NTGR,NETGEAR INC,0,-18979,0,-414.5K,CLOSE,0%
26922A222,ACIO,ETF SER SOLUTIONS,0,-9881,0,-414.61K,CLOSE,0%
87157D109,SYNA,SYNAPTICS INC,0,-5944,0,-416.32K,CLOSE,0%
929236107,WDFC,WD 40 CO,1093,-1711,266.3K,-416.87K,-61%,<.01%
74347W601,UGL,PROSHARES TR II,27087,-9579,1.19M,-420.23K,-26.1%,0.01%
91916J100,BRRR,COINSHARES BITCOIN ETF,0,-22050,0,-421.82K,CLOSE,0%
882681109,TXRH,TEXAS ROADHOUSE INC,0,-2555,0,-421.93K,CLOSE,0%
67059N108,NTNX,NUTANIX INC,20996,-8300,1.07M,-422.97K,-28.3%,<.01%
46137V217,RFG,INVESCO EXCHANGE TRADED FD T,0,-7730,0,-423.7K,CLOSE,0%
00653Q102,AHCO,ADAPTHEALTH CORP,12982,-40668,135.27K,-423.76K,-75.8%,<.01%
21874C102,CNM,CORE & MAIN INC,0,-8629,0,-426.27K,CLOSE,0%
35137L105,FOXA,FOX CORP,0,-7312,0,-427.02K,CLOSE,0%
450913108,IAG,IAMGOLD CORP,55999,-27040,887.02K,-428.31K,-32.6%,<.01%
38747R215,NBIL,GRANITESHARES ETF TR,0,-41878,0,-433.86K,CLOSE,0%
74347B201,TBT,PROSHARES TR,0,-12536,0,-440.51K,CLOSE,0%
464287721,IYW,ISHARES TR,0,-2449,0,-444.3K,CLOSE,0%
446150104,HBAN,HUNTINGTON BANCSHARES INC,0,-28848,0,-451.47K,CLOSE,0%
78454L100,SM,SM ENERGY COMPANY,88575,-17358,2.31M,-453.04K,-16.4%,0.02%
85208P501,COPJ,SPROTT FDS TR,0,-11687,0,-455.44K,CLOSE,0%
46137V266,RPG,INVESCO EXCHANGE TRADED FD T,0,-9758,0,-456.09K,CLOSE,0%
356390104,FRHC,FREEDOM HOLDING CORP,0,-3153,0,-456.81K,CLOSE,0%
921946406,VYM,VANGUARD WHITEHALL FDS,0,-3097,0,-458.67K,CLOSE,0%
82982L103,SITE,SITEONE LANDSCAPE SUPPLY INC,0,-3457,0,-460.16K,CLOSE,0%
92892B103,VOYG,VOYAGER TECHNOLOGIES INC,0,-19804,0,-463.22K,CLOSE,0%
G4388N106,HELE,HELEN OF TROY LTD,0,-32135,0,-463.39K,CLOSE,0%
11777Q209,BTG,B2GOLD CORP,593052,-125176,2.22M,-468.16K,-17.4%,0.02%
50155Q100,KD,KYNDRYL HLDGS INC,13456,-41549,152.19K,-469.92K,-75.5%,<.01%
88636R222,RKLX,TIDAL TRUST II,0,-18535,0,-473.94K,CLOSE,0%
46137V381,RSPD,INVESCO EXCHANGE TRADED FD T,0,-8974,0,-480.37K,CLOSE,0%
N72482156,QGEN,QIAGEN NV,5704,-12313,223.03K,-481.44K,-68.3%,<.01%
344419106,FMX,FOMENTO ECONOMICO MEXICANO S,0,-4406,0,-489.33K,CLOSE,0%
87043Q108,SG,SWEETGREEN INC,220597,-55976,1.94M,-493.15K,-20.2%,0.02%
86765K109,SUN,SUNOCO LP/SUNOCO FIN CORP,3913,-7330,264.13K,-494.78K,-65.2%,<.01%
46121Y201,IPI,INTREPID POTASH INC,0,-11585,0,-495.49K,CLOSE,0%
464286780,EZA,ISHARES INC,0,-7341,0,-497.72K,CLOSE,0%
Y62132108,NVGS,NAVIGATOR HLDGS LTD,0,-25754,0,-497.82K,CLOSE,0%
092113109,BKH,BLACK HILLS CORP,0,-7233,0,-502.04K,CLOSE,0%
82835P103,SVM,SILVERCORP METALS INC,65317,-50447,659.7K,-509.51K,-43.6%,<.01%
46092D376,BEX,INVESTMENT MANAGERS SER TR I,26847,-8636,1.61M,-516.52K,-24.3%,0.01%
90269A278,MLPR,UBS AG LONDON BRANCH,0,-7427,0,-524.52K,CLOSE,0%
46092D665,APLX,INVESTMENT MANAGERS SER TR I,0,-48000,0,-524.64K,CLOSE,0%
980228308,WDS,WOODSIDE ENERGY GROUP LTD,0,-21979,0,-524.86K,CLOSE,0%
88025U109,TXG,10X GENOMICS INC,0,-25257,0,-536.21K,CLOSE,0%
620076307,MSI,MOTOROLA SOLUTIONS INC,0,-1240,0,-538.12K,CLOSE,0%
46152A569,COHX,INVESTMENT MANAGERS SER TR I,4064,-9610,227.79K,-538.64K,-70.3%,<.01%
74347B235,DOG,PROSHARES TR,0,-22259,0,-543.57K,CLOSE,0%
90364P105,PATH,UIPATH INC,774427,-50045,8.42M,-543.99K,-6.1%,0.08%
G0250X149,AMCR,AMCOR PLC,0,-13725,0,-545.57K,CLOSE,0%
H2906T109,GRMN,GARMIN LTD,0,-2352,0,-545.69K,CLOSE,0%
526107107,LII,LENNOX INTL INC,0,-1178,0,-546.75K,CLOSE,0%
92189H300,EMLC,VANECK ETF TRUST,0,-22059,0,-553.9K,CLOSE,0%
90274D416,BDCZ,UBS AG LONDON BRANCH,0,-36765,0,-554K,CLOSE,0%
25459Y207,QQQE,DIREXION SHARES ETF TRUST,5118,-4589,624.45K,-559.9K,-47.3%,<.01%
550241103,LUMN,LUMEN TECHNOLOGIES INC,128915,-73812,990.07K,-566.88K,-36.4%,<.01%
438128308,HMC,HONDA MOTOR CO LTD,16371,-20924,443.82K,-567.25K,-56.1%,<.01%
59356Q108,MIAX,MIAMI INTL HLDGS INC,0,-14577,0,-567.34K,CLOSE,0%
89677Q107,TCOM,TRIP COM GROUP LTD,114730,-14328,4.57M,-570.83K,-11.1%,0.04%
87807B107,TRP,TC ENERGY CORP,11932,-8666,790.97K,-574.47K,-42.1%,<.01%
440452100,HRL,HORMEL FOODS CORP,10975,-23161,272.4K,-574.86K,-67.8%,<.01%
00130H105,AES,AES CORP,58997,-39635,864.9K,-581.05K,-40.2%,<.01%
M7S64H106,MNDY,MONDAY COM LTD,51871,-8036,3.75M,-581.73K,-13.4%,0.03%
37954Y459,RYLD,GLOBAL X FDS,0,-38934,0,-582.06K,CLOSE,0%
76243J105,RYTM,RHYTHM PHARMACEUTICALS INC,0,-6697,0,-582.44K,CLOSE,0%
37960A529,SHLD,GLOBAL X FDS,8998,-9767,537.27K,-583.19K,-52%,<.01%
131193104,CALY,CALLAWAY GOLF CO,0,-42121,0,-584.64K,CLOSE,0%
380237107,GDDY,GODADDY INC,0,-7097,0,-586.71K,CLOSE,0%
90278V404,IWML,UBS AG LONDON BRANCH,0,-25375,0,-589.35K,CLOSE,0%
40412C101,HCA,HCA HEALTHCARE INC,0,-1246,0,-589.66K,CLOSE,0%
G16910120,BLSH,BULLISH,39738,-25295,931.06K,-592.66K,-38.9%,<.01%
457730109,INSP,INSPIRE MED SYS INC,0,-11518,0,-594.1K,CLOSE,0%
M3760D101,ESLT,ELBIT SYS LTD,0,-706,0,-599.46K,CLOSE,0%
92276F100,VTR,VENTAS INC,0,-7331,0,-599.53K,CLOSE,0%
464287457,SHY,ISHARES TR,0,-7276,0,-600.78K,CLOSE,0%
74347R768,UGE,PROSHARES TR,0,-32634,0,-601.45K,CLOSE,0%
46092D210,IREZ,INVESTMENT MANAGERS SER TR I,0,-20047,0,-603.21K,CLOSE,0%
399473206,GRPN,GROUPON INC,13647,-25119,328.35K,-604.36K,-64.8%,<.01%
928254101,VIRT,VIRTU FINL INC,0,-13818,0,-607.72K,CLOSE,0%
70451X104,PAYO,PAYONEER GLOBAL INC,44053,-85367,313.66K,-607.81K,-66%,<.01%
G8994E103,TT,TRANE TECHNOLOGIES PLC,0,-1460,0,-608.44K,CLOSE,0%
44980X109,IPGP,IPG PHOTONICS CORP,7341,-5268,861.25K,-618.04K,-41.8%,<.01%
054540208,ACLS,AXCELIS TECHNOLOGIES INC,0,-6736,0,-626.99K,CLOSE,0%
12008R107,BLDR,BUILDERS FIRSTSOURCE INC,0,-7721,0,-635.67K,CLOSE,0%
75960P104,RELY,REMITLY GLOBAL INC,38151,-28380,854.96K,-636K,-42.7%,<.01%
74347G218,SDP,PROSHARES TR,0,-60212,0,-643.03K,CLOSE,0%
23918K108,DVA,DAVITA INC,0,-4217,0,-648.11K,CLOSE,0%
64125C109,NBIX,NEUROCRINE BIOSCIENCES INC,0,-4951,0,-652.25K,CLOSE,0%
135086106,GOOS,CANADA GOOSE HLDGS INC,0,-59789,0,-655.88K,CLOSE,0%
302492103,FLYW,FLYWIRE CORPORATION,0,-56704,0,-660.03K,CLOSE,0%
09239B109,BL,BLACKLINE INC,0,-18216,0,-673.99K,CLOSE,0%
97785W106,WOLF,WOLFSPEED INC,0,-41624,0,-679.3K,CLOSE,0%
184496107,CLH,CLEAN HARBORS INC,1246,-2293,372.24K,-685.03K,-64.8%,<.01%
98585X104,YETI,YETI HLDGS INC,0,-18723,0,-685.08K,CLOSE,0%
25461A205,NFXS,DIREXION SHARES ETF TRUST,29677,-31965,641.02K,-690.44K,-51.9%,<.01%
46138E115,PSCT,INVESCO EXCH TRADED FD TR II,0,-11501,0,-690.92K,CLOSE,0%
896945201,TRIP,TRIPADVISOR INC,0,-66707,0,-711.1K,CLOSE,0%
64828T201,RITM,RITHM CAPITAL CORP,54250,-75928,509.41K,-712.96K,-58.3%,<.01%
65290E101,NXT,NEXTPOWER INC,0,-5921,0,-713.78K,CLOSE,0%
133131102,CPT,CAMDEN PPTY TR,1776,-6245,203.33K,-714.99K,-77.9%,<.01%
363576109,AJG,GALLAGHER ARTHUR J & CO,0,-3308,0,-716.45K,CLOSE,0%
78473E103,SPXC,SPX TECHNOLOGIES INC,1268,-2923,310.88K,-716.63K,-69.7%,<.01%
883203101,TXT,TEXTRON INC,0,-8195,0,-717.55K,CLOSE,0%
06849F108,B,BARRICK MNG CORP,110228,-19822,4.05M,-728.06K,-15.2%,0.04%
50012A108,KGS,KODIAK GAS SVCS INC,0,-12551,0,-731.97K,CLOSE,0%
17243V102,CNK,CINEMARK HLDGS INC,31323,-23219,993.88K,-736.74K,-42.6%,<.01%
N90064101,QURE,UNIQURE NV,0,-45080,0,-737.06K,CLOSE,0%
G4474Y214,JHG,JANUS HENDERSON GROUP PLC,0,-14535,0,-746.66K,CLOSE,0%
28176E108,EW,EDWARDS LIFESCIENCES CORP,0,-9445,0,-756.36K,CLOSE,0%
G68707101,PAGS,PAGSEGURO DIGITAL LTD,0,-75557,0,-757.08K,CLOSE,0%
252131107,DXCM,DEXCOM INC,0,-12131,0,-761.83K,CLOSE,0%
37954Y319,GREK,GLOBAL X FDS,0,-12035,0,-768.67K,CLOSE,0%
03064D108,COLD,AMERICOLD REALTY TRUST INC,0,-67521,0,-773.79K,CLOSE,0%
26701L100,BROS,DUTCH BROS INC,0,-15297,0,-774.95K,CLOSE,0%
227046109,CROX,CROCS INC,0,-9350,0,-776.24K,CLOSE,0%
760759100,RSG,REPUBLIC SVCS INC,0,-3617,0,-792.2K,CLOSE,0%
816851109,SRE,SEMPRA,0,-8244,0,-801.07K,CLOSE,0%
399909100,GGAL,GRUPO FINANCIERO GALICIA S.A,33564,-16223,1.68M,-811.64K,-32.6%,0.02%
38747R801,CONL,GRANITESHARES ETF TR,0,-116216,0,-813.51K,CLOSE,0%
989701107,ZION,ZIONS BANCORPORATION NATL AS,3243,-11764,224.38K,-813.95K,-78.4%,<.01%
88340C875,CRWG,THEMES ETF TR,0,-347675,0,-823.99K,CLOSE,0%
49271V100,KDP,KEURIG DR PEPPER INC,0,-31614,0,-832.4K,CLOSE,0%
784730103,SSRM,SSR MINING IN,9685,-29633,273.89K,-838.02K,-75.4%,<.01%
40637H109,HALO,HALOZYME THERAPEUTICS INC,0,-13072,0,-844.84K,CLOSE,0%
25459W847,TNA,DIREXION SHARES ETF TRUST,27578,-11251,2.07M,-845.06K,-29%,0.02%
88166A870,WEAT,TEUCRIUM COMMODITY TR,0,-36046,0,-849.6K,CLOSE,0%
941848103,WAT,WATERS CORP,0,-2931,0,-872.85K,CLOSE,0%
88031M109,TS,TENARIS S A,0,-15003,0,-872.88K,CLOSE,0%
891092108,TTC,TORO CO,0,-9351,0,-873.76K,CLOSE,0%
72201R882,ZROZ,PIMCO ETF TR,0,-13884,0,-888.72K,CLOSE,0%
099406100,BOOT,BOOT BARN HLDGS INC,0,-6082,0,-890.16K,CLOSE,0%
052769106,ADSK,AUTODESK INC,48784,-4722,9.48M,-918.05K,-8.8%,0.09%
51817R205,LTM,LATAM AIRLINES GROUP SA,13435,-15992,782.86K,-931.85K,-54.3%,<.01%
74347G135,SDOW,PROSHARES TR,102000,-38711,2.47M,-935.64K,-27.5%,0.02%
14040H105,COF,CAPITAL ONE FINL CORP,14254,-4686,2.86M,-940.11K,-24.7%,0.03%
204448104,BVN,COMPANIA DE MINAS BUENAVENTU,17123,-32404,501.53K,-949.11K,-65.4%,<.01%
422806109,HEI,HEICO CORP NEW,0,-3491,0,-957.23K,CLOSE,0%
46578C108,IE,IVANHOE ELECTRIC INC,55220,-100142,530.66K,-962.36K,-64.5%,<.01%
504922105,LH,LABCORP HOLDINGS INC,0,-3609,0,-962.92K,CLOSE,0%
46092D129,WDCX,INVESTMENT MANAGERS SER TR I,0,-36037,0,-980.21K,CLOSE,0%
68268W103,OMF,ONEMAIN HLDGS INC,13820,-16267,842.61K,-991.8K,-54.1%,<.01%
465741106,ITRI,ITRON INC,6291,-11623,544.36K,-1.01M,-64.9%,<.01%
00326A104,SGOL,ETFS GOLD TR,0,-22718,0,-1.01M,CLOSE,0%
M2029K104,BIRK,BIRKENSTOCK HOLDING PLC,0,-28440,0,-1.02M,CLOSE,0%
37940X102,GPN,GLOBAL PMTS INC,28099,-14077,2.04M,-1.02M,-33.4%,0.02%
74834L100,DGX,QUEST DIAGNOSTICS INC,0,-5227,0,-1.02M,CLOSE,0%
653656108,NICE,NICE LTD,9867,-11325,896.42K,-1.03M,-53.4%,<.01%
205887102,CAG,CONAGRA BRANDS INC,77267,-76976,1.04M,-1.04M,-49.9%,<.01%
607828100,MOD,MODINE MFG CO,24940,-3888,6.66M,-1.04M,-13.5%,0.06%
74347R263,LTL,PROSHARES TR,17247,-46014,393.33K,-1.05M,-72.7%,<.01%
53566V106,LINE,LINEAGE INC,0,-32312,0,-1.06M,CLOSE,0%
759916109,RGEN,REPLIGEN CORP,0,-9012,0,-1.06M,CLOSE,0%
163851108,CC,CHEMOURS CO,82518,-51890,1.69M,-1.06M,-38.6%,0.02%
25460E661,DFEN,DIREXION SHARES ETF TRUST,0,-17006,0,-1.07M,CLOSE,0%
03076C106,AMP,AMERIPRISE FINL INC,0,-2454,0,-1.09M,CLOSE,0%
68390D106,OR,OR ROYALTIES INC.,0,-28973,0,-1.1M,CLOSE,0%
38964R203,ETH,GRAYSCALE ETHEREUM STAKING,2182187,-73580,32.8M,-1.11M,-3.3%,0.3%
89832Q109,TFC,TRUIST FINL CORP,19468,-22244,969.9K,-1.11M,-53.3%,<.01%
60741F104,MBLY,MOBILEYE GLOBAL INC,372172,-114784,3.6M,-1.11M,-23.6%,0.03%
859241101,STRL,STERLING INFRASTRUCTURE INC,1469,-1330,1.23M,-1.12M,-47.5%,0.01%
46137V795,PUI,INVESCO EXCHANGE TRADED FD T,0,-24002,0,-1.13M,CLOSE,0%
922908553,VNQ,VANGUARD INDEX FDS,7104,-11733,685.04K,-1.13M,-62.3%,<.01%
46429B671,MCHI,ISHARES TR,13289,-22255,678.07K,-1.14M,-62.6%,<.01%
92333F101,VG,VENTURE GLOBAL INC,260532,-102032,2.9M,-1.14M,-28.1%,0.03%
06738E204,BCS,BARCLAYS PLC,21197,-42489,569.35K,-1.14M,-66.7%,<.01%
G39387108,GFS,GLOBALFOUNDRIES INC,3831,-13860,315.71K,-1.14M,-78.3%,<.01%
43289P106,HIMX,HIMAX TECHNOLOGIES INC,0,-146724,0,-1.15M,CLOSE,0%
26884L109,EQT,EQT CORP,43941,-21834,2.34M,-1.16M,-33.2%,0.02%
G8068L108,SN,SHARKNINJA INC,0,-11027,0,-1.17M,CLOSE,0%
98980G102,ZS,ZSCALER INC,45275,-8321,6.39M,-1.17M,-15.5%,0.06%
389930207,BTC,GRAYSCALE BITCOIN MINI TR ET,0,-39392,0,-1.18M,CLOSE,0%
74347G143,SRS,PROSHARES TR,0,-24782,0,-1.18M,CLOSE,0%
00218A105,ASPI,ASP ISOTOPES INC,0,-268469,0,-1.19M,CLOSE,0%
438516205,HON,HONEYWELL INTL INC,20717,-5387,4.64M,-1.21M,-20.6%,0.04%
60855R100,MOH,MOLINA HEALTHCARE INC,0,-9112,0,-1.21M,CLOSE,0%
904311107,UAA,UNDER ARMOUR INC,171255,-190471,1.09M,-1.22M,-52.7%,0.01%
674215207,CHRD,CHORD ENERGY CORPORATION,4064,-10691,464.51K,-1.22M,-72.5%,<.01%
88034P109,TME,TENCENT MUSIC ENTMT GROUP,91513,-146578,764.13K,-1.22M,-61.6%,<.01%
46092D681,LRCU,INVESTMENT MANAGERS SER TR I,7344,-11046,820.69K,-1.23M,-60.1%,<.01%
109641100,EAT,BRINKER INTL INC,0,-8655,0,-1.24M,CLOSE,0%
74347G374,DXD,PROSHARES TR,26818,-72670,460.46K,-1.25M,-73%,<.01%
G5279N105,KLAR,KLARNA GROUP PLC,24061,-61689,487K,-1.25M,-71.9%,<.01%
159864107,CRL,CHARLES RIV LABS INTL INC,0,-7293,0,-1.26M,CLOSE,0%
92556V106,VTRS,VIATRIS INC,0,-93825,0,-1.27M,CLOSE,0%
05990K106,BANC,BANC OF CALIFORNIA INC,0,-72420,0,-1.27M,CLOSE,0%
04016X101,ARGX,ARGENX SE,0,-1747,0,-1.28M,CLOSE,0%
N00985106,AER,AERCAP HOLDINGS NV,52737,-8783,7.69M,-1.28M,-14.3%,0.07%
09174C104,BITB,BITWISE BITCOIN ETF TR,180979,-40374,5.77M,-1.29M,-18.2%,0.05%
811927102,SA,SEABRIDGE GOLD INC,214004,-50268,5.51M,-1.29M,-19%,0.05%
46137V175,RZG,INVESCO EXCHANGE TRADED FD T,0,-22786,0,-1.3M,CLOSE,0%
925815102,VICR,VICOR CORP,0,-8309,0,-1.34M,CLOSE,0%
832696405,SJM,SMUCKER J M CO,0,-14074,0,-1.36M,CLOSE,0%
74349Y571,ETHT,PROSHARES TR,0,-91126,0,-1.37M,CLOSE,0%
680665205,OLN,OLIN CORP,58881,-68959,1.17M,-1.37M,-53.9%,0.01%
91879Q109,MTN,VAIL RESORTS INC,0,-10686,0,-1.37M,CLOSE,0%
053332102,AZO,AUTOZONE INC,2862,-431,9.15M,-1.38M,-13.1%,0.08%
071813109,BAX,BAXTER INTL INC,0,-82088,0,-1.38M,CLOSE,0%
64110D104,NTAP,NETAPP INC,0,-13570,0,-1.39M,CLOSE,0%
M7S64L123,PGY,PAGAYA TECHNOLOGIES LTD,0,-119760,0,-1.4M,CLOSE,0%
02005N100,ALLY,ALLY FINL INC,0,-35662,0,-1.4M,CLOSE,0%
26142V105,DKNG,DRAFTKINGS INC NEW,172136,-55413,4.35M,-1.4M,-24.4%,0.04%
629377508,NRG,NRG ENERGY INC,2846,-9736,415.69K,-1.42M,-77.4%,<.01%
74350P550,ETHD,PROSHARES TR,11268,-15365,1.05M,-1.43M,-57.7%,<.01%
92189F791,GDXJ,VANECK ETF TRUST,33208,-14542,3.26M,-1.43M,-30.5%,0.03%
46140H106,DBA,INVESCO DB MULTI-SECTOR COMM,9503,-54030,253.44K,-1.44M,-85%,<.01%
74347R750,UCC,PROSHARES TR,0,-34672,0,-1.47M,CLOSE,0%
25490K596,NAIL,DIREXION SHARES ETF TRUST,0,-38815,0,-1.47M,CLOSE,0%
25461A502,AMZD,DIREXION SHARES ETF TRUST,0,-134434,0,-1.48M,CLOSE,0%
035710839,NLY,ANNALY CAPITAL MANAGEMENT IN,0,-70202,0,-1.48M,CLOSE,0%
496902404,KGC,KINROSS GOLD CORP,108564,-62965,2.56M,-1.49M,-36.7%,0.02%
513272104,LW,LAMB WESTON HLDGS INC,0,-35558,0,-1.5M,CLOSE,0%
74347Y730,VIXY,PROSHARES TR II,0,-43927,0,-1.51M,CLOSE,0%
086516101,BBY,BEST BUY INC,0,-23541,0,-1.51M,CLOSE,0%
278642103,EBAY,EBAY INC.,0,-16648,0,-1.52M,CLOSE,0%
090040106,BILI,BILIBILI INC,0,-67529,0,-1.52M,CLOSE,0%
46138J775,POWA,INVESCO EXCH TRD SLF IDX FD,0,-17801,0,-1.53M,CLOSE,0%
36467W109,GME,GAMESTOP CORP,0,-67263,0,-1.55M,CLOSE,0%
770700102,HOOD,ROBINHOOD MKTS INC,230743,-15739,23.14M,-1.58M,-6.4%,0.21%
09261X102,BXSL,BLACKSTONE SECD LENDING FD,0,-66875,0,-1.58M,CLOSE,0%
73278L105,POOL,POOL CORP,7264,-7503,1.56M,-1.61M,-50.8%,0.01%
929160109,VMC,VULCAN MATLS CO,0,-6008,0,-1.64M,CLOSE,0%
G93A5A101,VIK,VIKING HOLDINGS LTD,27111,-15656,2.84M,-1.64M,-36.6%,0.03%
74347Y813,KOLD,PROSHARES TR II,0,-76357,0,-1.66M,CLOSE,0%
051774107,AUR,AURORA INNOVATION INC,162349,-244221,1.11M,-1.67M,-60.1%,0.01%
25461A403,MSFD,DIREXION SHARES ETF TRUST,0,-113506,0,-1.67M,CLOSE,0%
05379B107,AVA,AVISTA CORP,0,-42115,0,-1.69M,CLOSE,0%
00827B106,AFRM,AFFIRM HLDGS INC,91880,-20802,7.49M,-1.7M,-18.5%,0.07%
46092D673,NEBX,INVESTMENT MANAGERS SER TR I,5056,-29094,296.99K,-1.71M,-85.2%,<.01%
403949100,DINO,HF SINCLAIR CORP,0,-27492,0,-1.72M,CLOSE,0%
59156R108,MET,METLIFE INC,0,-24369,0,-1.72M,CLOSE,0%
46432F842,IEFA,ISHARES TR,0,-19173,0,-1.74M,CLOSE,0%
81369Y860,XLRE,SELECT SECTOR SPDR TR,37734,-39529,1.66M,-1.74M,-51.2%,0.02%
G3223R108,EG,EVEREST GROUP LTD,0,-5386,0,-1.76M,CLOSE,0%
G25508105,CRH,CRH PLC,0,-16889,0,-1.78M,CLOSE,0%
95058W100,WEN,WENDYS CO,0,-256317,0,-1.78M,CLOSE,0%
881624209,TEVA,TEVA PHARMACEUTICAL INDS LTD,36515,-53054,1.24M,-1.8M,-59.2%,0.01%
74350P584,SSG,PROSHARES TR,0,-59975,0,-1.8M,CLOSE,0%
G0378L100,AU,ANGLOGOLD ASHANTI PLC,0,-18505,0,-1.8M,CLOSE,0%
742718109,PG,PROCTER & GAMBLE CO,0,-12490,0,-1.8M,CLOSE,0%
404280406,HSBC,HSBC HLDGS PLC,0,-21948,0,-1.81M,CLOSE,0%
33829M101,FIVE,FIVE BELOW INC,8091,-10080,1.45M,-1.81M,-55.5%,0.01%
378973507,GSAT,GLOBALSTAR INC,0,-27809,0,-1.85M,CLOSE,0%
74350P667,SDS,PROSHARES TR,69168,-32761,3.93M,-1.86M,-32.1%,0.04%
34986A104,FWRD,FORWARD AIR CORP,0,-111562,0,-1.86M,CLOSE,0%
25461A106,METD,DIREXION SHARES ETF TRUST,0,-105235,0,-1.86M,CLOSE,0%
00760J108,AEHR,AEHR TEST SYS,0,-50709,0,-1.88M,CLOSE,0%
55087P104,LYFT,LYFT INC,0,-144592,0,-1.92M,CLOSE,0%
46137V860,PFI,INVESCO EXCHANGE TRADED FD T,0,-37451,0,-1.99M,CLOSE,0%
92532F100,VRTX,VERTEX PHARMACEUTICALS INC,0,-4533,0,-2.02M,CLOSE,0%
25460G831,JNUG,DIREXION SHARES ETF TRUST,3700,-16830,446.66K,-2.03M,-82%,<.01%
615369105,MCO,MOODYS CORP,723,-4489,327.46K,-2.03M,-86.1%,<.01%
101121101,BXP,BXP INC,0,-39525,0,-2.05M,CLOSE,0%
683344105,ONTO,ONTO INNOVATION INC,0,-10055,0,-2.06M,CLOSE,0%
26740W109,QBTS,D-WAVE QUANTUM INC,0,-145234,0,-2.1M,CLOSE,0%
45841N107,IBKR,INTERACTIVE BROKERS GROUP IN,11066,-24087,963.18K,-2.1M,-68.5%,<.01%
69318G106,PBF,PBF ENERGY INC,0,-44028,0,-2.1M,CLOSE,0%
888787108,TOST,TOAST INC,0,-79287,0,-2.1M,CLOSE,0%
337932107,FE,FIRSTENERGY CORP,0,-41942,0,-2.12M,CLOSE,0%
681919106,OMC,OMNICOM GROUP INC,3477,-29351,253.23K,-2.14M,-89.4%,<.01%
464288752,ITB,ISHARES TR,2712,-20907,283.35K,-2.18M,-88.5%,<.01%
78464A797,KBE,SPDR SERIES TRUST,0,-36834,0,-2.19M,CLOSE,0%
38747R629,NVD,GRANITESHARES ETF TR,0,-294286,0,-2.22M,CLOSE,0%
878742204,TECK,TECK RESOURCES LTD,0,-43772,0,-2.27M,CLOSE,0%
29415C101,EOSE,EOS ENERGY ENTERPRISES INC,440514,-388402,2.59M,-2.28M,-46.9%,0.02%
81730H109,S,SENTINELONE INC,65951,-134690,1.12M,-2.29M,-67.1%,0.01%
37954Y384,BUG,GLOBAL X FDS,14562,-60729,556.12K,-2.32M,-80.7%,<.01%
02079K107,GOOG,ALPHABET INC,0,-8180,0,-2.35M,CLOSE,0%
579780206,MKC,MCCORMICK & CO INC,27267,-46904,1.37M,-2.36M,-63.2%,0.01%
03753U106,APLS,APELLIS PHARMACEUTICALS INC,0,-59232,0,-2.38M,CLOSE,0%
302130109,EXPD,EXPEDITORS INTL WASH INC,0,-16644,0,-2.38M,CLOSE,0%
217204106,CPRT,COPART INC,0,-73041,0,-2.42M,CLOSE,0%
87305R109,TTMI,TTM TECHNOLOGIES INC,0,-24902,0,-2.43M,CLOSE,0%
18452B209,CLSK,CLEANSPARK INC,233818,-167918,3.4M,-2.44M,-41.8%,0.03%
F92124100,TTE,TOTALENERGIES SE,0,-26866,0,-2.44M,CLOSE,0%
40434L105,HPQ,HP INC,95727,-112817,2.1M,-2.48M,-54.1%,0.02%
00370M103,ABVX,ABIVAX SA,87392,-18751,11.65M,-2.5M,-17.7%,0.11%
091948109,BSOL,BITWISE SOLANA STAKING ETF,357985,-259077,3.58M,-2.59M,-42%,0.03%
87256C101,TKO,TKO GROUP HOLDINGS INC,0,-13251,0,-2.67M,CLOSE,0%
25460G153,DPST,DIREXION SHARES ETF TRUST,0,-27872,0,-2.69M,CLOSE,0%
25461A528,MUU,DIREXION SHARES ETF TRUST,0,-22928,0,-2.76M,CLOSE,0%
74347R727,UXI,PROSHARES TR,5435,-43552,345.8K,-2.77M,-88.9%,<.01%
03676C100,ATEX,ANTERIX INC,2929,-27434,301.51K,-2.82M,-90.4%,<.01%
G81276100,SIG,SIGNET JEWELERS LIMITED,0,-34059,0,-2.88M,CLOSE,0%
71654V408,PBR,PETROLEO BRASILEIRO S A,0,-139331,0,-2.89M,CLOSE,0%
85208M102,SFM,SPROUTS FMRS MKT INC,0,-37485,0,-2.89M,CLOSE,0%
46137V811,PTF,INVESCO EXCHANGE TRADED FD T,0,-33697,0,-2.91M,CLOSE,0%
876030107,TPR,TAPESTRY INC,0,-20794,0,-2.93M,CLOSE,0%
G66721104,NCLH,NORWEGIAN CRUISE LINE HLDGS,54925,-141258,1.16M,-2.98M,-72%,0.01%
G29018101,DLO,DLOCAL LTD,77245,-230852,1M,-3M,-74.9%,<.01%
25243Q205,DEO,DIAGEO PLC,16845,-38003,1.35M,-3.05M,-69.3%,0.01%
03990B101,ARES,ARES MANAGEMENT CORPORATION,0,-28060,0,-3.06M,CLOSE,0%
83304A106,SNAP,SNAP INC,1418448,-697748,6.3M,-3.1M,-33%,0.06%
03524A108,BUD,ANHEUSER BUSCH INBEV SA NV,0,-44774,0,-3.11M,CLOSE,0%
751212101,RL,RALPH LAUREN CORP,0,-9221,0,-3.17M,CLOSE,0%
558256103,MSGE,MADISON SQUARE GARDEN ENTMT,2975,-39364,240.65K,-3.18M,-93%,<.01%
38150K103,AAAU,GOLDMAN SACHS PHYSICAL GOLD,0,-69256,0,-3.2M,CLOSE,0%
92343E102,VRSN,VERISIGN INC,17550,-12767,4.41M,-3.21M,-42.1%,0.04%
74347X864,UPRO,PROSHARES TR,0,-33148,0,-3.21M,CLOSE,0%
M87915274,TSEM,TOWER SEMICONDUCTOR LTD,0,-18458,0,-3.24M,CLOSE,0%
12769G100,CZR,CAESARS ENTERTAINMENT INC NE,36866,-107386,1.11M,-3.24M,-74.4%,0.01%
26856L103,ELF,E L F BEAUTY INC,0,-53637,0,-3.25M,CLOSE,0%
M46528101,FRO,FRONTLINE PLC,20136,-94562,700.53K,-3.29M,-82.4%,<.01%
74347R735,RXL,PROSHARES TR,4674,-63013,248.03K,-3.34M,-93.1%,<.01%
37954Y848,SIL,GLOBAL X FDS,0,-37192,0,-3.35M,CLOSE,0%
632307104,NTRA,NATERA INC,0,-17088,0,-3.42M,CLOSE,0%
05722G100,BKR,BAKER HUGHES COMPANY,0,-56147,0,-3.43M,CLOSE,0%
78464A888,XHB,SPDR SERIES TRUST,12171,-30268,1.41M,-3.5M,-71.3%,0.01%
78464A102,XNTK,SPDR SERIES TRUST,0,-13951,0,-3.56M,CLOSE,0%
70932M107,PFSI,PENNYMAC FINL SVCS INC NEW,11626,-41045,1.01M,-3.58M,-77.9%,<.01%
03769M106,APO,APOLLO GLOBAL MGMT INC,0,-33197,0,-3.7M,CLOSE,0%
74743L100,Q,QNITY ELECTRONICS INC,16859,-22871,2.75M,-3.74M,-57.6%,0.03%
G97822103,PRGO,PERRIGO CO PLC,111868,-360443,1.16M,-3.75M,-76.3%,0.01%
146869102,CVNA,CARVANA CO,0,-11930,0,-3.75M,CLOSE,0%
18915M107,NET,CLOUDFLARE INC,66518,-15577,16.32M,-3.82M,-19%,0.15%
46137Y401,CZA,INVESCO EXCHANGE TRADED FD T,0,-35329,0,-3.89M,CLOSE,0%
05464C101,AXON,AXON ENTERPRISE INC,0,-9224,0,-3.92M,CLOSE,0%
74350P659,SPXU,PROSHARES TR,210294,-105924,7.8M,-3.93M,-33.5%,0.07%
256746108,DLTR,DOLLAR TREE INC,8772,-32527,1.06M,-3.93M,-78.8%,<.01%
427866108,HSY,HERSHEY CO,0,-18946,0,-3.94M,CLOSE,0%
445658107,JBHT,HUNT J B TRANS SVCS INC,0,-18702,0,-3.96M,CLOSE,0%
015271109,ARE,ALEXANDRIA REAL ESTATE EQ IN,0,-85989,0,-3.99M,CLOSE,0%
H5919C104,ONON,ON HLDG AG,46951,-113461,1.66M,-4.02M,-70.7%,0.02%
518439104,EL,LAUDER ESTEE COS INC,17017,-51391,1.34M,-4.06M,-75.1%,0.01%
25459W862,SPXL,DIREXION SHARES ETF TRUST,0,-22570,0,-4.17M,CLOSE,0%
099724106,BWA,BORGWARNER INC,0,-76955,0,-4.18M,CLOSE,0%
26603R106,DUOL,DUOLINGO INC,53521,-36540,6.16M,-4.2M,-40.6%,0.06%
654902204,NOK,NOKIA CORP,0,-533681,0,-4.29M,CLOSE,0%
743312100,PRGS,PROGRESS SOFTWARE CORP,75379,-129283,2.53M,-4.34M,-63.2%,0.02%
21874A106,CORZ,CORE SCIENTIFIC INC NEW,0,-290281,0,-4.34M,CLOSE,0%
595017104,MCHP,MICROCHIP TECHNOLOGY INC.,27284,-48473,2.49M,-4.42M,-64%,0.02%
47233W109,JEF,JEFFERIES FINANCIAL GROUP IN,0,-107363,0,-4.43M,CLOSE,0%
852234103,XYZ,BLOCK INC,0,-73627,0,-4.43M,CLOSE,0%
47215P106,JD,JD.COM INC,427912,-174921,10.9M,-4.46M,-29%,0.1%
77311W101,RKT,ROCKET COS INC,0,-318761,0,-4.54M,CLOSE,0%
69370C100,PTC,PTC INC,0,-33788,0,-4.81M,CLOSE,0%
143658300,CCL,CARNIVAL CORP,0,-187425,0,-4.85M,CLOSE,0%
134429109,CPB,THE CAMPBELLS COMPANY,0,-218236,0,-4.86M,CLOSE,0%
697900108,PAAS,PAN AMERN SILVER CORP,297944,-113283,13.34M,-5.07M,-27.5%,0.12%
46641Q332,JEPI,J P MORGAN EXCHANGE TRADED F,0,-97354,0,-5.52M,CLOSE,0%
24703L202,DELL,DELL TECHNOLOGIES INC,39390,-12792,17M,-5.52M,-24.5%,0.16%
464287432,TLT,ISHARES TR,0,-63718,0,-5.52M,CLOSE,0%
550021109,LULU,LULULEMON ATHLETICA INC,35082,-51006,4.01M,-5.82M,-59.2%,0.04%
303250104,FICO,FAIR ISAAC CORP,0,-5502,0,-5.87M,CLOSE,0%
91332U101,U,UNITY SOFTWARE INC,0,-277557,0,-6.09M,CLOSE,0%
25460E869,SPDN,DIREXION SHARES ETF TRUST,266397,-707918,2.31M,-6.14M,-72.7%,0.02%
38141G104,GS,GOLDMAN SACHS GROUP INC,2300,-6077,2.33M,-6.15M,-72.5%,0.02%
907818108,UNP,UNION PAC CORP,0,-25623,0,-6.22M,CLOSE,0%
053015103,ADP,AUTOMATIC DATA PROCESSING IN,0,-30994,0,-6.3M,CLOSE,0%
32076V103,AG,FIRST MAJESTIC SILVER CORP,1068929,-375643,18.13M,-6.37M,-26%,0.17%
437076102,HD,HOME DEPOT INC,0,-19602,0,-6.45M,CLOSE,0%
443201108,HWM,HOWMET AEROSPACE INC,3253,-24568,874.6K,-6.61M,-88.3%,<.01%
76954A103,RIVN,RIVIAN AUTOMOTIVE INC,0,-444941,0,-6.7M,CLOSE,0%
68236H204,ONDS,ONDAS INC,2168185,-837089,17.87M,-6.9M,-27.9%,0.16%
494368103,KMB,KIMBERLY-CLARK CORP,0,-72167,0,-6.96M,CLOSE,0%
464287523,SOXX,ISHARES TR,0,-22161,0,-7.28M,CLOSE,0%
02376R102,AAL,AMERICAN AIRLINES GROUP INC,116187,-405147,2.1M,-7.32M,-77.7%,0.02%
N3167Y103,RACE,FERRARI N V,0,-22022,0,-7.45M,CLOSE,0%
98149E303,GLDM,WORLD GOLD TR,0,-84600,0,-7.84M,CLOSE,0%
46137V886,PSL,INVESCO EXCHANGE TRADED FD T,0,-72244,0,-7.84M,CLOSE,0%
949746101,WFC,WELLS FARGO & CO,355735,-95404,29.4M,-7.88M,-21.1%,0.27%
46141D203,UUP,INVESCO DB US DLR INDEX TR,30366,-284358,862.7K,-8.08M,-90.4%,<.01%
92840M102,VST,VISTRA CORP,0,-53894,0,-8.1M,CLOSE,0%
91307C102,UTHR,UNITED THERAPEUTICS CORP DEL,6521,-15641,3.53M,-8.47M,-70.6%,0.03%
81369Y605,XLF,SELECT SECTOR SPDR TR,0,-173206,0,-8.55M,CLOSE,0%
536797103,LAD,LITHIA MTRS INC,25490,-29642,7.4M,-8.61M,-53.8%,0.07%
679295105,OKTA,OKTA INC,10047,-64092,1.37M,-8.75M,-86.4%,0.01%
368736104,GNRC,GENERAC HLDGS INC,0,-47903,0,-9.36M,CLOSE,0%
444859102,HUM,HUMANA INC,0,-54214,0,-9.4M,CLOSE,0%
82509L107,SHOP,SHOPIFY INC,0,-81570,0,-9.68M,CLOSE,0%
03831W108,APP,APPLOVIN CORP,16924,-19468,8.72M,-10.03M,-53.5%,0.08%
48251W104,KKR,KKR & CO INC,92544,-109740,8.49M,-10.07M,-54.3%,0.08%
219350105,GLW,CORNING INC,0,-74888,0,-10.18M,CLOSE,0%
81369Y308,XLP,SELECT SECTOR SPDR TR,42877,-126135,3.56M,-10.48M,-74.6%,0.03%
V7780T103,RCL,ROYAL CARIBBEAN GROUP,21727,-34147,6.9M,-10.84M,-61.1%,0.06%
36828A101,GEV,GE VERNOVA INC,0,-12483,0,-10.9M,CLOSE,0%
565788106,MARA,MARA HOLDINGS INC,286832,-821934,3.98M,-11.42M,-74.1%,0.04%
37954Y483,QYLD,GLOBAL X FDS,672107,-623871,12.39M,-11.5M,-48.1%,0.11%
517834107,LVS,LAS VEGAS SANDS CORP,0,-213408,0,-11.5M,CLOSE,0%
060505104,BAC,BANK OF AMER CORP,167250,-208609,9.53M,-11.89M,-55.5%,0.09%
74350P675,SQQQ,PROSHARES TR,478711,-330383,17.38M,-12M,-40.8%,0.16%
767292105,RIOT,RIOT PLATFORMS INC,259086,-440694,7.09M,-12.07M,-63%,0.07%
687793109,OSCR,OSCAR HEALTH INC,422040,-428404,12.04M,-12.22M,-50.4%,0.11%
464288281,EMB,ISHARES TR,0,-141944,0,-13.33M,CLOSE,0%
G25457105,CRDO,CREDO TECHNOLOGY GROUP HOLDI,0,-143928,0,-13.51M,CLOSE,0%
911363109,URI,UNITED RENTALS INC,0,-19006,0,-13.85M,CLOSE,0%
14888U101,CPRX,CATALYST PHARMACEUTICALS INC,0,-563670,0,-13.96M,CLOSE,0%
101137107,BSX,BOSTON SCIENTIFIC CORP,191591,-328844,8.18M,-14.04M,-63.2%,0.08%
125523100,CI,THE CIGNA GROUP,41464,-51068,11.43M,-14.08M,-55.2%,0.1%
G29183103,ETN,EATON CORP PLC,7661,-34279,3.26M,-14.61M,-81.7%,0.03%
78467Y107,MDY,STATE STR SPDR S&P MIDCAP 40,2972,-21362,2.09M,-15.02M,-87.8%,0.02%
459200101,IBM,INTERNATIONAL BUSINESS MACHS,104713,-54166,29.45M,-15.23M,-34.1%,0.27%
91167Q100,BNO,UNITED STS BRENT OIL FD LP,29432,-383322,1.2M,-15.6M,-92.9%,0.01%
464287515,IGV,ISHARES TR,0,-221893,0,-17.76M,CLOSE,0%
25459W458,SOXL,DIREXION SHARES ETF TRUST,0,-383819,0,-18.39M,CLOSE,0%
09175A206,BMNR,BITMINE IMMERSION TECHS INC,623648,-1383546,8.3M,-18.41M,-68.9%,0.08%
880770102,TER,TERADYNE INC,0,-63952,0,-18.96M,CLOSE,0%
04626A103,ALAB,ASTERA LABS INC,0,-176073,0,-19.3M,CLOSE,0%
92826C839,V,VISA INC,35518,-58384,12.19M,-20.03M,-62.2%,0.11%
21873S108,CRWV,COREWEAVE INC,0,-282498,0,-21.89M,CLOSE,0%
169656105,CMG,CHIPOTLE MEXICAN GRILL INC,0,-684714,0,-21.92M,CLOSE,0%
512807306,LRCX,LAM RESEARCH CORP,25922,-50785,11.23M,-22.01M,-66.2%,0.1%
369604301,GE,GE AEROSPACE,0,-79895,0,-22.67M,CLOSE,0%
25460E190,SPXS,DIREXION SHARES ETF TRUST,211442,-858033,5.6M,-22.73M,-80.2%,0.05%
83406F102,SOFI,SOFI TECHNOLOGIES INC,1017194,-1290324,18.24M,-23.14M,-55.9%,0.17%
489170100,KMT,KENNAMETAL INC,0,-647514,0,-23.39M,CLOSE,0%
571903202,MAR,MARRIOTT INTL INC NEW,0,-74042,0,-24.22M,CLOSE,0%
92189F106,GDX,VANECK ETF TRUST,374157,-323818,28.23M,-24.43M,-46.4%,0.26%
00246W103,AXTI,AXT INC,0,-456014,0,-25.98M,CLOSE,0%
910047109,UAL,UNITED AIRLS HLDGS INC,0,-291255,0,-26.82M,CLOSE,0%
670100205,NVO,NOVO-NORDISK A S,0,-802198,0,-29.48M,CLOSE,0%
339750101,FND,FLOOR & DECOR HLDGS INC,339908,-497043,20.18M,-29.5M,-59.4%,0.19%
722304102,PDD,PDD HOLDINGS INC,53689,-416100,4.1M,-31.74M,-88.6%,0.04%
70450Y103,PYPL,PAYPAL HLDGS INC,61748,-853780,2.67M,-36.87M,-93.3%,0.02%
68389X105,ORCL,ORACLE CORP,461563,-260657,67.64M,-38.2M,-36.1%,0.62%
773903109,ROK,ROCKWELL AUTOMATION INC,0,-126717,0,-45.48M,CLOSE,0%
007903107,AMD,ADVANCED MICRO DEVICES INC,0,-305221,0,-62.09M,CLOSE,0%
85208R101,CEF,SPROTT ASSET MANAGEMENT LP,1779571,-1685344,71.59M,-67.8M,-48.6%,0.66%
46438R105,ETHA,ISHARES ETHEREUM TR,0,-4404430,0,-69.72M,CLOSE,0%
55024U109,LITE,LUMENTUM HLDGS INC,7334,-86185,6.29M,-73.95M,-92.2%,0.06%
11135F101,AVGO,BROADCOM INC,102940,-224498,38.89M,-84.8M,-68.6%,0.36%
02079K305,GOOGL,ALPHABET INC,0,-337290,0,-96.99M,CLOSE,0%
46438F101,IBIT,ISHARES BITCOIN TRUST ETF,0,-4332641,0,-166.46M,CLOSE,0%
80004C200,SNDK,SANDISK CORP,34584,-111258,78.63M,-252.97M,-76.3%,0.72%
88160R101,TSLA,TESLA INC,763327,-637019,321.06M,-267.93M,-45.5%,2.9%
595112103,MU,MICRON TECHNOLOGY INC,493782,-237436,569.97M,-274.07M,-32.5%,5.2%
78462F103,SPY,STATE STR SPDR S&P 500 ETF T,0,-436397,0,-283.81M,CLOSE,0%
Total,,,,,10.89B,3.14B,+47.5%,100%
