CUSIP,Ticker,Company,Shares,Delta_Shares,Value,Delta_Value,Delta,Portfolio%
92189F676,SMH,VANECK ETF TRUST,347669,347669,228.03M,228.03M,NEW,2%
G7997R103,STX,SEAGATE TECHNOLOGY HLDNGS PL,313545,215951,302.57M,208.39M,+221.3%,2.6%
55024U109,LITE,LUMENTUM HLDGS INC,258059,241498,221.43M,207.22M,+1458.2%,1.9%
29250N105,ENB,ENBRIDGE INC,3527900,3527900,191.25M,191.25M,NEW,1.6%
084670702,BRK.B,BERKSHIRE HATHAWAY INC DEL,429875,382085,215.11M,191.19M,+799.5%,1.8%
867224107,SU,SUNCOR ENERGY INC NEW,4199776,3533276,225.85M,190.01M,+530.1%,1.9%
24703L202,DELL,DELL TECHNOLOGIES INC,413909,336560,178.59M,145.21M,+435.1%,1.5%
92189F791,GDXJ,VANECK ETF TRUST,1370091,1370091,134.61M,134.61M,NEW,1.2%
461202103,INTU,INTUIT,513173,499691,133.94M,130.42M,+3706.4%,1.1%
008474108,AEM,AGNICO EAGLE MINES LTD,765574,765574,118.86M,118.86M,NEW,1%
11271J107,BN,BROOKFIELD CORP,2856050,2709700,121.81M,115.57M,+1851.5%,1%
N3167Y103,RACE,FERRARI N V,508134,292120,188.43M,108.33M,+135.2%,1.6%
874039100,TSM,TAIWAN SEMICONDUCTOR MANUFAC,222645,222645,106.33M,106.33M,NEW,0.91%
12572Q105,CME,CME GROUP INC,521569,434649,115.18M,95.98M,+500.1%,0.99%
67066G104,NVDA,NVIDIA CORPORATION,474270,474270,94.9M,94.9M,NEW,0.81%
882508104,TXN,TEXAS INSTRS INC,311936,311936,92.98M,92.98M,NEW,0.8%
747525103,QCOM,QUALCOMM INC,493716,493716,91.23M,91.23M,NEW,0.78%
74347X831,TQQQ,PROSHARES TR,1110508,1110508,89.95M,89.95M,NEW,0.77%
69608A108,PLTR,PALANTIR TECHNOLOGIES INC,1004420,769506,117.19M,89.78M,+327.6%,1%
654902204,NOK,NOKIA CORP,6386012,6386012,84.81M,84.81M,NEW,0.73%
58733R102,MELI,MERCADOLIBRE INC,48484,48484,82.3M,82.3M,NEW,0.7%
46625H100,JPM,JPMORGAN CHASE & CO,343067,239077,112.3M,78.26M,+229.9%,0.96%
464287242,LQD,ISHARES TR,664659,664659,72.49M,72.49M,NEW,0.62%
910047109,UAL,UNITED AIRLS HLDGS INC,510282,510282,69.39M,69.39M,NEW,0.59%
464287523,SOXX,ISHARES TR,203207,105693,130.21M,67.72M,+108.4%,1.1%
86800U302,SMCI,SUPER MICRO COMPUTER INC,2990604,2253054,87.71M,66.08M,+305.5%,0.75%
42824C109,HPE,HEWLETT PACKARD ENTERPRISE C,1528386,1460827,68.95M,65.9M,+2162.3%,0.59%
594972408,MSTR,STRATEGY INC,1148665,729441,99.85M,63.41M,+174%,0.85%
609839105,MPWR,MONOLITHIC PWR SYS INC,44969,44969,62.16M,62.16M,NEW,0.53%
92189F106,GDX,VANECK ETF TRUST,819656,819656,61.84M,61.84M,NEW,0.53%
37954Y848,SIL,GLOBAL X FDS,716679,716679,55.51M,55.51M,NEW,0.48%
464287432,TLT,ISHARES TR,636290,636290,54.99M,54.99M,NEW,0.47%
00287Y109,ABBV,ABBVIE INC,212852,212852,53.56M,53.56M,NEW,0.46%
87971M103,TU,TELUS CORPORATION,4878600,4878600,51.58M,51.58M,NEW,0.44%
023135106,AMZN,AMAZON COM INC,1072994,207936,255.74M,49.56M,+24%,2.2%
G25457105,CRDO,CREDO TECHNOLOGY GROUP HOLDI,182110,182110,49.52M,49.52M,NEW,0.42%
00724F101,ADBE,ADOBE INC,380901,236144,78.09M,48.41M,+163.1%,0.67%
G3323L100,FN,FABRINET,71867,71867,40.4M,40.4M,NEW,0.35%
949746101,WFC,WELLS FARGO & CO,547887,486297,45.28M,40.19M,+789.6%,0.39%
12532H104,GIB,CGI INC,687200,605700,44.4M,39.14M,+743.2%,0.38%
45866F104,ICE,INTERCONTINENTAL EXCHANGE IN,313127,313127,38.55M,38.55M,NEW,0.33%
75734B100,RDDT,REDDIT INC,212518,212518,36.89M,36.89M,NEW,0.32%
247361702,DAL,DELTA AIR LINES INC,386284,386284,36.18M,36.18M,NEW,0.31%
05577W200,DOO,BRP INC,580494,580494,35.44M,35.44M,NEW,0.3%
01609W102,BABA,ALIBABA GROUP HLDG LTD,369246,369246,35.44M,35.44M,NEW,0.3%
G1151C101,ACN,ACCENTURE PLC IRELAND,641284,277057,79.8M,34.48M,+76.1%,0.68%
19247G107,COHR,COHERENT CORP,86817,86817,34.25M,34.25M,NEW,0.29%
09290C780,BAI,BLACKROCK ETF TRUST,647452,647452,34.13M,34.13M,NEW,0.29%
816850101,SMTC,SEMTECH CORP,204514,204514,33.1M,33.1M,NEW,0.28%
05464C101,AXON,AXON ENTERPRISE INC,58756,58756,32.94M,32.94M,NEW,0.28%
565788106,MARA,MARA HOLDINGS INC,2392374,2369307,33.23M,32.91M,+10271.4%,0.28%
31428X106,FDX,FEDEX CORP,161189,104506,50.47M,32.72M,+184.4%,0.43%
98978V103,ZTS,ZOETIS INC,536336,451810,38.54M,32.47M,+534.5%,0.33%
808513105,SCHW,SCHWAB CHARLES CORP,397976,348653,36.72M,32.17M,+706.9%,0.31%
911363109,URI,UNITED RENTALS INC,27083,27083,30.68M,30.68M,NEW,0.26%
46432F396,MTUM,ISHARES TR,87445,87445,29.98M,29.98M,NEW,0.26%
866796105,SLF,SUN LIFE FINANCIAL INC.,568300,380100,44.6M,29.83M,+202%,0.38%
37954Y830,COPX,GLOBAL X FDS,387068,387068,29.79M,29.79M,NEW,0.25%
349553107,FTS,FORTIS INC,851170,508070,48.74M,29.09M,+148.1%,0.42%
74347R206,QLD,PROSHARES TR,295650,295650,28.61M,28.61M,NEW,0.24%
G0593M107,AZN,ASTRAZENECA PLC,157534,150829,29.87M,28.6M,+2249.5%,0.26%
458140100,INTC,INTEL CORP,2985903,200838,416.92M,28.04M,+7.2%,3.6%
113004105,BAM,BROOKFIELD ASSET MANAGMT LTD,1173362,606762,52.62M,27.21M,+107.1%,0.45%
64110L106,NFLX,NETFLIX INC.,377460,377460,26.95M,26.95M,NEW,0.23%
02376R102,AAL,AMERICAN AIRLINES GROUP INC,2436856,1490065,44.03M,26.93M,+157.4%,0.38%
15101Q207,CLS,CELESTICA INC,229119,73716,83.54M,26.88M,+47.4%,0.71%
46137V282,RSPT,INVESCO EXCHANGE TRADED FD T,406259,406259,26.2M,26.2M,NEW,0.22%
171779309,CIEN,CIENA CORP,53302,53302,26.15M,26.15M,NEW,0.22%
92206C813,VCLT,VANGUARD SCOTTSDALE FDS,342627,342627,25.78M,25.78M,NEW,0.22%
713448108,PEP,PEPSICO INC,184728,184728,25.01M,25.01M,NEW,0.21%
496902404,KGC,KINROSS GOLD CORP,1336800,1030500,31.64M,24.39M,+336.4%,0.27%
92532F100,VRTX,VERTEX PHARMACEUTICALS INC,46945,46945,23.32M,23.32M,NEW,0.2%
962879102,WPM,WHEATON PRECIOUS METALS CORP,287349,196529,32.29M,22.09M,+216.4%,0.28%
063671101,BMO,BANK MONTREAL MEDIUM,136000,124900,24.03M,22.07M,+1125.2%,0.21%
632307104,NTRA,NATERA INC,79969,79969,21.71M,21.71M,NEW,0.19%
654106103,NKE,NIKE INC,522991,522991,21.47M,21.47M,NEW,0.18%
464286772,EWY,ISHARES INC,132371,104047,26.73M,21.01M,+367.3%,0.23%
58155Q103,MCK,MCKESSON CORP,27724,27724,20.95M,20.95M,NEW,0.18%
68389X105,ORCL,ORACLE CORP,655857,139217,96.12M,20.4M,+26.9%,0.82%
884903881,TRI,THOMSON REUTERS CORP,446107,245338,36.42M,20.03M,+122.2%,0.31%
66987V109,NVS,NOVARTIS AG,240579,126290,37.7M,19.79M,+110.5%,0.32%
46138E339,SPMO,INVESCO EXCH TRADED FD TR II,117803,117803,19.03M,19.03M,NEW,0.16%
46434G848,PICK,ISHARES INC,326845,326845,19.01M,19.01M,NEW,0.16%
75886F107,REGN,REGENERON PHARMACEUTICALS,49073,30471,30.6M,19M,+163.8%,0.26%
72201R882,ZROZ,PIMCO ETF TR,287853,287853,18.45M,18.45M,NEW,0.16%
46428Q109,SLV,ISHARES SILVER TR,362538,336079,19.38M,17.97M,+1270.2%,0.17%
559222401,MGA,MAGNA INTL INC,473800,272000,31.14M,17.88M,+134.8%,0.27%
351858105,FNV,FRANCO NEV CORP,84184,84184,17.55M,17.55M,NEW,0.15%
37954Y236,DTCR,GLOBAL X FDS,592881,575251,18.01M,17.47M,+3262.9%,0.15%
296006109,ERO,ERO COPPER CORP,654039,654039,17.46M,17.46M,NEW,0.15%
78464A664,SPTL,SPDR SERIES TRUST,657621,657621,17.25M,17.25M,NEW,0.15%
771049103,RBLX,ROBLOX CORP,299321,299321,16.28M,16.28M,NEW,0.14%
88579Y101,MMM,3M CO,107435,98401,17.39M,15.93M,+1089.2%,0.15%
46434G772,EWT,ISHARES INC,146011,146011,15.86M,15.86M,NEW,0.14%
67103H107,ORLY,OREILLY AUTOMOTIVE INC,170537,170537,15.7M,15.7M,NEW,0.13%
25460G781,NUGT,DIREXION SHARES ETF TRUST,132040,132040,15.45M,15.45M,NEW,0.13%
911312106,UPS,UNITED PARCEL SVCS INC,206757,142298,22.23M,15.3M,+220.8%,0.19%
25460G138,TMF,DIREXION SHARES ETF TRUST,428845,428845,15.25M,15.25M,NEW,0.13%
060505104,BAC,BANK OF AMER CORP,264415,264415,15.07M,15.07M,NEW,0.13%
46137V464,XMMO,INVESCO EXCHANGE TRADED FD T,87025,87025,14.81M,14.81M,NEW,0.13%
74164F103,PRIM,PRIMORIS SVCS CORP,150218,146339,14.89M,14.51M,+3772.6%,0.13%
500767306,KWEB,KRANESHARES TRUST,589356,589356,14.42M,14.42M,NEW,0.12%
76155X100,RVMD,REVOLUTION MEDICINES INC,92717,76050,17.36M,14.24M,+456.3%,0.15%
464287176,TIP,ISHARES TR,114549,114549,12.54M,12.54M,NEW,0.11%
007973100,AEIS,ADVANCED ENERGY INDS,32621,32621,12.16M,12.16M,NEW,0.1%
92206C847,VGLT,VANGUARD SCOTTSDALE FDS,218231,218231,12.04M,12.04M,NEW,0.1%
05466C109,AYA,AYA GOLD & SILVER INC,634631,634631,12.02M,12.02M,NEW,0.1%
33733E500,QCLN,FIRST TR EXCHANGE-TRADED FD,195594,195594,11.99M,11.99M,NEW,0.1%
35137L105,FOXA,FOX CORP,222745,222745,11.62M,11.62M,NEW,0.1%
81369Y860,XLRE,SELECT SECTOR SPDR TR,262572,262572,11.56M,11.56M,NEW,0.1%
921910709,EDV,VANGUARD WORLD FD,177530,177530,11.55M,11.55M,NEW,0.1%
46434G855,RING,ISHARES INC,175806,175806,11.36M,11.36M,NEW,0.1%
025537101,AEP,AMERICAN ELEC PWR CO INC,94586,82962,12.94M,11.35M,+713.7%,0.11%
315948109,FBTC,FIDELITY WISE ORIGIN BITCOIN,248454,221141,12.68M,11.29M,+809.7%,0.11%
501044101,KR,KROGER CO,214018,198692,11.88M,11.03M,+1296.4%,0.1%
04351P101,ASND,ASCENDIS PHARMA A/S,40845,40845,10.89M,10.89M,NEW,0.09%
33738R118,TDIV,FIRST TR EXCHANGE TRADED FD,93939,93939,10.79M,10.79M,NEW,0.09%
532457108,LLY,ELI LILLY & CO,75764,8767,90.87M,10.52M,+13.1%,0.78%
16119P108,CHTR,CHARTER COMMUNICATIONS INC,73930,73930,10.51M,10.51M,NEW,0.09%
46120E602,ISRG,INTUITIVE SURGICAL INC,26280,26280,10.45M,10.45M,NEW,0.09%
433313103,HNGE,HINGE HEALTH INC,125630,125630,10.43M,10.43M,NEW,0.09%
Q4982L109,IREN,IREN LIMITED,227207,227207,10.39M,10.39M,NEW,0.09%
666807102,NOC,NORTHROP GRUMMAN CORP,20137,20137,10.26M,10.26M,NEW,0.09%
925550105,VIAV,VIAVI SOLUTIONS INC,214770,214770,10.26M,10.26M,NEW,0.09%
124765108,CAE,CAE INC,409500,409500,10.25M,10.25M,NEW,0.09%
553530106,MSM,MSC INDL DIRECT INC,85257,85257,10.14M,10.14M,NEW,0.09%
G037AX101,AMBA,AMBARELLA INC,117737,117737,10.1M,10.1M,NEW,0.09%
464287192,IYT,ISHARES TR,116411,116411,10.1M,10.1M,NEW,0.09%
871607107,SNPS,SYNOPSYS INC,22449,22449,10.01M,10.01M,NEW,0.09%
922020805,VTIP,VANGUARD MALVERN FDS,193713,193713,9.73M,9.73M,NEW,0.08%
023608102,AEE,AMEREN CORP,105882,85857,11.97M,9.71M,+428.7%,0.1%
344419106,FMX,FOMENTO ECONOMICO MEXICANO S,75739,75739,9.69M,9.69M,NEW,0.08%
91232N207,USO,UNITED STS OIL FD LP,329759,90644,35.1M,9.65M,+37.9%,0.3%
46138E800,CQQQ,INVESCO EXCH TRADED FD TR II,166713,166713,9.51M,9.51M,NEW,0.08%
40131M109,GH,GUARDANT HEALTH INC,63165,63165,9.48M,9.48M,NEW,0.08%
980745103,WWD,WOODWARD INC,24389,22063,10.38M,9.39M,+948.5%,0.09%
538034109,LYV,LIVE NATION ENTERTAINMENT IN,51086,51086,9.35M,9.35M,NEW,0.08%
675222400,OGC,OCEANAGOLD CORP,372082,372082,9.32M,9.32M,NEW,0.08%
81369Y704,XLI,SELECT SECTOR SPDR TR,49881,49881,9.24M,9.24M,NEW,0.08%
064058100,BNY,BANK OF NY MELLON CORP,63513,63513,9.18M,9.18M,NEW,0.08%
464288588,MBB,ISHARES TR,97049,97049,9.17M,9.17M,NEW,0.08%
907818108,UNP,UNION PAC CORP,32944,32944,8.96M,8.96M,NEW,0.08%
46435U556,ARTY,ISHARES TR,165696,117275,12.62M,8.93M,+242.2%,0.11%
34631F102,FPS,FORGENT POWER SOLUTIONS INC,159886,159886,8.93M,8.93M,NEW,0.08%
502431109,LHX,L3HARRIS TECHNOLOGIES INC,43162,30674,12.54M,8.91M,+245.6%,0.11%
464288224,ICLN,ISHARES TR,578698,434561,11.86M,8.9M,+301.5%,0.1%
37954Y632,AIQ,GLOBAL X FDS,133195,133195,8.74M,8.74M,NEW,0.07%
59151K108,MEOH,METHANEX CORP,221882,184420,10.24M,8.52M,+492.3%,0.09%
389637109,GBTC,GRAYSCALE BITCOIN TRUST ETF,193414,184609,8.8M,8.4M,+2096.6%,0.08%
464288687,PFF,ISHARES TR,273666,273666,8.34M,8.34M,NEW,0.07%
07725L102,ONC,BEONE MEDICINES LTD,29203,29203,8.32M,8.32M,NEW,0.07%
98980G102,ZS,ZSCALER INC,116456,57861,16.44M,8.17M,+98.7%,0.14%
57776J100,MXL,MAXLINEAR INC,61858,61858,7.92M,7.92M,NEW,0.07%
592688105,MTD,METTLER TOLEDO INTERNATIONAL,6137,6137,7.84M,7.84M,NEW,0.07%
98138H101,WDAY,WORKDAY INC,92490,63189,11.32M,7.74M,+215.7%,0.1%
883556102,TMO,THERMO FISHER SCIENTIFIC INC,15383,15383,7.71M,7.71M,NEW,0.07%
88636J600,CHAT,TIDAL TRUST II,76986,76986,7.6M,7.6M,NEW,0.07%
87256C101,TKO,TKO GROUP HOLDINGS INC,37517,37517,7.55M,7.55M,NEW,0.06%
03076C106,AMP,AMERIPRISE FINL INC,16410,16410,7.53M,7.53M,NEW,0.06%
L8681T102,SPOT,SPOTIFY TECHNOLOGY S A,16331,16331,7.5M,7.5M,NEW,0.06%
91307C102,UTHR,UNITED THERAPEUTICS CORP DEL,17356,13812,9.4M,7.48M,+389.7%,0.08%
501242101,KLIC,KULICKE & SOFFA INDS INC,55251,55251,7.39M,7.39M,NEW,0.06%
192446102,CTSH,COGNIZANT TECHNOLOGY SOLUTIO,212725,190101,8.24M,7.36M,+840.3%,0.07%
90353T100,UBER,UBER TECHNOLOGIES INC,101377,101377,7.32M,7.32M,NEW,0.06%
92345Y106,VRSK,VERISK ANALYTICS INC,47307,40649,8.49M,7.3M,+610.5%,0.07%
040413205,ANET,ARISTA NETWORKS INC,42218,42218,7.17M,7.17M,NEW,0.06%
801056102,SANM,SANMINA CORP,38213,28217,9.67M,7.14M,+282.3%,0.08%
767292105,RIOT,RIOT PLATFORMS INC,298895,258650,8.18M,7.08M,+642.7%,0.07%
78464A755,XME,SPDR SERIES TRUST,68900,66157,7.37M,7.07M,+2411.8%,0.06%
315616102,FFIV,F5 INC,16968,16968,7.06M,7.06M,NEW,0.06%
74022D407,PDS,PRECISION DRILLING CORP,163109,91818,12.52M,7.05M,+128.8%,0.11%
844741108,LUV,SOUTHWEST AIRLS CO,136442,136442,7.02M,7.02M,NEW,0.06%
69351T106,PPL,PPL CORP,232196,192976,8.44M,7.01M,+492%,0.07%
25460G831,JNUG,DIREXION SHARES ETF TRUST,57812,57812,6.98M,6.98M,NEW,0.06%
101137107,BSX,BOSTON SCIENTIFIC CORP,830712,160621,35.45M,6.86M,+24%,0.3%
290876101,EMA,EMERA INC,182573,126449,9.68M,6.7M,+225.3%,0.08%
02079K107,GOOG,ALPHABET INC,105022,18934,37.11M,6.69M,+22%,0.32%
38526M106,LOPE,GRAND CANYON ED INC,59156,46528,8.47M,6.66M,+368.5%,0.07%
94106L109,WM,WASTE MGMT INC DEL,31112,29708,6.93M,6.62M,+2116%,0.06%
46429B309,EIDO,ISHARES TR,581002,581002,6.57M,6.57M,NEW,0.06%
049560105,ATO,ATMOS ENERGY CORP,46184,37446,7.96M,6.45M,+428.5%,0.07%
26922A842,JETS,ETF SER SOLUTIONS,193546,193546,6.43M,6.43M,NEW,0.06%
194693107,CIGI,COLLIERS INTL GROUP INC,68200,68200,6.4M,6.4M,NEW,0.05%
443628102,HBM,HUDBAY MINERALS INC,818073,270541,19.31M,6.39M,+49.4%,0.17%
G87052109,TEL,TE CONNECTIVITY PLC,31596,31596,6.37M,6.37M,NEW,0.05%
55293N109,MDA,MDA SPACE LTD,153400,153400,6.34M,6.34M,NEW,0.05%
09075V102,BNTX,BIONTECH SE,67965,67965,6.32M,6.32M,NEW,0.05%
G7S00T104,PNR,PENTAIR PLC,81202,81202,6.22M,6.22M,NEW,0.05%
00108J109,ACMR,ACM RESH INC,48891,48891,6.2M,6.2M,NEW,0.05%
74280R205,UFO,PROCURE ETF TRUST II,176809,122126,8.96M,6.19M,+223.3%,0.08%
46138E370,SPHB,INVESCO EXCH TRADED FD TR II,39661,39661,6.17M,6.17M,NEW,0.05%
45857P806,IHG,INTERCONTINENTAL HOTELS GROU,54243,35461,9.39M,6.14M,+188.8%,0.08%
74347Y664,BOIL,PROSHARES TR II,214523,214523,5.89M,5.89M,NEW,0.05%
256746108,DLTR,DOLLAR TREE INC,48273,48273,5.84M,5.84M,NEW,0.05%
833445109,SNOW,SNOWFLAKE INC,22842,22842,5.81M,5.81M,NEW,0.05%
032108649,SILJ,AMPLIFY ETF TR,223789,223789,5.8M,5.8M,NEW,0.05%
82982T106,SITM,SITIME CORP,7772,7772,5.79M,5.79M,NEW,0.05%
29269R105,EFXT,ENERFLEX LTD,245615,234701,6.03M,5.76M,+2150.5%,0.05%
92189F429,PFXF,VANECK ETF TRUST,333871,322783,5.96M,5.76M,+2911.1%,0.05%
00508Y102,AYI,ACUITY INC,24211,15132,9.12M,5.7M,+166.7%,0.08%
92206C870,VCIT,VANGUARD SCOTTSDALE FDS,67984,67984,5.62M,5.62M,NEW,0.05%
03027X100,AMT,AMERICAN TOWER CORP,34328,34328,5.62M,5.62M,NEW,0.05%
683715106,OTEX,OPEN TEXT CORP,252800,252800,5.59M,5.59M,NEW,0.05%
72919P202,PLUG,PLUG PWR INC,2468016,2057616,6.69M,5.58M,+501.4%,0.06%
46436E338,TLTW,ISHARES TR,249482,249482,5.57M,5.57M,NEW,0.05%
03062D803,USAS,AMERICAS GOLD AND SILVER COR,1168625,1168625,5.53M,5.53M,NEW,0.05%
136385101,CNQ,CANADIAN NAT RES LTD MED TER,139554,139554,5.51M,5.51M,NEW,0.05%
714046109,RVTY,REVVITY INC,48540,48540,5.4M,5.4M,NEW,0.05%
85472N109,STN,STANTEC INC,193747,78204,13.36M,5.39M,+67.7%,0.11%
38141G104,GS,GOLDMAN SACHS GROUP INC,26521,5328,26.82M,5.39M,+25.1%,0.23%
29786A106,ETSY,ETSY INC,84252,69819,6.35M,5.26M,+483.7%,0.05%
912318409,UNG,UNITED STS NAT GAS FD LP,445945,445945,5.23M,5.23M,NEW,0.04%
29444U700,EQIX,EQUINIX INC,4977,4977,5.19M,5.19M,NEW,0.04%
457669307,INSM,INSMED INC,48355,48355,5.16M,5.16M,NEW,0.04%
515098101,LSTR,LANDSTAR SYS INC,24854,24854,5.14M,5.14M,NEW,0.04%
464288653,TLH,ISHARES TR,50994,50994,5.12M,5.12M,NEW,0.04%
125269100,CF,CF INDUSTRIES HOLD,46359,46359,5.02M,5.02M,NEW,0.04%
91167Q100,BNO,UNITED STS BRENT OIL FD LP,276844,122758,11.26M,5M,+79.7%,0.1%
83419D201,SLSR,SOLARIS RES INC,600396,590303,5.05M,4.96M,+5848.6%,0.04%
003264108,SIVR,ABRDN SILVER ETF TRUST,93796,87618,5.27M,4.93M,+1418.2%,0.05%
857477103,STT,STATE STR CORP,41893,28512,7.11M,4.84M,+213.1%,0.06%
88080T104,WULF,TERAWULF INC,193207,193207,4.77M,4.77M,NEW,0.04%
929740108,WAB,WABTEC,17406,17406,4.69M,4.69M,NEW,0.04%
040919102,ARKB,ARK 21SHARES BITCOIN ETF,238397,238397,4.64M,4.64M,NEW,0.04%
617700109,MORN,MORNINGSTAR INC,31566,29642,4.92M,4.62M,+1540.6%,0.04%
103304101,BYD,BOYD GAMING CORP,52133,52133,4.6M,4.6M,NEW,0.04%
83088M102,SWKS,SKYWORKS SOLUTIONS INC,66121,66121,4.48M,4.48M,NEW,0.04%
346375108,FORM,FORMFACTOR INC,27883,27883,4.46M,4.46M,NEW,0.04%
12503M108,CBOE,CBOE GLOBAL MKTS INC,30434,18359,7.39M,4.46M,+152%,0.06%
42704L104,HRI,HERC HLDGS INC,31011,31011,4.45M,4.45M,NEW,0.04%
464288794,IAI,ISHARES TR,39086,25053,6.85M,4.39M,+178.5%,0.06%
64110D104,NTAP,NETAPP INC,28347,28347,4.39M,4.39M,NEW,0.04%
46432F388,VLUE,ISHARES TR,21785,21785,4.35M,4.35M,NEW,0.04%
249906108,DSGX,DESCARTES SYS GROUP INC,62500,62500,4.33M,4.33M,NEW,0.04%
405552100,HLN,HALEON PLC,509864,460302,4.76M,4.29M,+928.7%,0.04%
892672106,TW,TRADEWEB MKTS INC,43085,43085,4.29M,4.29M,NEW,0.04%
46137V811,PTF,INVESCO EXCHANGE TRADED FD T,31447,31447,4.29M,4.29M,NEW,0.04%
72201R775,BOND,PIMCO ETF TR,46025,46025,4.24M,4.24M,NEW,0.04%
224408104,CR,CRANE COMPANY,18875,18875,4.21M,4.21M,NEW,0.04%
337345102,QTEC,FIRST TR EXCHANGE-TRADED FD,14305,12463,4.79M,4.17M,+676.6%,0.04%
92189F601,NLR,VANECK ETF TRUST,59185,35885,6.86M,4.16M,+154%,0.06%
828806109,SPG,SIMON PPTY GROUP INC NEW,18601,18601,4.16M,4.16M,NEW,0.04%
G3730V105,FTAI,FTAI AVIATION LTD,15282,15282,4.13M,4.13M,NEW,0.04%
384802104,GWW,WW GRAINGER INC,3038,3038,4.13M,4.13M,NEW,0.04%
29357K103,ENVA,ENOVA INTL INC,17066,17066,4.11M,4.11M,NEW,0.04%
58506Q109,MEDP,MEDPACE HLDGS INC,7697,7697,4.08M,4.08M,NEW,0.03%
91879Q109,MTN,VAIL RESORTS INC,29738,29738,4.05M,4.05M,NEW,0.03%
201723103,CMC,COMMERCIAL METALS CO,64518,64518,4.05M,4.05M,NEW,0.03%
01748X102,ALGT,ALLEGIANT TRAVEL CO,34155,34155,4.02M,4.02M,NEW,0.03%
46138E537,PZA,INVESCO EXCH TRADED FD TR II,170490,170490,4.01M,4.01M,NEW,0.03%
82509L107,SHOP,SHOPIFY INC,58613,35013,6.7M,4M,+148.4%,0.06%
464287739,IYR,ISHARES TR,39119,39119,4M,4M,NEW,0.03%
21036P108,STZ,CONSTELLATION BRANDS INC,28288,28288,3.93M,3.93M,NEW,0.03%
20825C104,COP,CONOCOPHILLIPS,37708,37708,3.92M,3.92M,NEW,0.03%
84857L101,SR,SPIRE INC,49995,49995,3.9M,3.9M,NEW,0.03%
46438R105,ETHA,ISHARES ETHEREUM TR,328057,328057,3.9M,3.9M,NEW,0.03%
808524870,SCHP,SCHWAB STRATEGIC TR,146893,146893,3.89M,3.89M,NEW,0.03%
G6700G107,NVT,NVENT ELEC PLC,22892,22892,3.88M,3.88M,NEW,0.03%
92939U106,WEC,WEC ENERGY GROUP INC,43626,33162,5.09M,3.87M,+316.9%,0.04%
27579R104,EWBC,EAST WEST BANCORP INC,29847,29847,3.85M,3.85M,NEW,0.03%
922020748,VCRB,VANGUARD MALVERN FDS,49254,49254,3.8M,3.8M,NEW,0.03%
808524847,SCHH,SCHWAB STRATEGIC TR,186362,159824,4.41M,3.78M,+602.2%,0.04%
759509102,RS,RELIANCE INC,15702,10128,5.87M,3.78M,+181.7%,0.05%
29446M102,EQNR,EQUINOR ASA,119959,119959,3.77M,3.77M,NEW,0.03%
46138E511,PGX,INVESCO EXCH TRADED FD TR II,347240,347240,3.76M,3.76M,NEW,0.03%
18452B209,CLSK,CLEANSPARK INC,281034,258108,4.09M,3.76M,+1125.8%,0.03%
191098102,COKE,COCA COLA CONS INC,19490,19490,3.72M,3.72M,NEW,0.03%
72703H101,PLNT,PLANET FITNESS MASTER ISSUER,71244,71244,3.72M,3.72M,NEW,0.03%
387328107,GVA,GRANITE CONSTR INC,23426,23426,3.7M,3.7M,NEW,0.03%
M22465104,CHKP,CHECK POINT SOFTWARE TECH LT,27781,27781,3.65M,3.65M,NEW,0.03%
75629V104,RXRX,RECURSION PHARMACEUTICALS IN,987798,987798,3.63M,3.63M,NEW,0.03%
92189K105,HODL,VANECK BITCOIN ETF,217049,217049,3.61M,3.61M,NEW,0.03%
69366J200,PTCT,PTC THERAPEUTICS INC,44005,44005,3.59M,3.59M,NEW,0.03%
464287697,IDU,ISHARES TR,31294,31294,3.59M,3.59M,NEW,0.03%
90184D100,TWST,TWIST BIOSCIENCE CORP,33930,33930,3.49M,3.49M,NEW,0.03%
09174C104,BITB,BITWISE BITCOIN ETF TR,116988,109118,3.73M,3.48M,+1386.5%,0.03%
89472Y107,TGB,TREKOR METALS LTD,552000,499582,3.81M,3.44M,+953.1%,0.03%
25609L105,DCBO,DOCEBO INC,296211,191911,5.3M,3.43M,+184%,0.05%
37954Y855,LIT,GLOBAL X FDS,43677,43677,3.42M,3.42M,NEW,0.03%
46429B267,GOVT,ISHARES TR,150084,150084,3.42M,3.42M,NEW,0.03%
316092865,FUTY,FIDELITY COVINGTON TRUST,155914,58257,9.11M,3.4M,+59.7%,0.08%
46429B697,USMV,ISHARES TR,35265,35265,3.4M,3.4M,NEW,0.03%
78464A631,XAR,SPDR SERIES TRUST,38899,11908,11.04M,3.38M,+44.1%,0.09%
46138G508,BKLN,INVESCO EXCH TRADED FD TR II,165628,165628,3.37M,3.37M,NEW,0.03%
530909308,LLYVK,LIBERTY LIVE HOLDINGS INC,31885,31885,3.37M,3.37M,NEW,0.03%
87807B107,TRP,TC ENERGY CORP,50200,50200,3.32M,3.32M,NEW,0.03%
871829107,SYY,SYSCO CORP,39704,39704,3.32M,3.32M,NEW,0.03%
29261A100,EHC,ENCOMPASS HEALTH CORP,32610,32610,3.3M,3.3M,NEW,0.03%
631103108,NDAQ,NASDAQ INC,41794,41794,3.29M,3.29M,NEW,0.03%
456788108,INFY,INFOSYS LTD,310185,310185,3.25M,3.25M,NEW,0.03%
23834J201,DAVE,DAVE INC,10366,8731,3.86M,3.25M,+534%,0.03%
313745101,FRT,FEDERAL RLTY INVT TR NEW,26276,26276,3.24M,3.24M,NEW,0.03%
882681109,TXRH,TEXAS ROADHOUSE INC,16780,16780,3.24M,3.24M,NEW,0.03%
03073E105,COR,CENCORA INC,11450,11450,3.24M,3.24M,NEW,0.03%
011659109,ALK,ALASKA AIR GROUP INC,61956,61956,3.23M,3.23M,NEW,0.03%
92189H409,HYD,VANECK ETF TRUST,62290,62290,3.21M,3.21M,NEW,0.03%
303075105,FDS,FACTSET RESH SYS INC,30903,13864,7.11M,3.19M,+81.4%,0.06%
66538R748,QQH,NORTHERN LTS FD TR III,37260,37260,3.19M,3.19M,NEW,0.03%
464288414,MUB,ISHARES TR,29396,29396,3.16M,3.16M,NEW,0.03%
832696405,SJM,SMUCKER J M CO,27974,27974,3.15M,3.15M,NEW,0.03%
477143101,JBLU,JETBLUE AIRWAYS CORP,549200,549200,3.15M,3.15M,NEW,0.03%
254604101,IRON,DISC MEDICINE INC,42419,42419,3.1M,3.1M,NEW,0.03%
92189H664,SMHX,VANECK ETF TRUST,48554,48554,3.1M,3.1M,NEW,0.03%
13646K108,CP,CANADIAN PACIFIC KANSAS CITY,35600,35600,3.09M,3.09M,NEW,0.03%
384637104,GHC,GRAHAM HLDGS CO,4301,2660,4.91M,3.04M,+162.1%,0.04%
78433H303,SPYI,NEOS ETF TRUST,56978,56978,3.02M,3.02M,NEW,0.03%
433000106,HIMS,HIMS & HERS HEALTH INC,87217,87217,3.02M,3.02M,NEW,0.03%
33734X192,SKYY,FIRST TR EXCHANGE-TRADED FD,30485,22424,4.1M,3.02M,+278.2%,0.04%
447462102,HURN,HURON CONSULTING GROUP INC,32660,32660,2.94M,2.94M,NEW,0.03%
M20791105,CAMT,CAMTEK LTD,21429,17996,3.5M,2.94M,+524.2%,0.03%
G11448100,BTDR,BITDEER TECHNOLOGIES GROUP,184491,184491,2.93M,2.93M,NEW,0.03%
879512309,TSAT,TELESAT CORP,69766,57295,3.54M,2.9M,+459.4%,0.03%
366651107,IT,GARTNER INC,24416,22395,3.16M,2.9M,+1108.1%,0.03%
237194105,DRI,DARDEN RESTAURANTS INC,15827,14067,3.26M,2.9M,+799.3%,0.03%
380237107,GDDY,GODADDY INC,34118,34118,2.9M,2.9M,NEW,0.02%
57060D108,MKTX,MARKETAXESS HLDGS INC,25185,25185,2.86M,2.86M,NEW,0.02%
500767751,KOID,KRANESHARES TRUST,69008,69008,2.84M,2.84M,NEW,0.02%
499049104,KNX,KNIGHT-SWIFT TRANSN HLDGS IN,36452,36452,2.84M,2.84M,NEW,0.02%
852234103,XYZ,BLOCK INC,110232,37206,8.38M,2.83M,+50.9%,0.07%
92528V200,VMET,VERSAMET ROYALTIES CORP,228600,228600,2.81M,2.81M,NEW,0.02%
830879102,SKYW,SKYWEST INC,35893,28125,3.57M,2.79M,+362.1%,0.03%
064149107,BNS,BANK NOVA SCOTIA B C,1263100,31900,109.75M,2.77M,+2.6%,0.94%
33738R811,FTXL,FIRST TR EXCHANGE TRADED FD,55587,9663,15.84M,2.75M,+21%,0.14%
464289511,IGLB,ISHARES TR,54806,54806,2.74M,2.74M,NEW,0.02%
78464A367,SPLB,SPDR SERIES TRUST,121740,121740,2.73M,2.73M,NEW,0.02%
688239201,OSK,OSHKOSH CORP,17638,17638,2.71M,2.71M,NEW,0.02%
91680M107,UPST,UPSTART HLDGS INC,76342,76342,2.7M,2.7M,NEW,0.02%
750940108,RAL,RALLIANT CORP,36529,36529,2.69M,2.69M,NEW,0.02%
03852U106,ARMK,ARAMARK,47130,47130,2.68M,2.68M,NEW,0.02%
70339W104,PTRN,PATTERN GROUP INC,106455,106455,2.68M,2.68M,NEW,0.02%
256135203,RDY,DR REDDYS LABS LTD,180329,180329,2.61M,2.61M,NEW,0.02%
46138G615,SOXQ,INVESCO EXCH TRADED FD TR II,32665,23204,3.66M,2.6M,+245.3%,0.03%
04914Y102,ATLC,ATLANTICUS HOLDINGS CORP,25083,25083,2.56M,2.56M,NEW,0.02%
38911N206,GRVY,GRAVITY CO LTD,44583,38120,2.99M,2.56M,+589.8%,0.03%
78473E103,SPXC,SPX TECHNOLOGIES INC,10389,10389,2.55M,2.55M,NEW,0.02%
78435P105,SEZL,SEZZLE INC,14782,14782,2.54M,2.54M,NEW,0.02%
64110W102,NTES,NETEASE COM INC,28992,19267,3.72M,2.47M,+198.1%,0.03%
26923N744,FEPI,ETF OPPORTUNITIES TRUST,66574,56740,2.87M,2.45M,+577%,0.02%
922020755,VPLS,VANGUARD MALVERN FDS,31504,31504,2.44M,2.44M,NEW,0.02%
30225T102,EXR,EXTRA SPACE STORAGE INC,16770,16770,2.44M,2.44M,NEW,0.02%
00215W100,ASX,ASE TECHNOLOGY HLDG CO LTD,53680,53680,2.42M,2.42M,NEW,0.02%
74347W601,UGL,PROSHARES TR II,270378,54604,11.86M,2.4M,+25.3%,0.1%
904767803,UL,UNILEVER PLC,39636,39636,2.38M,2.38M,NEW,0.02%
G4705A100,ICLR,ICON PUB LTD CO,13531,13531,2.35M,2.35M,NEW,0.02%
020398707,ALM,ALMONTY INDS INC,240850,141132,3.99M,2.34M,+141.5%,0.03%
74347Y672,ZSL,PROSHARES TR II,75533,75533,2.33M,2.33M,NEW,0.02%
G1144A105,BTBT,BIT DIGITAL INC,1677504,1289984,3.02M,2.32M,+332.9%,0.03%
74275K108,PCOR,PROCORE TECHNOLOGIES INC,57134,57134,2.32M,2.32M,NEW,0.02%
25460G195,YINN,DIREXION SHARES ETF TRUST,108033,108033,2.32M,2.32M,NEW,0.02%
674215207,CHRD,CHORD ENERGY CORPORATION,19596,19596,2.24M,2.24M,NEW,0.02%
109194100,BFAM,BRIGHT HORIZONS FAM SOL IN D,31496,31496,2.23M,2.23M,NEW,0.02%
746729300,PVAL,PUTNAM ETF TRUST,43770,43770,2.23M,2.23M,NEW,0.02%
G50871105,JAZZ,JAZZ PHARMACEUTICALS PLC,16851,9055,4.06M,2.18M,+116.1%,0.03%
53190C102,LTH,LIFE TIME GROUP HOLDINGS INC,53239,53239,2.17M,2.17M,NEW,0.02%
46090E103,QQQ,INVESCO QQQ TR,2952,2952,2.17M,2.17M,NEW,0.02%
368736104,GNRC,GENERAC HLDGS INC,7344,7344,2.15M,2.15M,NEW,0.02%
570535104,MKL,MARKEL GROUP INC,2748,1097,5.37M,2.14M,+66.4%,0.05%
61559X104,MLTX,MOONLAKE IMMUNOTHERAPEUTICS,109204,109204,2.13M,2.13M,NEW,0.02%
00182C103,ANIP,ANI PHARMACEUTICALS INC,25674,25674,2.13M,2.13M,NEW,0.02%
05988J103,BAND,BANDWIDTH INC,33538,33538,2.12M,2.12M,NEW,0.02%
253868103,DLR,DIGITAL RLTY TR INC,11795,11795,2.12M,2.12M,NEW,0.02%
464287226,AGG,ISHARES TR,21129,21129,2.09M,2.09M,NEW,0.02%
45765U103,NSIT,INSIGHT ENTERPRISES INC,17050,17050,2.08M,2.08M,NEW,0.02%
88224Q107,TCBI,TEXAS CAP BANCSHARES INC,20062,20062,2.07M,2.07M,NEW,0.02%
090572207,BIO,BIO RAD LABS INC,7053,7053,2.07M,2.07M,NEW,0.02%
143130102,KMX,CARMAX INC,72518,39081,3.84M,2.07M,+116.9%,0.03%
744573106,PEG,PUBLIC SVC ENTERPRISE GROUP,35497,25361,2.88M,2.06M,+250.2%,0.02%
23128Q101,CURB,CURBLINE PPTYS CORP,67698,67698,2.06M,2.06M,NEW,0.02%
M98068105,WIX,WIX COM LTD,44977,44977,2.04M,2.04M,NEW,0.02%
921946885,VWOB,VANGUARD WHITEHALL FDS,30334,30334,2.04M,2.04M,NEW,0.02%
464288620,USIG,ISHARES TR,39688,39688,2.04M,2.04M,NEW,0.02%
77926X304,QDTE,ROUNDHILL ETF TRUST,104917,63372,3.27M,1.97M,+152.5%,0.03%
58933Y105,MRK,MERCK & CO INC,15260,15260,1.96M,1.96M,NEW,0.02%
733174700,BPOP,POPULAR INC,11932,11932,1.96M,1.96M,NEW,0.02%
74347W130,SVXY,PROSHARES TR II,34191,34191,1.96M,1.96M,NEW,0.02%
558256103,MSGE,MADISON SQUARE GARDEN ENTMT,24127,24127,1.95M,1.95M,NEW,0.02%
25278X109,FANG,DIAMONDBACK ENERGY INC,11054,11054,1.94M,1.94M,NEW,0.02%
10806X102,BBIO,BRIDGEBIO PHARMA INC,25997,25997,1.94M,1.94M,NEW,0.02%
87241L109,TFII,TFI INTERNATIONAL INC,13469,13469,1.93M,1.93M,NEW,0.02%
81725T100,SXT,SENSIENT TECHNOLOGIES CORP,15659,15659,1.93M,1.93M,NEW,0.02%
65339F101,NEE,NEXTERA ENERGY INC,215256,21850,18.89M,1.92M,+11.3%,0.16%
G89479102,TRMD,TORM PLC,72909,72909,1.9M,1.9M,NEW,0.02%
723484101,PNW,PINNACLE WEST CAP CORP,17721,17721,1.9M,1.9M,NEW,0.02%
233331107,DTE,DTE ENERGY CO,12428,12428,1.89M,1.89M,NEW,0.02%
36317J209,GLXY,GALAXY DIGITAL INC.,69106,69106,1.89M,1.89M,NEW,0.02%
989207105,ZBRA,ZEBRA TECHNOLOGIES CORPORATI,7160,7160,1.88M,1.88M,NEW,0.02%
26875P101,EOG,EOG RES INC,14422,14422,1.87M,1.87M,NEW,0.02%
681116109,OLLI,OLLIES BARGAIN OUTLET HLDGS,30331,24290,2.33M,1.87M,+402.1%,0.02%
21871N101,CXW,CORECIVIC INC,61350,61350,1.86M,1.86M,NEW,0.02%
91529Y106,UNM,UNUM GROUP,28721,20779,2.57M,1.86M,+261.6%,0.02%
46654Q732,JTEK,J P MORGAN EXCHANGE TRADED F,16509,16509,1.84M,1.84M,NEW,0.02%
892356106,TSCO,TRACTOR SUPPLY CO,57552,57552,1.82M,1.82M,NEW,0.02%
90041L105,TPB,TURNING PT BRANDS INC,21372,21372,1.81M,1.81M,NEW,0.02%
P31076105,CPA,COPA HOLDINGS SA,11576,11576,1.8M,1.8M,NEW,0.02%
68235P108,OGS,ONE GAS INC,23151,23151,1.78M,1.78M,NEW,0.02%
97650W108,WTFC,WINTRUST FINL CORP,11093,11093,1.78M,1.78M,NEW,0.02%
894164102,TNL,TRAVEL PLUS LEISURE CO,23307,23307,1.78M,1.78M,NEW,0.02%
26701L100,BROS,DUTCH BROS INC,24767,24767,1.78M,1.78M,NEW,0.02%
393657101,GBX,GREENBRIER COS INC,42890,36258,2.1M,1.78M,+546.7%,0.02%
336433107,FSLR,FIRST SOLAR INC,7434,7434,1.75M,1.75M,NEW,0.02%
16935C109,CHYM,CHIME FINL INC,98748,84802,2.02M,1.74M,+608.1%,0.02%
45258D105,IMCR,IMMUNOCORE HLDGS PLC,73928,54674,2.35M,1.74M,+284%,0.02%
718546104,PSX,PHILLIPS 66,79009,10163,13.36M,1.72M,+14.8%,0.11%
23282W605,CYTK,CYTOKINETICS INC,20162,20162,1.72M,1.72M,NEW,0.01%
84472E102,SSB,SOUTHSTATE BK CORP,17119,17119,1.71M,1.71M,NEW,0.01%
420261109,HWKN,HAWKINS INC,11910,11910,1.69M,1.69M,NEW,0.01%
46137V241,SPHQ,INVESCO EXCHANGE TRADED FD T,18723,18723,1.69M,1.69M,NEW,0.01%
100557107,SAM,BOSTON BEER INC,9452,9452,1.67M,1.67M,NEW,0.01%
136375102,CNI,CANADIAN NATL RY CO,465944,13944,55.58M,1.66M,+3.1%,0.48%
92647X830,VFLO,VICTORY PORTFOLIOS II,36183,36183,1.66M,1.66M,NEW,0.01%
086516101,BBY,BEST BUY INC,28938,21775,2.2M,1.65M,+304%,0.02%
011532108,AGI,ALAMOS GOLD INC,59174,54238,1.8M,1.65M,+1098.8%,0.02%
25461A460,YANG,DIREXION SHARES ETF TRUST,40340,40340,1.64M,1.64M,NEW,0.01%
83418M103,SEI,SOLARIS ENERGY INFRAS INC,20349,20349,1.64M,1.64M,NEW,0.01%
85210C100,SCOP,SPROTT PHYSICAL COPPER TRUST,143800,143800,1.64M,1.64M,NEW,0.01%
057665200,BCPC,BALCHEM CORP,15580,9676,2.63M,1.63M,+163.9%,0.02%
81369Y803,XLK,SELECT SECTOR SPDR TR,14418,8580,2.75M,1.63M,+147%,0.02%
031100100,AME,AMETEK INC,6740,6740,1.63M,1.63M,NEW,0.01%
74347Y888,UCO,PROSHARES TR II,184735,49223,6.09M,1.62M,+36.3%,0.05%
808524680,SCHQ,SCHWAB STRATEGIC TR,51569,51569,1.61M,1.61M,NEW,0.01%
706915105,PENG,PENGUIN SOLUTIONS INC,21155,21155,1.61M,1.61M,NEW,0.01%
337932107,FE,FIRSTENERGY CORP,50056,33781,2.38M,1.61M,+207.6%,0.02%
87422Q109,TLN,TALEN ENERGY CORP,4178,4178,1.61M,1.61M,NEW,0.01%
109641100,EAT,BRINKER INTL INC,9552,9552,1.6M,1.6M,NEW,0.01%
00404A109,ACHC,ACADIA HEALTHCARE COMPANY IN,54153,54153,1.6M,1.6M,NEW,0.01%
M3760D101,ESLT,ELBIT SYS LTD,12691,2104,9.63M,1.6M,+19.9%,0.08%
74762E102,PWR,QUANTA SVCS INC,2216,2216,1.6M,1.6M,NEW,0.01%
464287713,IYZ,ISHARES TR,66479,37697,2.81M,1.59M,+131%,0.02%
H17182108,CRSP,CRISPR THERAPEUTICS AG,29167,29167,1.59M,1.59M,NEW,0.01%
75960P104,RELY,REMITLY GLOBAL INC,70814,70814,1.59M,1.59M,NEW,0.01%
553498106,MSA,MSA SAFETY INC,10848,9046,1.89M,1.58M,+502%,0.02%
26152H301,DRD,DRDGOLD LIMITED,115835,74016,2.47M,1.58M,+177%,0.02%
45841N107,IBKR,INTERACTIVE BROKERS GROUP IN,34588,18100,3.01M,1.58M,+109.8%,0.03%
316841105,FIG,FIGMA INC,127926,87033,2.31M,1.57M,+212.8%,0.02%
819047101,SHAK,SHAKE SHACK INC,28095,28095,1.57M,1.57M,NEW,0.01%
98389B100,XEL,XCEL ENERGY INC,30885,19581,2.48M,1.57M,+173.2%,0.02%
384556106,GHM,GRAHAM CORP,12641,12641,1.56M,1.56M,NEW,0.01%
29414B104,EPAM,EPAM SYS INC,30765,19403,2.44M,1.54M,+170.8%,0.02%
501270102,KRUS,KURA SUSHI USA INC,26563,26563,1.53M,1.53M,NEW,0.01%
74347G671,QQQA,PROSHARES TR,17879,17879,1.52M,1.52M,NEW,0.01%
59156R108,MET,METLIFE INC,17980,17980,1.52M,1.52M,NEW,0.01%
N00985106,AER,AERCAP HOLDINGS NV,10390,10390,1.51M,1.51M,NEW,0.01%
471024109,JAN,JANUS LIVING INC,52452,52452,1.51M,1.51M,NEW,0.01%
30034W106,EVRG,EVERGY INC,17392,17392,1.5M,1.5M,NEW,0.01%
29358P101,ENSG,ENSIGN GROUP INC,9329,9329,1.5M,1.5M,NEW,0.01%
68170A108,OMDA,OMADA HEALTH INC,67743,67743,1.49M,1.49M,NEW,0.01%
077454106,BDC,BELDEN INC,12267,12267,1.47M,1.47M,NEW,0.01%
68390D106,OR,OR ROYALTIES INC.,46442,46442,1.47M,1.47M,NEW,0.01%
35473P868,FLMI,FRANKLIN TEMPLETON ETF TR,58241,58241,1.47M,1.47M,NEW,0.01%
059460303,BBD,BANCO BRADESCO S A,424943,411448,1.47M,1.43M,+3048.9%,0.01%
G0450A105,ACGL,ARCH CAP GROUP LTD,23149,14610,2.25M,1.42M,+171.1%,0.02%
69374H881,COWZ,PACER FDS TR,31843,22693,1.98M,1.41M,+248%,0.02%
Y4600W108,KARO,KAROOOOO LTD,28435,28435,1.4M,1.4M,NEW,0.01%
95082P105,WCC,WESCO INTL INC,4062,4062,1.4M,1.4M,NEW,0.01%
81663L200,WGS,GENEDX HOLDINGS CORP,20422,20422,1.4M,1.4M,NEW,0.01%
G0896C103,TBBB,BBB FOODS INC,33621,33621,1.4M,1.4M,NEW,0.01%
G0378L100,AU,ANGLOGOLD ASHANTI PLC,213303,17292,17.25M,1.4M,+8.8%,0.15%
69753M105,PLMR,PALOMAR HLDGS INC,10995,10995,1.39M,1.39M,NEW,0.01%
36266G107,GEHC,GE HEALTHCARE TECHNOLOGIES I,21701,21701,1.39M,1.39M,NEW,0.01%
70432V102,PAYC,PAYCOM SOFTWARE INC,11013,11013,1.38M,1.38M,NEW,0.01%
051774107,AUR,AURORA INNOVATION INC,201217,201217,1.37M,1.37M,NEW,0.01%
29355A107,ENPH,ENPHASE ENERGY INC,74116,27787,3.65M,1.37M,+60%,0.03%
682189105,ON,ON SEMICONDUCTOR CORP,14436,14436,1.36M,1.36M,NEW,0.01%
74347G440,BITO,PROSHARES TR,220921,170365,1.76M,1.36M,+337%,0.02%
053906103,ASM,AVINO SILVER & GOLD MINES LT,256064,213917,1.62M,1.36M,+507.5%,0.01%
82846H405,QXO,QXO INC,78359,78359,1.35M,1.35M,NEW,0.01%
G02602103,DOX,AMDOCS LTD,26721,26721,1.35M,1.35M,NEW,0.01%
656811106,NOA,NORTH AMERN CONSTR GROUP LTD,236300,101156,3.14M,1.34M,+74.9%,0.03%
293712105,EFSC,ENTERPRISE FINL SVCS CORP,20371,20371,1.34M,1.34M,NEW,0.01%
33738D788,FTCB,FIRST TR EXCHANGE-TRADED FD,64017,64017,1.34M,1.34M,NEW,0.01%
171484108,CHDN,CHURCHILL DOWNS INC,14873,14873,1.33M,1.33M,NEW,0.01%
670837103,OGE,OGE ENERGY CORP,27396,27396,1.33M,1.33M,NEW,0.01%
83304A106,SNAP,SNAP INC,300208,300208,1.33M,1.33M,NEW,0.01%
464288638,IGIB,ISHARES TR,24880,24880,1.32M,1.32M,NEW,0.01%
00766T100,ACM,AECOM,23120,18903,1.61M,1.32M,+448.3%,0.01%
071734107,BHC,BAUSCH HEALTH COS INC,415116,267802,2.05M,1.32M,+181.8%,0.02%
760759100,RSG,REPUBLIC SVCS INC,6185,6185,1.32M,1.32M,NEW,0.01%
459044103,IBOC,INTERNATIONAL BANCSHARES COR,17342,17342,1.32M,1.32M,NEW,0.01%
284902509,EGO,ELDORADO GOLD CORP NEW,42002,42002,1.31M,1.31M,NEW,0.01%
759351604,RGA,REINSURANCE GROUP AMER INC,6127,6127,1.3M,1.3M,NEW,0.01%
14167L103,CDNA,CAREDX INC,45589,45589,1.3M,1.3M,NEW,0.01%
82686Q101,SLN,SILENCE THERAPEUTICS PLC,118129,118129,1.3M,1.3M,NEW,0.01%
10948W103,AAMI,ACADIAN ASSET MANAGEMENT INC,17934,17934,1.28M,1.28M,NEW,0.01%
G5960L103,MDT,MEDTRONIC PLC,16372,16372,1.28M,1.28M,NEW,0.01%
921937835,BND,VANGUARD BD INDEX FDS,17436,17436,1.28M,1.28M,NEW,0.01%
646025106,NJR,NEW JERSEY RES CORP,22839,22839,1.28M,1.28M,NEW,0.01%
45784P101,PODD,INSULET CORP,8367,8367,1.27M,1.27M,NEW,0.01%
46578C108,IE,IVANHOE ELECTRIC INC,129212,129212,1.25M,1.25M,NEW,0.01%
15189T107,CNP,CENTERPOINT ENERGY INC,28304,28304,1.25M,1.25M,NEW,0.01%
626755102,MUSA,MURPHY USA INC,2310,2310,1.24M,1.24M,NEW,0.01%
04272N102,AVBP,ARRIVENT BIOPHARMA INC,49125,35818,1.71M,1.24M,+269.2%,0.01%
372303206,GMAB,GENMAB A/S,78569,45170,2.16M,1.24M,+135.2%,0.02%
22266M104,COUR,COURSERA INC,219816,219816,1.24M,1.24M,NEW,0.01%
92537N108,VRT,VERTIV HOLDINGS CO,3700,3700,1.24M,1.24M,NEW,0.01%
G82454102,SMJF,SMJ INTL HOLDINGS INC,239654,239654,1.22M,1.22M,NEW,0.01%
922908553,VNQ,VANGUARD INDEX FDS,12665,12665,1.22M,1.22M,NEW,0.01%
68902V107,OTIS,OTIS WORLDWIDE CORP,16991,16991,1.22M,1.22M,NEW,0.01%
69318G106,PBF,PBF ENERGY INC,80566,26472,3.67M,1.21M,+48.9%,0.03%
74623V103,PCT,PURECYCLE TECHNOLOGIES INC,148501,148501,1.2M,1.2M,NEW,0.01%
P5626F128,IFS,INTERCORP FINL SVCS INC,21137,21137,1.2M,1.2M,NEW,0.01%
49714P108,KNSL,KINSALE CAP GROUP INC,3640,3640,1.2M,1.2M,NEW,0.01%
25434V583,DFGP,DIMENSIONAL ETF TRUST,21911,21911,1.19M,1.19M,NEW,0.01%
65336K103,NXST,NEXSTAR MEDIA GROUP INC,6673,6673,1.19M,1.19M,NEW,0.01%
25460G856,HIBL,DIREXION SHARES ETF TRUST,9034,9034,1.19M,1.19M,NEW,0.01%
191241108,KOF,COCA-COLA FEMSA SAB DE CV,11142,11142,1.18M,1.18M,NEW,0.01%
87961M105,TLX,TELIX PHARMACEUTICAL LTD,102425,102425,1.18M,1.18M,NEW,0.01%
512816109,LAMR,LAMAR ADVERTISING CO,7539,7539,1.18M,1.18M,NEW,0.01%
093671105,HRB,BLOCK H & R INC,30865,30865,1.18M,1.18M,NEW,0.01%
25460E216,FAZ,DIREXION SHARES ETF TRUST,29666,29666,1.17M,1.17M,NEW,<.01%
46266A109,IRMD,IRADIMED CORP,12215,12215,1.17M,1.17M,NEW,<.01%
43283X105,HGV,HILTON GRAND VACATIONS INC,22186,22186,1.16M,1.16M,NEW,<.01%
74967X103,RH,RH,7048,7048,1.16M,1.16M,NEW,<.01%
693483109,PKX,POSCO HOLDINGS INC,22569,22569,1.16M,1.16M,NEW,<.01%
74158E104,PNRG,PRIMEENERGY RESOURCES CORP,8605,6906,1.44M,1.15M,+406.5%,0.01%
297178105,ESS,ESSEX PPTY TR INC,3942,3942,1.15M,1.15M,NEW,<.01%
829401108,SION,SIONNA THERAPEUTICS INC,26023,26023,1.14M,1.14M,NEW,<.01%
05550J101,BJ,BJS WHSL CLUB HLDGS INC,13058,13058,1.14M,1.14M,NEW,<.01%
92859G608,VZLA,VIZSLA SILVER CORP,344278,344278,1.14M,1.14M,NEW,<.01%
67059N108,NTNX,NUTANIX INC,51532,22177,2.63M,1.13M,+75.5%,0.02%
74347W353,AGQ,PROSHARES TR II,16380,16380,1.11M,1.11M,NEW,<.01%
53263P105,LMB,LIMBACH HLDGS INC,14465,14465,1.11M,1.11M,NEW,<.01%
G5331N101,KYIV,KYIVSTAR GROUP LTD,68367,68367,1.11M,1.11M,NEW,<.01%
80706P103,SRRK,SCHOLAR ROCK HLDG CORP,19904,19904,1.09M,1.09M,NEW,<.01%
G0772R208,NTB,BANK OF N T BUTTERFIELD & SO,18379,18379,1.09M,1.09M,NEW,<.01%
88339J105,TTD,THE TRADE DESK INC,203105,60425,3.67M,1.09M,+42.4%,0.03%
26622P107,DOCS,DOXIMITY INC,75704,52310,1.57M,1.08M,+223.6%,0.01%
165303108,CPK,CHESAPEAKE UTILS CORP,15620,8747,1.91M,1.07M,+127.3%,0.02%
464287598,IWD,ISHARES TR,4419,4419,1.07M,1.07M,NEW,<.01%
52603A208,HAPN,HAPPEN INC,51399,51399,1.07M,1.07M,NEW,<.01%
25380B102,DGXX,DIGI PWR X INC,231196,195328,1.26M,1.06M,+544.6%,0.01%
511656100,LKFN,LAKELAND FINL CORP,16999,16999,1.05M,1.05M,NEW,<.01%
00847X104,AGIO,AGIOS PHARMACEUTICALS INC,28111,28111,1.04M,1.04M,NEW,<.01%
03937C105,ARCB,ARCBEST CORP,7257,7257,1.04M,1.04M,NEW,<.01%
784117103,SEIC,SEI INVTS CO,11823,11823,1.04M,1.04M,NEW,<.01%
N62509109,NAMS,NEWAMSTERDAM PHARMA COMPANY,30593,30593,1.04M,1.04M,NEW,<.01%
090040106,BILI,BILIBILI INC,60642,60642,1.03M,1.03M,NEW,<.01%
46438T200,GOVZ,ISHARES TR,28066,28066,1.03M,1.03M,NEW,<.01%
40637H109,HALO,HALOZYME THERAPEUTICS INC,13140,13140,1.03M,1.03M,NEW,<.01%
82982L103,SITE,SITEONE LANDSCAPE SUPPLY INC,8984,8984,1.03M,1.03M,NEW,<.01%
91916J100,BRRR,COINSHARES BITCOIN ETF,61952,61952,1.03M,1.03M,NEW,<.01%
313855108,FSS,FEDERAL SIGNAL CORP,11053,7961,1.42M,1.02M,+257.5%,0.01%
808524656,STCE,SCHWAB STRATEGIC TR,14587,14587,1.02M,1.02M,NEW,<.01%
314911108,FRMI,FERMI INC,110737,110737,1.01M,1.01M,NEW,<.01%
86150R107,STOK,STOKE THERAPEUTICS INC,41225,30932,1.35M,1.01M,+300.5%,0.01%
88636J154,QQQY,TIDAL TRUST II,41595,41595,1M,1M,NEW,<.01%
39525U107,GFR,GREENFIRE RES LTD NEW,372710,176819,2.11M,999.52K,+90.3%,0.02%
92840M102,VST,VISTRA CORP,127769,6276,20.27M,995.56K,+5.2%,0.17%
398182303,AHR,AMERICAN HEALTHCARE REIT INC,19066,19066,994.29K,994.29K,NEW,<.01%
356390104,FRHC,FREEDOM HOLDING CORP,26449,7615,3.45M,993.53K,+40.4%,0.03%
989701107,ZION,ZIONS BANCORPORATION NATL AS,14341,14341,992.25K,992.25K,NEW,<.01%
578605107,MEC,MAYVILLE ENGR CO INC,26477,26477,991.83K,991.83K,NEW,<.01%
464286426,EEMA,ISHARES INC,8479,8479,991.7K,991.7K,NEW,<.01%
92552V100,VSAT,VIASAT INC,49902,11006,4.48M,988.45K,+28.3%,0.04%
13100M509,CALX,CALIX INC,26438,26438,986.67K,986.67K,NEW,<.01%
G0692U109,AXS,AXIS CAP HLDGS LTD,21943,9183,2.36M,986.62K,+72%,0.02%
70450Y103,PYPL,PAYPAL HLDGS INC,22773,22773,983.34K,983.34K,NEW,<.01%
28617B606,ELVA,ELECTROVAYA INC,93442,93442,981.79K,981.79K,NEW,<.01%
047649108,ATKR,ATKORE INC,18787,12613,1.43M,959.09K,+204.3%,0.01%
36164V800,GLIBK,LIBERTY CAP CORP,44358,44358,956.36K,956.36K,NEW,<.01%
87162W100,SNX,TD SYNNEX CORPORATION,23825,3576,6.37M,956.01K,+17.7%,0.05%
464287200,IVV,ISHARES TR,1265,1265,947.35K,947.35K,NEW,<.01%
046224101,ASTE,ASTEC INDS INC,22666,15468,1.39M,946.49K,+214.9%,0.01%
565394103,CART,MAPLEBEAR INC,41182,19920,1.95M,943.21K,+93.7%,0.02%
11276H106,BIPC,BROOKFIELD INFRASTRUCTURE CO,118371,24471,4.56M,943.13K,+26.1%,0.04%
98419M100,XYL,XYLEM INC,12579,7946,1.49M,939.3K,+171.5%,0.01%
577933104,MMS,MAXIMUS INC,17415,17415,936.23K,936.23K,NEW,<.01%
00650F109,ADPT,ADAPTIVE BIOTECHNOLOGIES COR,55823,43436,1.2M,931.7K,+350.7%,0.01%
092113109,BKH,BLACK HILLS CORP,24778,12389,1.84M,921.74K,+100%,0.02%
911922102,USLM,UNITED STS LIME & MINERALS I,13126,8804,1.37M,921.51K,+203.7%,0.01%
30054Y107,EVMN,EVOMMUNE INC,69311,69311,921.14K,921.14K,NEW,<.01%
07831C103,BRBR,BELLRING BRANDS INC,118159,70291,1.53M,909.57K,+146.8%,0.01%
30041R108,EVER,EVERQUOTE INC,38090,38090,906.16K,906.16K,NEW,<.01%
80810D103,SDGR,SCHRODINGER INC,72621,55656,1.18M,904.41K,+328.1%,0.01%
500600101,KOPN,KOPIN CORP,201664,201664,903.46K,903.46K,NEW,<.01%
92891H101,SVIX,VS TRUST,87464,37927,2.08M,901.9K,+76.6%,0.02%
33740F805,FIXD,FIRST TR EXCHNG TRADED FD VI,20655,20655,900.76K,900.76K,NEW,<.01%
578784100,MAZE,MAZE THERAPEUTICS INC,30047,30047,896.6K,896.6K,NEW,<.01%
12621E103,CNO,CNO FINL GROUP INC,17558,17558,895.11K,895.11K,NEW,<.01%
353514102,FELE,FRANKLIN ELEC INC,14533,8255,1.56M,884.85K,+131.5%,0.01%
852066208,SII,SPROTT INC,7868,7868,883.97K,883.97K,NEW,<.01%
74624M102,P,EVERPURE INC,22033,11191,1.74M,881.74K,+103.2%,0.01%
125896100,CMS,CMS ENERGY CORP,31312,11462,2.4M,876.84K,+57.7%,0.02%
00857U206,AGL,AGILON HEALTH INC,8139,8139,872.34K,872.34K,NEW,<.01%
46266C105,IQV,IQVIA HLDGS INC,4477,4477,865.05K,865.05K,NEW,<.01%
875465106,SKT,TANGER INC,21901,21901,864.43K,864.43K,NEW,<.01%
55277P104,MGEE,MGE ENERGY INC,19110,10582,1.56M,862.86K,+124.1%,0.01%
880779103,TEX,TEREX CORP NEW,11875,11875,859.63K,859.63K,NEW,<.01%
535219109,LIND,LINDBLAD EXPEDITIONS HLDGS I,58599,30273,1.65M,854.91K,+106.9%,0.01%
69354N106,PRAA,PRA GROUP INC,62748,45012,1.19M,854.78K,+253.8%,0.01%
46137V845,PRN,INVESCO EXCHANGE TRADED FD T,3225,3225,840.79K,840.79K,NEW,<.01%
302301106,EZPW,EZCORP INC,24212,24212,837.01K,837.01K,NEW,<.01%
26969P108,EXP,EAGLE MATLS INC,6642,3720,1.49M,837K,+127.3%,0.01%
783549108,R,RYDER SYS INC,9385,3161,2.48M,833.78K,+50.8%,0.02%
018802108,LNT,ALLIANT ENERGY CORP,10870,10870,829.27K,829.27K,NEW,<.01%
92790C104,VRDN,VIRIDIAN THERAPEUTICS INC,45078,45078,828.08K,828.08K,NEW,<.01%
25960R105,PLOW,DOUGLAS DYNAMICS INC,26011,15322,1.4M,826.62K,+143.3%,0.01%
92204A702,VGT,VANGUARD WORLD FD,6890,6890,823.49K,823.49K,NEW,<.01%
311900104,FAST,FASTENAL CO,17134,17134,822.95K,822.95K,NEW,<.01%
413216300,HMY,HARMONY GOLD MNG LTD,125613,53882,1.91M,819.55K,+75.1%,0.02%
25434V567,DGCB,DIMENSIONAL ETF TRUST,14937,14937,816.61K,816.61K,NEW,<.01%
55825T103,MSGS,MADISON SQUARE GRDN SPRT COR,2029,2029,815.33K,815.33K,NEW,<.01%
78464A102,XNTK,SPDR SERIES TRUST,2086,2086,814.9K,814.9K,NEW,<.01%
46134L105,ISTR,INVESTAR HOLDING CORP,27174,27174,814.13K,814.13K,NEW,<.01%
31447P100,FENC,FENNEC PHARMACEUTICALS INC,75726,75726,814.05K,814.05K,NEW,<.01%
35905A109,FTDR,FRONTDOOR INC,10416,10416,808.18K,808.18K,NEW,<.01%
928254101,VIRT,VIRTU FINL INC,29013,13550,1.73M,807.17K,+87.6%,0.01%
19058X207,COSO,COASTALSOUTH BANCSHARES INC,29969,29969,804.67K,804.67K,NEW,<.01%
46438F101,IBIT,ISHARES BITCOIN TRUST ETF,207617,24109,6.91M,802.59K,+13.1%,0.06%
320218100,THFF,FIRST FINANCIAL CORPORATION,10303,10303,797.86K,797.86K,NEW,<.01%
626717102,MUR,MURPHY OIL CORP,24313,24313,791.63K,791.63K,NEW,<.01%
83422E204,SLDB,SOLID BIOSCIENCES INC,78290,78290,782.12K,782.12K,NEW,<.01%
37954Y673,PAVE,GLOBAL X FDS,13189,13189,777.1K,777.1K,NEW,<.01%
45569U101,INDI,INDIE SEMICONDUCTOR INC,172259,172259,773.44K,773.44K,NEW,<.01%
457187102,INGR,INGREDION INC,17896,8154,1.69M,772.27K,+83.7%,0.01%
G8726X106,TNK,TEEKAY TANKERS LTD,11888,11888,771.17K,771.17K,NEW,<.01%
731068102,PII,POLARIS INC,11235,11235,768.92K,768.92K,NEW,<.01%
64135M105,NGNE,NEUROGENE INC,24320,24320,764.86K,764.86K,NEW,<.01%
75704L104,RDVT,RED VIOLET INC,11975,11975,763.05K,763.05K,NEW,<.01%
099502106,BAH,BOOZ ALLEN HAMILTON HLDG COR,46518,12564,2.82M,762.26K,+37%,0.02%
29355X107,NPO,ENPRO INC,6213,2018,2.34M,760.64K,+48.1%,0.02%
98954M101,ZG,ZILLOW GROUP INC,24172,24172,758.28K,758.28K,NEW,<.01%
70438V106,PCTY,PAYLOCITY HLDG CORP,18983,7231,1.98M,755.86K,+61.5%,0.02%
12135Y108,BHRB,BURKE HERBERT FINL SVCS CORP,17974,10457,1.29M,751.44K,+139.1%,0.01%
126408103,CSX,CSX CORP,15623,15623,742.56K,742.56K,NEW,<.01%
98887Q104,ZLAB,ZAI LAB LTD,39028,39028,741.53K,741.53K,NEW,<.01%
29280W109,NRGV,ENERGY VAULT HOLDINGS INC,157083,157083,739.86K,739.86K,NEW,<.01%
88025U109,TXG,10X GENOMICS INC,19293,19293,739.69K,739.69K,NEW,<.01%
46091J101,BTCO,INVESCO GALAXY BITCOIN ETF,12617,12617,736.83K,736.83K,NEW,<.01%
43289P106,HIMX,HIMAX TECHNOLOGIES INC,47585,47585,729.95K,729.95K,NEW,<.01%
G8060N102,ST,SENSATA TECHNOLOGIES HLDG PL,23926,15267,1.14M,728.85K,+176.3%,<.01%
896522109,TRN,TRINITY INDS INC,20937,20937,724K,724K,NEW,<.01%
M7S64L123,PGY,PAGAYA TECHNOLOGIES LTD,39649,39649,723.59K,723.59K,NEW,<.01%
229663109,CUBE,CUBESMART,18193,18193,723.54K,723.54K,NEW,<.01%
52603B107,TREE,LENDINGTREE INC,16319,16319,722.77K,722.77K,NEW,<.01%
451107106,IDA,IDACORP INC,4772,4772,722K,722K,NEW,<.01%
17243V102,CNK,CINEMARK HLDGS INC,22698,22698,720.21K,720.21K,NEW,<.01%
152413100,CBC,CENTRAL BANCOMPANY,23687,23687,719.61K,719.61K,NEW,<.01%
579780206,MKC,MCCORMICK & CO INC,14257,14257,718.84K,718.84K,NEW,<.01%
358435105,FRD,FRIEDMAN INDS INC,22297,22297,717.52K,717.52K,NEW,<.01%
96208T104,WEX,WEX INC,5084,5084,717.3K,717.3K,NEW,<.01%
45774W108,IIIN,INSTEEL INDS INC,37550,23601,1.13M,712.75K,+169.2%,<.01%
915271100,UVSP,UNIVEST FINANCIAL CORPORATIO,16280,16280,712.25K,712.25K,NEW,<.01%
22160N109,CSGP,COSTAR GROUP INC,25018,25018,708.51K,708.51K,NEW,<.01%
754730109,RJF,RAYMOND JAMES FINL INC,4630,4630,703.9K,703.9K,NEW,<.01%
97717W851,DXJ,WISDOMTREE TR,4055,4055,703.62K,703.62K,NEW,<.01%
00835Q202,AEVA,AEVA TECHNOLOGIES INC,24310,24310,698.18K,698.18K,NEW,<.01%
46436E726,IBDV,ISHARES TR,31997,31997,697.53K,697.53K,NEW,<.01%
983134107,WYNN,WYNN RESORTS LTD,7168,7168,695.94K,695.94K,NEW,<.01%
294429105,EFX,EQUIFAX INC,4367,4367,693.13K,693.13K,NEW,<.01%
359616109,FULC,FULCRUM THERAPEUTICS INC,189119,189119,692.18K,692.18K,NEW,<.01%
361448103,GATX,GATX CORP,7573,3903,1.34M,691.57K,+106.3%,0.01%
05969A105,TBBK,BANCORP INC DEL,11025,11025,690.61K,690.61K,NEW,<.01%
74727A104,QCRH,QCR HLDGS INC,10066,7082,979.92K,689.43K,+237.3%,<.01%
52736R102,LEVI,LEVI STRAUSS & CO NEW,27691,27691,687.57K,687.57K,NEW,<.01%
09624H208,BXC,BLUELINX HLDGS INC,11105,11105,687.18K,687.18K,NEW,<.01%
74319R101,PRG,PROG HOLDINGS INC,14741,14741,687.08K,687.08K,NEW,<.01%
05637B105,BLZE,BACKBLAZE INC,43307,43307,686.85K,686.85K,NEW,<.01%
40171V100,GWRE,GUIDEWIRE SOFTWARE INC,5575,5575,686K,686K,NEW,<.01%
52476L109,LGN,LEGENCE CORP,7962,7962,678.6K,678.6K,NEW,<.01%
65342K105,NEXT,NEXTDECADE CORP,200351,88928,1.51M,670.52K,+79.8%,0.01%
482497104,BEKE,KE HLDGS INC,46137,46137,670.37K,670.37K,NEW,<.01%
901476101,TWIN,TWIN DISC INC,28821,28821,668.65K,668.65K,NEW,<.01%
85208P865,GBUG,SPROTT FDS TR,17088,17088,667.23K,667.23K,NEW,<.01%
59522J103,MAA,MID-AMER APT CMNTYS INC,7729,4789,1.07M,665.38K,+162.9%,<.01%
35909R108,ULCC,FRONTIER GROUP HLDGS INC,83961,83961,664.13K,664.13K,NEW,<.01%
011642105,ALRM,ALARM COM HLDGS INC,14201,14201,663.47K,663.47K,NEW,<.01%
576485205,MTDR,MATADOR RES CO,13261,13261,660.13K,660.13K,NEW,<.01%
67080N101,NUVB,NUVATION BIO INC,116113,116113,659.52K,659.52K,NEW,<.01%
084680107,BBT,BEACON FINANCIAL CORP.,21617,21617,658.24K,658.24K,NEW,<.01%
G36738105,DMC,DEL MONTE CORP,31956,23531,891.89K,656.75K,+279.3%,<.01%
642045108,AESI,ATLAS ENERGY SOLUTIONS INC,39512,39512,656.29K,656.29K,NEW,<.01%
056752108,BIDU,BAIDU INC,5719,5719,653.62K,653.62K,NEW,<.01%
58958P104,MRBK,MERIDIAN CORP,32568,32568,652.34K,652.34K,NEW,<.01%
464287549,IGM,ISHARES TR,3973,3973,649.9K,649.9K,NEW,<.01%
78464A383,SPMB,SPDR SERIES TRUST,28969,28969,646.3K,646.3K,NEW,<.01%
26142V105,DKNG,DRAFTKINGS INC NEW,25569,25569,645.87K,645.87K,NEW,<.01%
49845K101,KVYO,KLAVIYO INC,42711,42711,644.94K,644.94K,NEW,<.01%
N90064101,QURE,UNIQURE NV,13930,13930,641.62K,641.62K,NEW,<.01%
74837P405,QUIK,QUICKLOGIC CORP,32115,32115,641.34K,641.34K,NEW,<.01%
124805102,CBZ,CBIZ INC,19970,19970,640.64K,640.64K,NEW,<.01%
74366E102,PTGX,PROTAGONIST THERAPEUTICS INC,5222,5222,640.11K,640.11K,NEW,<.01%
59100U108,CASH,PATHWARD FINANCIAL INC,7346,7346,639.54K,639.54K,NEW,<.01%
929566107,WNC,WABASH NATL CORP,47324,47324,638.87K,638.87K,NEW,<.01%
69318J100,CNXN,PC CONNECTION INC,13686,8738,998.94K,637.79K,+176.6%,<.01%
06417N103,OZK,BANK OZK LITTLE ROCK ARK,12242,12242,637.69K,637.69K,NEW,<.01%
06652V208,BANR,BANNER CORP,9595,9595,637.49K,637.49K,NEW,<.01%
74347R693,ROM,PROSHARES TR,4094,4094,635.39K,635.39K,NEW,<.01%
48242W106,KBR,KBR INC,18375,18375,634.49K,634.49K,NEW,<.01%
004239109,AKR,ACADIA RLTY TR,30322,30322,634.03K,634.03K,NEW,<.01%
16411R208,LNG,CHENIERE ENERGY INC,2648,2648,632.9K,632.9K,NEW,<.01%
46817M107,JXN,JACKSON FINANCIAL INC,14317,6166,1.47M,631.34K,+75.6%,0.01%
46434G889,EMGF,ISHARES INC,8596,8596,629.74K,629.74K,NEW,<.01%
06652K103,BKU,BANKUNITED INC,12963,12963,628.06K,628.06K,NEW,<.01%
878972108,TECX,TECTONIC THERAPEUTIC INC,18067,18067,621.05K,621.05K,NEW,<.01%
350060109,FSTR,FOSTER L B CO,13741,13741,620.68K,620.68K,NEW,<.01%
64119N608,NTSK,NETSKOPE INC,71557,56536,782.83K,618.5K,+376.4%,<.01%
78464A284,HYMB,SPDR SERIES TRUST,24267,24267,617.35K,617.35K,NEW,<.01%
277276101,EGP,EASTGROUP PPTYS INC,4913,3036,995.03K,614.88K,+161.7%,<.01%
69888T207,PARR,PAR PAC HOLDINGS INC,40115,10943,2.25M,613.68K,+37.5%,0.02%
91917A207,WGMI,VALKYRIE ETF TRUST II,9653,9653,608.82K,608.82K,NEW,<.01%
70014A104,PKE,PARK AEROSPACE CORP,15923,15923,607.62K,607.62K,NEW,<.01%
04963C209,ATRC,ATRICURE INC,21565,21565,603.39K,603.39K,NEW,<.01%
120076104,BBW,BUILD-A-BEAR WORKSHOP INC,19684,19684,602.53K,602.53K,NEW,<.01%
92511U102,VRRM,VERRA MOBILITY CORP,141649,141649,602.01K,602.01K,NEW,<.01%
743713109,PRLB,PROTO LABS INC,11990,7379,977.3K,601.46K,+160%,<.01%
893870204,TGS,TRANSPORTADORA DE GAS DEL SU,20104,20104,597.69K,597.69K,NEW,<.01%
H82027105,SOPH,SOPHIA GENETICS SA,103521,103521,597.32K,597.32K,NEW,<.01%
314211103,FHI,FEDERATED HERMES INC,10682,10682,589.86K,589.86K,NEW,<.01%
525327102,LDOS,LEIDOS HOLDINGS INC,17243,5728,1.78M,589.81K,+49.7%,0.02%
317585404,FISI,FINANCIAL INSTITUTIONS INC,15129,15129,589.58K,589.58K,NEW,<.01%
92206C771,VMBS,VANGUARD SCOTTSDALE FDS,12569,12569,588.36K,588.36K,NEW,<.01%
225310101,CACC,CREDIT ACCEP CORP MICH,915,915,582.62K,582.62K,NEW,<.01%
44980X109,IPGP,IPG PHOTONICS CORP,4963,4963,582.26K,582.26K,NEW,<.01%
02390A101,AMX,AMERICA MOVIL SAB DE CV,22371,22371,581.42K,581.42K,NEW,<.01%
20464U100,COMP,COMPASS INC,47152,47152,581.38K,581.38K,NEW,<.01%
520776105,DSGR,DISTRIBUTION SOLUTIONS GRP I,21235,21235,580.78K,580.78K,NEW,<.01%
645827205,IDR,IDAHO STRATEGIC RESOURCES,17673,17673,578.79K,578.79K,NEW,<.01%
45579U109,INDV,INDIVIOR PHARMACEUTICALS INC,38864,14096,1.59M,578.36K,+56.9%,0.01%
399473206,GRPN,GROUPON INC,49691,23821,1.2M,573.13K,+92.1%,0.01%
53656F268,UMMA,LISTED FDS TR,14514,14514,572.94K,572.94K,NEW,<.01%
689648103,OTTR,OTTER TAIL CORP,6332,6332,569.75K,569.75K,NEW,<.01%
G3855L106,GHRS,GH RESEARCH PLC,21117,21117,567.62K,567.62K,NEW,<.01%
09075X207,BDSX,BIODESIX INC,24766,24766,558.47K,558.47K,NEW,<.01%
922907746,VTEB,VANGUARD MUN BD FDS,11014,11014,557.09K,557.09K,NEW,<.01%
46187W107,INVH,INVITATION HOMES INC,35373,18419,1.07M,556.44K,+108.6%,<.01%
780287108,RGLD,ROYAL GOLD INC,5308,2765,1.06M,551.92K,+108.7%,<.01%
L44385109,GLOB,GLOBANT S A,26024,19055,753.13K,551.45K,+273.4%,<.01%
53220K504,LGND,LIGAND PHARMACEUTICALS INC,1734,1734,548.1K,548.1K,NEW,<.01%
4525EP200,IMUX,IMMUNIC INC,37786,35646,580.77K,547.88K,+1666%,<.01%
G9001E128,LILAK,LIBERTY LATIN AMERICA LTD,70106,70106,546.13K,546.13K,NEW,<.01%
047726104,BATRA,ATLANTA BRAVES HLDGS INC,17357,9664,977.37K,544.18K,+125.6%,<.01%
534187109,LNC,LINCOLN NATL CORP IND,15224,15224,538.17K,538.17K,NEW,<.01%
496719105,KINS,KINGSTONE COS INC,28152,28152,535.73K,535.73K,NEW,<.01%
57667L107,MTCH,MATCH GROUP INC NEW,14070,14070,535.36K,535.36K,NEW,<.01%
370920100,GENB,GENERATE BIOMEDICINES INC,31510,31510,531.57K,531.57K,NEW,<.01%
29084Q100,EME,EMCOR GROUP INC,638,638,529.46K,529.46K,NEW,<.01%
66765N105,NWN,NORTHWEST NAT HLDG CO,10780,10780,528.87K,528.87K,NEW,<.01%
739128106,POWL,POWELL INDS INC,1845,1845,528.33K,528.33K,NEW,<.01%
863167201,STRS,STRATUS PPTYS INC,18296,18296,526.01K,526.01K,NEW,<.01%
691497309,OXM,OXFORD INDS INC,15008,15008,523.33K,523.33K,NEW,<.01%
130788102,CWT,CALIFORNIA WTR SVC GROUP,21277,10753,1.04M,523.13K,+102.2%,<.01%
36168Q104,GFL,GFL ENVIRONMENTAL INC,14107,14107,519K,519K,NEW,<.01%
20441A102,SBS,COMPANHIA DE SANEAMENTO BASI,89447,89447,517K,517K,NEW,<.01%
23204G100,CUBI,CUSTOMERS BANCORP INC,6469,6469,511.7K,511.7K,NEW,<.01%
35671D857,FCX,FREEPORT MCMORAN INC,161855,8134,10.18M,511.55K,+5.3%,0.09%
029899101,AWR,AMER STATES WTR CO,13212,6147,1.09M,507.93K,+87%,<.01%
670002401,NVAX,NOVAVAX INC,53891,53891,507.65K,507.65K,NEW,<.01%
92763W103,VIPS,VIPSHOP HLDGS LTD,38054,38054,504.6K,504.6K,NEW,<.01%
92922P106,WTI,W & T OFFSHORE INC,277131,159231,872.96K,501.58K,+135.1%,<.01%
462260100,IOVA,IOVANCE BIOTHERAPEUTICS INC,278937,120008,1.16M,499.23K,+75.5%,<.01%
29364G103,ETR,ENTERGY CORP NEW,20735,4314,2.38M,495.51K,+26.3%,0.02%
031001100,ATLO,AMES NATL CORP,16671,16671,493.63K,493.63K,NEW,<.01%
G39108108,GTES,GATES INDL CORP PLC,17460,17460,488.36K,488.36K,NEW,<.01%
79589L106,IOT,SAMSARA INC,15036,15036,487.62K,487.62K,NEW,<.01%
141788109,CARG,CARGURUS INC,14249,14249,485.75K,485.75K,NEW,<.01%
590717401,MESO,MESOBLAST LTD,53126,35879,718.79K,485.44K,+208%,<.01%
29258Y103,EXK,ENDEAVOUR SILVER CORP,58109,58109,481.14K,481.14K,NEW,<.01%
04317A107,ARTV,ARTIVA BIOTHERAPEUTICS INC,49345,49345,478.65K,478.65K,NEW,<.01%
83056P715,SKE,SKEENA RES LTD NEW,17934,17934,478.12K,478.12K,NEW,<.01%
285409108,ELMD,ELECTROMED INC,11291,11291,477.61K,477.61K,NEW,<.01%
49639K101,KC,KINGSOFT CLOUD HLDGS LTD,52737,52737,477.27K,477.27K,NEW,<.01%
33768G107,FCFS,FIRSTCASH HOLDINGS INC,2206,2206,477.2K,477.2K,NEW,<.01%
50127T109,KURA,KURA ONCOLOGY INC,55714,43487,611.18K,477.05K,+355.7%,<.01%
090168105,BLLN,BILLIONTOONE INC,3973,3973,476.68K,476.68K,NEW,<.01%
023193105,AMBQ,AMBIQ MICRO INC,16432,5380,1.45M,475.05K,+48.7%,0.01%
629337106,NNBR,NN INC,150940,130138,541.88K,467.2K,+625.6%,<.01%
46124U107,IVA,INVENTIVA SA,207182,122859,783.15K,464.41K,+145.7%,<.01%
746964105,QTTB,Q32 BIO INC,36396,36396,463.69K,463.69K,NEW,<.01%
74347Y698,GLL,PROSHARES TR II,83725,17176,2.26M,463.41K,+25.8%,0.02%
744320102,PRU,PRUDENTIAL FINL INC,4285,4285,462.48K,462.48K,NEW,<.01%
833034101,SNA,SNAP ON INC,2333,1144,938.8K,460.35K,+96.2%,<.01%
37611X209,DNA,GINKGO BIOWORKS HOLDINGS INC,46088,46088,456.73K,456.73K,NEW,<.01%
50180M108,LBRX,LB PHARMACEUTICALS INC,23955,14024,777.46K,455.15K,+141.2%,<.01%
71363P106,PRDO,PERDOCEO ED CORP,14205,14205,454.56K,454.56K,NEW,<.01%
032654105,ADI,ANALOG DEVICES INC,1133,1133,449.99K,449.99K,NEW,<.01%
G8192U115,SPPL,SIMPPLE LTD,115564,115564,449.54K,449.54K,NEW,<.01%
292765104,EPAC,ENERPAC TOOL GROUP CORP,34795,12533,1.25M,449.43K,+56.3%,0.01%
17306X102,CTRN,CITI TRENDS INC,7762,7762,448.95K,448.95K,NEW,<.01%
157210105,CEVA,CEVA INC,9500,9500,448.02K,448.02K,NEW,<.01%
418056107,HAS,HASBRO INC,5420,5420,447.64K,447.64K,NEW,<.01%
831349105,SLDE,SLIDE INS HLDGS INC,23009,23009,445.68K,445.68K,NEW,<.01%
204448104,BVN,COMPANIA DE MINAS BUENAVENTU,22280,15198,652.58K,445.15K,+214.6%,<.01%
001084102,AGCO,AGCO CORP,3715,3715,444.69K,444.69K,NEW,<.01%
G4809J106,IGIC,INTL GNRL INSURANCE HLDNGS L,16990,16990,444.63K,444.63K,NEW,<.01%
235851102,DHR,DANAHER CORP DEL,2327,2327,443.25K,443.25K,NEW,<.01%
G8192H106,SPNT,SIRIUSPOINT LTD,18443,18443,442.63K,442.63K,NEW,<.01%
443201108,HWM,HOWMET AEROSPACE INC,1642,1642,441.47K,441.47K,NEW,<.01%
088786108,BCYC,BICYCLE THERAPEUTICS PLC,104092,104092,441.35K,441.35K,NEW,<.01%
14020Y508,CGCB,CAPITAL GRP FIXED INCM ETF T,16750,16750,438.51K,438.51K,NEW,<.01%
46435U374,EWJV,ISHARES TR,9945,9945,437.2K,437.2K,NEW,<.01%
677864100,ODC,OIL DRI CORP AMER,4258,4258,435.21K,435.21K,NEW,<.01%
05366Y201,AVNW,AVIAT NETWORKS INC,19449,19449,431.77K,431.77K,NEW,<.01%
929328102,WSFS,WSFS FINL CORP,5624,5624,431.53K,431.53K,NEW,<.01%
67079U306,NUTX,NUTEX HEALTH INC,2519,2519,430.47K,430.47K,NEW,<.01%
33751L105,MYFW,FIRST WESTN FINL INC,13396,13396,430.15K,430.15K,NEW,<.01%
880345103,TNC,TENNANT CO,18807,4910,1.65M,429.82K,+35.3%,0.01%
518415104,LSCC,LATTICE SEMICONDUCTOR CORP,2806,2806,429.21K,429.21K,NEW,<.01%
01644J108,ALKT,ALKAMI TECHNOLOGY INC,23622,23622,428.03K,428.03K,NEW,<.01%
68404L201,OPCH,OPTION CARE HEALTH INC,20400,20400,427.79K,427.79K,NEW,<.01%
25461A189,DUST,DIREXION SHARES ETF TRUST,6711,6711,426.55K,426.55K,NEW,<.01%
058586108,BLDP,BALLARD PWR SYS INC NEW,109505,109505,425.97K,425.97K,NEW,<.01%
88339P101,REAL,THE REALREAL INC,36046,36046,424.98K,424.98K,NEW,<.01%
034948109,ANGX,ANGEL STUDIOS INC.,115620,115620,424.32K,424.32K,NEW,<.01%
12520L109,CFBK,CF BANKSHARES INC,12934,12934,423.85K,423.85K,NEW,<.01%
76009N100,UPBD,UPBOUND GROUP INC,19953,19953,423.4K,423.4K,NEW,<.01%
482931102,KLRA,KAILERA THERAPEUTICS INC,19200,19200,422.98K,422.98K,NEW,<.01%
05945F103,BANF,BANCFIRST CORP,3740,3740,415.63K,415.63K,NEW,<.01%
Y46717107,KEN,KENON HLDGS LTD,6203,6203,414.73K,414.73K,NEW,<.01%
29286X101,ENGN,ENGENE THERAPEUTICS INC,239035,239035,413.53K,413.53K,NEW,<.01%
433921103,HIVE,HIVE DIGITAL TECHNOLOGIES LT,218911,113546,796.84K,413.31K,+107.8%,<.01%
76954A103,RIVN,RIVIAN AUTOMOTIVE INC,281457,23795,4.88M,412.84K,+9.2%,0.04%
01625V104,ALHC,ALIGNMENT HEALTHCARE INC,17307,17307,412.08K,412.08K,NEW,<.01%
091955104,ETHW,BITWISE ETHEREUM ETF,36393,36393,410.51K,410.51K,NEW,<.01%
02875D109,AOUT,AMERICAN OUTDOOR BRANDS INC,34878,34878,409.47K,409.47K,NEW,<.01%
612160101,AIRJ,AIRJOULE TECHNOLOGIES CORP,73794,73794,408.82K,408.82K,NEW,<.01%
149150104,CATY,CATHAY GEN BANCORP,6588,6588,408.39K,408.39K,NEW,<.01%
687604108,ORKA,ORUKA THERAPEUTICS INC,4290,4290,408.28K,408.28K,NEW,<.01%
92557A101,DSP,VIANT TECHNOLOGY INC,32194,32194,407.58K,407.58K,NEW,<.01%
05368J103,AVBH,AVIDBANK HLDGS INC,12339,12339,407.56K,407.56K,NEW,<.01%
04247X102,AWI,ARMSTRONG WORLD INDS INC NEW,27032,2533,4.34M,406.34K,+10.3%,0.04%
78573M104,SABR,SABRE CORP,194334,194334,406.16K,406.16K,NEW,<.01%
67103X102,OFG,OFG BANCORP,8257,8257,405.17K,405.17K,NEW,<.01%
82900L102,SMPL,SIMPLY GOOD FOODS CO,30399,30399,403.7K,403.7K,NEW,<.01%
78468R721,TFI,SPDR SERIES TRUST,8787,8787,402.44K,402.44K,NEW,<.01%
30069T101,EE,EXCELERATE ENERGY INC,10593,10593,402.43K,402.43K,NEW,<.01%
169905106,CHH,CHOICE HOTELS INTL INC,3636,3636,400.94K,400.94K,NEW,<.01%
464289131,EWZS,ISHARES TR,30568,30568,396.77K,396.77K,NEW,<.01%
00191U102,EFOR,EVERFORTH INC,22139,22139,395.62K,395.62K,NEW,<.01%
64031N108,NNI,NELNET INC,2955,2955,393.99K,393.99K,NEW,<.01%
68622P109,ORIC,ORIC PHARMACEUTICALS INC,36296,36296,393.09K,393.09K,NEW,<.01%
35969L108,YMM,FULL TRUCK ALLIANCE CO LTD,47993,47993,389.7K,389.7K,NEW,<.01%
46139W825,BSCX,INVESCO EXCH TRD SLF IDX FD,18439,18439,388.23K,388.23K,NEW,<.01%
45258H106,IMMX,IMMIX BIOPHARMA INC,37637,37637,388.04K,388.04K,NEW,<.01%
H5012F103,LAR,LITHIUM ARGENTINA AG,304161,46214,2.51M,382.11K,+17.9%,0.02%
011311107,ALG,ALAMO GROUP INC,15495,2323,2.55M,382.11K,+17.6%,0.02%
46138G649,QQQM,INVESCO EXCH TRADED FD TR II,1259,1259,381.44K,381.44K,NEW,<.01%
64049M209,NEO,NEOGENOMICS INC,26051,26051,380.08K,380.08K,NEW,<.01%
33739E108,FPE,FIRST TR EXCH TRADED FD III,21224,21224,379.49K,379.49K,NEW,<.01%
453838609,IBCP,INDEPENDENT BK CORP MICH,10439,10439,376.54K,376.54K,NEW,<.01%
238337109,PLAY,DAVE & BUSTERS ENTMT INC,43422,32805,495.01K,373.98K,+309%,<.01%
649445400,FLG,FLAGSTAR BANK NATIONAL ASSOC,25012,25012,373.68K,373.68K,NEW,<.01%
374163103,GERN,GERON CORP,524064,291732,670.8K,373.42K,+125.6%,<.01%
26951R104,EFSI,EAGLE FINL SVCS INC,8908,8908,369.33K,369.33K,NEW,<.01%
03064D108,COLD,AMERICOLD REALTY TRUST INC,23481,23481,369.12K,369.12K,NEW,<.01%
75902K106,RM,REGIONAL MGMT CORP,8932,8932,368K,368K,NEW,<.01%
786700104,SGMT,SAGIMET BIOSCIENCES INC,47604,47604,367.98K,367.98K,NEW,<.01%
653656108,NICE,NICE LTD,4034,4034,366.49K,366.49K,NEW,<.01%
407497106,HLNE,HAMILTON LANE INC,4625,4625,364.59K,364.59K,NEW,<.01%
55955D100,MGNI,MAGNITE INC,19145,19145,363.37K,363.37K,NEW,<.01%
22948Q101,CTO,CTO RLTY GROWTH INC NEW,16822,16822,361.84K,361.84K,NEW,<.01%
637417106,NNN,NNN REIT INC,7761,7761,361.12K,361.12K,NEW,<.01%
M8001Q126,PYPD,POLYPID LTD,70939,70939,360.37K,360.37K,NEW,<.01%
75134P600,METC,RAMACO RES INC,26941,26941,356.43K,356.43K,NEW,<.01%
29286M105,ENGN,ENGENE HOLDINGS INC,239035,205238,413.53K,355.06K,+607.3%,<.01%
12047B105,BMBL,BUMBLE INC,110543,110543,353.74K,353.74K,NEW,<.01%
N44821101,IFRX,INFLARX NV,155416,155416,348.13K,348.13K,NEW,<.01%
74766Q101,QTRX,QUANTERIX CORP,80200,80200,346.46K,346.46K,NEW,<.01%
78475V103,MWH,SOLV ENERGY INC,10164,10164,346.08K,346.08K,NEW,<.01%
591520200,MEI,METHODE ELECTRS INC,33616,18169,637.7K,344.67K,+117.6%,<.01%
302491303,FMC,FMC CORP,69335,29801,797.35K,342.71K,+75.4%,<.01%
002121101,ATEN,A10 NETWORKS INC,9173,9173,342.7K,342.7K,NEW,<.01%
93627C101,HCC,WARRIOR MET COAL INC,4193,4193,340.3K,340.3K,NEW,<.01%
19046P209,CCB,COASTAL FINL CORP WA,4382,4382,339.65K,339.65K,NEW,<.01%
781846209,RUSHA,RUSH ENTERPRISES INC,4650,4650,339.38K,339.38K,NEW,<.01%
580907103,MH,MCGRAW HILL INC,35635,35635,337.46K,337.46K,NEW,<.01%
53635B107,LQDT,LIQUIDITY SVCS INC,8620,8620,337.21K,337.21K,NEW,<.01%
63008G203,NNDM,NANO DIMENSION LTD,232298,232298,336.83K,336.83K,NEW,<.01%
83190L208,SMBK,SMARTFINANCIAL INC,7178,7178,336.79K,336.79K,NEW,<.01%
M6158M104,ITRN,ITURAN LOCATION AND CONTROL,5520,5520,336.77K,336.77K,NEW,<.01%
053604104,AVPT,AVEPOINT INC,29892,29892,335.09K,335.09K,NEW,<.01%
Y10230103,BWLP,BW LPG LTD,47435,19208,826.79K,334.8K,+68%,<.01%
874060205,TAK,TAKEDA PHARMACEUTICAL CO LTD,20870,20870,334.55K,334.55K,NEW,<.01%
11133T103,BR,BROADRIDGE FINL SOLUTIONS IN,6935,2434,949.75K,333.34K,+54.1%,<.01%
64440N103,NFGC,NEW FOUND GOLD CORP,215811,215811,332.35K,332.35K,NEW,<.01%
G8807B106,TBPH,THERAVANCE BIOPHARMA INC,19494,19494,331.4K,331.4K,NEW,<.01%
28618M106,ESI,ELEMENT SOLUTIONS INC,6927,6927,330.76K,330.76K,NEW,<.01%
83946P107,SPFI,SOUTH PLAINS FINANCIAL INC,7635,7635,328.95K,328.95K,NEW,<.01%
22284P105,CVLG,COVENANT LOGISTICS GROUP INC,7415,7415,327.6K,327.6K,NEW,<.01%
199333105,CMCO,COLUMBUS MCKINNON CORP N Y,21587,21587,326.61K,326.61K,NEW,<.01%
89400J107,TRU,TRANSUNION,4520,4520,326.07K,326.07K,NEW,<.01%
30257X104,FBK,FB FINL CORP,5858,5858,324.24K,324.24K,NEW,<.01%
10240L102,BOW,BOWHEAD SPECIALTY HLDGS INC,10817,10817,323.75K,323.75K,NEW,<.01%
46121Y201,IPI,INTREPID POTASH INC,24593,9829,806.16K,322.19K,+66.6%,<.01%
687380105,ORRF,ORRSTOWN FINL SVCS INC,7890,7890,322.15K,322.15K,NEW,<.01%
91359E105,UHT,UNIVERSAL HEALTH RLTY INCOME,14102,7265,618.51K,318.64K,+106.3%,<.01%
669549107,NWFL,NORWOOD FINANCIAL CORP,19142,9903,615.41K,318.38K,+107.2%,<.01%
743606105,PB,PROSPERITY BANCSHARES INC,4340,4340,316.95K,316.95K,NEW,<.01%
266042407,DUOT,DUOS TECHNOLOGIES GROUP INC,26356,26356,316.27K,316.27K,NEW,<.01%
L1995B107,CAAP,CORPORACION AMER ARPTS S A,12480,12480,314.25K,314.25K,NEW,<.01%
597742105,MSBI,MIDLAND STATES BANCORP INC,10064,10064,313.39K,313.39K,NEW,<.01%
007002207,ACET,ADICET BIO INC,36193,36193,312.71K,312.71K,NEW,<.01%
74874Q100,QNST,QUINSTREET INC,21112,21112,309.29K,309.29K,NEW,<.01%
23256X407,HELP,CYBIN INC,46789,46789,309.27K,309.27K,NEW,<.01%
92337F107,VCYT,VERACYTE INC,12837,5243,753.92K,307.92K,+69%,<.01%
87650L103,TARS,TARSUS PHARMACEUTICALS INC,4880,4880,307.15K,307.15K,NEW,<.01%
829073105,SSD,SIMPSON MFG INC,1456,1456,304.81K,304.81K,NEW,<.01%
88830R101,TITN,TITAN MACHY INC,14405,14405,304.23K,304.23K,NEW,<.01%
G6005A102,MGRT,MEGA FORTUNE CO LTD,4176,4176,304.22K,304.22K,NEW,<.01%
665859104,NTRS,NORTHERN TR CORP,1741,1741,302.65K,302.65K,NEW,<.01%
871332102,SLVM,SYLVAMO CORP,8006,8006,302.63K,302.63K,NEW,<.01%
39854F101,GRND,GRINDR INC,20998,20998,301.74K,301.74K,NEW,<.01%
21077F100,CTGO,CONTANGO SILVER & GOLD INC,19032,19032,300.51K,300.51K,NEW,<.01%
G0585R106,AGO,ASSURED GUARANTY LTD,7314,3743,586.29K,300.04K,+104.8%,<.01%
00653Q102,AHCO,ADAPTHEALTH CORP,28407,28407,296K,296K,NEW,<.01%
319835104,FCCO,FIRST CMNTY CORP S C,9023,9023,294.87K,294.87K,NEW,<.01%
29271Q103,ESOA,ENERGY SERVICES OF AMER CORP,15152,15152,293.04K,293.04K,NEW,<.01%
12468P104,AI,C3 AI INC,32195,32195,292.65K,292.65K,NEW,<.01%
88636X708,ULTY,TIDAL TRUST II,9878,9878,292.09K,292.09K,NEW,<.01%
G491BT108,IVZ,INVESCO LTD,11039,11039,291.32K,291.32K,NEW,<.01%
445658107,JBHT,HUNT J B TRANS SVCS INC,1005,1005,290.88K,290.88K,NEW,<.01%
005329107,ADAG,ADAGENE INC,80487,68870,338.05K,289.25K,+592.8%,<.01%
74179A107,BPRN,PRINCETON BANCORP INC,7553,7553,286.64K,286.64K,NEW,<.01%
Y23508107,EDRY,EURODRY LTD,13055,13055,285.77K,285.77K,NEW,<.01%
45773H409,INO,INOVIO PHARMACEUTICALS INC,258928,258928,284.82K,284.82K,NEW,<.01%
78377T107,RHP,RYMAN HOSPITALITY PPTYS INC,2214,2214,284.61K,284.61K,NEW,<.01%
G9723Y105,WSE,WISE GROUP PLC,23884,23884,284.46K,284.46K,NEW,<.01%
855919106,STRZ,STARZ ENTERTAINMENT CORP.,9851,9851,284.3K,284.3K,NEW,<.01%
M87095309,SPCB,SUPERCOM LTD NEW,24815,24815,283.88K,283.88K,NEW,<.01%
78464A649,SPAB,SPDR SERIES TRUST,11022,11022,281.28K,281.28K,NEW,<.01%
64428N109,NUAI,NEW ERA ENERGY & DIGITAL INC,44044,44044,281K,281K,NEW,<.01%
740444104,PLPC,PREFORMED LINE PRODS CO,682,682,280K,280K,NEW,<.01%
78408D105,SBFG,SB FINL GROUP INC,11059,11059,279.46K,279.46K,NEW,<.01%
52635N103,LENZ,LENZ THERAPEUTICS INC,49132,49132,279.07K,279.07K,NEW,<.01%
64082X203,NGEN,NERVGEN PHARMA CORP,134518,134518,277.11K,277.11K,NEW,<.01%
464288513,HYG,ISHARES TR,3460,3460,276.7K,276.7K,NEW,<.01%
903002103,UMH,UMH PPTYS INC,18255,18255,276.38K,276.38K,NEW,<.01%
957090103,WABC,WESTAMERICA BANCORPORATION,4706,4706,276.1K,276.1K,NEW,<.01%
293594107,ENVX,ENOVIX CORPORATION,45302,45302,274.98K,274.98K,NEW,<.01%
20602D101,CNXC,CONCENTRIX CORP,12249,12249,274.44K,274.44K,NEW,<.01%
09061G101,BMRN,BIOMARIN PHARMACEUTICAL INC,14276,4784,816.87K,273.74K,+50.4%,<.01%
477839104,JBTM,JBT MAREL CORPORATION,1885,1885,273.32K,273.32K,NEW,<.01%
320817109,FRME,FIRST MERCHANTS CORP,6249,6249,273.02K,273.02K,NEW,<.01%
714157203,PESI,PERMA-FIX ENVIRONMENTAL SVCS,18967,18967,271.04K,271.04K,NEW,<.01%
537008104,LFUS,LITTELFUSE INC,594,594,270.47K,270.47K,NEW,<.01%
449172105,HY,HYSTER-YALE INC,7708,7708,270.24K,270.24K,NEW,<.01%
49456W105,KLC,KINDERCARE LEARNING COMPANIE,63452,63452,269.67K,269.67K,NEW,<.01%
019770106,ALLO,ALLOGENE THERAPEUTICS INC,210493,129049,437.82K,268.42K,+158.5%,<.01%
Y2106R110,LPG,DORIAN LPG LTD,20291,7705,705.72K,267.98K,+61.2%,<.01%
05561Q201,BOKF,BOK FINL CORP,1923,1923,267.07K,267.07K,NEW,<.01%
68828E809,OGG,OSISKO DEVELOPMENT CORP,108522,108522,266.96K,266.96K,NEW,<.01%
00860C102,AGMB,AGOMAB THERAPEUTICS NV,20461,20461,265.58K,265.58K,NEW,<.01%
75383L102,RAPP,RAPPORT THERAPEUTICS INC,6359,6359,264.98K,264.98K,NEW,<.01%
92346J108,VCEL,VERICEL CORP,5941,5941,264.31K,264.31K,NEW,<.01%
714266103,PPTA,PERPETUA RESOURCES CORP,12719,12719,264.05K,264.05K,NEW,<.01%
536797103,LAD,LITHIA MTRS INC,903,903,262.31K,262.31K,NEW,<.01%
G4R20B107,INTR,INTER & CO INC,48275,48275,262.13K,262.13K,NEW,<.01%
00827B106,AFRM,AFFIRM HLDGS INC,3213,3213,262.02K,262.02K,NEW,<.01%
293389102,EBF,ENNIS INC,12157,12157,258.34K,258.34K,NEW,<.01%
78464A474,SPSB,SPDR SERIES TRUST,8555,8555,256.74K,256.74K,NEW,<.01%
Y2573F102,FLEX,FLEX LTD,1581,1581,256.23K,256.23K,NEW,<.01%
15678C102,CBLL,CERIBELL INC,13167,13167,256.1K,256.1K,NEW,<.01%
095306106,BLBD,BLUE BIRD CORP,3236,3236,255.51K,255.52K,NEW,<.01%
G7487R100,RGC,REGENCELL BIOSCIENCE HLDGS L,41750,41750,254.26K,254.26K,NEW,<.01%
66661N886,NPB,NORTHPOINTE BANCSHARES INC.,13246,13246,254.06K,254.06K,NEW,<.01%
98421M106,XRX,XEROX HOLDINGS CORP,81087,81087,253.8K,253.8K,NEW,<.01%
68373M107,OPRA,OPERA LTD,12686,12686,251.56K,251.56K,NEW,<.01%
75700L108,RRR,RED ROCK RESORTS INC,3860,3860,251.13K,251.13K,NEW,<.01%
316092139,FDTX,FIDELITY COVINGTON TRUST,4304,4304,249.18K,249.18K,NEW,<.01%
04124A100,APC,ARKO PETE CORP,13191,13191,248.65K,248.65K,NEW,<.01%
902653104,UDR,UDR INC,6222,6222,248.38K,248.38K,NEW,<.01%
68417L107,OBT,ORANGE CNTY BANCORP INC,6654,6654,244.73K,244.73K,NEW,<.01%
92206C565,BNDW,VANGUARD SCOTTSDALE FDS,3552,3552,243.42K,243.42K,NEW,<.01%
14843C105,CSTL,CASTLE BIOSCIENCES INC,10175,10175,242.67K,242.67K,NEW,<.01%
29382R107,EVC,ENTRAVISION COMMUNICATIONS C,45079,18439,587.83K,240.44K,+69.2%,<.01%
854502101,SWK,STANLEY BLACK & DECKER INC,2547,2547,239.72K,239.72K,NEW,<.01%
56064Y100,MNSB,MAINSTREET BANCSHARES INC,9707,9707,239.67K,239.67K,NEW,<.01%
Y23592135,ESEA,EUROSEAS LTD,3578,3578,237.47K,237.47K,NEW,<.01%
918385204,VTVT,VTV THERAPEUTICS INC,6305,6305,237.38K,237.38K,NEW,<.01%
60871R209,TAP,MOLSON COORS BEVERAGE CO,29330,6074,1.14M,236.64K,+26.1%,<.01%
023111404,AMRN,AMARIN CORP PLC,14842,14842,236.58K,236.58K,NEW,<.01%
967590209,WYY,WIDEPOINT CORP,13409,13409,234.66K,234.66K,NEW,<.01%
25461A171,JDST,DIREXION SHARES ETF TRUST,5617,5617,234.45K,234.45K,NEW,<.01%
00217Y104,ATS,ATS CORPORATION,8100,8100,233.39K,233.39K,NEW,<.01%
74276R102,PRVA,PRIVIA HEALTH GROUP INC,9033,9033,232.42K,232.42K,NEW,<.01%
09077V100,BIOA,BIOAGE LABS INC,9480,9480,232.35K,232.35K,NEW,<.01%
85208T107,CXM,SPRINKLR INC,44871,44871,231.53K,231.53K,NEW,<.01%
31812F109,FNWD,FINWARD BANCORP,6289,6289,231.31K,231.31K,NEW,<.01%
024013104,AAT,AMERICAN ASSETS TR INC,9313,9313,229.94K,229.94K,NEW,<.01%
73931J109,AIOT,POWERFLEET INC,59683,59683,228.59K,228.59K,NEW,<.01%
45826H109,ITGR,INTEGER HLDGS CORP,2407,2407,224.93K,224.93K,NEW,<.01%
29446Y502,EQX,EQUINOX GOLD CORP,74454,22854,725.18K,222.6K,+44.3%,<.01%
M8T80P204,NEXN,NEXXEN INTL LTD,24583,24583,221.98K,221.98K,NEW,<.01%
700402100,PARK,PARK DENTAL PARTNERS INC,10271,10271,221.34K,221.34K,NEW,<.01%
799566104,SANA,SANA BIOTECHNOLOGY INC,77056,63052,268.93K,220.05K,+450.2%,<.01%
464288117,IGOV,ISHARES TR,5304,5304,217.62K,217.62K,NEW,<.01%
78643B500,ALAR,ALARUM TECHNOLOGIES LTD,26947,26947,216.65K,216.65K,NEW,<.01%
464289420,IWX,ISHARES TR,2059,2059,216.52K,216.52K,NEW,<.01%
39874R101,GO,GROCERY OUTLET HLDG CORP,21669,21669,216.26K,216.26K,NEW,<.01%
42250P103,DOC,HEALTHPEAK PROPERTIES INC,10019,10019,214.41K,214.41K,NEW,<.01%
722304102,PDD,PDD HOLDINGS INC,21377,2806,1.63M,214.04K,+15.1%,0.01%
G63755105,NIQ,NIQ GLOBAL INTELLIGENCE PLC,22681,22681,212.07K,212.07K,NEW,<.01%
47632P101,JRSH,JERASH HLDGS US INC,44036,44036,211.81K,211.81K,NEW,<.01%
81369Y852,XLC,SELECT SECTOR SPDR TR,1970,1970,211.05K,211.05K,NEW,<.01%
47973J102,JYNT,JOINT CORP,23990,23990,210.63K,210.63K,NEW,<.01%
29670E107,EPRT,ESSENTIAL PPTYS RLTY TR INC,33622,7049,1M,210.41K,+26.5%,<.01%
803866300,SSL,SASOL LTD,21412,21412,210.27K,210.27K,NEW,<.01%
02665T306,AMH,AMERICAN HOMES 4 RENT,17556,6269,588.48K,210.14K,+55.5%,<.01%
G79483106,LAES,SEALSQ CORP,66258,66258,208.71K,208.71K,NEW,<.01%
989817101,ZUMZ,ZUMIEZ INC,11703,11703,208.31K,208.31K,NEW,<.01%
75120L209,RLYB,RALLYBIO CORP,12995,12995,207.92K,207.92K,NEW,<.01%
78349D107,RXST,RXSIGHT INC,43043,43043,207.47K,207.47K,NEW,<.01%
29249E109,ACT,ENACT HLDGS INC,4528,4528,206.97K,206.97K,NEW,<.01%
56117J100,MBUU,MALIBU BOATS INC,7539,7539,206.79K,206.79K,NEW,<.01%
20454B104,CMPX,COMPASS THERAPEUTICS INC,108250,94405,237.07K,206.75K,+681.9%,<.01%
23204X103,CTOS,CUSTOM TRUCK ONE SOURCE INC,17499,17499,206.66K,206.66K,NEW,<.01%
G21082105,CYD,CHINA YUCHAI INTL LTD,4316,4316,204.62K,204.62K,NEW,<.01%
48115J109,DERM,JOURNEY MED CORP,28841,28841,204.19K,204.19K,NEW,<.01%
500767652,KMLM,KRANESHARES TRUST,7413,7413,204.01K,204.01K,NEW,<.01%
47805L101,JMSB,JOHN MARSHALL BANCORP INC,9274,9274,202.17K,202.17K,NEW,<.01%
03879J100,ABUS,ARBUTUS BIOPHARMA CORP,42004,42004,201.62K,201.62K,NEW,<.01%
74930B105,RBB,RBB BANCORP,7307,7307,200.32K,200.32K,NEW,<.01%
97717Y659,WCBR,WISDOMTREE TR,20251,5530,733.49K,200.3K,+37.6%,<.01%
74317M104,PAL,PROFICIENT AUTO LOGISTICS IN,29063,29063,197.92K,197.92K,NEW,<.01%
56418H100,MAN,MANPOWERGROUP INC WIS,18340,5779,619.34K,195.16K,+46%,<.01%
45778Q107,NSP,INSPERITY INC,12169,4722,502.7K,195.07K,+63.4%,<.01%
75901B107,RGNX,REGENXBIO INC,16277,16277,195K,195K,NEW,<.01%
020764106,AMR,ALPHA METALLURGICAL RESOUR I,3545,1169,584.71K,192.81K,+49.2%,<.01%
67577R102,IRD,OPUS GENETICS INC,46389,46389,190.66K,190.66K,NEW,<.01%
M9607U115,VLN,VALENS SEMICONDUCTOR LTD,83588,83588,188.91K,188.91K,NEW,<.01%
36472T109,TDAY,USA TODAY CO INC,21806,21806,186.44K,186.44K,NEW,<.01%
L01800108,ALVO,ALVOTECH,66599,50187,245.75K,185.19K,+305.8%,<.01%
60649T107,MG,MISTRAS GROUP INC,10427,10427,182.16K,182.16K,NEW,<.01%
M2197Q107,CLBT,CELLEBRITE DI LTD,12446,12446,181.71K,181.71K,NEW,<.01%
22407B108,COYA,COYA THERAPEUTICS INC,30783,30783,180.08K,180.08K,NEW,<.01%
055298103,BCBP,BCB BANCORP INC,16747,16747,179.53K,179.53K,NEW,<.01%
629444209,NRXP,NRX PHARMACEUTICALS INC,43605,43605,178.34K,178.34K,NEW,<.01%
95058W100,WEN,WENDYS CO,34878,21438,289.14K,177.72K,+159.5%,<.01%
00436Q106,ACEL,ACCEL ENTERTAINMENT INC,13883,13883,175.06K,175.06K,NEW,<.01%
80517M109,SVV,SAVERS VALUE VLG INC,17245,17245,174K,174K,NEW,<.01%
000868109,ACNB,ACNB CORP,8009,2902,475.57K,172.32K,+56.8%,<.01%
G0206E104,AGCC,AGENCIA COML SPIRITS LTD,11331,11331,171.55K,171.55K,NEW,<.01%
03615A108,ANVS,ANNOVIS BIO INC,90884,90884,169.04K,169.04K,NEW,<.01%
927107409,VLGEA,VILLAGE SUPER MKT INC,13494,3957,569.18K,166.91K,+41.5%,<.01%
282914100,EGHT,8X8 INC NEW,96613,96613,165.21K,165.21K,NEW,<.01%
51654W101,LTRN,LANTERN PHARMA INC,39593,39593,165.1K,165.1K,NEW,<.01%
875372203,TNDM,TANDEM DIABETES CARE INC,10898,10898,164.45K,164.45K,NEW,<.01%
70451A104,PAYS,PAYSIGN INC,20079,20079,164.45K,164.45K,NEW,<.01%
G3040B104,ENGS,ENERGYS GROUP LTD,67403,67403,163.79K,163.79K,NEW,<.01%
18538R103,CLW,CLEARWATER PAPER CORP,10437,10437,163.65K,163.65K,NEW,<.01%
56089A400,MAKO,MAKO MNG CORP,22346,22346,163.35K,163.35K,NEW,<.01%
91388P105,ULH,UNIVERSAL LOGISTICS HLDGS IN,11002,11002,162.83K,162.83K,NEW,<.01%
585464100,MLCO,MELCO RESORTS AND ENTMNT LTD,30395,30395,160.18K,160.18K,NEW,<.01%
67577C105,OCGN,OCUGEN INC,104322,104322,159.61K,159.61K,NEW,<.01%
66510M204,NAK,NORTHERN DYNASTY MINERALS LT,216423,82865,415.53K,159.1K,+62%,<.01%
431636109,HLMN,HILLMAN SOLUTIONS CORP,18850,18850,159.09K,159.09K,NEW,<.01%
563571405,MTW,MANITOWOC CO INC,11358,11358,157.76K,157.76K,NEW,<.01%
89679M104,TFPM,TRIPLE FLAG PRECIOUS METAL,13466,5262,403.58K,157.7K,+64.1%,<.01%
230770109,CPIX,CUMBERLAND PHARMACEUTICALS I,24014,24014,155.61K,155.61K,NEW,<.01%
319390100,FBIZ,FIRST BUSINESS FINL SVCS INC,8490,2458,536.31K,155.27K,+40.7%,<.01%
452525306,ICCC,IMMUCELL CORP,15415,15415,154.92K,154.92K,NEW,<.01%
868358102,SGC,SUPERIOR GROUP OF CO INC,11786,11786,154.63K,154.63K,NEW,<.01%
050734201,AEYE,AUDIOEYE INC,26261,26261,152.58K,152.58K,NEW,<.01%
92828Q109,VRTS,VIRTUS INVT PARTNERS INC,7583,1058,1.09M,151.82K,+16.2%,<.01%
46489V302,CATX,PERSPECTIVE THERAPEUTICS INC,44075,44075,150.3K,150.3K,NEW,<.01%
74365U107,TARA,PROTARA THERAPEUTICS INC,39319,39319,150.2K,150.2K,NEW,<.01%
H00501108,AEBI,AEBI SCHMIDT HLDG AG,11958,11958,150.07K,150.07K,NEW,<.01%
N44445109,IMTX,IMMATICS N.V,14726,14726,149.17K,149.17K,NEW,<.01%
25460E869,SPDN,DIREXION SHARES ETF TRUST,17100,17100,148.26K,148.26K,NEW,<.01%
71742Q106,PAHC,PHIBRO ANIMAL HEALTH CORP,8488,4678,266.52K,146.89K,+122.8%,<.01%
68401U204,OPRX,OPTIMIZERX CORP,25643,25643,146.68K,146.68K,NEW,<.01%
683416101,OOMA,OOMA INC,19226,7591,369.52K,145.9K,+65.2%,<.01%
629209305,NMIH,NMI HLDGS INC,9568,3522,393.15K,144.72K,+58.3%,<.01%
42225T107,HCAT,HEALTH CATALYST INC,72493,72493,144.26K,144.26K,NEW,<.01%
56155L108,TUSK,MAMMOTH ENERGY SVCS INC,44015,44015,143.05K,143.05K,NEW,<.01%
88830M102,TWI,TITAN INTL INC ILL,18483,18483,142.5K,142.5K,NEW,<.01%
57142B104,MQ,MARQETA INC,34905,34905,141.71K,141.71K,NEW,<.01%
747324101,PYXS,PYXIS ONCOLOGY INC,47067,47067,141.67K,141.67K,NEW,<.01%
09570Q509,BMM,BLUE MOON METALS INC,22151,22151,141.54K,141.54K,NEW,<.01%
81761L102,SVC,SERVICE PPTYS TR,83629,83629,141.33K,141.33K,NEW,<.01%
769397100,RVSB,RIVERVIEW BANCORP INC,25952,25952,140.92K,140.92K,NEW,<.01%
36870H103,GNLX,GENELUX CORPORATION,45881,45881,138.1K,138.1K,NEW,<.01%
05153U107,AURA,AURA BIOSCIENCES INC,29872,19205,212.09K,136.36K,+180%,<.01%
95805V108,WRN,WESTERN COPPER & GOLD CORP,250917,60442,562.38K,135.47K,+31.7%,<.01%
N71542109,PRQR,PROQR THRAPEUTICS N V,84806,72771,157.74K,135.35K,+604.7%,<.01%
86272C103,STRA,STRATEGIC ED INC,12201,1765,934.84K,135.23K,+16.9%,<.01%
76674Q107,RMNI,RIMINI STR INC DEL,31375,31375,133.66K,133.66K,NEW,<.01%
15961R303,CHPT,CHARGEPOINT HOLDINGS INC,22515,22515,133.06K,133.06K,NEW,<.01%
76200L309,RZLT,REZOLUTE INC,25375,25375,131.95K,131.95K,NEW,<.01%
37892E102,GIC,GLOBAL INDUSTRIAL COMPANY,13848,3926,463.35K,131.36K,+39.6%,<.01%
43114Q105,HPK,HIGHPEAK ENERGY INC,18666,18666,130.47K,130.47K,NEW,<.01%
591322102,TMCR,METALS RTY CO INC,18201,18201,129.96K,129.96K,NEW,<.01%
57777K106,MXCT,MAXCYTE INC,105516,105516,129.78K,129.79K,NEW,<.01%
636180101,NFG,NATIONAL FUEL GAS CO,20583,1675,1.59M,129.33K,+8.9%,0.01%
64110Y108,NLOP,NET LEASE OFFICE PROPERTIES,11284,11284,125.59K,125.59K,NEW,<.01%
85209W109,SPT,SPROUT SOCIAL INC,16605,16605,125.37K,125.37K,NEW,<.01%
68554V108,OSUR,ORASURE TECHNOLOGIES INC,27915,27915,124.5K,124.5K,NEW,<.01%
91678A107,UPB,UPSTREAM BIO INC,17988,17988,124.48K,124.48K,NEW,<.01%
02128L106,ALTG,ALTA EQUIPMENT GROUP INC,29522,19129,191.01K,123.76K,+184.1%,<.01%
910710102,ACIC,AMERICAN COASTAL INS CORP,11076,11076,122.94K,122.94K,NEW,<.01%
69404D108,PACB,PACIFIC BIOSCIENCES CALIF IN,185654,73151,311.9K,122.89K,+65%,<.01%
14154A102,CDNL,CARDINAL INFRASTRUCTURE GROU,6609,1293,622.57K,121.8K,+24.3%,<.01%
04523Y105,ASPN,ASPEN AEROGELS INC,19169,19169,121.53K,121.53K,NEW,<.01%
74319N100,ACDC,PROFRAC HLDG CORP,20771,20771,120.68K,120.68K,NEW,<.01%
G8726T105,TK,TEEKAY CORPORATION LTD,12043,12043,120.43K,120.43K,NEW,<.01%
82536T107,SSTI,SOUNDTHINKING INC,13262,13262,120.02K,120.02K,NEW,<.01%
686275207,OESX,ORION ENERGY SYS INC,20219,10139,236.36K,118.52K,+100.6%,<.01%
349942102,FSM,FORTUNA MNG CORP,13769,13769,116.35K,116.35K,NEW,<.01%
13462K109,CWH,CAMPING WORLD HLDGS INC,26836,14878,204.76K,113.52K,+124.4%,<.01%
H0036K147,ADCT,ADC THERAPEUTICS SA,105690,105690,113.09K,113.09K,NEW,<.01%
15673T100,IPSC,CENTURY THERAPEUTICS INC,45890,45890,112.43K,112.43K,NEW,<.01%
80280U205,SCZM,SANTACRUZ SILVER MNG LTD,17283,17283,112.17K,112.17K,NEW,<.01%
257554105,HUCK,DOMO INC,74041,35309,231.75K,110.52K,+91.2%,<.01%
05967A107,BSBR,BANCO SANTANDER BRASIL S A,20952,20952,110K,110K,NEW,<.01%
63909J108,NAUT,NAUTILUS BIOTECHNOLOGY INC,58559,58559,109.5K,109.5K,NEW,<.01%
26443V101,DLTH,DULUTH HLDGS INC,23903,23903,107.08K,107.08K,NEW,<.01%
527064208,LESL,LESLIES INC,10473,10473,106.3K,106.3K,NEW,<.01%
22275C105,PODC,PODCASTONE INC,23530,23530,105.18K,105.18K,NEW,<.01%
M0854Q105,ALLT,ALLOT LTD,11526,11526,102K,102K,NEW,<.01%
73278L105,POOL,POOL CORP,3148,474,676.5K,101.86K,+17.7%,<.01%
207523101,CNTB,CONNECT BIOPHARMA HLDGS LTD,42303,42303,100.68K,100.68K,NEW,<.01%
48576U205,KPTI,KARYOPHARM THERAPEUTICS INC,10296,10296,100.59K,100.59K,NEW,<.01%
374689107,ROCK,GIBRALTAR INDS INC,8755,2228,394.85K,100.48K,+34.1%,<.01%
75585H206,REAX,THE REAL BROKERAGE INC,54047,54047,98.37K,98.37K,NEW,<.01%
01438T106,ALDX,ALDEYRA THERAPEUTICS INC,46044,46044,98.07K,98.07K,NEW,<.01%
G72800108,PRTA,PROTHENA CORP PLC,10007,10007,97.97K,97.97K,NEW,<.01%
05280R100,AUTL,AUTOLUS THERAPEUTICS LTD,114883,60150,183.81K,96.24K,+109.9%,<.01%
21240E105,VLRS,CONTROLADORA VUELA COMP DE A,10238,10238,95.93K,95.93K,NEW,<.01%
62878D100,NABL,N-ABLE INC,26079,26079,95.71K,95.71K,NEW,<.01%
369550108,GD,GENERAL DYNAMICS CORP,23678,269,8.39M,95.29K,+1.1%,0.07%
23285D109,CTKB,CYTEK BIOSCIENCES INC,21420,21420,94.89K,94.89K,NEW,<.01%
177835105,CHCO,CITY HLDG CO,5901,675,782.71K,89.53K,+12.9%,<.01%
78471E105,SKYX,SKYX PLATFORMS CORP,120633,79641,133.3K,88K,+194.3%,<.01%
62855J104,MYGN,MYRIAD GENETICS INC,44165,15399,252.18K,87.93K,+53.5%,<.01%
384313607,EAF,GRAFTECH INTL LTD SR NT,14834,14834,87.67K,87.67K,NEW,<.01%
G4337R109,HCHL,HAPPY CITY HLDGS LTD,21983,21983,87.05K,87.05K,NEW,<.01%
142038108,CRBU,CARIBOU BIOSCIENCES INC,88979,49423,156.6K,86.98K,+124.9%,<.01%
126501105,CTS,CTS CORP,13642,1334,889.32K,86.96K,+10.8%,<.01%
745848101,LUNG,PULMONX CORP,63910,63910,83.08K,83.08K,NEW,<.01%
171077407,NAGE,NIAGEN BIOSCIENCE INC,25795,25795,82.29K,82.29K,NEW,<.01%
901109108,TPC,TUTOR PERINI CORP,4802,959,398.42K,79.57K,+25%,<.01%
092667104,SRTA,STRATA CRITICAL MEDICAL INC,15093,15093,79.54K,79.54K,NEW,<.01%
927651109,VIRC,VIRCO MFG CO,12491,12491,76.69K,76.69K,NEW,<.01%
05601U105,BRCC,BRC INC,68400,68400,75.92K,75.92K,NEW,<.01%
172406308,CNVS,CINEVERSE CORP,25097,25097,74.54K,74.54K,NEW,<.01%
87876P201,TGEN,TECOGEN INC NEW,14061,14061,73.4K,73.4K,NEW,<.01%
94724R108,WEAV,WEAVE COMMUNICATIONS INC,12207,12207,73.12K,73.12K,NEW,<.01%
09203E105,BDTX,BLACK DIAMOND THERAPEUTICS I,76706,39232,141.91K,72.58K,+104.7%,<.01%
92915B106,VYGR,VOYAGER THERAPEUTICS INC,20702,20702,72.46K,72.46K,NEW,<.01%
G4124C109,GRAB,GRAB HOLDINGS LIMITED,122524,19210,461.92K,72.42K,+18.6%,<.01%
690732102,ACH,ACCENDRA HEALTH INC,21049,21049,71.99K,71.99K,NEW,<.01%
88322Q108,TGTX,TG THERAPEUTICS INC,20140,1263,1.11M,69.39K,+6.7%,<.01%
13463J101,CAMP,CAMP4 THERAPEUTICS CORP,15777,15777,68.94K,68.94K,NEW,<.01%
482929106,KLRS,KALARIS THERAPEUTICS INC,16527,16527,67.27K,67.27K,NEW,<.01%
45780L104,INGN,INOGEN INC,10150,10150,65.47K,65.47K,NEW,<.01%
M8744T106,TBLA,TABOOLA.COM LTD,40490,12635,202.45K,63.17K,+45.4%,<.01%
03589W102,ANNX,ANNEXON INC,27863,10960,159.1K,62.58K,+64.8%,<.01%
05581M404,BTCS,BTCS INC,56091,56091,62.26K,62.26K,NEW,<.01%
16679L109,CHWY,CHEWY INC,20488,3094,402.59K,60.8K,+17.8%,<.01%
92663R105,VMD,VIEMED HEALTHCARE INC,18200,5276,207.48K,60.15K,+40.8%,<.01%
25787G100,DFIN,DONNELLEY FINL SOLUTIONS INC,12352,1335,518.17K,56K,+12.1%,<.01%
811054402,SSP,SCRIPPS E W CO OHIO,19568,19568,54.2K,54.2K,NEW,<.01%
23331S100,DHX,DHI GROUP INC,14513,14513,53.84K,53.84K,NEW,<.01%
09075P204,BTAIQ,BIOXCEL THERAPEUTICS INC,38038,38038,53.63K,53.63K,NEW,<.01%
205826209,CMTL,COMTECH TELECOMMUNICATIONS C,25455,25455,53.46K,53.46K,NEW,<.01%
163092109,CHGG,CHEGG INC,48879,48879,49.37K,49.37K,NEW,<.01%
05380C102,RCEL,AVITA MEDICAL INC,11829,11829,48.85K,48.85K,NEW,<.01%
26205E107,DTI,DRILLING TOOLS INTL CORP,36919,24911,71.25K,48.08K,+207.5%,<.01%
68218J103,OABI,OMNIAB INC,19492,19492,47.95K,47.95K,NEW,<.01%
403949100,DINO,HF SINCLAIR CORP,29687,686,2.07M,47.78K,+2.4%,0.02%
92538J106,VERX,VERTEX INC,20920,4098,240.16K,47.05K,+24.4%,<.01%
00032Q104,WHWK,WHITEHAWK THERAPEUTICS INC,10044,10044,46K,46K,NEW,<.01%
64107A105,NPWR,NET POWER INC,26934,26934,44.98K,44.98K,NEW,<.01%
090683103,BTMD,BIOTE CORP,23741,23741,44.87K,44.87K,NEW,<.01%
30052F100,EVGO,EVGO INC,23397,23397,44.69K,44.69K,NEW,<.01%
64131A105,STIM,NEURONETICS INC,30856,30856,40.11K,40.11K,NEW,<.01%
20451W101,CMPS,COMPASS PATHWAYS PLC,20406,2515,288.75K,35.59K,+14.1%,<.01%
14147L108,CRDF,CARDIFF ONCOLOGY INC,26867,26867,34.93K,34.93K,NEW,<.01%
36269P104,GAIA,GAIA INC NEW,16565,16565,34.79K,34.79K,NEW,<.01%
20440W105,SID,COMPANHIA SIDERURGICA NACION,37162,37162,34K,34K,NEW,<.01%
784730103,SSRM,SSR MINING IN,26589,1189,751.94K,33.62K,+4.7%,<.01%
65487U108,NKTX,NKARTA INC,11508,11508,32.57K,32.57K,NEW,<.01%
H00263105,ACIU,AC IMMUNE SA,12991,12991,30.92K,30.92K,NEW,<.01%
30161N101,EXC,EXELON CORP,26983,650,1.26M,30.3K,+2.5%,0.01%
65540B303,NDLS,NOODLES & CO,19889,2006,297.34K,29.99K,+11.2%,<.01%
M6240T109,KMDA,KAMADA LTD,34250,4056,251.4K,29.77K,+13.4%,<.01%
68764Y207,OSTX,OS THERAPIES INCORPORATED,15662,15662,29.76K,29.76K,NEW,<.01%
753422104,RPD,RAPID7 INC,27331,3539,221.38K,28.67K,+14.9%,<.01%
29259W700,EU,ENCORE ENERGY CORP,162266,21204,212.57K,27.78K,+15%,<.01%
40417F109,HFFG,HF FOODS GROUP INC,18907,18907,26.66K,26.66K,NEW,<.01%
91851C201,EGY,VAALCO ENERGY INC,31877,5089,161.94K,25.85K,+19%,<.01%
45719W205,IKT,INHIBIKASE THERAPEUTICS INC,48413,12351,98.28K,25.07K,+34.2%,<.01%
987184108,YORW,YORK WTR CO,10423,812,319.46K,24.89K,+8.4%,<.01%
98955K104,ZVIA,ZEVIA PBC,15015,15015,24.47K,24.47K,NEW,<.01%
59516C106,MVST,MICROVAST HOLDINGS INC,19517,19517,22.84K,22.84K,NEW,<.01%
98943L107,ZNTL,ZENTALIS PHARMACEUTICALS INC,37613,4281,182.42K,20.76K,+12.8%,<.01%
85916J409,STXS,STEREOTAXIS INC,10706,10706,18.41K,18.41K,NEW,<.01%
629445206,NVEC,NVE CORP,3408,164,356.31K,17.15K,+5.1%,<.01%
877619106,TSHA,TAYSHA GENE THERAPIES INC,25753,2254,175.38K,15.35K,+9.6%,<.01%
G4095J109,GLRE,GREENLIGHT CAP RE LTD,13022,877,210.7K,14.19K,+7.2%,<.01%
14817C107,FLNA,FILANA THERAPEUTICS INC,11238,11238,13.37K,13.37K,NEW,<.01%
53566P109,LCTX,LINEAGE CELL THERAPEUTICS IN,10046,10046,13.16K,13.16K,NEW,<.01%
913290102,UNTY,UNITY BANCORP INC,10267,207,602.57K,12.15K,+2.1%,<.01%
624758108,MWA,MUELLER WTR PRODS INC,7825,441,202.12K,11.39K,+6%,<.01%
911805307,BSIN,BIG SKY INDL INC,10163,10163,11.18K,11.18K,NEW,<.01%
79957L100,SMTI,SANARA MEDTECH INC,10588,416,249.77K,9.81K,+4.1%,<.01%
84920Y106,SPWH,SPORTSMANS WHSE HLDGS INC,31634,6791,42.07K,9.03K,+27.3%,<.01%
31620M106,FIS,FIDELITY NATL INFORMATION SV,35760,165,1.39M,6.42K,+0.5%,0.01%
747301109,QUAD,QUAD / GRAPHICS INC,11387,644,95.99K,5.43K,+6%,<.01%
902494103,TSN,TYSON FOODS INC,33336,23,1.91M,1.32K,+0.1%,0.02%
69353Y103,PMVP,PMV PHARMACEUTICALS INC,62070,896,83.17K,1.2K,+1.5%,<.01%
203668108,CYH,COMMUNITY HEALTH SYS INC NEW,23899,186,79.82K,621.24,+0.8%,<.01%
G8726A106,TCGLF,TECHCREATE GROUP LTD,46268,0,2.73M,0,NO CHANGE,0.02%
80105N105,SNY,SANOFI SA,60025,0,2.56M,0,NO CHANGE,0.02%
921937793,BLV,VANGUARD BD INDEX FDS,21538,0,1.48M,0,NO CHANGE,0.01%
67119K102,NUTR,NUSATRIP INC,108716,0,978.44K,0,NO CHANGE,<.01%
G3139J109,EFTY,ETOILES CAP GROUP CO. LTD,43691,0,656.24K,0,NO CHANGE,<.01%
G3041J106,EMPG,EMPRO GROUP INC,28405,0,493.11K,0,NO CHANGE,<.01%
77106A108,LAWR,ROBOT CONSULTING CO LTD,30707,0,115.15K,0,NO CHANGE,<.01%
29446K106,EQ,EQUILLIUM INC,28655,-105,91.7K,-336,-0.4%,<.01%
714236106,PBT,PERMIAN BASIN RTY TR,11937,-78,298.9K,-1.95K,-0.6%,<.01%
64125C109,NBIX,NEUROCRINE BIOSCIENCES INC,13668,-15,2.3M,-2.53K,-0.1%,0.02%
457030104,IMKTA,INGLES MKTS INC,10561,-44,935.49K,-3.9K,-0.4%,<.01%
59124U605,MTA,METALLA RTY & STREAMING LTD,46157,-547,351.25K,-4.16K,-1.2%,<.01%
G5698W116,LXFR,LUXFER HLDGS PLC,14914,-350,269.05K,-6.31K,-2.3%,<.01%
939653101,ELME,ELME COMMUNITIES,122029,-4491,180.6K,-6.65K,-3.5%,<.01%
11120U105,BRX,BRIXMOR PPTY GROUP INC,10731,-284,338.35K,-8.95K,-2.6%,<.01%
45257L108,IMMP,IMMUTEP LTD,0,-26910,0,-9.45K,CLOSE,0%
014442107,ALEC,ALECTOR INC,14169,-5317,28.48K,-10.69K,-27.3%,<.01%
74168J101,PRME,PRIME MEDICINE INC,43663,-3230,161.12K,-11.92K,-6.9%,<.01%
38046C109,GOGO,GOGO INC,22966,-5222,71.19K,-16.19K,-18.5%,<.01%
29082K105,EMBC,EMBECTA CORP,10013,-5102,32.64K,-16.63K,-33.8%,<.01%
50216C108,LYTS,LSI INDS INC OHIO,16175,-669,429.93K,-17.78K,-4%,<.01%
00175J107,POWW,OUTDOOR HOLDING CO,10139,-7842,23.12K,-17.88K,-43.6%,<.01%
14161Y200,CRDL,CARDIOL THERAPEUTICS INC,30566,-17321,32.4K,-18.36K,-36.2%,<.01%
Y2065G121,DHT,DHT HOLDINGS INC,19363,-1129,320.07K,-18.66K,-5.5%,<.01%
92337C203,VSTM,VERASTEM INC,46982,-5116,179.47K,-19.54K,-9.8%,<.01%
M81873107,RDWR,RADWARE LTD,11044,-642,340.82K,-19.81K,-5.5%,<.01%
729139105,PLRX,PLIANT THERAPEUTICS INC,33280,-17701,37.94K,-20.18K,-34.7%,<.01%
184492106,ZONE,CLEANCORE SOLUTIONS INC,0,-59342,0,-21.14K,CLOSE,0%
206787103,CNDT,CONDUENT INC,0,-16571,0,-21.21K,CLOSE,0%
22822V101,CCI,CROWN CASTLE INC,10246,-289,775.93K,-21.89K,-2.7%,<.01%
20460L104,SPWR,SUNPOWER INC,0,-17514,0,-22.24K,CLOSE,0%
109696104,BCO,BRINKS CO,8326,-237,786.72K,-22.39K,-2.8%,<.01%
74969N103,RLX,RLX TECHNOLOGY INC,0,-10284,0,-22.62K,CLOSE,0%
39959A205,UPXI,UPEXI INC,0,-23169,0,-22.84K,CLOSE,0%
205750409,LODE,COMSTOCK INC,24490,-5492,101.88K,-22.85K,-18.3%,<.01%
456941103,INR,INFINITY NAT RES INC,23616,-1844,299.92K,-23.42K,-7.2%,<.01%
36166F100,GBFH,GBANK FINL HLDGS INC,10454,-773,316.86K,-23.43K,-6.9%,<.01%
003881307,ACTG,ACACIA RESH CORP,10046,-5033,46.81K,-23.45K,-33.4%,<.01%
96812F102,BAER,BRIDGER AEROSPACE GRP HLDGS,0,-12336,0,-24.43K,CLOSE,0%
444144109,HDSN,HUDSON TECHNOLOGIES INC,16395,-4304,94.11K,-24.7K,-20.8%,<.01%
89455T109,TMCI,TREACE MED CONCEPTS INC,25809,-6743,102.72K,-26.84K,-20.7%,<.01%
G47862100,CURR,CURRENC GROUP INC,0,-10497,0,-27.5K,CLOSE,0%
137404109,CADL,CANDEL THERAPEUTICS INC,18178,-2845,187.23K,-29.3K,-13.5%,<.01%
19249H103,CHRS,COHERUS ONCOLOGY INC,0,-17775,0,-30.04K,CLOSE,0%
38000Q201,CBIO,CRESCENT BIOPHARMA INC.,19227,-1690,346.09K,-30.42K,-8.1%,<.01%
61218C103,MNTK,MONTAUK RENEWABLES INC,0,-26928,0,-30.97K,CLOSE,0%
29384C108,TRDA,ENTRADA THERAPEUTICS INC,13257,-4281,97.57K,-31.51K,-24.4%,<.01%
23130Q107,CURI,CURIOSITYSTREAM INC,0,-10805,0,-31.98K,CLOSE,0%
493732101,KFRC,KFORCE INC,9543,-695,447.76K,-32.61K,-6.8%,<.01%
05352A100,AVTR,AVANTOR INC,73509,-3308,727.74K,-32.75K,-4.3%,<.01%
92335C106,VRA,VERA BRADLEY INC,0,-10473,0,-33.09K,CLOSE,0%
53946R106,LDI,LOANDEPOT INC,69314,-26550,86.64K,-33.19K,-27.7%,<.01%
64550A107,HOVR,NEW HORIZON AIRCRAFT LTD,0,-24666,0,-34.78K,CLOSE,0%
08205P209,BNTC,BENITEC BIOPHARMA INC,15371,-2714,205.66K,-36.31K,-15%,<.01%
45782T105,INMB,INMUNE BIO INC,0,-32362,0,-36.57K,CLOSE,0%
38149E101,GLDG,GOLDMINING INC,0,-30970,0,-36.85K,CLOSE,0%
83125X103,SNBRQ,SLEEP NUMBER CORP,0,-21448,0,-38.5K,CLOSE,0%
92333E104,VENU,VENU HLDG CORP,0,-11707,0,-38.75K,CLOSE,0%
87484T108,TALO,TALOS ENERGY INC,20977,-3108,270.81K,-40.12K,-12.9%,<.01%
947002101,WLTH,WEALTHFRONT CORP,18101,-4507,161.82K,-40.29K,-19.9%,<.01%
64107N206,LSAK,LESAKA TECHNOLOGIES INC,21664,-8194,107.67K,-40.72K,-27.4%,<.01%
747798106,HTT,HIGH TEMPLAR TECHNOLOGY LTD,0,-21209,0,-41.15K,CLOSE,0%
06684L103,BZUN,BAOZUN INC,28108,-14829,79.55K,-41.97K,-34.5%,<.01%
718968100,PXED,PHOENIX ED PARTNERS INC,6475,-1281,212.7K,-42.08K,-16.5%,<.01%
N20944109,CNH,CNH INDL N V,24713,-3764,277.58K,-42.28K,-13.2%,<.01%
14167R100,CCLD,CARECLOUD INC,0,-11938,0,-43.57K,CLOSE,0%
909214306,UIS,UNISYS CORP,0,-21088,0,-43.65K,CLOSE,0%
Y95308105,WVE,WAVE LIFE SCIENCES LTD,79065,-7612,459.37K,-44.23K,-8.8%,<.01%
87507T101,TBN,TAMBORAN RES CORP,31453,-1422,1.02M,-46.23K,-4.3%,<.01%
105861306,ATLX,ATLAS LITHIUM CORP,0,-10681,0,-46.46K,CLOSE,0%
G33856108,GSM,FERROGLOBE PLC,0,-11602,0,-47.8K,CLOSE,0%
18270P109,CLAR,CLARUS CORP NEW,0,-17616,0,-47.92K,CLOSE,0%
G85727108,SDA,SUNCAR TECHNOLOGY GROUP INC,0,-28411,0,-48.3K,CLOSE,0%
398433102,GFF,GRIFFON CORP,6594,-530,643.11K,-51.69K,-7.4%,<.01%
740367404,PFBC,PREFERRED BK LOS ANGELES CA,4379,-488,465.31K,-51.85K,-10%,<.01%
483007704,KALU,KAISER ALUMINIUM CORPORATION,3243,-274,634.43K,-53.6K,-7.8%,<.01%
55933J203,MX,MAGNACHIP SEMICONDUCTOR CORP,0,-19169,0,-53.67K,CLOSE,0%
761624105,REX,REX AMERICAN RES CORP,8448,-1271,381.43K,-57.39K,-13.1%,<.01%
88554D205,DDD,3D SYS CORP DEL,12440,-19087,37.57K,-57.64K,-60.5%,<.01%
78648T100,SAFT,SAFETY INS GROUP INC,6163,-792,461.36K,-59.29K,-11.4%,<.01%
030111207,AMSC,AMERICAN SUPERCONDUCTOR CORP,37682,-1458,1.56M,-60.52K,-3.7%,0.01%
055869101,BTQ,BTQ TECHNOLOGIES CORP,0,-22976,0,-61.35K,CLOSE,0%
651587107,NEU,NEWMARKET CORP,2849,-85,2.25M,-67.26K,-2.9%,0.02%
M25722105,CGEN,COMPUGEN LTD,29473,-32833,63.07K,-70.26K,-52.7%,<.01%
97717W422,EPI,WISDOMTREE TR,6816,-1648,291.59K,-70.5K,-19.5%,<.01%
758075402,RWT,REDWOOD TRUST INC,0,-12579,0,-70.57K,CLOSE,0%
09077A106,BMEA,BIOMEA FUSION INC,0,-46162,0,-70.63K,CLOSE,0%
860897107,SFIX,STITCH FIX INC,0,-22105,0,-73.17K,CLOSE,0%
461804106,ITIC,INVESTORS TITLE CO NC,2952,-270,807.9K,-73.89K,-8.4%,<.01%
21873S108,CRWV,COREWEAVE INC,2160,-743,215.01K,-73.96K,-25.6%,<.01%
021513106,ALTO,ALTO INGREDIENTS INC,0,-15551,0,-75.27K,CLOSE,0%
640979100,NMRA,NEUMORA THERAPEUTICS INC.,39625,-45699,67.36K,-77.69K,-53.6%,<.01%
82024L103,STTK,SHATTUCK LABS INC,0,-12134,0,-78.02K,CLOSE,0%
78397T202,SABS,SAB BIOTHERAPEUTICS INC,15195,-20069,59.26K,-78.27K,-56.9%,<.01%
01626L204,ALGS,ALIGOS THERAPEUTICS INC,0,-10822,0,-80.41K,CLOSE,0%
76122Q105,RGP,RESOURCES CONNECTION INC,0,-21722,0,-81.02K,CLOSE,0%
98372W202,XYF,X FINL,0,-20043,0,-82.58K,CLOSE,0%
482738101,KVHI,KVH INDS INC,14434,-8467,143.04K,-83.91K,-37%,<.01%
47580P103,JELD,JELD-WEN HLDG INC,0,-68430,0,-84.85K,CLOSE,0%
36257Y109,GOTU,GAOTU TECHEDU INC,0,-43600,0,-85.46K,CLOSE,0%
82003F309,SKYA,SHARPS TECHNOLOGY INC,0,-51074,0,-85.8K,CLOSE,0%
00851L103,API,AGORA INC,0,-24546,0,-86.89K,CLOSE,0%
001228501,MITT,TPG MTG INVTS TR INC,0,-11888,0,-86.9K,CLOSE,0%
75955J402,RLMD,RELMADA THERAPEUTICS INC,0,-12498,0,-86.99K,CLOSE,0%
50155Q100,KD,KYNDRYL HLDGS INC,64134,-7764,725.36K,-87.81K,-10.8%,<.01%
464288828,IHF,ISHARES TR,20260,-1588,1.12M,-87.86K,-7.3%,<.01%
22658D100,CRCT,CRICUT INC,0,-23569,0,-88.15K,CLOSE,0%
35952H700,FCEL,FUELCELL ENERGY INC,0,-13793,0,-90.07K,CLOSE,0%
591774104,MCB,METROPOLITAN BK HLDG CORP,4823,-928,476.32K,-91.65K,-16.1%,<.01%
G3398L118,PLGO,PELAGOS INS CAP LTD,8634,-3855,210.24K,-93.87K,-30.9%,<.01%
84833T103,SPRO,SPERO THERAPEUTICS INC,0,-40128,0,-93.9K,CLOSE,0%
556099109,MGNX,MACROGENICS INC,0,-32629,0,-94.3K,CLOSE,0%
798241105,SJT,SAN JUAN BASIN RTY TR,0,-19652,0,-94.53K,CLOSE,0%
38500T200,GTE,GRAN TIERRA ENERGY INC,160292,-15306,1.01M,-96.16K,-8.7%,<.01%
82728C102,SVCO,SILVACO GROUP INC,0,-13725,0,-97.17K,CLOSE,0%
913259107,UTL,UNITIL CORP,7445,-1862,392.28K,-98.11K,-20%,<.01%
30052C107,EOLS,EVOLUS INC,0,-24068,0,-98.92K,CLOSE,0%
59064R109,MLAB,MESA LABS INC,7682,-1011,764.74K,-100.65K,-11.6%,<.01%
21833P301,CRBP,CORBUS PHARMACEUTICALS HLDGS,12199,-10787,114.43K,-101.18K,-46.9%,<.01%
68375N103,OPK,OPKO HEALTH INC,0,-88937,0,-101.39K,CLOSE,0%
913456109,UVV,UNIVERSAL CORP VA MTNS BK EN,13991,-1953,729.91K,-101.89K,-12.2%,<.01%
00534A102,IVVD,INVIVYD INC,0,-78433,0,-101.96K,CLOSE,0%
G9471C206,EVTL,VERTICAL AEROSPACE LTD,93132,-59319,162.05K,-103.22K,-38.9%,<.01%
98459U103,YALA,YALLA GROUP LTD,0,-16740,0,-104.29K,CLOSE,0%
700215304,TRAK,REPOSITRAK INC,0,-13813,0,-104.98K,CLOSE,0%
34385P108,LAB,STANDARD BIOTOOLS INC,0,-114899,0,-105.63K,CLOSE,0%
03464C205,AEC,ANFIELD ENERGY INC,0,-19096,0,-106.56K,CLOSE,0%
74587V107,PBYI,PUMA BIOTECHNOLOGY INC,0,-16745,0,-107K,CLOSE,0%
129500104,CAL,CALERES INC,0,-10238,0,-107.91K,CLOSE,0%
75025X100,RLGT,RADIANT LOGISTICS INC,0,-15776,0,-111.22K,CLOSE,0%
073463309,BODI,THE BEACHBODY COMPANY INC,0,-10262,0,-111.44K,CLOSE,0%
G9572D103,BULL,WEBULL CORP,0,-23237,0,-111.54K,CLOSE,0%
39813G109,GDYN,GRID DYNAMICS HLDGS INC,0,-19623,0,-111.85K,CLOSE,0%
59935V107,MIST,MILESTONE PHARMACEUTICALS IN,64661,-84444,86.65K,-113.16K,-56.6%,<.01%
03969T109,ARCT,ARCTURUS THERAPEUTICS HLDGS,13075,-17003,87.86K,-114.26K,-56.5%,<.01%
92707Y108,VFF,VILLAGE FARMS INTL INC,0,-40420,0,-114.79K,CLOSE,0%
805111101,SVRA,SAVARA INC,0,-21344,0,-116.54K,CLOSE,0%
91359V107,UVE,UNIVERSAL INS HLDGS INC,19738,-2854,816.36K,-118.04K,-12.6%,<.01%
M4R82T106,FVRR,FIVERR INTL LTD,0,-11856,0,-118.8K,CLOSE,0%
107924102,BBOT,BRIDGEBIO ONCOLOGY THERAPEUT,0,-13351,0,-119.49K,CLOSE,0%
602496101,MDXG,MIMEDX GROUP INC,0,-30316,0,-119.75K,CLOSE,0%
12662P108,CVI,CVR ENERGY INC,31629,-4359,871.06K,-120.05K,-12.1%,<.01%
654484609,NB,NIOCORP DEVS LTD,0,-27028,0,-120.55K,CLOSE,0%
14280C105,CARL,CARLSMED INC,0,-13352,0,-120.84K,CLOSE,0%
12529R107,CCCC,C4 THERAPEUTICS INC,36726,-26034,171.51K,-121.58K,-41.5%,<.01%
192005106,CDXS,CODEXIS INC,10181,-54018,23.01K,-122.08K,-84.1%,<.01%
05379B107,AVA,AVISTA CORP,5454,-3005,223.12K,-122.93K,-35.5%,<.01%
03209R103,AMPH,AMPHASTAR PHARMACEUTICALS IN,24428,-6133,492.96K,-123.76K,-20.1%,<.01%
84863T106,SPOK,SPOK HLDGS INC,0,-11367,0,-123.9K,CLOSE,0%
00972D105,AKBA,AKEBIA THREAPEUTICS INC,0,-89261,0,-124.07K,CLOSE,0%
88162F105,TTI,TETRA TECHNOLOGIES INC DEL,21075,-11286,238.78K,-127.87K,-34.9%,<.01%
90400D108,RARE,ULTRAGENYX PHARMACEUTICAL IN,52746,-3844,1.76M,-128.35K,-6.8%,0.02%
577081102,MAT,MATTEL INC,17907,-9257,248.55K,-128.49K,-34.1%,<.01%
53224K302,LTBR,LIGHTBRIDGE CORP,0,-12111,0,-129.1K,CLOSE,0%
398905109,GPI,GROUP 1 AUTOMOTIVE INC,3385,-446,985.61K,-129.86K,-11.6%,<.01%
03675P102,AVR,ANTERIS TECHNOLOGIES GLOBAL,0,-23590,0,-130.93K,CLOSE,0%
112463104,BKD,BROOKDALE SR LIVING INC,44014,-8233,708.18K,-132.47K,-15.8%,<.01%
00288U106,ABCL,ABCELLERA BIOLOGICS INC,0,-37972,0,-132.52K,CLOSE,0%
04035M102,ARHS,ARHAUS INC,0,-19549,0,-132.54K,CLOSE,0%
M78673114,PERI,PERION NETWORK LTD,18654,-13667,181.13K,-132.71K,-42.3%,<.01%
488152208,KELYA,KELLY SVCS INC,17984,-10831,220.84K,-133K,-37.6%,<.01%
38071H106,GROY,GOLD ROYALTY CORP,0,-37299,0,-133.53K,CLOSE,0%
71722W107,PHAT,PHATHOM PHARMACEUTICALS INC,0,-12078,0,-134.19K,CLOSE,0%
G00894108,ARX,ACCELERANT HOLDINGS,16341,-11659,191.52K,-136.64K,-41.6%,<.01%
45817G201,IDN,INTELLICHECK MOBILISA INC,0,-19557,0,-136.7K,CLOSE,0%
68287N100,OSPN,ONESPAN INC,0,-13294,0,-139.99K,CLOSE,0%
416515104,HIG,HARTFORD INSURANCE GROUP INC,9526,-1057,1.26M,-140.07K,-10%,0.01%
92189H821,DAPP,VANECK ETF TRUST,27505,-7298,533.05K,-141.44K,-21%,<.01%
419870100,HE,HAWAIIAN ELEC INDS INC MTN B,22643,-10570,306.36K,-143.01K,-31.8%,<.01%
868927203,SRFM,SURF AIR MOBILITY INC,0,-125322,0,-144.12K,CLOSE,0%
31189P102,FATE,FATE THERAPEUTICS INC,0,-120343,0,-144.41K,CLOSE,0%
55087P104,LYFT,LYFT INC,0,-10979,0,-146.02K,CLOSE,0%
04071F102,TETH,21SHARES ETHEREUM ETF,0,-14070,0,-147.31K,CLOSE,0%
M25133105,CGNT,COGNYTE SOFTWARE LTD,0,-18231,0,-147.67K,CLOSE,0%
25253X207,DMAC,DIAMEDICA THERAPEUTICS INC,0,-22039,0,-149.2K,CLOSE,0%
G61188127,LBTYK,LIBERTY GLOBAL LTD,0,-12786,0,-149.98K,CLOSE,0%
47103N106,JBI,JANUS INTERNATIONAL GROUP IN,0,-29140,0,-150.07K,CLOSE,0%
230031106,CGEM,CULLINAN THERAPEUTICS INC,0,-10577,0,-150.3K,CLOSE,0%
04965M106,ATAT,ATOUR LIFESTYLE HLDGS LTD,7382,-4744,234.75K,-150.86K,-39.1%,<.01%
Y73760400,SHIP,SEANERGY MARITIME HLDGS CORP,0,-11754,0,-151.74K,CLOSE,0%
G9087Q102,TROX,TRONOX HOLDINGS PLC,0,-15574,0,-152.16K,CLOSE,0%
458665304,TILE,INTERFACE INC,7928,-4309,284.14K,-154.43K,-35.2%,<.01%
69553P100,PD,PAGERDUTY INC,0,-24961,0,-155.01K,CLOSE,0%
863111100,STRT,STRATTEC SEC CORP,3723,-1905,303.24K,-155.16K,-33.8%,<.01%
18914F103,CLOV,CLOVER HEALTH INVESTMENTS CO,0,-88805,0,-156.3K,CLOSE,0%
03676C100,ATEX,ANTERIX INC,12979,-1523,1.34M,-156.78K,-10.5%,0.01%
M84137104,SMWB,SIMILARWEB LTD,68207,-26027,418.11K,-159.55K,-27.6%,<.01%
517834107,LVS,LAS VEGAS SANDS CORP,11837,-3456,546.75K,-159.63K,-22.6%,<.01%
G2717C106,CWK,CUSHMAN AND WAKEFIELD LTD,0,-13065,0,-160.18K,CLOSE,0%
09352U108,BLND,BLEND LABS INC,0,-94256,0,-160.24K,CLOSE,0%
25445D101,DDL,DINGDONG CAYMAN LTD,0,-63172,0,-162.35K,CLOSE,0%
871565107,ACNT,ASCENT INDUSTRIES CO,0,-12198,0,-162.35K,CLOSE,0%
75574U101,RC,READY CAPITAL CORP,0,-101979,0,-165.21K,CLOSE,0%
21217B100,CTNM,CONTINEUM THERAPEUTICS INC,0,-12799,0,-167.16K,CLOSE,0%
Y3894J187,IMPP,IMPERIAL PETE INC,0,-39203,0,-167.79K,CLOSE,0%
83307B101,SNDL,SNDL INC,118813,-128002,160.4K,-172.8K,-51.9%,<.01%
19239V302,CCOI,COGENT COMM HOLDINGS INC,13228,-12457,183.6K,-172.9K,-48.5%,<.01%
349932103,FWDI,FORWARD INDUSTRIES INC,0,-39271,0,-173.97K,CLOSE,0%
92766K403,SPCE,VIRGIN GALACTIC HOLDINGS INC,0,-72235,0,-175.53K,CLOSE,0%
785688102,SBR,SABINE RTY TR,5681,-2399,415.85K,-175.61K,-29.7%,<.01%
92919F103,VOXR,VOX ROYALTY CORP,0,-33660,0,-175.76K,CLOSE,0%
517097101,LGO,LARGO INC,0,-156396,0,-176.26K,CLOSE,0%
G0176J109,ALLE,ALLEGION PLC,3095,-1258,434.82K,-176.74K,-28.9%,<.01%
74019P207,DTIL,PRECISION BIOSCIENCES INC,0,-32281,0,-177.55K,CLOSE,0%
035255108,ANIK,ANIKA THERAPEUTICS INC,0,-12429,0,-180.22K,CLOSE,0%
28657F103,ELTX,ELICIO THERAPEUTICS INC,0,-16912,0,-180.79K,CLOSE,0%
55262C100,MBI,MBIA INC,0,-30866,0,-182.42K,CLOSE,0%
90466Y202,UNCY,UNICYCIVE THERAPEUTICS INC,0,-27917,0,-183.69K,CLOSE,0%
66981J102,MNSO,MINISO GROUP HLDG LTD,0,-11357,0,-183.98K,CLOSE,0%
58039P305,MUX,MCEWEN INC.,19863,-10182,360.12K,-184.6K,-33.9%,<.01%
637372202,NRC,NATIONAL RESH CORP,0,-10892,0,-184.95K,CLOSE,0%
502160104,LXU,LSB INDS INC,0,-12423,0,-185.1K,CLOSE,0%
032797300,AVXL,ANAVEX LIFE SCIENCES CORP,0,-60336,0,-185.23K,CLOSE,0%
610236101,MNRO,MONRO INC,0,-11595,0,-185.98K,CLOSE,0%
22717L101,CRON,CRONOS GROUP INC,93986,-67180,261.28K,-186.76K,-41.7%,<.01%
221006109,CRVL,CORVEL CORP,8721,-3017,545.24K,-188.62K,-25.7%,<.01%
09739D100,BCC,BOISE CASCADE CO DEL,4257,-2455,330.47K,-190.58K,-36.6%,<.01%
G3922B107,G,GENPACT LIMITED,13431,-6961,369.35K,-191.43K,-34.1%,<.01%
29479A108,ERAS,ERASCA INC,11112,-10576,203.57K,-193.75K,-48.8%,<.01%
G27907107,DOLE,DOLE PLC,0,-13632,0,-194.8K,CLOSE,0%
16934Q802,CIM,CHIMERA INVT CORP,0,-16027,0,-201.14K,CLOSE,0%
61023L207,MNPR,MONOPAR THERAPEUTICS INC,0,-3673,0,-201.24K,CLOSE,0%
233051432,HYLB,DBX ETF TR,0,-5570,0,-201.41K,CLOSE,0%
946760105,CLMB,CLIMB GLOBAL SOLUTIONS INC,0,-10248,0,-203.12K,CLOSE,0%
514952100,LB,LANDBRIDGE COMPANY LLC,0,-2954,0,-203.97K,CLOSE,0%
910340108,UFCS,UNITED FIRE GROUP INC,0,-5521,0,-204.61K,CLOSE,0%
64119V303,NTST,NETSTREIT CORP,0,-10910,0,-205.44K,CLOSE,0%
675232102,OII,OCEANEERING INTL INC,0,-5797,0,-205.62K,CLOSE,0%
917488108,UTMD,UTAH MED PRODS INC,0,-3321,0,-205.87K,CLOSE,0%
46434V738,IEUR,ISHARES TR,0,-2942,0,-206.73K,CLOSE,0%
03212B103,AMPY,AMPLIFY ENERGY CORP NEW,0,-33147,0,-206.84K,CLOSE,0%
10501L106,BWAY,BRAINSWAY LTD,63094,-13349,978.59K,-207.04K,-17.5%,<.01%
G4388N106,HELE,HELEN OF TROY LTD,0,-14382,0,-207.39K,CLOSE,0%
12634H200,PMTS,CPI CARD GROUP INC,0,-14355,0,-208.29K,CLOSE,0%
75943R102,RLAY,RELAY THERAPEUTICS INC,0,-21123,0,-210.17K,CLOSE,0%
29476L107,VMRK,EQUITY RESIDENTIAL,0,-3565,0,-210.87K,CLOSE,0%
528872302,LXRX,LEXICON PHARMACEUTICALS INC,21998,-88381,52.8K,-212.11K,-80.1%,<.01%
713317105,PEPG,PEPGEN INC,40936,-117890,73.69K,-212.2K,-74.2%,<.01%
206704108,BBCP,CONCRETE PUMPING HLDGS INC,0,-29723,0,-212.22K,CLOSE,0%
440327104,HMN,HORACE MANN EDUCATORS CORP N,0,-4976,0,-212.38K,CLOSE,0%
926400102,VSXY,VICTORIAS SECRET AND CO,0,-4625,0,-214.41K,CLOSE,0%
23345M107,DTM,DT MIDSTREAM INC,0,-1606,0,-216.28K,CLOSE,0%
17248W303,CING,CINGULATE INC,0,-34839,0,-216.35K,CLOSE,0%
883203101,TXT,TEXTRON INC,19220,-2374,1.76M,-217.77K,-11%,0.02%
00091G104,ACVA,ACV AUCTIONS INC,0,-51484,0,-218.29K,CLOSE,0%
76029N106,REPL,REPLIMUNE GROUP INC,0,-28615,0,-218.91K,CLOSE,0%
09263B207,BKSY,BLACKSKY TECHNOLOGY INC,0,-8708,0,-219.09K,CLOSE,0%
N97284108,NBIS,NEBIUS GROUP N.V.,0,-2112,0,-219.14K,CLOSE,0%
02451V309,ABAT,AMERICAN BATTERY TECHNOLOGY,0,-79030,0,-220.49K,CLOSE,0%
33767U107,FSUN,FIRSTSUN CAP BANCORP,0,-6054,0,-220.73K,CLOSE,0%
45827U109,INTA,INTAPP INC,0,-8605,0,-221.06K,CLOSE,0%
90337L108,USPH,U S PHYSICAL THERAPY,0,-2951,0,-221.21K,CLOSE,0%
711040105,PFIS,PEOPLES FINL SVCS CORP,0,-4182,0,-223.03K,CLOSE,0%
464289180,EUFN,ISHARES TR,0,-6409,0,-223.35K,CLOSE,0%
00810F106,ASLE,AERSALE CORPORATION,0,-35935,0,-223.52K,CLOSE,0%
987084100,YSS,YORK SPACE SYSTEMS INC,0,-10146,0,-224.94K,CLOSE,0%
37954Y657,PFFD,GLOBAL X FDS,44260,-12040,827.22K,-225.03K,-21.4%,<.01%
78397Q109,SES,SES AI CORPORATION,0,-235265,0,-226.32K,CLOSE,0%
872657101,TPG,TPG INC,0,-5590,0,-226.45K,CLOSE,0%
34959J108,FTV,FORTIVE CORP,0,-4107,0,-227.03K,CLOSE,0%
670346105,NUE,NUCOR CORP,0,-1346,0,-227.61K,CLOSE,0%
78467J100,SSNC,SS&C TECH HLDGS,0,-3369,0,-227.64K,CLOSE,0%
528877103,LX,LEXINFINTECH HLDGS LTD,0,-104427,0,-227.65K,CLOSE,0%
500946108,KRRO,KORRO BIO INC,0,-20356,0,-230.43K,CLOSE,0%
G9161K112,MF,U-BX TECHNOLOGY LTD,0,-69129,0,-230.89K,CLOSE,0%
88822Q103,TIPT,TIPTREE INC,0,-13722,0,-232.18K,CLOSE,0%
297602104,ETD,ETHAN ALLEN INTERIORS INC,0,-10443,0,-232.46K,CLOSE,0%
489170100,KMT,KENNAMETAL INC,16434,-6669,576.01K,-233.75K,-28.9%,<.01%
900111204,TKC,TURKCELL ILETISIM,0,-38775,0,-233.81K,CLOSE,0%
45826J105,NTLA,INTELLIA THERAPEUTICS INC,61204,-13828,1.04M,-233.97K,-18.4%,<.01%
12674W109,CABA,CABALETTA BIO INC,0,-87060,0,-234.19K,CLOSE,0%
02319V103,ABEV,AMBEV SA,139065,-74636,436.66K,-234.36K,-34.9%,<.01%
26923N538,AIPI,ETF OPPORTUNITIES TRUST,0,-6978,0,-234.74K,CLOSE,0%
576853105,MTRX,MATRIX SVC CO,0,-20730,0,-237.98K,CLOSE,0%
500643200,KFY,KORN FERRY,5419,-3576,360.8K,-238.09K,-39.8%,<.01%
890260839,TNXP,TONIX PHARMACEUTICALS HLDG C,0,-17410,0,-239.39K,CLOSE,0%
804395101,BFS,SAUL CTRS INC,0,-7359,0,-239.76K,CLOSE,0%
14070B309,CAPR,CAPRICOR THERAPEUTICS INC,0,-7900,0,-240.16K,CLOSE,0%
14808P109,CASS,CASS INFORMATION SYS INC,0,-5483,0,-241.36K,CLOSE,0%
433323102,HIFS,HINGHAM INSTN SVGS MASS,0,-852,0,-243.54K,CLOSE,0%
03969K108,ARQT,ARCUTIS BIOTHERAPEUTICS INC,13855,-9302,363.28K,-243.9K,-40.2%,<.01%
88032L605,TENX,TENAX THERAPEUTICS INC,0,-15472,0,-247.4K,CLOSE,0%
64082B102,NRDS,NERDWALLET INC,0,-23888,0,-247.96K,CLOSE,0%
690469101,OVID,OVID THERAPEUTICS INC,0,-111804,0,-248.2K,CLOSE,0%
25754A201,DPZ,DOMINOS PIZZA INC,0,-692,0,-248.28K,CLOSE,0%
46090A689,QQA,INVESCO ACTIVELY MANAGED EXC,0,-5032,0,-250.98K,CLOSE,0%
00791N201,ADV,ADVANTAGE SOLUTIONS INC,0,-11892,0,-251.4K,CLOSE,0%
816851109,SRE,SEMPRA,11273,-2717,1.05M,-251.89K,-19.4%,<.01%
L72967109,OEC,ORION S.A.,0,-38870,0,-252.66K,CLOSE,0%
184499101,CLNE,CLEAN ENERGY FUELS CORP,0,-102064,0,-253.12K,CLOSE,0%
60741F104,MBLY,MOBILEYE GLOBAL INC,0,-37080,0,-254.74K,CLOSE,0%
74348A210,RWM,PROSHARES TR,0,-15745,0,-255.38K,CLOSE,0%
268150109,DT,DYNATRACE INC,64150,-5850,2.82M,-256.87K,-8.4%,0.02%
820014405,SBET,SHARPLINK INC,19238,-53797,92.34K,-258.22K,-73.7%,<.01%
77543R102,ROKU,ROKU INC,0,-2749,0,-260.11K,CLOSE,0%
397624107,GEF,GREIF INC,0,-3879,0,-260.17K,CLOSE,0%
Y0207T100,ASC,ARDMORE SHIPPING CORP,0,-17098,0,-260.75K,CLOSE,0%
60510V108,AVO,MISSION PRODUCE INC,0,-19002,0,-261.47K,CLOSE,0%
296315104,ESE,ESCO TECHNOLOGIES INC,0,-932,0,-262.24K,CLOSE,0%
228368106,CCK,CROWN HLDGS INC,0,-2634,0,-264.06K,CLOSE,0%
103002101,BWMN,BOWMAN CONSULTING GROUP LTD,0,-9289,0,-264.18K,CLOSE,0%
11040G103,VTOL,BRISTOW GROUP INC,0,-5702,0,-267.37K,CLOSE,0%
75282U104,RNGR,RANGER ENERGY SVCS INC,0,-15606,0,-267.49K,CLOSE,0%
00773T101,ASIX,ADVANSIX INC,0,-11000,0,-268.4K,CLOSE,0%
26154D100,DFH,DREAM FINDERS HOMES INC,0,-19322,0,-268.96K,CLOSE,0%
464287861,IEV,ISHARES TR,0,-4015,0,-272.78K,CLOSE,0%
775133101,ROG,ROGERS CORP,5631,-1679,921.96K,-274.9K,-23%,<.01%
71535D106,PSNL,PERSONALIS INC,18199,-20523,243.87K,-275.01K,-53%,<.01%
44955L106,IAUX,I-80 GOLD CORP,0,-183594,0,-279.06K,CLOSE,0%
03071H100,AMSF,AMERISAFE INC,0,-8373,0,-279.07K,CLOSE,0%
24665A103,DK,DELEK US HLDGS INC NEW,9823,-5534,499.11K,-281.18K,-36%,<.01%
15117B202,CLDX,CELLDEX THERAPEUTICS INC NEW,16846,-7594,626.84K,-282.57K,-31.1%,<.01%
G4690M101,IBEX,IBEX LTD,0,-10538,0,-282.63K,CLOSE,0%
87164F105,SNDX,SYNDAX PHARMACEUTICALS INC,0,-12129,0,-283.33K,CLOSE,0%
912932100,UNIT,UNITI GROUP LLC,0,-30556,0,-286.62K,CLOSE,0%
45768S105,IOSP,INNOSPEC INC,8972,-3528,730.23K,-287.14K,-28.2%,<.01%
04621X108,AIZ,ASSURANT INC,12951,-1070,3.48M,-287.33K,-7.6%,0.03%
50060P106,KOP,KOPPERS HOLDINGS INC,0,-7429,0,-287.35K,CLOSE,0%
G65163100,JOBY,JOBY AVIATION INC,0,-34809,0,-287.52K,CLOSE,0%
981811102,WOR,WORTHINGTON ENTERPRISES INC,16685,-5367,896.99K,-288.53K,-24.3%,<.01%
596680108,MSEX,MIDDLESEX WTR CO,0,-5556,0,-289.19K,CLOSE,0%
624580106,MOV,MOVADO GROUP INC,0,-11921,0,-291.11K,CLOSE,0%
00138L108,RERE,ATRENEW INC,0,-62347,0,-292.41K,CLOSE,0%
343498101,FLO,FLOWERS FOODS INC,0,-36038,0,-293.71K,CLOSE,0%
65473P105,NI,NISOURCE INC,52459,-6192,2.49M,-294.43K,-10.6%,0.02%
46140H700,DBB,INVESCO DB MULTI-SECTOR COMM,0,-12549,0,-294.9K,CLOSE,0%
861896108,SNEX,STONEX GROUP INC,0,-3669,0,-295.9K,CLOSE,0%
40609P105,HNRG,HALLADOR ENERGY COMPANY,18438,-17086,320.64K,-297.13K,-48.1%,<.01%
790148100,JOE,ST JOE CO,10613,-4745,664.69K,-297.18K,-30.9%,<.01%
69007J304,OUT,OUTFRONT MEDIA INC,0,-11220,0,-297.33K,CLOSE,0%
887399103,MTUS,METALLUS INC,0,-18204,0,-297.45K,CLOSE,0%
50015M109,KOD,KODIAK SCIENCES INC,0,-7868,0,-299.93K,CLOSE,0%
890110109,TMP,TOMPKINS FINL CORP,0,-3814,0,-300.7K,CLOSE,0%
18482P103,CLFD,CLEARFIELD INC,0,-11387,0,-301.41K,CLOSE,0%
35104E100,FDMT,4D MOLECULAR THERAPEUTICS IN,0,-32524,0,-302.8K,CLOSE,0%
07556Q881,BZH,BEAZER HOMES USA INC,0,-16004,0,-307.92K,CLOSE,0%
371532102,GCO,GENESCO INC,0,-10671,0,-309.35K,CLOSE,0%
00439U104,GRCE,GRACE THERAPEUTICS INC,0,-66822,0,-309.39K,CLOSE,0%
896215209,TRS,TRIMAS CORP,0,-8670,0,-311.6K,CLOSE,0%
390905107,GSBC,GREAT SOUTHN BANCORP INC,0,-4938,0,-311.74K,CLOSE,0%
48563L101,KRT,KARAT PACKAGING INC,0,-11171,0,-311.89K,CLOSE,0%
359664109,FLGT,FULGENT GENETICS INC,0,-19640,0,-312.28K,CLOSE,0%
104674106,BRC,BRADY CORP,5779,-3420,529.18K,-313.17K,-37.2%,<.01%
25461H861,EDZ,DIREXION SHARES ETF TRUST,0,-10585,0,-313.32K,CLOSE,0%
76680V108,REI,RING ENERGY INC,134240,-292519,144.98K,-315.92K,-68.5%,<.01%
012348108,AIN,ALBANY INTL CORP,10653,-4242,793.65K,-316.03K,-28.5%,<.01%
700658107,PRK,PARK NATL CORP,0,-1940,0,-317.09K,CLOSE,0%
63633D104,NHI,NATIONAL HEALTH INVS INC,0,-3925,0,-317.38K,CLOSE,0%
47103J105,JANX,JANUX THERAPEUTICS INC,0,-22889,0,-318.16K,CLOSE,0%
77926X205,XDTE,ROUNDHILL ETF TRUST,0,-8700,0,-319.46K,CLOSE,0%
65345M108,NXDR,NEXTDOOR HOLDINGS INC,0,-228426,0,-319.8K,CLOSE,0%
353469109,FC,FRANKLIN COVEY CO,0,-20307,0,-320.65K,CLOSE,0%
35138V102,FOXF,FOX FACTORY HLDG CORP,0,-19685,0,-324.01K,CLOSE,0%
45826T509,ITRG,INTEGRA RES CORP,0,-118726,0,-324.12K,CLOSE,0%
08986R408,BHA,BIGLARI HLDGS INC,0,-186,0,-324.14K,CLOSE,0%
02083X103,PINE,ALPINE INCOME PPTY TR INC,0,-18022,0,-324.4K,CLOSE,0%
479167108,JOUT,JOHNSON OUTDOORS INC,0,-6983,0,-324.78K,CLOSE,0%
146229109,CRI,CARTERS INC,0,-9098,0,-325.34K,CLOSE,0%
948849104,WMK,WEIS MKTS INC,10393,-4155,813.88K,-325.38K,-28.6%,<.01%
00461U105,ACRS,ACLARIS THERAPEUTICS INC,10895,-61645,57.63K,-326.1K,-85%,<.01%
29667J101,ESQ,ESQUIRE FINL HLDGS INC,0,-3034,0,-326.15K,CLOSE,0%
068463108,BBSI,BARRETT BUSINESS SVCS INC,0,-11205,0,-326.96K,CLOSE,0%
383082104,GRC,GORMAN RUPP CO,0,-5296,0,-329.04K,CLOSE,0%
72147K108,PPC,PILGRIMS PRIDE CORP,0,-8718,0,-329.19K,CLOSE,0%
766559702,RIGL,RIGEL PHARMACEUTICALS INC,0,-12181,0,-329.37K,CLOSE,0%
86722A103,SXC,SUNCOKE ENERGY INC,0,-50599,0,-329.4K,CLOSE,0%
501976104,KYTX,KYVERNA THERAPEUTICS INC,0,-38411,0,-331.49K,CLOSE,0%
354921108,EZBC,FRANKLIN TEMPLETON DIGITAL H,0,-8498,0,-333.04K,CLOSE,0%
041242108,ARKO,ARKO CORP,0,-60258,0,-335.03K,CLOSE,0%
30234F101,XZO,EXZEO GROUP INC,0,-22895,0,-335.87K,CLOSE,0%
29270J100,ERII,ENERGY RECOVERY INC,0,-33559,0,-337.94K,CLOSE,0%
91688F104,UPWK,UPWORK INC,0,-31145,0,-341.35K,CLOSE,0%
46982L108,J,JACOBS SOLUTIONS INC,0,-2683,0,-341.49K,CLOSE,0%
Y62132108,NVGS,NAVIGATOR HLDGS LTD,0,-17860,0,-345.23K,CLOSE,0%
374297109,GTY,GETTY RLTY CORP NEW,7550,-10365,251.87K,-345.78K,-57.9%,<.01%
88636R479,AIPO,TIDAL TRUST II,0,-13906,0,-347.09K,CLOSE,0%
741511109,PSMT,PRICESMART INC,0,-2317,0,-348.71K,CLOSE,0%
775109200,RCI,ROGERS COMMUNICATIONS INC,0,-9100,0,-348.86K,CLOSE,0%
92343E102,VRSN,VERISIGN INC,0,-1406,0,-349.19K,CLOSE,0%
29272W109,ENR,ENERGIZER HLDGS INC,0,-21533,0,-353.57K,CLOSE,0%
G35947202,FLNG,FLEX LNG LTD,0,-11913,0,-353.94K,CLOSE,0%
92552R406,PRSU,PURSUIT ATTRACTIONS AND HOSP,3630,-6329,203.17K,-354.23K,-63.6%,<.01%
04546C304,ASRT,ASSERTIO HOLDINGS INC,0,-18687,0,-356.17K,CLOSE,0%
78442P106,SLM,SLM CORP,0,-16658,0,-356.65K,CLOSE,0%
75281A109,RRC,RANGE RES CORP,0,-7930,0,-358.28K,CLOSE,0%
G3934V109,GENI,GENIUS SPORTS LIMITED,0,-81139,0,-359.45K,CLOSE,0%
118440106,BKE,BUCKLE INC,7391,-8694,311.9K,-366.89K,-54.1%,<.01%
06211J100,BFC,BANK FIRST CORP,0,-2724,0,-367.9K,CLOSE,0%
50189K103,LCII,LCI INDS,1984,-3485,210.07K,-368.99K,-63.7%,<.01%
127190304,CACI,CACI INTL INC,0,-679,0,-369.29K,CLOSE,0%
205768302,CRK,COMSTOCK RES INC,0,-17551,0,-369.98K,CLOSE,0%
830940102,SKWD,SKYWARD SPECIALTY INS GROUP,0,-8500,0,-371.28K,CLOSE,0%
589889104,MMSI,MERIT MED SYS INC,0,-5394,0,-371.81K,CLOSE,0%
853666105,SMP,STANDARD MTR PRODS INC,0,-10863,0,-377.38K,CLOSE,0%
M84116108,SILC,SILICOM LTD,12405,-7958,594.7K,-381.51K,-39.1%,<.01%
46140H403,DBO,INVESCO DB MULTI-SECTOR COMM,241007,-21626,4.25M,-381.7K,-8.2%,0.04%
359694106,FUL,FULLER H B CO,0,-6224,0,-383.9K,CLOSE,0%
12769G100,CZR,CAESARS ENTERTAINMENT INC NE,0,-14554,0,-384.66K,CLOSE,0%
92556V106,VTRS,VIATRIS INC,0,-28672,0,-387.36K,CLOSE,0%
N69605108,PHVS,PHARVARIS N V,0,-13723,0,-387.68K,CLOSE,0%
46435G334,EWU,ISHARES TR,0,-8520,0,-388.17K,CLOSE,0%
384109104,GGG,GRACO INC,7383,-5145,558.23K,-389.01K,-41.1%,<.01%
339382103,FLXS,FLEXSTEEL INDS INC,0,-8660,0,-389.18K,CLOSE,0%
724479100,PBI,PITNEY BOWES INC,0,-35254,0,-389.56K,CLOSE,0%
G4740B105,ICHR,ICHOR HOLDINGS,0,-8380,0,-390.59K,CLOSE,0%
707569109,PENN,PENN ENTERTAINMENT INC,11470,-18305,245K,-390.99K,-61.5%,<.01%
842873101,SFST,SOUTHERN FIRST BANCSHARES,0,-7252,0,-395.23K,CLOSE,0%
12653C108,CNX,CNX RES CORP,7577,-11721,257.09K,-397.69K,-60.7%,<.01%
046433108,ATRO,ASTRONICS CORP,0,-5977,0,-398.84K,CLOSE,0%
393222104,GPRE,GREEN PLAINS INC,32970,-26078,507.08K,-401.08K,-44.2%,<.01%
12618T105,CRAI,CRA INTL INC,1642,-2821,233.66K,-401.43K,-63.2%,<.01%
31847R102,FAF,FIRST AMERN FINL CORP,0,-6671,0,-402.19K,CLOSE,0%
371901109,GNTX,GENTEX CORP,0,-18420,0,-402.48K,CLOSE,0%
423403104,MOMO,HELLO GROUP INC,0,-70618,0,-406.76K,CLOSE,0%
294268107,PLUS,EPLUS INC,2787,-4892,231.96K,-407.16K,-63.7%,<.01%
037598109,APOG,APOGEE ENTERPRISES INC,9957,-8910,455.43K,-407.54K,-47.2%,<.01%
464286764,EWP,ISHARES INC,0,-7523,0,-408.57K,CLOSE,0%
46438G562,QTOP,ISHARES TR,0,-13669,0,-409.25K,CLOSE,0%
23355L106,DXC,DXC TECHNOLOGY CO,0,-32613,0,-409.94K,CLOSE,0%
222070203,COTY,COTY INC,0,-204090,0,-410.22K,CLOSE,0%
608190104,MHK,MOHAWK INDS INC,0,-4172,0,-410.77K,CLOSE,0%
33739Q408,FTSM,FIRST TR EXCHANGE-TRADED FD,0,-6900,0,-412.48K,CLOSE,0%
M51474118,GILT,GILAT SATELLITE NETWORKS LTD,0,-27740,0,-416.65K,CLOSE,0%
98985Y108,ZYME,ZYMEWORKS INC,0,-16735,0,-419.04K,CLOSE,0%
15135U109,CVE,CENOVUS ENERGY INC,163871,-16966,4.07M,-420.93K,-9.4%,0.03%
513847103,MZTI,MARZETTI COMPANY,2010,-3705,229.46K,-422.96K,-64.8%,<.01%
227046109,CROX,CROCS INC,0,-5099,0,-423.32K,CLOSE,0%
92337R101,VERA,VERA THERAPEUTICS INC,0,-10538,0,-423.94K,CLOSE,0%
75686R202,RRBI,RED RIVER BANCSHARES INC,0,-4752,0,-429.77K,CLOSE,0%
00215F107,ATNI,ATN INTL INC,0,-15830,0,-430.89K,CLOSE,0%
043113208,ARTNA,ARTESIAN RES CORP,12041,-12678,409.27K,-430.93K,-51.3%,<.01%
05961W105,BMA,BANCO MACRO S A,0,-5573,0,-431.18K,CLOSE,0%
70451X104,PAYO,PAYONEER GLOBAL INC,0,-89510,0,-432.33K,CLOSE,0%
81369Y209,XLV,SELECT SECTOR SPDR TR,0,-2960,0,-433.97K,CLOSE,0%
695127100,PCRX,PACIRA BIOSCIENCES INC,0,-19266,0,-435.41K,CLOSE,0%
552848103,MTG,MGIC INVT CORP WIS,15498,-15443,437.04K,-435.49K,-49.9%,<.01%
46138G474,PSCE,INVESCO EXCH TRADED FD TR II,0,-7163,0,-436.74K,CLOSE,0%
911163103,UNFI,UNITED NAT FOODS INC,0,-9696,0,-436.9K,CLOSE,0%
043436104,ABG,ASBURY AUTOMOTIVE GROUP INC,3465,-2181,696.74K,-438.56K,-38.6%,<.01%
540424108,L,LOEWS CORP,0,-4122,0,-439.98K,CLOSE,0%
747619104,NX,QUANEX BLDG PRODS CORP,0,-24681,0,-443.52K,CLOSE,0%
448947507,IDT,IDT CORP,0,-9060,0,-444.85K,CLOSE,0%
576690101,MTRN,MATERION CORP,0,-3078,0,-445.23K,CLOSE,0%
34984V209,FET,FORUM ENERGY TECHNOLOGIES IN,0,-7627,0,-447.4K,CLOSE,0%
233051200,DBEF,DBX ETF TR,0,-9143,0,-451.66K,CLOSE,0%
156504300,CCS,CENTURY COMMUNITIES INC,0,-7936,0,-455.37K,CLOSE,0%
358054104,FRSH,FRESHWORKS INC,0,-56940,0,-457.23K,CLOSE,0%
500631106,KEP,KOREA ELEC PWR CORP,0,-32088,0,-457.25K,CLOSE,0%
92764N102,VIR,VIR BIOTECHNOLOGY INC,30696,-44962,312.79K,-458.16K,-59.4%,<.01%
46125A100,LUNR,INTUITIVE MACHINES INC,0,-25000,0,-464K,CLOSE,0%
37733W204,GSK,GSK PLC,0,-8425,0,-464.98K,CLOSE,0%
609027107,MCRI,MONARCH CASINO & RESORT INC,0,-4926,0,-470.93K,CLOSE,0%
10919W405,DRUG,BRIGHT MINDS BIOSCIENCES INC,0,-6498,0,-474.16K,CLOSE,0%
26614N102,DD,DUPONT DE NEMOURS INC,0,-10403,0,-476.46K,CLOSE,0%
M5425M103,INMD,INMODE LTD,0,-34893,0,-477.34K,CLOSE,0%
37253A103,THRM,GENTHERM INC,0,-17249,0,-479.18K,CLOSE,0%
73044W302,POET,POET TECHNOLOGIES INC,0,-80926,0,-480.7K,CLOSE,0%
34962G208,FBRX,FORTE BIOSCIENCES INC,0,-18622,0,-482.31K,CLOSE,0%
89531P105,TREX,TREX INC,0,-13274,0,-483.44K,CLOSE,0%
042735100,ARW,ARROW ELECTRS INC,0,-3381,0,-484.87K,CLOSE,0%
596278101,MIDD,MIDDLEBY CORP,0,-3672,0,-486.83K,CLOSE,0%
916896103,UEC,URANIUM ENERGY CORP,15122,-46229,161.2K,-492.8K,-75.4%,<.01%
63886Q109,NGS,NATURAL GAS SVCS GROUP INC,12328,-11541,531.83K,-497.88K,-48.4%,<.01%
313148306,AGM,FEDERAL AGRIC MTG CORP,0,-3375,0,-500.68K,CLOSE,0%
92936U109,WPC,WP CAREY INC,0,-7374,0,-501.14K,CLOSE,0%
521865204,LEA,LEAR CORP,0,-4150,0,-502.48K,CLOSE,0%
628877201,NCSM,NCS MULTISTAGE HLDGS INC,0,-8164,0,-504.86K,CLOSE,0%
92242T101,VVX,V2X INC,18022,-7058,1.34M,-526.24K,-28.1%,0.01%
126650100,CVS,CVS HEALTH CORP,0,-7345,0,-527.52K,CLOSE,0%
808524797,SCHD,SCHWAB STRATEGIC TR,0,-17200,0,-527.7K,CLOSE,0%
070830104,BBWI,BATH & BODY WORKS INC,28873,-22816,667.83K,-527.73K,-44.1%,<.01%
74340E103,PGNY,PROGYNY INC,13204,-18395,380.67K,-530.33K,-58.2%,<.01%
698884103,PAR,PAR TECHNOLOGY CORP,47471,-30468,826.95K,-530.75K,-39.1%,<.01%
05329W102,AN,AUTONATION INC,13924,-2898,2.59M,-538.42K,-17.2%,0.02%
714167103,PPIH,PERMA-PIPE INTL HLDGS INC,0,-18080,0,-538.97K,CLOSE,0%
981064108,WF,WOORI FINL GROUP INC,0,-8136,0,-541.86K,CLOSE,0%
L00849106,AGRO,ADECOAGRO S A,22146,-56805,211.49K,-542.49K,-71.9%,<.01%
637215104,NPK,NATIONAL PRESTO INDS INC,0,-3959,0,-542.62K,CLOSE,0%
816300107,SIGI,SELECTIVE INS GROUP INC,0,-7204,0,-543.11K,CLOSE,0%
715684106,TLK,TELEKOMUNIKASI IND,16123,-40747,216.53K,-547.23K,-71.6%,<.01%
681919106,OMC,OMNICOM GROUP INC,0,-7295,0,-549.39K,CLOSE,0%
68989M202,OUST,OUSTER INC,0,-30172,0,-554.26K,CLOSE,0%
155038201,CEPU,CENTRAL PUERTO S A,0,-33076,0,-556.67K,CLOSE,0%
218352102,CORT,CORCEPT THERAPEUTICS INC,27707,-6485,2.41M,-563.87K,-19%,0.02%
03823U102,AAOI,APPLIED OPTOELECTRONICS INC,0,-6677,0,-564.81K,CLOSE,0%
054540208,ACLS,AXCELIS TECHNOLOGIES INC,0,-6075,0,-565.46K,CLOSE,0%
78463X202,FEZ,SPDR INDEX SHS FDS,0,-9118,0,-566.04K,CLOSE,0%
773121108,RKLB,ROCKET LAB CORP,2011,-5614,204.42K,-570.66K,-73.6%,<.01%
88557W101,QFIN,QFIN HOLDINGS INC,0,-44242,0,-571.16K,CLOSE,0%
90353W103,UI,UBIQUITI INC,0,-724,0,-572.17K,CLOSE,0%
750236101,RDN,RADIAN GROUP INC,0,-17408,0,-575.86K,CLOSE,0%
46438G570,TOPT,ISHARES TR,0,-20132,0,-576.18K,CLOSE,0%
806037107,SCSC,SCANSOURCE INC,0,-15884,0,-576.59K,CLOSE,0%
N14506104,ESTC,ELASTIC N V,9300,-10145,530.29K,-578.47K,-52.2%,<.01%
142339100,CSL,CARLISLE COS INC,0,-1773,0,-591.51K,CLOSE,0%
868459108,SUPN,SUPERNUS PHARMACEUTICALS,0,-11501,0,-594.49K,CLOSE,0%
42328H109,HLIO,HELIOS TECHNOLOGIES INC,6870,-6708,613.15K,-598.69K,-49.4%,<.01%
Y81669106,GASS,STEALTHGAS INC,0,-65272,0,-599.2K,CLOSE,0%
92206C409,VCSH,VANGUARD SCOTTSDALE FDS,0,-7638,0,-605.46K,CLOSE,0%
G3198U102,ESNT,ESSENT GROUP LTD,0,-10394,0,-607.42K,CLOSE,0%
29287L205,PWRD,TCW ETF TRUST,0,-6247,0,-610.74K,CLOSE,0%
603158106,MTX,MINERALS TECHNOLOGIES INC,0,-8673,0,-615.09K,CLOSE,0%
74347M108,PUMP,PROPETRO HLDG CORP,35792,-42967,513.26K,-616.15K,-54.6%,<.01%
830830105,SKY,CHAMPION HOMES INC,0,-8306,0,-617.72K,CLOSE,0%
03820C105,AIT,APPLIED INDL TECHNOLOGIES IN,4836,-1840,1.64M,-622.2K,-27.6%,0.01%
76118Y104,REZI,RESIDEO TECHNOLOGIES INC,0,-18523,0,-624.41K,CLOSE,0%
030420103,AWK,AMERICAN WTR WKS CO INC NEW,0,-4614,0,-627.92K,CLOSE,0%
887389104,TKR,TIMKEN CO,1625,-4371,236.15K,-635.19K,-72.9%,<.01%
69331C108,PCG,PG&E CORP,39237,-37790,659.97K,-635.63K,-49.1%,<.01%
G3223R108,EG,EVEREST GROUP LTD,0,-1945,0,-635.72K,CLOSE,0%
025072703,AVDE,AMERICAN CENTY ETF TR,0,-7502,0,-636.47K,CLOSE,0%
67079K100,SMR,NUSCALE PWR CORP,332983,-63627,3.34M,-638.18K,-16%,0.03%
29445S100,EQPT,EQUIPMENTSHARE COM INC,0,-31354,0,-638.68K,CLOSE,0%
G4660A103,HSHP,HIMALAYA SHIPPING LTD,72631,-47824,970.35K,-638.93K,-39.7%,<.01%
758750103,RRX,REGAL REXNORD CORPORATION,0,-3418,0,-640.05K,CLOSE,0%
896288107,TNET,TRINET GROUP INC,9057,-12994,448.23K,-643.07K,-58.9%,<.01%
464287440,IEF,ISHARES TR,0,-6751,0,-644.32K,CLOSE,0%
M7516K103,NVMI,NOVA LTD,0,-1494,0,-648.81K,CLOSE,0%
86333M108,LRN,STRIDE INC,0,-7396,0,-652.11K,CLOSE,0%
388689101,GPK,GRAPHIC PACKAGING HLDG CO,0,-65981,0,-655.85K,CLOSE,0%
25460E711,UTSL,DIREXION SHARES ETF TRUST,0,-13510,0,-657.26K,CLOSE,0%
466032109,JJSF,J & J SNACK FOODS CORP,6172,-9006,453.33K,-661.49K,-59.3%,<.01%
981419104,WRLD,WORLD ACCEP CORPORATION,9679,-2966,2.17M,-663.88K,-23.5%,0.02%
30040W108,ES,EVERSOURCE ENERGY,0,-9587,0,-664.19K,CLOSE,0%
833635105,SQM,SOCIEDAD QUIMICA Y MINERA DE,0,-8233,0,-666.38K,CLOSE,0%
92276F100,VTR,VENTAS INC,0,-8175,0,-668.55K,CLOSE,0%
45688C107,NGVT,INGEVITY CORP,0,-9489,0,-675.9K,CLOSE,0%
H5870P102,OCS,OCULIS HOLDING AG,0,-25482,0,-677.57K,CLOSE,0%
57164Y107,VAC,MARRIOTT VACATIONS WORLDWIDE,0,-10432,0,-679.33K,CLOSE,0%
L67359106,NEXA,NEXA RES S A,0,-64877,0,-687.05K,CLOSE,0%
002474104,AZZ,AZZ INC,0,-5502,0,-688.47K,CLOSE,0%
703481101,PTEN,PATTERSON-UTI ENERGY INC,27035,-75176,248.18K,-690.11K,-73.5%,<.01%
22266T109,CPNG,COUPANG INC,76297,-39923,1.33M,-693.46K,-34.4%,0.01%
03969F109,RCUS,ARCUS BIOSCIENCES INC,0,-32108,0,-693.53K,CLOSE,0%
74017N105,PGEN,PRECIGEN INC,0,-179359,0,-694.12K,CLOSE,0%
94106B101,WCN,WASTE CONNECTIONS INC,0,-4300,0,-696.42K,CLOSE,0%
90240B106,TYRA,TYRA BIOSCIENCES INC,0,-18203,0,-697.17K,CLOSE,0%
257651109,DCI,DONALDSON INC,0,-8263,0,-701.28K,CLOSE,0%
127055101,CBT,CABOT CORP,3712,-7733,337.12K,-702.31K,-67.6%,<.01%
10316T104,BOX,BOX INC,0,-29819,0,-704.92K,CLOSE,0%
483497103,KALV,KALVISTA PHARMACEUTICALS INC,0,-35123,0,-707.03K,CLOSE,0%
36118L106,FUTU,FUTU HLDGS LTD,58617,-7606,5.49M,-712.99K,-11.5%,0.05%
683797104,OPY,OPPENHEIMER HLDGS INC,0,-8083,0,-720.92K,CLOSE,0%
G9618E107,WTM,WHITE MTNS INS GROUP LTD,859,-354,1.78M,-733.98K,-29.2%,0.02%
413197104,HRMY,HARMONY BIOSCIENCES HLDGS IN,14958,-20173,544.62K,-734.5K,-57.4%,<.01%
74265M205,PDEX,PRO-DEX INC COLO,0,-14986,0,-736.11K,CLOSE,0%
058498106,BALL,BALL CORP,0,-12513,0,-739.64K,CLOSE,0%
858586100,SCL,STEPAN CO,0,-14993,0,-749.35K,CLOSE,0%
302081104,EXLS,EXLSERVICE HLDGS INC,17348,-29081,448.62K,-752.03K,-62.6%,<.01%
81768T108,SFBS,SERVISFIRST BANCSHARES INC,0,-10326,0,-752.04K,CLOSE,0%
345370860,F,FORD MTR CO,0,-65289,0,-753.43K,CLOSE,0%
35953D401,FUBO,FUBOTV INC,0,-80149,0,-758.21K,CLOSE,0%
25520W107,DEC,DIVERSIFIED ENERGY CO,0,-43546,0,-759.44K,CLOSE,0%
86765Q106,SUNC,SUNOCOCORP LLC,0,-12362,0,-762.12K,CLOSE,0%
800422107,JBSS,SANFILIPPO JOHN B & SON INC,0,-9728,0,-771.72K,CLOSE,0%
056525108,BMI,BADGER METER INC,0,-5078,0,-773.63K,CLOSE,0%
693656100,PVH,PVH CORPORATION,0,-11195,0,-780.96K,CLOSE,0%
667746101,NWPX,NWPX INFRASTRUCTURE INC,0,-10071,0,-784.13K,CLOSE,0%
71944F106,PHR,PHREESIA INC,0,-93795,0,-786K,CLOSE,0%
50202M102,LI,LI AUTO INC,0,-44181,0,-787.75K,CLOSE,0%
40416E103,HCI,HCI GROUP INC,4729,-4528,828.76K,-793.53K,-48.9%,<.01%
015658107,ASTL,ALGOMA STL GROUP INC,682493,-196047,2.78M,-798.54K,-22.3%,0.02%
89422G107,TVTX,TRAVERE THERAPEUTICS INC,17312,-14417,983.5K,-819.03K,-45.4%,<.01%
71424F105,PR,PERMIAN RESOURCES CORP,64685,-44503,1.19M,-819.3K,-40.8%,0.01%
90364P105,PATH,UIPATH INC,0,-74072,0,-822.2K,CLOSE,0%
501147102,KRYS,KRYSTAL BIOTECH INC,0,-3189,0,-823.78K,CLOSE,0%
48553T106,BZ,KANZHUN LIMITED,0,-61824,0,-827.82K,CLOSE,0%
29472R108,ELS,EQUITY LIFESTYLE PROPERTIES,0,-13283,0,-829.12K,CLOSE,0%
74347B201,TBT,PROSHARES TR,0,-23921,0,-840.58K,CLOSE,0%
83545G102,SAH,SONIC AUTOMOTIVE INC,0,-12346,0,-846.57K,CLOSE,0%
G7997W102,SDRL,SEADRILL LTD,0,-18631,0,-847.71K,CLOSE,0%
140475203,SNDA,SONIDA SENIOR LIVING INC,22617,-21052,922.77K,-858.92K,-48.2%,<.01%
233377407,DXPE,DXP ENTERPRISES INC,2618,-5112,441.76K,-862.6K,-66.1%,<.01%
76665T102,REPX,RILEY EXPLORATION PERMIAN IN,24573,-26444,809.93K,-871.59K,-51.8%,<.01%
G6359F137,NBR,NABORS INDUSTRIES LTD,0,-10144,0,-872.99K,CLOSE,0%
85423L103,SARO,STANDARDAERO INC,0,-33914,0,-876K,CLOSE,0%
784305104,HTO,H2O AMERICA,0,-15023,0,-881.4K,CLOSE,0%
204409601,CIG,CIA ENERGETICA DE MINAS GERA,0,-370230,0,-884.85K,CLOSE,0%
40145W101,GRDN,GUARDIAN PHARMACY SVCS INC,0,-23522,0,-885.84K,CLOSE,0%
917047102,URBN,URBAN OUTFITTERS INC,0,-13985,0,-885.95K,CLOSE,0%
446413106,HII,HUNTINGTON INGALLS INDS INC,3561,-3177,996.69K,-889.21K,-47.2%,<.01%
98419J206,XOMA,XOMA ROYALTY CORPORATION,0,-28495,0,-893.89K,CLOSE,0%
88023B103,TEM,TEMPUS AI INC,0,-19810,0,-895.81K,CLOSE,0%
46434G830,EWI,ISHARES INC,0,-16879,0,-901.68K,CLOSE,0%
88025T102,TENB,TENABLE HLDGS INC,40152,-24745,1.48M,-912.6K,-38.1%,0.01%
947913109,IVES,WEDBUSH SER TR,0,-32184,0,-913.06K,CLOSE,0%
03957W106,AROC,ARCHROCK INC,0,-26243,0,-913.26K,CLOSE,0%
G1466R173,BORR,BORR DRILLING LTD,0,-158298,0,-913.38K,CLOSE,0%
Y64177101,ECO,OKEANIS ECO TANKERS COR,51011,-18235,2.56M,-913.94K,-26.3%,0.02%
760125104,RTO,RENTOKIL INITIAL PLC,0,-29927,0,-942.1K,CLOSE,0%
92847W103,VITL,VITAL FARMS INC,0,-66793,0,-943.12K,CLOSE,0%
05605H100,BWXT,BWX TECHNOLOGIES INC,25585,-4860,4.98M,-946K,-16%,0.04%
78463X509,SPEM,SPDR INDEX SHS FDS,0,-20200,0,-947.58K,CLOSE,0%
000361105,AIR,AAR CORP,0,-8667,0,-948.69K,CLOSE,0%
866674104,SUI,SUN CMNTYS INC,0,-7605,0,-957.93K,CLOSE,0%
025932104,AFG,AMERICAN FINANCIAL GROUP INC,4871,-6882,681.65K,-963.07K,-58.6%,<.01%
36352H100,GAU,GALIANO GOLD INC,217171,-515236,406.11K,-963.49K,-70.3%,<.01%
61945C103,MOS,MOSAIC CO,0,-37917,0,-966.88K,CLOSE,0%
52661A108,DRS,LEONARDO DRS INC,0,-21803,0,-970.67K,CLOSE,0%
66979P300,XMAX,XMAX INC,0,-134329,0,-972.54K,CLOSE,0%
16965P202,IMOS,CHIPMOS TECHNOLOGIES INC,4776,-15157,306.86K,-973.84K,-76%,<.01%
78454L100,SM,SM ENERGY COMPANY,75532,-37465,1.97M,-977.84K,-33.2%,0.02%
00214Q401,ARKW,ARK ETF TR,0,-8130,0,-980.56K,CLOSE,0%
83175M205,SNN,SMITH & NEPHEW PLC,10542,-34188,303.71K,-984.96K,-76.4%,<.01%
693718108,PCAR,PACCAR INC,0,-8553,0,-987.87K,CLOSE,0%
084423102,WRB,BERKLEY W R CORP,0,-15003,0,-994.4K,CLOSE,0%
204166102,CVLT,COMMVAULT SYS INC,5281,-7106,748.48K,-1.01M,-57.4%,<.01%
922042858,VWO,VANGUARD INTL EQUITY INDEX F,0,-18669,0,-1.01M,CLOSE,0%
258278100,DORM,DORMAN PRODS INC,0,-9689,0,-1.01M,CLOSE,0%
912008109,USFD,US FOODS HLDG CORP,0,-11092,0,-1.02M,CLOSE,0%
697947109,PVLA,PALVELLA THERAPEUTICS INC NE,0,-8232,0,-1.03M,CLOSE,0%
680223104,ORI,OLD REP INTL CORP,0,-25718,0,-1.03M,CLOSE,0%
46500E867,ISOU,ISOENERGY LTD,0,-97300,0,-1.03M,CLOSE,0%
000899104,ADMA,ADMA BIOLOGICS INC,81677,-122798,683.64K,-1.03M,-60.1%,<.01%
464289529,INDY,ISHARES TR,77794,-23797,3.38M,-1.03M,-23.4%,0.03%
001055102,AFL,AFLAC INC,0,-9487,0,-1.04M,CLOSE,0%
44916E100,IPX,IPERIONX LTD,0,-40026,0,-1.04M,CLOSE,0%
464286608,EZU,ISHARES INC,0,-16702,0,-1.05M,CLOSE,0%
Y1968P121,DAC,DANAOS CORPORATION,0,-9363,0,-1.05M,CLOSE,0%
922042676,VNQI,VANGUARD INTL EQUITY INDEX F,0,-23836,0,-1.06M,CLOSE,0%
019330109,ALNT,ALLIENT INC,3810,-10313,392.16K,-1.06M,-73%,<.01%
78463M107,SPSC,SPS COMM INC,0,-19319,0,-1.08M,CLOSE,0%
50187T106,LGIH,LGI HOMES INC,6840,-16908,435.57K,-1.08M,-71.2%,<.01%
25459W847,TNA,DIREXION SHARES ETF TRUST,0,-24467,0,-1.08M,CLOSE,0%
410867105,THG,HANOVER INS GROUP INC,5091,-5044,1.09M,-1.08M,-49.8%,<.01%
759530108,RELX,RELX PLC,63887,-34603,2.02M,-1.1M,-35.1%,0.02%
17275R102,CSCO,CISCO SYS INC,2174,-9392,255.36K,-1.1M,-81.2%,<.01%
940923105,WBI,WATERBRIDGE INFRASTRUCTURE L,0,-41263,0,-1.11M,CLOSE,0%
M7S64H106,MNDY,MONDAY COM LTD,0,-16229,0,-1.12M,CLOSE,0%
533900106,LECO,LINCOLN ELEC HLDGS INC,3378,-4242,896.89K,-1.13M,-55.7%,<.01%
78410G104,SBAC,SBA COMMUNICATIONS CORP,0,-6592,0,-1.13M,CLOSE,0%
832248207,SFD,SMITHFIELD FOODS INC,16503,-46914,400.36K,-1.14M,-74%,<.01%
589400100,MCY,MERCURY GENL CORP NEW,2496,-10738,266.12K,-1.14M,-81.1%,<.01%
46138B103,DBC,INVESCO DB COMMDY INDX TRCK,22736,-43127,606.14K,-1.15M,-65.5%,<.01%
92837L109,VIST,VISTA ENERGY S.A.B. DE C.V.,58122,-18125,3.71M,-1.16M,-23.8%,0.03%
392709101,GRBK,GREEN BRICK PARTNERS INC,0,-18186,0,-1.17M,CLOSE,0%
464288372,IGF,ISHARES TR,0,-17498,0,-1.17M,CLOSE,0%
922042874,VGK,VANGUARD INTL EQUITY INDEX F,0,-14252,0,-1.17M,CLOSE,0%
20337X109,VISN,VISTANCE NETWORKS INC,0,-64962,0,-1.18M,CLOSE,0%
736508847,POR,PORTLAND GEN ELEC CO,18662,-23192,967.25K,-1.2M,-55.4%,<.01%
48666K109,KBH,KB HOME,0,-23467,0,-1.21M,CLOSE,0%
70614W100,PTON,PELOTON INTERACTIVE INC,119932,-207190,708.8K,-1.22M,-63.3%,<.01%
46434G780,EWS,ISHARES INC,0,-43789,0,-1.24M,CLOSE,0%
14174T107,CTRE,CARETRUST REIT INC,12182,-30692,491.54K,-1.24M,-71.6%,<.01%
014752109,ALX,ALEXANDERS INC,6520,-4541,1.8M,-1.25M,-41.1%,0.02%
624756102,MLI,MUELLER INDS INC,0,-11516,0,-1.28M,CLOSE,0%
031652100,AMKR,AMKOR TECHNOLOGY INC,39864,-14873,3.44M,-1.28M,-27.2%,0.03%
66979W842,NMG,NOUVEAU MONDE GRAPHITE INC,0,-574152,0,-1.29M,CLOSE,0%
91702V101,UROY,URANIUM RTY CORP,116712,-467840,324.46K,-1.3M,-80%,<.01%
21874C102,CNM,CORE & MAIN INC,0,-26365,0,-1.3M,CLOSE,0%
92686J106,VKTX,VIKING THERAPEUTICS INC,0,-40131,0,-1.31M,CLOSE,0%
91688R108,URG,UR-ENERGY INC,0,-879701,0,-1.31M,CLOSE,0%
36162J106,GEO,GEO GROUP INC,22978,-44584,679K,-1.32M,-66%,<.01%
92204A306,VDE,VANGUARD WORLD FD,0,-7664,0,-1.33M,CLOSE,0%
00214Q104,ARKK,ARK ETF TR,0,-19659,0,-1.33M,CLOSE,0%
10950A106,BTSG,BRIGHTSPRING HEALTH SVCS INC,0,-31291,0,-1.33M,CLOSE,0%
02553E106,AEO,AMERICAN EAGLE OUTFITTERS IN,0,-81687,0,-1.36M,CLOSE,0%
983793100,XPO,XPO INC,0,-7019,0,-1.37M,CLOSE,0%
929033207,VOR,VOR BIOPHARMA INC,0,-76630,0,-1.37M,CLOSE,0%
45167R104,IEX,IDEX CORP,0,-7268,0,-1.38M,CLOSE,0%
90278Q108,UFPI,UFP INDUSTRIES INC,0,-14976,0,-1.38M,CLOSE,0%
008252108,AMG,AFFILIATED MANAGERS GROUP,3262,-4121,1.1M,-1.39M,-55.8%,<.01%
457152106,INGM,INGRAM MICRO HLDG CORP,17024,-51287,466.97K,-1.41M,-75.1%,<.01%
50012A108,KGS,KODIAK GAS SVCS INC,7045,-18730,529.29K,-1.41M,-72.7%,<.01%
87724P106,TMHC,TAYLOR MORRISON HOME CORP,0,-24336,0,-1.42M,CLOSE,0%
43087N204,HSLV,HIGHLANDER SILVER CORP,42032,-305468,195.96K,-1.42M,-87.9%,<.01%
33738D101,EMLP,FIRST TR EXCHANGE-TRADED FD,0,-32838,0,-1.43M,CLOSE,0%
74766W108,QUBT,QUANTUM COMPUTING INC,0,-209348,0,-1.43M,CLOSE,0%
59001A102,MTH,MERITAGE HOMES CORP,0,-23255,0,-1.44M,CLOSE,0%
535555106,LNN,LINDSAY CORP,2598,-11697,321.63K,-1.45M,-81.8%,<.01%
681936100,OHI,OMEGA HEALTHCARE INVS INC,0,-33064,0,-1.45M,CLOSE,0%
03945R102,ACHR,ARCHER AVIATION INC,0,-280366,0,-1.45M,CLOSE,0%
72352L106,PINS,PINTEREST INC,65671,-69407,1.38M,-1.46M,-51.4%,0.01%
342909108,FLOC,FLOWCO HLDGS INC,0,-71050,0,-1.46M,CLOSE,0%
44925C103,ICFI,ICF INTL INC,0,-22923,0,-1.5M,CLOSE,0%
Y7542C130,STNG,SCORPIO TANKERS INC,0,-20192,0,-1.51M,CLOSE,0%
M8740S227,TATT,TAT TECHNOLOGIES LTD,0,-37263,0,-1.51M,CLOSE,0%
47215P106,JD,JD.COM INC,8153,-59757,207.74K,-1.52M,-88%,<.01%
891092108,TTC,TORO CO,0,-16313,0,-1.52M,CLOSE,0%
46434V803,HEFA,ISHARES TR,0,-35914,0,-1.53M,CLOSE,0%
635906100,NHC,NATIONAL HEALTHCARE CORP,0,-9765,0,-1.56M,CLOSE,0%
724078209,PIPR,PIPER SANDLER COMPANIES,0,-20629,0,-1.58M,CLOSE,0%
574599106,MAS,MASCO CORP,0,-26558,0,-1.6M,CLOSE,0%
53656G498,MAGS,LISTED FDS TR,0,-27825,0,-1.61M,CLOSE,0%
04956D107,ATMU,ATMUS FILTRATION TECHNOLOGIE,0,-28426,0,-1.61M,CLOSE,0%
04626A103,ALAB,ASTERA LABS INC,0,-14927,0,-1.64M,CLOSE,0%
03674X106,AR,ANTERO RESOURCES CORP,20190,-46620,709.48K,-1.64M,-69.8%,<.01%
92204A876,VPU,VANGUARD WORLD FD,32779,-8378,6.42M,-1.64M,-20.4%,0.05%
364760108,GAP,GAP INC,0,-67863,0,-1.64M,CLOSE,0%
44952J104,CRGY,CRESCENT ENERGY COMPANY,0,-122433,0,-1.65M,CLOSE,0%
08986R309,BH,BIGLARI HLDGS INC,0,-5054,0,-1.67M,CLOSE,0%
53115L104,LBRT,LIBERTY ENERGY INC,9799,-63627,256.64K,-1.67M,-86.7%,<.01%
754907103,RYN,RAYONIER INC,12555,-78314,267.17K,-1.67M,-86.2%,<.01%
336917109,FDL,FIRST TR EXCHANGE-TRADED FD,0,-32922,0,-1.67M,CLOSE,0%
783513203,RYAAY,RYANAIR HOLDINGS PLC,0,-28936,0,-1.67M,CLOSE,0%
57686G105,MATX,MATSON INC,3470,-8898,667.04K,-1.71M,-71.9%,<.01%
805700101,DML1.MU,ELEVRA LITHIUM LTD,0,-29112,0,-1.71M,CLOSE,0%
136635109,CSIQ,CANADIAN SOLAR INC,19084,-107384,305.73K,-1.72M,-84.9%,<.01%
254067101,DDS,DILLARDS INC,2946,-3258,1.56M,-1.72M,-52.5%,0.01%
46431W853,COMT,ISHARES U S ETF TR,34949,-58743,1.06M,-1.78M,-62.7%,<.01%
88034P109,TME,TENCENT MUSIC ENTMT GROUP,0,-193274,0,-1.79M,CLOSE,0%
26922A420,QTUM,ETF SER SOLUTIONS,0,-16826,0,-1.81M,CLOSE,0%
M46528101,FRO,FRONTLINE PLC,29046,-52730,1.01M,-1.83M,-64.5%,<.01%
450913108,IAG,IAMGOLD CORP,125369,-116303,1.99M,-1.84M,-48.1%,0.02%
923725105,VET,VERMILION ENERGY INC,0,-134200,0,-1.84M,CLOSE,0%
46591M109,JOYY,JOYY INC,3783,-28252,249.64K,-1.86M,-88.2%,<.01%
05603J108,BKV,BKV CORP,0,-65432,0,-1.87M,CLOSE,0%
01973R101,ALSN,ALLISON TRANSMISSION HLDGS I,0,-15987,0,-1.87M,CLOSE,0%
243537107,DECK,DECKERS OUTDOOR CORP,0,-18999,0,-1.9M,CLOSE,0%
70959W103,PAG,PENSKE AUTOMOTIVE GRP INC,0,-12855,0,-1.92M,CLOSE,0%
33734X184,FXU,FIRST TR EXCHANGE-TRADED FD,0,-39149,0,-1.94M,CLOSE,0%
86771W105,RUN,SUNRUN INC,0,-143486,0,-1.95M,CLOSE,0%
G7496G103,RNR,RENAISSANCERE HLDGS LTD,1441,-6356,456.65K,-2.01M,-81.5%,<.01%
05338F306,AVTX,AVALO THERAPEUTICS INC,15405,-109790,284.68K,-2.03M,-87.7%,<.01%
697660207,PAM,PAMPA ENERGIA SA,0,-23166,0,-2.05M,CLOSE,0%
M4056D110,ENLT,ENLIGHT RENEWABLE ENERGY LTD,0,-30037,0,-2.05M,CLOSE,0%
78468R549,XES,SPDR SERIES TRUST,0,-17705,0,-2.06M,CLOSE,0%
90385V107,UCTT,ULTRA CLEAN HLDGS INC,1455,-14470,207.47K,-2.06M,-90.9%,<.01%
552953101,MGM,MGM RESORTS INTERNATIONAL,0,-55779,0,-2.06M,CLOSE,0%
00214Q203,ARKQ,ARK ETF TR,0,-18474,0,-2.08M,CLOSE,0%
26740W109,QBTS,D-WAVE QUANTUM INC,0,-145767,0,-2.1M,CLOSE,0%
37637K108,GTLB,GITLAB INC,35706,-69215,1.09M,-2.11M,-66%,<.01%
808625107,SAIC,SCIENCE APPLICATIONS INTL CO,10950,-19229,1.21M,-2.12M,-63.7%,0.01%
82575P107,SBSW,SIBANYE STILLWATER LTD,42412,-250116,360.08K,-2.12M,-85.5%,<.01%
378973507,GSAT,GLOBALSTAR INC,0,-32796,0,-2.18M,CLOSE,0%
615369105,MCO,MOODYS CORP,10145,-4857,4.59M,-2.2M,-32.4%,0.04%
464288851,IEO,ISHARES TR,0,-17777,0,-2.22M,CLOSE,0%
14021L109,CGDG,CAPITAL GROUP DIVIDEND GROWE,0,-61948,0,-2.22M,CLOSE,0%
464286640,ECH,ISHARES INC,0,-56229,0,-2.24M,CLOSE,0%
97717W521,OPPJ,WISDOMTREE TR,31489,-38888,1.82M,-2.24M,-55.3%,0.02%
163851108,CC,CHEMOURS CO,0,-102756,0,-2.26M,CLOSE,0%
30161Q104,EXEL,EXELIXIS INC,48174,-41966,2.62M,-2.28M,-46.6%,0.02%
002896207,ANF,ABERCROMBIE & FITCH CO,23430,-25643,2.11M,-2.31M,-52.3%,0.02%
25434V724,DFUV,DIMENSIONAL ETF TRUST,0,-47631,0,-2.31M,CLOSE,0%
526057104,LEN,LENNAR CORP,15668,-25552,1.42M,-2.31M,-62%,0.01%
817070501,SENEA,SENECA FOODS CORP NEW,4083,-13402,710.2K,-2.33M,-76.6%,<.01%
55305B101,MHO,M/I HOMES INC,0,-19408,0,-2.38M,CLOSE,0%
G06973112,AUGO,AURA MINERALS INC,14569,-37929,917.12K,-2.39M,-72.2%,<.01%
913903100,UHS,UNIVERSAL HLTH SVCS INC,0,-13390,0,-2.4M,CLOSE,0%
942749102,WTS,WATTS WATER TECHNOLOGIES INC,2149,-6175,841.23K,-2.42M,-74.2%,<.01%
513272104,LW,LAMB WESTON HLDGS INC,0,-58120,0,-2.46M,CLOSE,0%
16359R103,CHE,CHEMED CORP NEW,0,-6566,0,-2.48M,CLOSE,0%
G9456A100,GLNG,GOLAR LNG LTD,0,-46514,0,-2.52M,CLOSE,0%
47233W109,JEF,JEFFERIES FINANCIAL GROUP IN,0,-62418,0,-2.58M,CLOSE,0%
45780R101,IBP,INSTALLED BLDG PRODS INC,0,-9798,0,-2.6M,CLOSE,0%
07317Q105,BTE,BAYTEX ENERGY CORP,35173,-650267,140.69K,-2.6M,-94.9%,<.01%
500688106,KOS,KOSMOS ENERGY LTD,186391,-1287742,393.29K,-2.72M,-87.4%,<.01%
651639106,NEM,NEWMONT CORP,132923,-29119,12.42M,-2.72M,-18%,0.11%
23804L103,DDOG,DATADOG INC,0,-23091,0,-2.73M,CLOSE,0%
149568107,CVCO,CAVCO INDS INC DEL,0,-5648,0,-2.74M,CLOSE,0%
442487401,HOV,HOVNANIAN ENTERPRISES INC,0,-25008,0,-2.77M,CLOSE,0%
302941109,FCN,FTI CONSULTING INC,0,-15932,0,-2.82M,CLOSE,0%
G87110105,FTI,TECHNIPFMC PLC,0,-40871,0,-2.83M,CLOSE,0%
686688102,ORA,ORMAT TECHNOLOGIES INC,0,-25258,0,-2.83M,CLOSE,0%
674482203,OBE,OBSIDIAN ENERGY LTD,0,-300522,0,-2.85M,CLOSE,0%
049468101,TEAM,ATLASSIAN CORPORATION,0,-41846,0,-2.86M,CLOSE,0%
83443Q103,SOLS,SOLSTICE ADVANCED MATLS INC,3582,-32330,317.37K,-2.86M,-90%,<.01%
842587107,SO,SOUTHERN CO,82851,-29929,7.93M,-2.86M,-26.5%,0.07%
25434V666,DFLV,DIMENSIONAL ETF TRUST,0,-80371,0,-2.87M,CLOSE,0%
46428R107,GSG,ISHARES S&P GSCI COMMODITY-,0,-89318,0,-2.88M,CLOSE,0%
615394202,MOGA,MOOG INC,0,-9964,0,-2.92M,CLOSE,0%
152006102,CGAU,CENTERRA GOLD INC,31462,-188038,498.99K,-2.98M,-85.7%,<.01%
233912104,DJCO,DAILY JOURNAL CORP,0,-6343,0,-3.06M,CLOSE,0%
281020107,EIX,EDISON INTL,8990,-41857,669.31K,-3.12M,-82.3%,<.01%
209115104,ED,CONSOLIDATED EDISON INC,16162,-28364,1.79M,-3.14M,-63.7%,0.02%
00214Q807,ARKX,ARK ETF TR,0,-107342,0,-3.15M,CLOSE,0%
H2927K103,AMRZ,AMRIZE LTD,0,-56322,0,-3.16M,CLOSE,0%
237266101,DAR,DARLING INGREDIENTS INC,0,-51064,0,-3.16M,CLOSE,0%
38748G101,BAR,GRANITESHARES GOLD TR,0,-68716,0,-3.17M,CLOSE,0%
745867101,PHM,PULTE GROUP INC,0,-27147,0,-3.19M,CLOSE,0%
14448C104,CARR,CARRIER GLOBAL CORPORATION,0,-56828,0,-3.2M,CLOSE,0%
969904101,WSM,WILLIAMS SONOMA INC,0,-17576,0,-3.2M,CLOSE,0%
156431108,CENX,CENTURY ALUM CO,0,-54645,0,-3.21M,CLOSE,0%
00165C302,AMC,AMC ENTMT HLDGS INC,780861,-1719466,1.48M,-3.27M,-68.8%,0.01%
402635502,GPOR,GULFPORT ENERGY CORP,0,-15861,0,-3.36M,CLOSE,0%
33739H101,FTGC,FIRST TR EXCHANGE TRAD FD VI,0,-118384,0,-3.4M,CLOSE,0%
91912E105,VALE,VALE S A,0,-214494,0,-3.41M,CLOSE,0%
46269C102,IRDM,IRIDIUM COMMUNICATIONS INC,27349,-62336,1.5M,-3.42M,-69.5%,0.01%
497266106,KEX,KIRBY CORP,0,-25968,0,-3.45M,CLOSE,0%
04280A100,ARWR,ARROWHEAD PHARMACEUTICALS IN,0,-55546,0,-3.48M,CLOSE,0%
01741R102,ATI,ATI INC,23645,-17975,4.66M,-3.54M,-43.2%,0.04%
25746U109,D,DOMINION ENERGY INC,0,-57359,0,-3.55M,CLOSE,0%
920253101,VMI,VALMONT INDS INC,5467,-6170,3.16M,-3.56M,-53%,0.03%
256163106,DOCU,DOCUSIGN INC,43065,-82974,1.91M,-3.69M,-65.8%,0.02%
15135B101,CNC,CENTENE CORP DEL,52340,-57453,3.36M,-3.69M,-52.3%,0.03%
29275Y102,ENS,ENERSYS,0,-21606,0,-3.75M,CLOSE,0%
53681J103,LAC,LITHIUM AMERS CORP NEW,0,-948099,0,-3.75M,CLOSE,0%
07782B104,BLTE,BELITE BIO INC,0,-23708,0,-3.78M,CLOSE,0%
464288760,ITA,ISHARES TR,0,-17410,0,-3.81M,CLOSE,0%
91913Y100,VLO,VALERO ENERGY CORP,0,-15526,0,-3.84M,CLOSE,0%
25460G500,GUSH,DIREXION SHARES ETF TRUST,26590,-125157,816.58K,-3.84M,-82.5%,<.01%
46429B689,EFAV,ISHARES TR,0,-42120,0,-3.85M,CLOSE,0%
37954Y475,XYLD,GLOBAL X FDS,0,-98641,0,-3.86M,CLOSE,0%
292671708,UUUU,ENERGY FUELS INC,28310,-266217,410.5K,-3.86M,-90.4%,<.01%
56585A102,MPC,MARATHON PETE CORP,13788,-15156,3.53M,-3.87M,-52.4%,0.03%
92189H805,REMX,VANECK ETF TRUST,43683,-44165,3.87M,-3.91M,-50.3%,0.03%
G39387108,GFS,GLOBALFOUNDRIES INC,21940,-47508,1.81M,-3.92M,-68.4%,0.02%
969457100,WMB,WILLIAMS COS INC,0,-54142,0,-3.94M,CLOSE,0%
128030202,CALM,CAL MAINE FOODS INC,0,-49800,0,-3.94M,CLOSE,0%
83671M105,SOBO,SOUTH BOW CORP,0,-119700,0,-3.97M,CLOSE,0%
68634K106,ORLA,ORLA MNG LTD NEW,0,-250064,0,-4.01M,CLOSE,0%
15643U104,LEU,CENTRUS ENERGY CORP,5027,-24474,843.88K,-4.11M,-83%,<.01%
452308109,ITW,ILLINOIS TOOL WKS INC,0,-15820,0,-4.12M,CLOSE,0%
02072Q820,ORR,EA SERIES TRUST,47504,-114977,1.73M,-4.18M,-70.8%,0.01%
443573100,HUBS,HUBSPOT INC,33982,-22992,6.2M,-4.2M,-40.4%,0.05%
09581B103,OWL,BLUE OWL CAPITAL INC,0,-465536,0,-4.25M,CLOSE,0%
020002101,ALL,ALLSTATE CORP,7601,-18232,1.81M,-4.34M,-70.6%,0.02%
83417M104,SEDG,SOLAREDGE TECHNOLOGIES INC,0,-87161,0,-4.45M,CLOSE,0%
026874784,AIG,AMERICAN INTL GROUP INC,0,-59347,0,-4.47M,CLOSE,0%
G66721104,NCLH,NORWEGIAN CRUISE LINE HLDGS,89207,-212154,1.88M,-4.48M,-70.4%,0.02%
921078101,OUNZ,VANECK MERK GOLD ETF,0,-99805,0,-4.5M,CLOSE,0%
74758T303,QLYS,QUALYS INC,5456,-32896,750.14K,-4.52M,-85.8%,<.01%
85208P808,URNJ,SPROTT FDS TR,0,-158088,0,-4.63M,CLOSE,0%
553368101,MP,MP MATERIALS CORP,55712,-83241,3.12M,-4.66M,-59.9%,0.03%
889478103,TOL,TOLL BROTHERS INC,0,-34202,0,-4.67M,CLOSE,0%
149123101,CAT,CATERPILLAR INC,0,-6616,0,-4.69M,CLOSE,0%
09290D101,BLK,BLACKROCK INC,47789,-4878,45.95M,-4.69M,-9.3%,0.39%
464286806,EWG,ISHARES INC,0,-120298,0,-4.77M,CLOSE,0%
143658300,CCL,CARNIVAL CORP,0,-185544,0,-4.8M,CLOSE,0%
65340P106,NXE,NEXGEN ENERGY LTD,89449,-517021,839.83K,-4.85M,-85.3%,<.01%
008073108,AVAV,AEROVIRONMENT INC,0,-26579,0,-4.87M,CLOSE,0%
015857105,AQN,ALGONQUIN POWER & UTILITIES,0,-802428,0,-4.9M,CLOSE,0%
26603R106,DUOL,DUOLINGO INC,22528,-43071,2.59M,-4.95M,-65.7%,0.02%
231021106,CMI,CUMMINS INC,0,-9242,0,-4.97M,CLOSE,0%
009066101,ABNB,AIRBNB INC,0,-39417,0,-4.98M,CLOSE,0%
98422D105,XPEV,XPENG INC,0,-292090,0,-5M,CLOSE,0%
33734X127,FXN,FIRST TR EXCHANGE-TRADED FD,0,-223025,0,-5.01M,CLOSE,0%
260557103,DOW,DOW HLDGS INC,0,-124997,0,-5.21M,CLOSE,0%
302130109,EXPD,EXPEDITORS INTL WASH INC,15543,-32329,2.53M,-5.27M,-67.5%,0.02%
375558103,GILD,GILEAD SCIENCES INC,13731,-43197,1.73M,-5.46M,-75.9%,0.01%
25459W102,TECL,DIREXION SHARES ETF TRUST,0,-64210,0,-5.56M,CLOSE,0%
G25508105,CRH,CRH PLC,0,-56085,0,-5.9M,CLOSE,0%
48020Q107,JLL,JONES LANG LASALLE INC,0,-19805,0,-6.03M,CLOSE,0%
459200101,IBM,INTERNATIONAL BUSINESS MACHS,0,-25155,0,-6.1M,CLOSE,0%
464287556,IBB,ISHARES TR,0,-36872,0,-6.23M,CLOSE,0%
09175A206,BMNR,BITMINE IMMERSION TECNOLOGIE,0,-322913,0,-6.39M,CLOSE,0%
85208M102,SFM,SPROUTS FMRS MKT INC,7791,-77709,658.96K,-6.57M,-90.9%,<.01%
464287515,IGV,ISHARES TR,0,-82280,0,-6.59M,CLOSE,0%
78409V104,SPGI,S&P GLOBAL INC,0,-15625,0,-6.65M,CLOSE,0%
25460G609,ERX,DIREXION SHARES ETF TRUST,0,-65280,0,-6.72M,CLOSE,0%
62914V106,NIO,NIO INC,160302,-1333500,811.13K,-6.75M,-89.3%,<.01%
40415F101,HDB,HDFC BANK LTD,0,-272770,0,-6.79M,CLOSE,0%
37954Y871,URA,GLOBAL X FDS,0,-141786,0,-6.87M,CLOSE,0%
26884L109,EQT,EQT CORP,0,-107931,0,-6.87M,CLOSE,0%
169656105,CMG,CHIPOTLE MEXICAN GRILL INC,83082,-212138,2.82M,-7.21M,-71.9%,0.02%
71654V408,PBR,PETROLEO BRASILEIRO S A,173255,-453621,2.8M,-7.33M,-72.4%,0.02%
199908104,FIX,COMFORT SYS USA INC,0,-5318,0,-7.33M,CLOSE,0%
22160K105,COST,COSTCO WHOLESALE CORPORATION,0,-7645,0,-7.62M,CLOSE,0%
110122108,BMY,BRISTOL-MYERS SQUIBB CO,34020,-134138,1.96M,-7.73M,-79.8%,0.02%
00162Q452,AMLP,ALPS ETF TR,0,-146924,0,-7.73M,CLOSE,0%
679295105,OKTA,OKTA INC,12708,-56729,1.73M,-7.74M,-81.7%,0.01%
387437205,GRTUF,GRANITE REAL ESTATE INVT TR,0,-133200,0,-7.81M,CLOSE,0%
316092402,FENY,FIDELITY COVINGTON TRUST,0,-231107,0,-7.86M,CLOSE,0%
042068205,ARM,ARM HOLDINGS PLC,0,-52297,0,-7.91M,CLOSE,0%
33733E807,FCG,FIRST TR EXCHANGE-TRADED FD,34927,-298300,929.41K,-7.94M,-89.5%,<.01%
03990B101,ARES,ARES MANAGEMENT CORPORATION,0,-73198,0,-7.99M,CLOSE,0%
571748102,MRSH,MARSH & MCLENNAN COS INC,0,-47026,0,-8.16M,CLOSE,0%
02209S103,MO,ALTRIA GROUP INC,0,-123835,0,-8.17M,CLOSE,0%
811543107,SEB,SEABOARD CORP DEL,0,-1481,0,-8.37M,CLOSE,0%
406216101,HAL,HALLIBURTON CO,0,-216348,0,-8.44M,CLOSE,0%
880770102,TER,TERADYNE INC,0,-29340,0,-8.7M,CLOSE,0%
02156V109,OKLO,OKLO INC,0,-177669,0,-8.81M,CLOSE,0%
23918K108,DVA,DAVITA INC,9122,-40519,2.03M,-9.01M,-81.6%,0.02%
248356107,DNN,DENISON MINES CORP,0,-2564363,0,-9.05M,CLOSE,0%
444859102,HUM,HUMANA INC,0,-52410,0,-9.09M,CLOSE,0%
11777Q209,BTG,B2GOLD CORP,0,-2101205,0,-9.52M,CLOSE,0%
95040Q104,WELL,WELLTOWER INC,0,-49122,0,-9.71M,CLOSE,0%
46429B663,HDV,ISHARES TR,0,-366175,0,-9.94M,CLOSE,0%
464288430,AIA,ISHARES TR,0,-96202,0,-10.21M,CLOSE,0%
79466L302,CRM,SALESFORCE INC,0,-55243,0,-10.31M,CLOSE,0%
806857108,SLB,SLB LIMITED,0,-207399,0,-10.66M,CLOSE,0%
012653101,ALB,ALBEMARLE CORP,0,-59435,0,-10.67M,CLOSE,0%
337738108,FISV,FISERV INC,9767,-224503,479.07K,-11.01M,-95.8%,<.01%
46429B598,INDA,ISHARES TR,96195,-226355,4.75M,-11.18M,-70.2%,0.04%
110448107,BTI,BRITISH AMERN TOB PLC,0,-193103,0,-11.29M,CLOSE,0%
60937P106,MDB,MONGODB INC,0,-47226,0,-11.56M,CLOSE,0%
550021109,LULU,LULULEMON ATHLETICA INC,0,-76749,0,-11.75M,CLOSE,0%
780259305,SHEL,SHELL PLC,37461,-161789,2.9M,-12.55M,-81.2%,0.02%
60855R100,MOH,MOLINA HEALTHCARE INC,2086,-56170,477.07K,-12.85M,-96.4%,<.01%
14040H105,COF,CAPITAL ONE FINL CORP,0,-71262,0,-13M,CLOSE,0%
76655K103,RGTI,RIGETTI COMPUTING INC,0,-951705,0,-13.36M,CLOSE,0%
46090F100,PDBC,INVESCO ACTVELY MNGD ETC FD,88143,-859036,1.4M,-13.64M,-90.7%,0.01%
09260D107,BX,BLACKSTONE INC,8428,-116981,991.72K,-13.77M,-93.3%,<.01%
036752103,ELV,ELEVANCE HEALTH INC FORMERLY,0,-47340,0,-13.86M,CLOSE,0%
34959E109,FTNT,FORTINET INC,0,-170136,0,-13.9M,CLOSE,0%
002824100,ABT,ABBOTT LABORATORIES,160375,-154833,14.55M,-14.05M,-49.1%,0.12%
438516205,HON,HONEYWELL INTL INC,20054,-65567,4.49M,-14.68M,-76.6%,0.04%
013872106,AA,ALCOA CORP,0,-229063,0,-15.19M,CLOSE,0%
872590104,TMUS,T-MOBILE US INC,0,-72911,0,-15.31M,CLOSE,0%
37954Y384,BUG,GLOBAL X FDS,0,-614119,0,-15.42M,CLOSE,0%
19260Q107,COIN,COINBASE GLOBAL INC,54973,-105602,8.04M,-15.44M,-65.8%,0.07%
25402D102,DOCN,DIGITALOCEAN HLDGS INC,0,-185708,0,-15.93M,CLOSE,0%
031162100,AMGN,AMGEN INC,0,-45568,0,-16.03M,CLOSE,0%
92826C839,V,VISA INC,26373,-47995,9.05M,-16.47M,-64.5%,0.08%
H8817H100,RIG,TRANSOCEAN LTD,0,-2592119,0,-17.19M,CLOSE,0%
573874104,MRVL,MARVELL TECHNOLOGY INC,0,-175543,0,-17.39M,CLOSE,0%
055622104,BP,BP PLC,15742,-493024,581.67K,-18.22M,-96.9%,<.01%
037833100,AAPL,APPLE INC,0,-73192,0,-18.58M,CLOSE,0%
02043Q107,ALNY,ALNYLAM PHARMACEUTICALS INC,22653,-62588,6.82M,-18.84M,-73.4%,0.06%
097023105,BA,BOEING CO,71463,-89415,15.47M,-19.36M,-55.6%,0.13%
697900108,PAAS,PAN AMERN SILVER CORP,93957,-433971,4.21M,-19.44M,-82.2%,0.04%
48251W104,KKR,KKR & CO INC,0,-210470,0,-19.47M,CLOSE,0%
81141R100,SE,SEA LTD,42219,-205006,4.05M,-19.65M,-82.9%,0.03%
464287796,IYE,ISHARES TR,0,-310964,0,-20.14M,CLOSE,0%
69047Q102,OVV,OVINTIV INC,0,-349860,0,-20.71M,CLOSE,0%
18915M107,NET,CLOUDFLARE INC,9921,-84500,2.43M,-20.73M,-89.5%,0.02%
N07059210,ASML,ASML HLDG NV,197439,-10429,392.79M,-20.75M,-5%,3.4%
00206R102,T,AT&T INC,191045,-1011773,3.95M,-20.94M,-84.1%,0.03%
278768106,ECHO,ECHOSTAR CORP,2446,-207511,248.27K,-21.06M,-98.8%,<.01%
254687106,DIS,DISNEY WALT CO,0,-219800,0,-21.18M,CLOSE,0%
464285204,IAU,ISHARES GOLD TR,32725,-291817,2.47M,-22.04M,-89.9%,0.02%
617446448,MS,MORGAN STANLEY,262666,-105853,54.91M,-22.13M,-28.7%,0.47%
87612E106,TGT,TARGET CORP,87059,-170965,11.37M,-22.33M,-66.3%,0.1%
G54950103,LIN,LINDE PLC,8862,-43744,4.6M,-22.7M,-83.2%,0.04%
674599105,OXY,OCCIDENTAL PETE CORP,0,-350220,0,-22.76M,CLOSE,0%
701094104,PH,PARKER-HANNIFIN CORP,7366,-23832,7.2M,-23.31M,-76.4%,0.06%
23331A109,DHI,D R HORTON INC,51222,-145072,8.34M,-23.63M,-73.9%,0.07%
85208P303,URNM,SPROTT FDS TR,0,-379933,0,-23.99M,CLOSE,0%
009158106,APD,AIR PRODUCTS AND CHEMICALS I,7500,-82045,2.2M,-24.05M,-91.6%,0.02%
670100205,NVO,NOVO-NORDISK A S,522349,-505399,25.04M,-24.23M,-49.2%,0.21%
770700102,HOOD,ROBINHOOD MKTS INC,0,-352490,0,-24.43M,CLOSE,0%
172967424,C,CITIGROUP INC,0,-216961,0,-24.61M,CLOSE,0%
38150K103,AAAU,GOLDMAN SACHS PHYSICAL GOLD,0,-561793,0,-25.95M,CLOSE,0%
165167735,EXE,EXPAND ENERGY CORPORATION,0,-238683,0,-26.2M,CLOSE,0%
369604301,GE,GE AEROSPACE,104364,-71154,39M,-26.59M,-40.5%,0.33%
13321L108,CCJ,CAMECO CORP,318123,-265353,32.41M,-27.04M,-45.5%,0.28%
743315103,PGR,PROGRESSIVE CORP,40223,-123791,8.79M,-27.04M,-75.5%,0.08%
35473P769,FLIN,FRANKLIN TEMPLETON ETF TR,0,-817850,0,-27.17M,CLOSE,0%
81762P102,NOW,SERVICENOW INC,0,-260249,0,-27.21M,CLOSE,0%
780087102,RY,ROYAL BK CDA,0,-170800,0,-27.52M,CLOSE,0%
00326A104,SGOL,ETFS GOLD TR,0,-620280,0,-27.68M,CLOSE,0%
053332102,AZO,AUTOZONE INC,0,-8344,0,-28.18M,CLOSE,0%
46222L108,IONQ,IONQ INC,9619,-555674,512.31K,-29.6M,-98.3%,<.01%
75513E101,RTX,RTX CORPORATION,0,-154538,0,-29.81M,CLOSE,0%
025816109,AXP,AMERICAN EXPRESS CO,0,-114040,0,-34.49M,CLOSE,0%
539830109,LMT,LOCKHEED MARTIN CORP,32399,-68921,16.51M,-35.11M,-68%,0.14%
57636Q104,MA,MASTERCARD INCORPORATED,0,-71529,0,-35.74M,CLOSE,0%
36828A101,GEV,GE VERNOVA INC,4644,-30584,5.46M,-35.93M,-86.8%,0.05%
00971T101,AKAM,AKAMAI TECHNOLOGIES INC,0,-312974,0,-35.95M,CLOSE,0%
06849F108,B,BARRICK MNG CORP,29132,-1008571,1.07M,-37.07M,-97.2%,<.01%
33734X846,CIBR,FIRST TR EXCHANGE-TRADED FD,0,-613656,0,-38.46M,CLOSE,0%
81369Y886,XLU,SELECT SECTOR SPDR TR,35264,-870871,1.6M,-39.49M,-96.1%,0.01%
92343V104,VZ,VERIZON COMMUNICATIONS INC,0,-794522,0,-39.89M,CLOSE,0%
67077M108,NTR,NUTRIEN LTD,0,-544100,0,-40.94M,CLOSE,0%
512807306,LRCX,LAM RESEARCH CORP,0,-191901,0,-41M,CLOSE,0%
N82405106,STLA,STELLANTIS N.V,685010,-7211567,3.9M,-41.02M,-91.3%,0.03%
717081103,PFE,PFIZER INC,978887,-1813001,23.57M,-43.66M,-64.9%,0.2%
62944T105,NVR,NVR INC,790,-6465,5.38M,-44.05M,-89.1%,0.05%
053015103,ADP,AUTOMATIC DATA PROCESSING IN,0,-225771,0,-45.87M,CLOSE,0%
46436F103,IAUM,ISHARES GOLD TR,0,-991744,0,-46.31M,CLOSE,0%
78468R556,XOP,SPDR SERIES TRUST,74993,-311831,11.57M,-48.1M,-80.6%,0.1%
172573107,CRCL,CIRCLE INTERNET GROUP INC,717103,-845569,44.91M,-52.96M,-54.1%,0.38%
11135F101,AVGO,BROADCOM INC,0,-188866,0,-58.46M,CLOSE,0%
98149E303,GLDM,WORLD GOLD TR,0,-671197,0,-62.21M,CLOSE,0%
56501R106,MFC,MANULIFE FINL CORP,669049,-1704151,27.12M,-69.09M,-71.8%,0.23%
78464A870,XBI,SPDR SERIES TRUST,44978,-438554,7.12M,-69.4M,-90.7%,0.06%
78463V107,GLD,SPDR GOLD TR,335242,-201865,123.5M,-74.36M,-37.6%,1.1%
05534B760,BCE,BCE INC,0,-3255392,0,-81.88M,CLOSE,0%
007903107,AMD,ADVANCED MICRO DEVICES INC,757725,-158617,440.17M,-92.14M,-17.3%,3.8%
166764100,CVX,CHEVRON CORPORATION,0,-473464,0,-97.96M,CLOSE,0%
958102105,WDC,WESTERN DIGITAL CORP,178283,-176659,113.87M,-112.84M,-49.8%,0.97%
81369Y506,XLE,SELECT SECTOR SPDR TR,0,-1951573,0,-119.55M,CLOSE,0%
891160509,TD,TORONTO DOMINION BK ONT,0,-1288100,0,-119.92M,CLOSE,0%
22788C105,CRWD,CROWDSTRIKE HLDGS INC,0,-324282,0,-126.6M,CLOSE,0%
803054204,SAP,SAP SE,153061,-994344,23.59M,-153.24M,-86.7%,0.2%
594918104,MSFT,MICROSOFT CORP,4424,-411907,1.65M,-153.65M,-98.9%,0.01%
88160R101,TSLA,TESLA INC,0,-489046,0,-181.8M,CLOSE,0%
595112103,MU,MICRON TECHNOLOGY INC,0,-575592,0,-194.46M,CLOSE,0%
91324P102,UNH,UNITEDHEALTH GROUP INC,162485,-777198,67.53M,-323.03M,-82.7%,0.58%
80004C200,SNDK,SANDISK CORP,63182,-233218,143.66M,-530.27M,-78.7%,1.2%
Total,,,,,11.69B,1.67B,+19.9%,100%
