CUSIP,Ticker,Company,Shares,Delta_Shares,Value,Delta_Value,Delta,Portfolio%
30303M102,META,META PLATFORMS INC,2023153,1769780,1.14B,996.89M,+698.5%,1.6%
67066G104,NVDA,NVIDIA CORPORATION,7091256,4564308,1.42B,913.26M,+180.6%,2%
02079K305,GOOGL,ALPHABET INC,2317438,1774967,828.17M,634.31M,+327.2%,1.1%
22788C105,CRWD,CROWDSTRIKE HLDGS INC,748960,748960,571.56M,571.56M,NEW,0.79%
023135106,AMZN,AMAZON COM INC,2290710,2290710,545.97M,545.97M,NEW,0.75%
02079K107,GOOG,ALPHABET INC,1575815,1374813,556.78M,485.76M,+684%,0.77%
64110L106,NFLX,NETFLIX INC.,6787884,6785423,484.66M,484.48M,+275718.1%,0.67%
88160R101,TSLA,TESLA INC,1110960,899670,467.27M,378.4M,+425.8%,0.64%
007903107,AMD,ADVANCED MICRO DEVICES INC,829697,612753,463.82M,342.54M,+282.4%,0.64%
G5960L103,MDT,MEDTRONIC PLC,3167741,3167741,247.81M,247.81M,NEW,0.34%
872540109,TJX,TJX COS INC NEW,1729400,1490900,262M,225.87M,+625.1%,0.36%
20825C104,COP,CONOCOPHILLIPS,2022465,2022465,210.26M,210.26M,NEW,0.29%
780259305,SHEL,SHELL PLC,2695452,2695452,209.01M,209.01M,NEW,0.29%
461202103,INTU,INTUIT,765048,765048,199.68M,199.68M,NEW,0.27%
86800U302,SMCI,SUPER MICRO COMPUTER INC,6785600,6726200,199.02M,197.28M,+11323.6%,0.27%
58155Q103,MCK,MCKESSON CORP,361086,243840,272.84M,184.25M,+208%,0.38%
808513105,SCHW,SCHWAB CHARLES CORP,1911141,1911141,176.34M,176.34M,NEW,0.24%
882508104,TXN,TEXAS INSTRS INC,1402100,550800,417.92M,164.18M,+64.7%,0.58%
78462F103,SPY,STATE STR SPDR S&P 500 ETF T,219040,219040,163.57M,163.57M,NEW,0.23%
053332102,AZO,AUTOZONE INC,84260,50070,269.29M,160.02M,+146.4%,0.37%
45866F104,ICE,INTERCONTINENTAL EXCHANGE IN,1269289,1269289,156.26M,156.26M,NEW,0.22%
654106103,NKE,NIKE INC,4070200,3755100,167.08M,154.15M,+1191.7%,0.23%
46090E103,QQQ,INVESCO QQQ TR,204600,204600,150.67M,150.67M,NEW,0.21%
573874104,MRVL,MARVELL TECHNOLOGY INC,505425,505425,150.56M,150.56M,NEW,0.21%
369550108,GD,GENERAL DYNAMICS CORP,453720,423540,160.73M,150.03M,+1403.4%,0.22%
46120E602,ISRG,INTUITIVE SURGICAL INC,504430,365028,200.6M,145.16M,+261.9%,0.28%
12572Q105,CME,CME GROUP INC,680049,645249,150.18M,142.49M,+1854.2%,0.21%
166764100,CVX,CHEVRON CORPORATION,2870517,855121,475.82M,141.74M,+42.4%,0.66%
G7997R103,STX,SEAGATE TECHNOLOGY HLDNGS PL,457353,146859,441.35M,141.72M,+47.3%,0.61%
874039100,TSM,TAIWAN SEMICONDUCTOR MANUFAC,849080,281120,405.5M,134.25M,+49.5%,0.56%
G25457105,CRDO,CREDO TECHNOLOGY GROUP HOLDI,844238,481900,229.59M,131.05M,+133%,0.32%
055622104,BP,BP PLC,5073767,3540782,187.48M,130.83M,+231%,0.26%
778296103,ROST,ROSS STORES INC,615728,574428,131.06M,122.27M,+1390.9%,0.18%
75776W103,RDW,REDWIRE CORPORATION,9399700,9399700,114.96M,114.96M,NEW,0.16%
09290D101,BLK,BLACKROCK INC,118722,118722,114.16M,114.16M,NEW,0.16%
136385101,CNQ,CANADIAN NAT RES LTD MED TER,2859500,2859500,112.95M,112.95M,NEW,0.16%
666807102,NOC,NORTHROP GRUMMAN CORP,203380,193380,103.58M,98.49M,+1933.8%,0.14%
464288414,MUB,ISHARES TR,1004526,909826,108.11M,97.92M,+960.7%,0.15%
16411R208,LNG,CHENIERE ENERGY INC,719366,405118,171.94M,96.83M,+128.9%,0.24%
687793109,OSCR,OSCAR HEALTH INC,3284500,3284500,93.67M,93.67M,NEW,0.13%
49177J102,KVUE,KENVUE INC,9024812,4883300,172.46M,93.32M,+117.9%,0.24%
34631F102,FPS,FORGENT POWER SOLUTIONS INC,1669700,1669700,93.27M,93.27M,NEW,0.13%
26441C204,DUK,DUKE ENERGY CORP NEW,739550,736750,93.61M,93.26M,+26312.5%,0.13%
595017104,MCHP,MICROCHIP TECHNOLOGY INC.,1045956,1017600,95.39M,92.81M,+3588.7%,0.13%
71654V101,PBRA,PETROLEO BRASILEIRO S A,10886700,6279000,159.38M,91.92M,+136.3%,0.22%
422704106,HL,HECLA MINING COMPANY,9731400,5831300,150.16M,89.98M,+149.5%,0.21%
78409V104,SPGI,S&P GLOBAL INC,215462,215462,87.75M,87.75M,NEW,0.12%
891160509,TD,TORONTO DOMINION BK ONT,815280,719100,99M,87.32M,+747.7%,0.14%
609839105,MPWR,MONOLITHIC PWR SYS INC,63066,63066,87.18M,87.18M,NEW,0.12%
81369Y209,XLV,SELECT SECTOR SPDR TR,628300,536600,99.69M,85.14M,+585.2%,0.14%
169656105,CMG,CHIPOTLE MEXICAN GRILL INC,3364700,2461600,114.4M,83.69M,+272.6%,0.16%
98978V103,ZTS,ZOETIS INC,1403300,1151300,100.84M,82.73M,+456.9%,0.14%
26875P101,EOG,EOG RES INC,714000,630401,92.63M,81.78M,+754.1%,0.13%
90384S303,ULTA,ULTA BEAUTY INC,177780,177780,80.18M,80.18M,NEW,0.11%
260557103,DOW,DOW HLDGS INC,2895600,2895600,79.22M,79.22M,NEW,0.11%
008474108,AEM,AGNICO EAGLE MINES LTD,496541,484344,77.03M,75.14M,+3971%,0.11%
036752103,ELV,ELEVANCE HEALTH INC FORMERLY,201373,185800,77.88M,71.85M,+1193.1%,0.11%
G87110105,FTI,TECHNIPFMC PLC,1064200,1064200,70.56M,70.56M,NEW,0.1%
30161N101,EXC,EXELON CORP,1513124,1513124,70.54M,70.54M,NEW,0.1%
69608A108,PLTR,PALANTIR TECHNOLOGIES INC,7568370,582444,883M,67.95M,+8.3%,1.2%
922907746,VTEB,VANGUARD MUN BD FDS,1776200,1333800,89.84M,67.46M,+301.5%,0.12%
60855R100,MOH,MOLINA HEALTHCARE INC,315050,292800,72.05M,66.96M,+1316%,0.1%
33829M101,FIVE,FIVE BELOW INC,366300,364600,65.86M,65.55M,+21447.1%,0.09%
91733P107,USAR,USA RARE EARTH INC,3951100,2995722,85.26M,64.65M,+313.6%,0.12%
G7709Q104,RPRX,ROYALTY PHARMA PLC,1935800,1144863,108.54M,64.19M,+144.7%,0.15%
29446M102,EQNR,EQUINOR ASA,2092323,2039500,65.7M,64.04M,+3861%,0.09%
910047109,UAL,UNITED AIRLS HLDGS INC,465763,465763,63.34M,63.34M,NEW,0.09%
92189F106,GDX,VANECK ETF TRUST,1405199,830251,106.02M,62.64M,+144.4%,0.15%
464287242,LQD,ISHARES TR,644200,552200,70.26M,60.23M,+600.2%,0.1%
934423104,WBD,WARNER BROS DISCOVERY INC,6083353,2236200,162.18M,59.62M,+58.1%,0.22%
09228F103,BB,BLACKBERRY LTD,8194243,4648700,103.66M,58.81M,+131.1%,0.14%
626755102,MUSA,MURPHY USA INC,340182,108320,183.31M,58.37M,+46.7%,0.25%
25278X109,FANG,DIAMONDBACK ENERGY INC,331500,331500,58.27M,58.27M,NEW,0.08%
867224107,SU,SUNCOR ENERGY INC NEW,1085306,1085306,58.26M,58.26M,NEW,0.08%
H8817H100,RIG,TRANSOCEAN LTD,14527153,11392425,71.04M,55.71M,+363.4%,0.1%
674599105,OXY,OCCIDENTAL PETE CORP,1142754,1142754,55.5M,55.5M,NEW,0.08%
907818108,UNP,UNION PAC CORP,221100,200000,60.14M,54.4M,+947.9%,0.08%
872590104,TMUS,T-MOBILE US INC,604607,323800,101.41M,54.31M,+115.3%,0.14%
29084Q100,EME,EMCOR GROUP INC,65640,65040,54.47M,53.98M,+10840%,0.08%
10950A106,BTSG,BRIGHTSPRING HEALTH SVCS INC,760801,760801,53.06M,53.06M,NEW,0.07%
539830109,LMT,LOCKHEED MARTIN CORP,298520,103880,152.08M,52.92M,+53.4%,0.21%
52476L109,LGN,LEGENCE CORP,1180400,600700,100.61M,51.2M,+103.6%,0.14%
82982T106,SITM,SITIME CORP,81120,68280,60.48M,50.91M,+531.8%,0.08%
75886F107,REGN,REGENERON PHARMACEUTICALS,148222,81420,92.42M,50.77M,+121.9%,0.13%
20337X109,VISN,VISTANCE NETWORKS INC,6273300,3943100,80.17M,50.39M,+169.2%,0.11%
031652100,AMKR,AMKOR TECHNOLOGY INC,580600,580600,50.07M,50.07M,NEW,0.07%
31428X106,FDX,FEDEX CORP,157913,157913,49.45M,49.45M,NEW,0.07%
780087102,RY,ROYAL BK CDA,237994,237994,49.26M,49.26M,NEW,0.07%
14149Y108,CAH,CARDINAL HEALTH INC,550100,205275,130.68M,48.77M,+59.5%,0.18%
049560105,ATO,ATMOS ENERGY CORP,447900,281100,77.16M,48.43M,+168.5%,0.11%
744573106,PEG,PUBLIC SVC ENTERPRISE GROUP,600500,591000,48.74M,47.97M,+6221.1%,0.07%
346375108,FORM,FORMFACTOR INC,295568,295568,47.27M,47.27M,NEW,0.07%
988498101,YUM,YUM BRANDS INC,291600,287200,46.62M,45.91M,+6527.3%,0.06%
30040W108,ES,EVERSOURCE ENERGY,663180,634000,47.93M,45.82M,+2172.7%,0.07%
931142103,WMT,WALMART INC,410525,401302,46.5M,45.45M,+4351.1%,0.06%
75513E101,RTX,RTX CORPORATION,234046,234046,44.41M,44.41M,NEW,0.06%
70450Y103,PYPL,PAYPAL HLDGS INC,1220300,1027100,52.69M,44.35M,+531.6%,0.07%
81369Y506,XLE,SELECT SECTOR SPDR TR,832534,832534,44.22M,44.22M,NEW,0.06%
316841105,FIG,FIGMA INC,3027800,2393300,54.77M,43.29M,+377.2%,0.08%
550021109,LULU,LULULEMON ATHLETICA INC,377844,377844,43.14M,43.14M,NEW,0.06%
697900108,PAAS,PAN AMERN SILVER CORP,2261697,959471,101.3M,42.97M,+73.7%,0.14%
171779309,CIEN,CIENA CORP,184774,86974,90.64M,42.67M,+88.9%,0.12%
093712107,BE,BLOOM ENERGY CORP,675700,139800,204.53M,42.32M,+26.1%,0.28%
18915M107,NET,CLOUDFLARE INC,171400,171400,42.04M,42.04M,NEW,0.06%
49456B101,KMI,KINDER MORGAN INC DEL,1314031,1314031,42.01M,42.01M,NEW,0.06%
92206C870,VCIT,VANGUARD SCOTTSDALE FDS,505082,505082,41.75M,41.75M,NEW,0.06%
87612E106,TGT,TARGET CORP,725600,315100,94.77M,41.16M,+76.8%,0.13%
38059T106,GFI,GOLD FIELDS LTD,1545400,1207196,51.91M,40.55M,+356.9%,0.07%
209115104,ED,CONSOLIDATED EDISON INC,507600,366500,56.16M,40.55M,+259.7%,0.08%
433313103,HNGE,HINGE HEALTH INC,759300,485200,63.02M,40.27M,+177%,0.09%
83304A106,SNAP,SNAP INC,10655300,8769700,47.31M,38.94M,+465.1%,0.07%
199908104,FIX,COMFORT SYS USA INC,76160,19500,150.95M,38.65M,+34.4%,0.21%
90364P105,PATH,UIPATH INC,3553900,3553900,38.63M,38.63M,NEW,0.05%
46125A100,LUNR,INTUITIVE MACHINES INC,3723200,1789200,79.64M,38.27M,+92.5%,0.11%
052769106,ADSK,AUTODESK INC,477868,192180,92.91M,37.36M,+67.3%,0.13%
596278101,MIDD,MIDDLEBY CORP,420670,215400,72.36M,37.05M,+104.9%,0.1%
751212101,RL,RALPH LAUREN CORP,158860,92138,63.77M,36.99M,+138.1%,0.09%
594972408,MSTR,STRATEGY INC,2553692,422811,221.99M,36.75M,+19.8%,0.31%
69349H107,TXNM,TXNM ENERGY INC,645558,645558,36.65M,36.65M,NEW,0.05%
10806X102,BBIO,BRIDGEBIO PHARMA INC,856846,491074,63.82M,36.58M,+134.3%,0.09%
G1151C101,ACN,ACCENTURE PLC IRELAND,416528,291128,51.83M,36.23M,+232.2%,0.07%
29452E101,EQH,EQUITABLE HLDGS INC,819900,819900,35.98M,35.98M,NEW,0.05%
007973100,AEIS,ADVANCED ENERGY INDS,98562,96240,36.75M,35.89M,+4144.7%,0.05%
73044W302,POET,POET TECHNOLOGIES INC,3469500,3469500,35.67M,35.67M,NEW,0.05%
46438F101,IBIT,ISHARES BITCOIN TRUST ETF,1403942,1063942,46.74M,35.42M,+312.9%,0.06%
703481101,PTEN,PATTERSON-UTI ENERGY INC,7956899,3828800,73.04M,35.15M,+92.7%,0.1%
65473P105,NI,NISOURCE INC,747300,738300,35.53M,35.11M,+8203.3%,0.05%
801056102,SANM,SANMINA CORP,138033,138033,34.93M,34.93M,NEW,0.05%
92189F791,GDXJ,VANECK ETF TRUST,355276,355276,34.91M,34.91M,NEW,0.05%
125523100,CI,THE CIGNA GROUP,345499,126560,95.25M,34.89M,+57.8%,0.13%
922908769,VTI,VANGUARD INDEX FDS,93880,93880,34.74M,34.74M,NEW,0.05%
64361Q101,VNOM,VIPER ENERGY INC,1605478,808200,68.07M,34.27M,+101.4%,0.09%
91913Y100,VLO,VALERO ENERGY CORP,130988,130988,34.11M,34.11M,NEW,0.05%
302130109,EXPD,EXPEDITORS INTL WASH INC,425516,207800,69.35M,33.87M,+95.4%,0.1%
29446Y502,EQX,EQUINOX GOLD CORP,4394300,3483531,42.71M,33.86M,+382.5%,0.06%
750940108,RAL,RALLIANT CORP,829602,458520,61.08M,33.76M,+123.6%,0.08%
816850101,SMTC,SEMTECH CORP,207116,207116,33.52M,33.52M,NEW,0.05%
816851109,SRE,SEMPRA,360700,360700,33.44M,33.44M,NEW,0.05%
051774107,AUR,AURORA INNOVATION INC,4897100,4897100,33.4M,33.4M,NEW,0.05%
79466L302,CRM,SALESFORCE INC,212601,212601,33.31M,33.31M,NEW,0.05%
518439104,EL,LAUDER ESTEE COS INC,449300,418200,35.47M,33.02M,+1344.7%,0.05%
926400102,VSXY,VICTORIAS SECRET AND CO,394000,394000,32.89M,32.89M,NEW,0.05%
861896108,SNEX,STONEX GROUP INC,284166,276100,33.67M,32.72M,+3423%,0.05%
15135B101,CNC,CENTENE CORP DEL,2192412,507743,140.73M,32.59M,+30.1%,0.19%
651639106,NEM,NEWMONT CORP,2019057,347489,188.58M,32.46M,+20.8%,0.26%
45168D104,IDXX,IDEXX LABS INC,109784,61280,57.79M,32.26M,+126.3%,0.08%
43289P106,HIMX,HIMAX TECHNOLOGIES INC,2749861,2102400,42.18M,32.25M,+324.7%,0.06%
G4740B105,ICHR,ICHOR HOLDINGS,296400,280600,33.28M,31.51M,+1775.9%,0.05%
464287739,IYR,ISHARES TR,307400,307400,31.43M,31.43M,NEW,0.04%
665859104,NTRS,NORTHERN TR CORP,196298,179800,34.12M,31.26M,+1089.8%,0.05%
053774105,CAR,AVIS BUDGET GROUP INC,210958,210958,31.19M,31.19M,NEW,0.04%
94106L109,WM,WASTE MGMT INC DEL,166400,139700,37.09M,31.14M,+523.2%,0.05%
21874A106,CORZ,CORE SCIENTIFIC INC NEW,3319363,1187100,84.94M,30.38M,+55.7%,0.12%
04010E109,AGX,ARGAN INC,648379,37480,517.76M,29.93M,+6.1%,0.71%
780287108,RGLD,ROYAL GOLD INC,232720,149340,46.45M,29.81M,+179.1%,0.06%
366651107,IT,GARTNER INC,534069,228980,69.23M,29.68M,+75.1%,0.1%
070830104,BBWI,BATH & BODY WORKS INC,3999833,1267100,92.52M,29.31M,+46.4%,0.13%
384109104,GGG,GRACO INC,1108600,386900,83.82M,29.25M,+53.6%,0.12%
21874C102,CNM,CORE & MAIN INC,1408500,594400,67.96M,28.68M,+73%,0.09%
88339J105,TTD,THE TRADE DESK INC,7022341,1581800,126.96M,28.6M,+29.1%,0.17%
446413106,HII,HUNTINGTON INGALLS INDS INC,101640,101640,28.45M,28.45M,NEW,0.04%
65249B109,NWSA,NEWS CORP NEW,1120200,1120200,27.81M,27.81M,NEW,0.04%
68989M202,OUST,OUSTER INC,575900,443300,36.01M,27.72M,+334.3%,0.05%
12504L109,CBRE,CBRE GROUP INC,202300,202300,27.25M,27.25M,NEW,0.04%
882681109,TXRH,TEXAS ROADHOUSE INC,140953,140953,27.24M,27.24M,NEW,0.04%
75281A109,RRC,RANGE RES CORP,730491,730491,27.17M,27.17M,NEW,0.04%
80401C100,SATL,SATELLOGIC INC,5928908,4740800,33.91M,27.12M,+399%,0.05%
925283103,VSNT,VERSANT MEDIA GROUP INC,1043300,740400,37.57M,26.66M,+244.4%,0.05%
758849103,REG,REGENCY CTRS CORP,883295,333600,70.43M,26.6M,+60.7%,0.1%
46269C102,IRDM,IRIDIUM COMMUNICATIONS INC,609799,481699,33.45M,26.42M,+376%,0.05%
922908363,VOO,VANGUARD INDEX FDS,37820,37820,25.98M,25.98M,NEW,0.04%
83443Q103,SOLS,SOLSTICE ADVANCED MATLS INC,795000,290900,70.44M,25.77M,+57.7%,0.1%
880770102,TER,TERADYNE INC,218100,53200,105.53M,25.74M,+32.3%,0.15%
962166104,WY,WEYERHAEUSER CO,2384781,1073800,57.09M,25.71M,+81.9%,0.08%
14316J108,CG,CARLYLE GROUP INC,744700,608000,31.36M,25.6M,+444.8%,0.04%
767292105,RIOT,RIOT PLATFORMS INC,926749,926749,25.37M,25.37M,NEW,0.03%
52736R102,LEVI,LEVI STRAUSS & CO NEW,1011000,1011000,25.1M,25.1M,NEW,0.03%
205887102,CAG,CONAGRA BRANDS INC,1852381,1852381,24.93M,24.93M,NEW,0.03%
759509102,RS,RELIANCE INC,66252,66252,24.75M,24.75M,NEW,0.03%
00206R102,T,AT&T INC,1190746,1190746,24.65M,24.65M,NEW,0.03%
184496107,CLH,CLEAN HARBORS INC,82202,82202,24.56M,24.56M,NEW,0.03%
861012102,STM,STMICROELECTRONICS N V,332974,332974,24.54M,24.54M,NEW,0.03%
78464A698,KRE,SPDR SERIES TRUST,469373,327473,35.13M,24.51M,+230.8%,0.05%
70975L107,PEN,PENUMBRA INC,79500,77340,25.1M,24.42M,+3580.6%,0.03%
G8473T100,STE,STERIS PLC,115913,115913,24.41M,24.41M,NEW,0.03%
03820C105,AIT,APPLIED INDL TECHNOLOGIES IN,72110,72110,24.38M,24.38M,NEW,0.03%
G9456A100,GLNG,GOLAR LNG LTD,863892,486200,43.06M,24.23M,+128.7%,0.06%
477143101,JBLU,JETBLUE AIRWAYS CORP,6474281,4228081,37.1M,24.23M,+188.2%,0.05%
70614W100,PTON,PELOTON INTERACTIVE INC,4642500,4097600,27.44M,24.22M,+752%,0.04%
97785W106,WOLF,WOLFSPEED INC,498900,498900,24.07M,24.07M,NEW,0.03%
05464T104,AXSM,AXSOME THERAPEUTICS INC.,262000,97700,64.13M,23.91M,+59.5%,0.09%
670703107,NUVL,NUVALENT INC,280900,191900,34.69M,23.7M,+215.6%,0.05%
45826J105,NTLA,INTELLIA THERAPEUTICS INC,1400004,1400004,23.69M,23.69M,NEW,0.03%
84857L101,SR,SPIRE INC,343000,302900,26.78M,23.65M,+755.4%,0.04%
767204100,RIO,RIO TINTO PLC,1214600,248800,115.3M,23.62M,+25.8%,0.16%
682189105,ON,ON SEMICONDUCTOR CORP,248196,248196,23.46M,23.46M,NEW,0.03%
87583X109,TNGX,TANGO THERAPEUTICS INC,748300,748300,23.39M,23.39M,NEW,0.03%
46428Q109,SLV,ISHARES SILVER TR,537900,428762,28.76M,22.93M,+392.9%,0.04%
45167R104,IEX,IDEX CORP,185325,100800,42.06M,22.88M,+119.3%,0.06%
457642205,INOD,INNODATA INC,294300,294300,22.24M,22.24M,NEW,0.03%
25400W102,APPS,DIGITAL TURBINE INC,2003000,1720200,25.84M,22.19M,+608.3%,0.04%
337738108,FISV,FISERV INC,1116727,448500,54.78M,22M,+67.1%,0.08%
83418M103,SEI,SOLARIS ENERGY INFRAS INC,273400,273400,22M,22M,NEW,0.03%
00486H105,ADTN,ADTRAN HOLDINGS INC,1773740,1570841,24.65M,21.83M,+774.2%,0.03%
15135U109,CVE,CENOVUS ENERGY INC,2301494,874200,57.1M,21.69M,+61.2%,0.08%
11135F101,AVGO,BROADCOM INC,849835,56038,321.02M,21.17M,+7.1%,0.44%
921937835,BND,VANGUARD BD INDEX FDS,323400,287700,23.74M,21.12M,+805.9%,0.03%
896239100,TRMB,TRIMBLE INC,1356244,409500,69.41M,20.96M,+43.3%,0.1%
406216101,HAL,HALLIBURTON CO,616095,616095,20.92M,20.92M,NEW,0.03%
05722G100,BKR,BAKER HUGHES COMPANY,1632140,373600,90.58M,20.73M,+29.7%,0.12%
808524201,SCHX,SCHWAB STRATEGIC TR,787200,701900,23.17M,20.66M,+822.9%,0.03%
45258J102,IMVT,IMMUNOVANT INC,726800,534300,28M,20.59M,+277.6%,0.04%
H2906T109,GRMN,GARMIN LTD,142342,86500,33.81M,20.55M,+154.9%,0.05%
44891N208,PPLI,PEOPLE INC,444827,444827,20.53M,20.53M,NEW,0.03%
052800109,ALV,AUTOLIV INC,388400,176600,45.12M,20.52M,+83.4%,0.06%
833635105,SQM,SOCIEDAD QUIMICA Y MINERA DE,779484,277000,57.71M,20.51M,+55.1%,0.08%
42226K105,HR,HEALTHCARE RLTY TR,2561272,1012100,51.66M,20.41M,+65.3%,0.07%
15643U104,LEU,CENTRUS ENERGY CORP,280482,119940,47.08M,20.13M,+74.7%,0.06%
462222100,IONS,IONIS PHARMACEUTICALS INC,559414,253865,44.36M,20.13M,+83.1%,0.06%
494368103,KMB,KIMBERLY-CLARK CORP,1499600,182000,164.61M,19.98M,+13.8%,0.23%
74736K101,QRVO,QORVO INC,758106,213900,70.71M,19.95M,+39.3%,0.1%
962879102,WPM,WHEATON PRECIOUS METALS CORP,174890,174890,19.64M,19.64M,NEW,0.03%
45676K103,INFQ,INFLEQTION INC,1681200,1463900,22.39M,19.5M,+673.7%,0.03%
172755100,CRUS,CIRRUS LOGIC INC,357720,131200,53.13M,19.49M,+57.9%,0.07%
03770N101,APGE,APOGEE THERAPEUTICS INC,146800,146800,19.48M,19.48M,NEW,0.03%
820014405,SBET,SHARPLINK INC,5835400,4022894,28.01M,19.31M,+222%,0.04%
82575P107,SBSW,SIBANYE STILLWATER LTD,4097087,2270183,34.78M,19.27M,+124.3%,0.05%
407497106,HLNE,HAMILTON LANE INC,401431,244000,31.64M,19.23M,+155%,0.04%
554382101,MAC,MACERICH CO,762487,762487,19.21M,19.21M,NEW,0.03%
860630102,SF,STIFEL FINL CORP,374823,274000,26.15M,19.12M,+271.8%,0.04%
78475V103,MWH,SOLV ENERGY INC,560700,560700,19.09M,19.09M,NEW,0.03%
64110D104,NTAP,NETAPP INC,122832,122832,19.01M,19.01M,NEW,0.03%
256746108,DLTR,DOLLAR TREE INC,170403,157103,20.61M,19M,+1181.2%,0.03%
443573100,HUBS,HUBSPOT INC,272300,102560,49.7M,18.72M,+60.4%,0.07%
44916Y106,PURR,HYPERLIQUID STRATEGIES INC,2376200,2376200,18.7M,18.7M,NEW,0.03%
318672706,FBP,FIRST BANCORP CORPORATION,828813,715700,21.61M,18.66M,+632.7%,0.03%
501147102,KRYS,KRYSTAL BIOTECH INC,59680,50080,22.18M,18.61M,+521.7%,0.03%
88322Q108,TGTX,TG THERAPEUTICS INC,679300,338400,37.32M,18.59M,+99.3%,0.05%
02665T306,AMH,AMERICAN HOMES 4 RENT,553129,553129,18.54M,18.54M,NEW,0.03%
064149107,BNS,BANK NOVA SCOTIA B C,212900,212900,18.49M,18.49M,NEW,0.03%
46138G649,QQQM,INVESCO EXCH TRADED FD TR II,61000,61000,18.48M,18.48M,NEW,0.03%
126650100,CVS,CVS HEALTH CORP,441016,177863,45.62M,18.4M,+67.6%,0.06%
573284106,MLM,MARTIN MARIETTA MATLS INC,31894,31894,18.39M,18.39M,NEW,0.03%
75524B104,RBC,RBC BEARINGS INC,28260,28260,18.2M,18.2M,NEW,0.03%
92206C409,VCSH,VANGUARD SCOTTSDALE FDS,229000,229000,18.1M,18.1M,NEW,0.02%
71654V408,PBR,PETROLEO BRASILEIRO S A,8780800,1117600,141.9M,18.06M,+14.6%,0.2%
03743Q108,APA,APA CORPORATION,553657,553657,18.03M,18.03M,NEW,0.02%
44951W106,IESC,IES HOLDINGS INC,106752,24400,78.43M,17.93M,+29.6%,0.11%
53635D202,LQDA,LIQUIDIA CORPORATION,232353,224253,18.53M,17.88M,+2768.6%,0.03%
G0692U109,AXS,AXIS CAP HLDGS LTD,163500,163500,17.57M,17.57M,NEW,0.02%
942749102,WTS,WATTS WATER TECHNOLOGIES INC,179940,44800,70.44M,17.54M,+33.2%,0.1%
01748X102,ALGT,ALLEGIANT TRAVEL CO,240111,149111,28.24M,17.54M,+163.9%,0.04%
09058V103,BCRX,BIOCRYST PHARMACEUTICALS INC,2530290,1753300,25.3M,17.53M,+225.7%,0.03%
18539C204,CWEN,CLEARWAY ENERGY INC,537029,511429,18.36M,17.48M,+1997.8%,0.03%
464287622,IWB,ISHARES TR,42640,42640,17.46M,17.46M,NEW,0.02%
416515104,HIG,HARTFORD INSURANCE GROUP INC,242200,131600,32.1M,17.44M,+119%,0.04%
03852U106,ARMK,ARAMARK,989200,306100,56.29M,17.42M,+44.8%,0.08%
92939U106,WEC,WEC ENERGY GROUP INC,275575,147800,32.18M,17.26M,+115.7%,0.04%
72348N109,PNFP,PINNACLE FINL PARTNERS INC,359800,171000,36.3M,17.25M,+90.6%,0.05%
00217D100,ASTS,AST SPACEMOBILE INC,192600,192600,17.11M,17.11M,NEW,0.02%
25960P109,DEI,DOUGLAS EMMETT INC,1442386,1442386,17.02M,17.02M,NEW,0.02%
146229109,CRI,CARTERS INC,412500,412500,16.98M,16.98M,NEW,0.02%
023608102,AEE,AMEREN CORP,438200,150000,49.53M,16.96M,+52%,0.07%
816300107,SIGI,SELECTIVE INS GROUP INC,286594,174100,27.8M,16.89M,+154.8%,0.04%
125269100,CF,CF INDUSTRIES HOLD,403439,155850,43.68M,16.87M,+62.9%,0.06%
922908553,VNQ,VANGUARD INDEX FDS,174467,174467,16.82M,16.82M,NEW,0.02%
464287226,AGG,ISHARES TR,169699,169699,16.8M,16.8M,NEW,0.02%
642045108,AESI,ATLAS ENERGY SOLUTIONS INC,991100,991100,16.46M,16.46M,NEW,0.02%
09260D107,BX,BLACKSTONE INC,1570300,138900,184.78M,16.34M,+9.7%,0.25%
78464A375,SPIB,SPDR SERIES TRUST,628500,487200,21.03M,16.3M,+344.8%,0.03%
502431109,LHX,L3HARRIS TECHNOLOGIES INC,55980,55980,16.27M,16.27M,NEW,0.02%
31946M103,FCNCA,FIRST CTZNS BANCSHARES INC D,23086,7800,48.04M,16.23M,+51%,0.07%
46817M107,JXN,JACKSON FINANCIAL INC,260300,157800,26.65M,16.16M,+154%,0.04%
920253101,VMI,VALMONT INDS INC,78320,27960,45.24M,16.15M,+55.5%,0.06%
16679L109,CHWY,CHEWY INC,814100,814100,16M,16M,NEW,0.02%
92936U109,WPC,WP CAREY INC,292200,220900,20.89M,15.79M,+309.8%,0.03%
092528603,BINC,BLACKROCK ETF TRUST II,301000,301000,15.75M,15.75M,NEW,0.02%
G01767105,ALKS,ALKERMES PLC,6460928,300500,338.52M,15.74M,+4.9%,0.47%
733174700,BPOP,POPULAR INC,95425,95425,15.67M,15.67M,NEW,0.02%
235851102,DHR,DANAHER CORP DEL,760636,81828,144.89M,15.59M,+12.1%,0.2%
55825T103,MSGS,MADISON SQUARE GRDN SPRT COR,210780,38780,84.7M,15.58M,+22.5%,0.12%
379577208,GMED,GLOBUS MED INC,196918,196918,15.56M,15.56M,NEW,0.02%
86765Q106,SUNC,SUNOCOCORP LLC,721000,229500,48.79M,15.53M,+46.7%,0.07%
69366J200,PTCT,PTC THERAPEUTICS INC,723500,190200,59.02M,15.51M,+35.7%,0.08%
565788106,MARA,MARA HOLDINGS INC,1111938,1111938,15.44M,15.44M,NEW,0.02%
637417106,NNN,NNN REIT INC,441800,329600,20.56M,15.34M,+293.8%,0.03%
023193105,AMBQ,AMBIQ MICRO INC,214756,172156,18.96M,15.2M,+404.1%,0.03%
83417M104,SEDG,SOLAREDGE TECHNOLOGIES INC,736540,259900,43.04M,15.19M,+54.5%,0.06%
78468R622,JNK,SPDR SERIES TRUST,161700,157200,15.58M,15.15M,+3493.3%,0.02%
172573107,CRCL,CIRCLE INTERNET GROUP INC,2033035,241689,127.33M,15.14M,+13.5%,0.18%
410867105,THG,HANOVER INS GROUP INC,70300,70300,15.05M,15.05M,NEW,0.02%
57667L107,MTCH,MATCH GROUP INC NEW,3589054,394686,136.56M,15.02M,+12.4%,0.19%
171484108,CHDN,CHURCHILL DOWNS INC,165250,165250,14.81M,14.81M,NEW,0.02%
058586108,BLDP,BALLARD PWR SYS INC NEW,4344197,3781303,16.9M,14.71M,+671.8%,0.02%
025932104,AFG,AMERICAN FINANCIAL GROUP INC,104200,104200,14.58M,14.58M,NEW,0.02%
03214Q108,AMPX,AMPRIUS TECHNOLOGIES INC,1408925,1049400,19.53M,14.54M,+291.9%,0.03%
278768106,ECHO,ECHOSTAR CORP,140787,140787,14.29M,14.29M,NEW,0.02%
253393102,DKS,DICKS SPORTING GOODS INC,130839,62900,29.68M,14.27M,+92.6%,0.04%
464287200,IVV,ISHARES TR,18980,18980,14.21M,14.21M,NEW,0.02%
929042109,VNO,VORNADO RLTY TR,520999,357500,20.48M,14.05M,+218.7%,0.03%
464287432,TLT,ISHARES TR,161086,161086,13.92M,13.92M,NEW,0.02%
35952H700,FCEL,FUELCELL ENERGY INC,1272500,385900,45.82M,13.9M,+43.5%,0.06%
81369Y803,XLK,SELECT SECTOR SPDR TR,79000,72880,15.05M,13.89M,+1190.8%,0.02%
52490G102,LEGN,LEGEND BIOTECH CORP,1000200,478400,28.89M,13.82M,+91.7%,0.04%
233331107,DTE,DTE ENERGY CO,266300,90000,40.58M,13.71M,+51%,0.06%
11777Q209,BTG,B2GOLD CORP,6331176,3656518,23.68M,13.68M,+136.7%,0.03%
98423F109,XMTR,XOMETRY INC,141500,141500,13.66M,13.66M,NEW,0.02%
00108J109,ACMR,ACM RESH INC,229800,107200,29.16M,13.6M,+87.4%,0.04%
19260Q107,COIN,COINBASE GLOBAL INC,92600,92600,13.54M,13.54M,NEW,0.02%
302081104,EXLS,EXLSERVICE HLDGS INC,1202096,517796,31.09M,13.39M,+75.7%,0.04%
736508847,POR,PORTLAND GEN ELEC CO,295100,254700,15.3M,13.2M,+630.4%,0.02%
90385V107,UCTT,ULTRA CLEAN HLDGS INC,91900,91900,13.1M,13.1M,NEW,0.02%
00760J108,AEHR,AEHR TEST SYS,134500,134500,12.92M,12.92M,NEW,0.02%
053906103,ASM,AVINO SILVER & GOLD MINES LT,2345900,2031000,14.87M,12.88M,+645%,0.02%
009158106,APD,AIR PRODUCTS AND CHEMICALS I,43860,43860,12.86M,12.86M,NEW,0.02%
65487K100,LASR,NLIGHT INC,250400,184700,17.43M,12.86M,+281.1%,0.02%
64119N608,NTSK,NETSKOPE INC,1166000,1166000,12.76M,12.76M,NEW,0.02%
00402L107,ASO,ACADEMY SPORTS & OUTDOORS IN,270589,270589,12.75M,12.75M,NEW,0.02%
315616102,FFIV,F5 INC,30274,30274,12.59M,12.59M,NEW,0.02%
092113109,BKH,BLACK HILLS CORP,247800,168600,18.44M,12.54M,+212.9%,0.03%
29472R108,ELS,EQUITY LIFESTYLE PROPERTIES,194000,194000,12.5M,12.5M,NEW,0.02%
16359R103,CHE,CHEMED CORP NEW,39080,26740,18.2M,12.45M,+216.7%,0.03%
431284108,HIW,HIGHWOODS PPTYS INC,410100,410100,12.37M,12.37M,NEW,0.02%
92846Q107,COCO,VITA COCO CO INC,186000,186000,12.3M,12.3M,NEW,0.02%
918204108,VFC,V F CORP,1734900,735700,28.94M,12.27M,+73.6%,0.04%
313745101,FRT,FEDERAL RLTY INVT TR NEW,113600,99300,14.02M,12.26M,+694.4%,0.02%
512807306,LRCX,LAM RESEARCH CORP,31600,28194,13.69M,12.22M,+827.8%,0.02%
810186106,SMG,SCOTTS MIRACLE-GRO CO,179000,179000,12.19M,12.19M,NEW,0.02%
29445S100,EQPT,EQUIPMENTSHARE COM INC,618500,618500,12.16M,12.16M,NEW,0.02%
34959J108,FTV,FORTIVE CORP,1327400,198800,81.09M,12.14M,+17.6%,0.11%
457187102,INGR,INGREDION INC,140073,127673,13.27M,12.09M,+1029.6%,0.02%
71844V201,PECO,PHILLIPS EDISON & CO INC,681402,288400,28.36M,12M,+73.4%,0.04%
464287176,TIP,ISHARES TR,266800,109296,29.2M,11.96M,+69.4%,0.04%
36237H101,GIII,G III APPAREL GROUP LTD,351403,351403,11.85M,11.85M,NEW,0.02%
48020Q107,JLL,JONES LANG LASALLE INC,98009,38160,30.38M,11.83M,+63.8%,0.04%
754730109,RJF,RAYMOND JAMES FINL INC,77337,77337,11.76M,11.76M,NEW,0.02%
74347M108,PUMP,PROPETRO HLDG CORP,1472100,819700,21.11M,11.75M,+125.6%,0.03%
69343T107,PJT,PJT PARTNERS INC,125000,77300,18.87M,11.67M,+162.1%,0.03%
04626A103,ALAB,ASTERA LABS INC,153400,23999,74.1M,11.59M,+18.5%,0.1%
78464A714,XRT,SPDR SERIES TRUST,131500,131500,11.54M,11.54M,NEW,0.02%
902252105,TYL,TYLER TECHNOLOGIES INC,63040,39440,18.44M,11.53M,+167.1%,0.03%
04302A104,AIP,ARTERIS INC,303876,234476,14.77M,11.39M,+337.9%,0.02%
700517105,PK,PARK HOTELS & RESORTS INC,1162252,793100,16.56M,11.3M,+214.8%,0.02%
141788109,CARG,CARGURUS INC,673827,330100,22.97M,11.25M,+96%,0.03%
42238D107,HTFL,HEARTFLOW INC,382700,382700,11.23M,11.23M,NEW,0.02%
19240Q201,COGT,COGENT BIOSCIENCES INC,996168,289900,38.55M,11.22M,+41%,0.05%
04342Y104,ASAN,ASANA INC,1689539,1595600,11.83M,11.17M,+1698.5%,0.02%
91347P105,OLED,UNIVERSAL DISPLAY CORP,254839,128900,22.07M,11.16M,+102.4%,0.03%
094235108,BLMN,BLOOMIN BRANDS INC,1589300,1219504,14.53M,11.15M,+329.8%,0.02%
05561Q201,BOKF,BOK FINL CORP,80077,80077,11.12M,11.12M,NEW,0.02%
78463V107,GLD,SPDR GOLD TR,113040,29981,41.64M,11.04M,+36.1%,0.06%
35909R108,ULCC,FRONTIER GROUP HLDGS INC,1395600,1395600,11.04M,11.04M,NEW,0.02%
87151X101,SYM,SYMBOTIC INC,960100,245300,43.16M,11.03M,+34.3%,0.06%
413160102,HLIT,HARMONIC INC,1724427,671500,28.16M,10.97M,+63.8%,0.04%
69331C108,PCG,PG&E CORP,646400,646400,10.87M,10.87M,NEW,0.01%
11135E203,BNL,BROADSTONE NET LEASE INC,586100,524200,12.11M,10.84M,+846.8%,0.02%
053807103,AVT,AVNET INC,204100,121900,18.13M,10.83M,+148.3%,0.02%
G96629103,WTW,WILLIS TOWERS WATSON PLC LTD,144640,41240,37.8M,10.78M,+39.9%,0.05%
11120U105,BRX,BRIXMOR PPTY GROUP INC,350500,341100,11.05M,10.75M,+3628.7%,0.02%
126600105,CVBF,CVB FINL CORP,903591,475897,20.38M,10.73M,+111.3%,0.03%
043436104,ABG,ASBURY AUTOMOTIVE GROUP INC,53200,53200,10.7M,10.7M,NEW,0.01%
103304101,BYD,BOYD GAMING CORP,168300,121100,14.87M,10.7M,+256.6%,0.02%
781154109,RBRK,RUBRIK INC.,509189,131700,40.88M,10.57M,+34.9%,0.06%
925550105,VIAV,VIAVI SOLUTIONS INC,328300,218300,15.68M,10.42M,+198.5%,0.02%
07725L102,ONC,BEONE MEDICINES LTD,101980,36524,29.06M,10.41M,+55.8%,0.04%
600544100,MLKN,MILLERKNOLL INC,694383,508200,14.21M,10.4M,+273%,0.02%
92790C104,VRDN,VIRIDIAN THERAPEUTICS INC,768600,565500,14.12M,10.39M,+278.4%,0.02%
29275Y102,ENS,ENERSYS,103800,44400,24.27M,10.38M,+74.7%,0.03%
983793100,XPO,XPO INC,229120,50400,47.04M,10.35M,+28.2%,0.06%
254067101,DDS,DILLARDS INC,161539,19359,85.36M,10.23M,+13.6%,0.12%
339750101,FND,FLOOR & DECOR HLDGS INC,219600,172100,13.04M,10.22M,+362.3%,0.02%
92333F101,VG,VENTURE GLOBAL INC,2964040,917200,32.99M,10.21M,+44.8%,0.05%
441593100,HLI,HOULIHAN LOKEY INC,76000,76000,10.19M,10.19M,NEW,0.01%
136069101,CM,CANADIAN IMPERIAL BANK OF CO,87628,87628,10.08M,10.08M,NEW,0.01%
922967104,MANE,VERADERMICS INC,81852,81852,10.06M,10.06M,NEW,0.01%
44862P208,HYMC,HYCROFT MINING HOLDING CORP,730125,426861,17.08M,9.99M,+140.8%,0.02%
047726302,BATRK,ATLANTA BRAVES HLDGS INC,496829,191788,25.79M,9.95M,+62.9%,0.04%
46641Q647,JMUB,J P MORGAN EXCHANGE TRADED F,224887,196287,11.39M,9.94M,+686.3%,0.02%
832248207,SFD,SMITHFIELD FOODS INC,733300,408800,17.79M,9.92M,+126%,0.02%
67103H107,ORLY,OREILLY AUTOMOTIVE INC,107610,107610,9.91M,9.91M,NEW,0.01%
74347R206,QLD,PROSHARES TR,102000,102000,9.87M,9.87M,NEW,0.01%
517834107,LVS,LAS VEGAS SANDS CORP,1665995,212900,76.95M,9.83M,+14.7%,0.11%
14020Y201,CGMU,CAPITAL GRP FIXED INCM ETF T,378400,356810,10.39M,9.8M,+1652.7%,0.01%
31847R102,FAF,FIRST AMERN FINL CORP,142543,142543,9.78M,9.78M,NEW,0.01%
74164M108,PRI,PRIMERICA INC,86740,33920,24.65M,9.64M,+64.2%,0.03%
26142V105,DKNG,DRAFTKINGS INC NEW,1194115,377300,30.16M,9.53M,+46.2%,0.04%
775133101,ROG,ROGERS CORP,58100,58100,9.51M,9.51M,NEW,0.01%
92203J407,BNDX,VANGUARD CHARLOTTE FDS,252649,195327,12.24M,9.46M,+340.8%,0.02%
279158109,EC,ECOPETROL S A,899400,660400,12.81M,9.4M,+276.3%,0.02%
92242T101,VVX,V2X INC,125500,125500,9.36M,9.36M,NEW,0.01%
833034101,SNA,SNAP ON INC,136180,23160,54.8M,9.32M,+20.5%,0.08%
922042742,VT,VANGUARD INTL EQUITY INDEX F,73700,59200,11.57M,9.29M,+408.3%,0.02%
25461A387,KORU,DIREXION SHARES ETF TRUST,11680,11680,9.13M,9.13M,NEW,0.01%
83089J108,SKYT,SKYWATER TECHNOLOGY INC,260900,260900,9.08M,9.08M,NEW,0.01%
46432F339,QUAL,ISHARES TR,41400,41400,9.08M,9.08M,NEW,0.01%
81369Y860,XLRE,SELECT SECTOR SPDR TR,205200,205200,9.03M,9.03M,NEW,0.01%
29670G102,WTRG,ESSENTIAL UTILS INC,235283,235283,9.01M,9.01M,NEW,0.01%
45256X103,IBRX,IMMUNITYBIO INC,1029399,1029399,9.01M,9.01M,NEW,0.01%
98149E303,GLDM,WORLD GOLD TR,264100,112900,20.97M,8.97M,+74.7%,0.03%
729132100,PLXS,PLEXUS CORP,64693,29800,19.45M,8.96M,+85.4%,0.03%
500643200,KFY,KORN FERRY,192100,134500,12.79M,8.96M,+233.5%,0.02%
464288661,IEI,ISHARES TR,75500,75500,8.87M,8.87M,NEW,0.01%
78464A474,SPSB,SPDR SERIES TRUST,294500,294500,8.84M,8.84M,NEW,0.01%
03937C105,ARCB,ARCBEST CORP,63735,61200,9.15M,8.78M,+2414.2%,0.01%
50212V100,LPLA,LPL FINL HLDGS INC,151660,31120,42.72M,8.77M,+25.8%,0.06%
31488V107,FERG,FERGUSON ENTERPRISES INC,43900,36443,10.42M,8.65M,+488.7%,0.01%
62914V106,NIO,NIO INC,16161048,1708917,81.77M,8.65M,+11.8%,0.11%
68235P108,OGS,ONE GAS INC,110900,110900,8.55M,8.55M,NEW,0.01%
88224Q107,TCBI,TEXAS CAP BANCSHARES INC,191800,82300,19.81M,8.5M,+75.2%,0.03%
78440P306,SKM,SK TELECOM CO LTD,301775,264088,9.71M,8.49M,+700.7%,0.01%
31816X106,FLY,FIREFLY AEROSPACE INC,617700,288400,18.16M,8.48M,+87.6%,0.03%
82982L103,SITE,SITEONE LANDSCAPE SUPPLY INC,74100,74100,8.48M,8.48M,NEW,0.01%
320517105,FHN,FIRST HORIZON CORPORATION,870611,330400,22.32M,8.47M,+61.2%,0.03%
72201R585,PYLD,PIMCO ETF TR,380100,314100,10.08M,8.33M,+475.9%,0.01%
693483109,PKX,POSCO HOLDINGS INC,175900,161989,9.04M,8.32M,+1164.5%,0.01%
703343103,PATK,PATRICK INDS INC,92703,92703,8.32M,8.32M,NEW,0.01%
315948109,FBTC,FIDELITY WISE ORIGIN BITCOIN,216500,161400,11.05M,8.24M,+292.9%,0.02%
29415F104,NVST,ENVISTA HOLDINGS CORPORATION,1520565,312400,40.07M,8.23M,+25.9%,0.06%
375558103,GILD,GILEAD SCIENCES INC,2217376,64848,280.14M,8.19M,+3%,0.39%
78464A755,XME,SPDR SERIES TRUST,121100,76500,12.95M,8.18M,+171.5%,0.02%
92189H409,HYD,VANECK ETF TRUST,188097,157797,9.69M,8.13M,+520.8%,0.01%
92766K403,SPCE,VIRGIN GALACTIC HOLDINGS INC,2808095,2808095,8.12M,8.12M,NEW,0.01%
85472N109,STN,STANTEC INC,195299,117549,13.46M,8.1M,+151.2%,0.02%
82489W107,SHLS,SHOALS TECHNOLOGIES GROUP IN,839000,817300,8.31M,8.09M,+3766.4%,0.01%
063679542,GDXU,BANK MONTREAL MEDIUM,94800,94800,8.08M,8.08M,NEW,0.01%
60786M105,MC,MOELIS & CO,342644,123144,22.42M,8.06M,+56.1%,0.03%
20451W101,CMPS,COMPASS PATHWAYS PLC,1431889,566535,20.26M,8.02M,+65.5%,0.03%
36262G101,GXO,GXO LOGISTICS INCORPORATED,210100,153800,10.65M,7.8M,+273.2%,0.01%
197236102,COLB,COLUMBIA BKG SYS INC,384544,243146,12.32M,7.79M,+172%,0.02%
03945R102,ACHR,ARCHER AVIATION INC,4160486,1646186,19.68M,7.79M,+65.5%,0.03%
893641100,TDG,TRANSDIGM GROUP INC,25620,5840,34.13M,7.78M,+29.5%,0.05%
681116109,OLLI,OLLIES BARGAIN OUTLET HLDGS,101100,101100,7.77M,7.77M,NEW,0.01%
131193104,CALY,CALLAWAY GOLF CO,1338900,413466,25.16M,7.77M,+44.7%,0.03%
04911A107,AUB,ATLANTIC UN BANKSHARES CORP,183102,183102,7.75M,7.75M,NEW,0.01%
55616P104,M,MACYS INC,450864,323700,10.62M,7.62M,+254.6%,0.01%
453038408,IMO,IMPERIAL OIL LTD,69595,67795,7.8M,7.59M,+3766.4%,0.01%
91529Y106,UNM,UNUM GROUP,181400,84900,16.22M,7.59M,+88%,0.02%
349381103,FIGR,FIGURE TECHNOLOGY SOLUTIO,268400,245900,8.24M,7.55M,+1092.9%,0.01%
02209S103,MO,ALTRIA GROUP INC,1781400,104900,128.17M,7.55M,+6.3%,0.18%
46138E628,KBWB,INVESCO EXCH TRADED FD TR II,81040,81040,7.54M,7.54M,NEW,0.01%
464287150,ITOT,ISHARES TR,45800,45800,7.52M,7.52M,NEW,0.01%
852066208,SII,SPROTT INC,166700,65100,18.73M,7.31M,+64.1%,0.03%
12653C108,CNX,CNX RES CORP,678416,215300,23.02M,7.31M,+46.5%,0.03%
724078209,PIPR,PIPER SANDLER COMPANIES,149840,100640,10.84M,7.28M,+204.6%,0.01%
40412C101,HCA,HCA HEALTHCARE INC,18600,18600,7.25M,7.25M,NEW,<.01%
904708104,UNF,UNIFIRST CORP MASS,27420,27420,7.25M,7.25M,NEW,<.01%
07317Q105,BTE,BAYTEX ENERGY CORP,7281900,1810100,29.13M,7.24M,+33.1%,0.04%
G2662B103,CRML,CRITICAL METALS CORP,703599,703599,7.21M,7.21M,NEW,<.01%
G6375R107,NESR,NATIONAL ENERGY SERVICES REU,239139,239139,7.16M,7.16M,NEW,<.01%
866796105,SLF,SUN LIFE FINANCIAL INC.,91035,91035,7.14M,7.14M,NEW,<.01%
61559X104,MLTX,MOONLAKE IMMUNOTHERAPEUTICS,643268,366496,12.52M,7.14M,+132.4%,0.02%
921937827,BSV,VANGUARD BD INDEX FDS,91055,91055,7.09M,7.09M,NEW,<.01%
277432100,EMN,EASTMAN CHEM CO,129840,105100,8.7M,7.04M,+424.8%,0.01%
36317J209,GLXY,GALAXY DIGITAL INC.,674807,256586,18.45M,7.02M,+61.4%,0.03%
393657101,GBX,GREENBRIER COS INC,142800,142800,7M,7M,NEW,<.01%
303250104,FICO,FAIR ISAAC CORP,5720,5720,6.83M,6.83M,NEW,<.01%
127203107,WHD,CACTUS INC,133000,133000,6.81M,6.81M,NEW,<.01%
02005N100,ALLY,ALLY FINL INC,147900,147900,6.8M,6.8M,NEW,<.01%
925652109,VICI,VICI PPTYS INC,796205,255076,21.14M,6.77M,+47.1%,0.03%
91531W106,TIGR,UP FINTECH HLDG LTD,3320500,1538434,14.61M,6.77M,+86.3%,0.02%
84265V105,SCCO,SOUTHERN COPPER CORP,42654,38619,7.43M,6.73M,+957.1%,0.01%
92864M798,ETHU,VOLATILITY SHS TR,589700,589700,6.73M,6.73M,NEW,<.01%
G3398L118,PLGO,PELAGOS INS CAP LTD,301643,274943,7.35M,6.69M,+1029.7%,0.01%
03073E105,COR,CENCORA INC,23620,23620,6.68M,6.68M,NEW,<.01%
90041L105,TPB,TURNING PT BRANDS INC,78745,78745,6.68M,6.68M,NEW,<.01%
92189H607,OIH,VANECK ETF TRUST,28806,17896,10.72M,6.66M,+164%,0.01%
149150104,CATY,CATHAY GEN BANCORP,141571,107300,8.78M,6.65M,+313.1%,0.01%
911163103,UNFI,UNITED NAT FOODS INC,182350,143800,8.33M,6.57M,+373%,0.01%
29357K103,ENVA,ENOVA INTL INC,777294,27200,187.12M,6.55M,+3.6%,0.26%
405024100,HAE,HAEMONETICS CORP MASS,130000,86800,9.75M,6.51M,+200.9%,0.01%
Y95308105,WVE,WAVE LIFE SCIENCES LTD,1704520,1107300,9.9M,6.43M,+185.4%,0.01%
98850P109,YUMC,YUM CHINA HLDGS INC,694900,157200,28.4M,6.42M,+29.2%,0.04%
384802104,GWW,WW GRAINGER INC,23950,4710,32.58M,6.41M,+24.5%,0.04%
74350P659,SPXU,PROSHARES TR,172025,172025,6.38M,6.38M,NEW,<.01%
05350V106,AVNS,AVANOS MED INC,256100,256100,6.37M,6.37M,NEW,<.01%
74347G440,BITO,PROSHARES TR,796502,796502,6.36M,6.36M,NEW,<.01%
46438R105,ETHA,ISHARES ETHEREUM TR,549000,533700,6.53M,6.35M,+3488.2%,<.01%
553530106,MSM,MSC INDL DIRECT INC,52900,52900,6.29M,6.29M,NEW,<.01%
464288588,MBB,ISHARES TR,93988,65988,8.88M,6.24M,+235.7%,0.01%
126408103,CSX,CSX CORP,634800,131200,30.17M,6.24M,+26.1%,0.04%
464288513,HYG,ISHARES TR,171100,77800,13.68M,6.22M,+83.4%,0.02%
78464A508,SPYV,SPDR SERIES TRUST,115100,102200,7M,6.21M,+792.2%,<.01%
46429B267,GOVT,ISHARES TR,402300,272500,9.16M,6.21M,+209.9%,0.01%
90138A103,VNET,VNET GROUP INC,768905,768905,6.18M,6.18M,NEW,<.01%
515098101,LSTR,LANDSTAR SYS INC,110236,29796,22.8M,6.16M,+37%,0.03%
163086101,CHEF,CHEFS WHSE INC,63749,63749,6.13M,6.13M,NEW,<.01%
808524649,SCMB,SCHWAB STRATEGIC TR,276100,236300,7.13M,6.1M,+593.7%,<.01%
38149W630,GPIQ,GOLDMAN SACHS ETF TR,102800,102800,6.1M,6.1M,NEW,<.01%
46641Q159,JPIE,J P MORGAN EXCHANGE TRADED F,132188,132188,6.09M,6.09M,NEW,<.01%
00246W103,AXTI,AXT INC,84300,84300,6.08M,6.08M,NEW,<.01%
398905109,GPI,GROUP 1 AUTOMOTIVE INC,24480,20865,7.13M,6.08M,+577.2%,<.01%
G7S00T104,PNR,PENTAIR PLC,408864,79200,31.34M,6.07M,+24%,0.04%
G5S37H101,MRX,MAREX GROUP PLC,180087,99567,10.98M,6.07M,+123.7%,0.02%
46138E537,PZA,INVESCO EXCH TRADED FD TR II,322300,258000,7.58M,6.07M,+401.2%,0.01%
G6674U108,NVCR,NOVOCURE LTD,1951911,400357,29.57M,6.07M,+25.8%,0.04%
464288281,EMB,ISHARES TR,96200,62700,9.28M,6.05M,+187.2%,0.01%
92206C813,VCLT,VANGUARD SCOTTSDALE FDS,80292,80292,6.04M,6.04M,NEW,<.01%
76134H101,RHLD,RESOLUTE HLDGS MGMT INC,61500,41700,8.89M,6.03M,+210.6%,0.01%
P31076105,CPA,COPA HOLDINGS SA,772928,38500,120.24M,5.99M,+5.2%,0.17%
359616109,FULC,FULCRUM THERAPEUTICS INC,1647800,1634200,6.03M,5.98M,+12016.2%,<.01%
464287408,IVE,ISHARES TR,26320,26320,5.98M,5.98M,NEW,<.01%
00766T100,ACM,AECOM,746877,84600,52.13M,5.91M,+12.8%,0.07%
852312305,STAA,STAAR SURGICAL CO,340400,205200,9.77M,5.89M,+151.8%,0.01%
337932107,FE,FIRSTENERGY CORP,385608,122500,18.33M,5.82M,+46.6%,0.03%
679369108,OLPX,OLAPLEX HLDGS INC,6104200,2836000,12.51M,5.81M,+86.8%,0.02%
M8744T106,TBLA,TABOOLA.COM LTD,3282100,1161300,16.41M,5.81M,+54.8%,0.02%
830830105,SKY,CHAMPION HOMES INC,81000,65600,7.14M,5.78M,+426%,<.01%
294429105,EFX,EQUIFAX INC,36395,36395,5.78M,5.78M,NEW,<.01%
464287689,IWV,ISHARES TR,13520,13520,5.76M,5.76M,NEW,<.01%
70932M107,PFSI,PENNYMAC FINL SVCS INC NEW,66100,66100,5.76M,5.76M,NEW,<.01%
464286392,URTH,ISHARES INC,28200,28200,5.71M,5.71M,NEW,<.01%
505336107,LZB,LA Z BOY INC,365000,141400,14.64M,5.67M,+63.2%,0.02%
680665205,OLN,OLIN CORP,283500,283500,5.62M,5.62M,NEW,<.01%
00827B106,AFRM,AFFIRM HLDGS INC,74800,68900,6.1M,5.62M,+1167.8%,<.01%
78467J100,SSNC,SS&C TECH HLDGS,90100,90100,5.59M,5.59M,NEW,<.01%
00653Q102,AHCO,ADAPTHEALTH CORP,764342,535969,7.96M,5.58M,+234.7%,0.01%
92204A702,VGT,VANGUARD WORLD FD,46309,46309,5.53M,5.53M,NEW,<.01%
60510V108,AVO,MISSION PRODUCE INC,614402,462502,7.24M,5.45M,+304.5%,<.01%
090168105,BLLN,BILLIONTOONE INC,96600,45346,11.59M,5.44M,+88.5%,0.02%
65340P106,NXE,NEXGEN ENERGY LTD,1225500,577500,11.51M,5.42M,+89.1%,0.02%
09263B207,BKSY,BLACKSKY TECHNOLOGY INC,193581,193581,5.4M,5.4M,NEW,<.01%
697947109,PVLA,PALVELLA THERAPEUTICS INC NE,53270,35300,8.14M,5.39M,+196.4%,0.01%
464285204,IAU,ISHARES GOLD TR,195400,71432,14.75M,5.39M,+57.6%,0.02%
45768S105,IOSP,INNOSPEC INC,185000,66100,15.06M,5.38M,+55.6%,0.02%
053484101,AVB,AVALONBAY CMNTYS INC,156214,28400,29.48M,5.36M,+22.2%,0.04%
428103105,HESM,HESS MIDSTREAM LP,497700,142400,18.71M,5.35M,+40.1%,0.03%
92864M301,BITX,VOLATILITY SHS TR,518000,518000,5.35M,5.35M,NEW,<.01%
854231107,SXI,STANDEX INTL CORP,14920,14920,5.34M,5.34M,NEW,<.01%
464288356,CMF,ISHARES TR,111073,92373,6.4M,5.32M,+494%,<.01%
418056107,HAS,HASBRO INC,248700,64400,20.54M,5.32M,+34.9%,0.03%
36828A101,GEV,GE VERNOVA INC,4520,4520,5.31M,5.31M,NEW,<.01%
858927106,STEL,STELLAR BANCORP INC,282786,132800,11.12M,5.22M,+88.5%,0.02%
02215L209,KNTK,KINETIK HOLDINGS INC,106100,106100,5.13M,5.13M,NEW,<.01%
81761L102,SVC,SERVICE PPTYS TR,3136100,3015300,5.3M,5.1M,+2496.1%,<.01%
K08588103,ASND,ASCENDIS PHARMA A/S,119699,19079,31.93M,5.09M,+19%,0.04%
45857P806,IHG,INTERCONTINENTAL HOTELS GROU,89900,29300,15.56M,5.07M,+48.3%,0.02%
85914M107,STEP,STEPSTONE GROUP INC,213300,121800,8.82M,5.04M,+133.1%,0.01%
36170N107,GCTS,GCT SEMICONDUCTOR HLDG INC,1695300,1695300,5.04M,5.04M,NEW,<.01%
80706P103,SRRK,SCHOLAR ROCK HLDG CORP,91500,91500,5.03M,5.03M,NEW,<.01%
316188309,FBND,FIDELITY MERRIMACK STR TR,339700,110600,15.45M,5.03M,+48.3%,0.02%
25460G781,NUGT,DIREXION SHARES ETF TRUST,42444,42444,4.97M,4.97M,NEW,<.01%
70439P108,PAY,PAYMENTUS HOLDINGS INC,288297,205200,6.97M,4.96M,+246.9%,<.01%
773121108,RKLB,ROCKET LAB CORP,48600,48600,4.94M,4.94M,NEW,<.01%
922908637,VV,VANGUARD INDEX FDS,17665,14145,6.08M,4.86M,+401.8%,<.01%
05379B107,AVA,AVISTA CORP,266700,118885,10.91M,4.86M,+80.4%,0.02%
032108649,SILJ,AMPLIFY ETF TR,201555,187321,5.22M,4.86M,+1316%,<.01%
464287481,IWP,ISHARES TR,33029,33029,4.84M,4.84M,NEW,<.01%
92204A504,VHT,VANGUARD WORLD FD,16120,16120,4.82M,4.82M,NEW,<.01%
78433H675,QQQI,NEOS ETF TRUST,84800,84800,4.82M,4.82M,NEW,<.01%
G4388N106,HELE,HELEN OF TROY LTD,204810,165200,5.95M,4.8M,+417.1%,<.01%
420261109,HWKN,HAWKINS INC,33700,33700,4.79M,4.79M,NEW,<.01%
313148306,AGM,FEDERAL AGRIC MTG CORP,24000,24000,4.78M,4.78M,NEW,<.01%
741511109,PSMT,PRICESMART INC,24400,24400,4.77M,4.77M,NEW,<.01%
29765A101,LIFE,ETHOS TECHNOLOGIES INC,342500,262500,6.21M,4.76M,+328.1%,<.01%
87484T108,TALO,TALOS ENERGY INC,709700,365700,9.16M,4.72M,+106.3%,0.01%
034948109,ANGX,ANGEL STUDIOS INC.,1373228,1283609,5.04M,4.71M,+1432.3%,<.01%
443320106,HUBG,HUB GROUP INC,254072,107400,11.13M,4.7M,+73.2%,0.02%
68213N109,OMCL,OMNICELL COM,596243,113200,24.76M,4.7M,+23.4%,0.03%
84472E102,SSB,SOUTHSTATE BK CORP,46959,46959,4.69M,4.69M,NEW,<.01%
378973507,GSAT,GLOBALSTAR INC,79900,57300,6.5M,4.66M,+253.5%,<.01%
01626W101,ALIT,ALIGHT INC,14283805,8264857,8M,4.63M,+137.3%,0.01%
G0772R208,NTB,BANK OF N T BUTTERFIELD & SO,115500,77500,6.87M,4.61M,+203.9%,<.01%
05969A105,TBBK,BANCORP INC DEL,73249,73249,4.59M,4.59M,NEW,<.01%
81642T209,SLS,SELLAS LIFE SCIENCES GROUP I,310364,310364,4.58M,4.58M,NEW,<.01%
867892101,SHO,SUNSTONE HOTEL INVS INC NEW,736096,399100,8.43M,4.57M,+118.4%,0.01%
532257805,LPTH,LIGHTPATH TECHNOLOGIES INC,671737,275815,10.98M,4.51M,+69.7%,0.02%
058498106,BALL,BALL CORP,72000,72000,4.49M,4.49M,NEW,<.01%
67080N101,NUVB,NUVATION BIO INC,1345995,786815,7.65M,4.47M,+140.7%,0.01%
008073108,AVAV,AEROVIRONMENT INC,74996,27020,12.38M,4.46M,+56.3%,0.02%
529043408,LXP,LXP INDUSTRIAL TRUST,242976,82000,13.09M,4.42M,+50.9%,0.02%
05338F306,AVTX,AVALO THERAPEUTICS INC,357200,237086,6.6M,4.38M,+197.4%,<.01%
147528103,CASY,CASEYS GEN STORES INC,5512,5512,4.38M,4.38M,NEW,<.01%
37611X209,DNA,GINKGO BIOWORKS HOLDINGS INC,539856,439400,5.35M,4.35M,+437.4%,<.01%
G52694109,KNSA,KINIKSA PHARMACEUTICALS INTL,68077,68077,4.35M,4.35M,NEW,<.01%
78464A284,HYMB,SPDR SERIES TRUST,197537,170637,5.03M,4.34M,+634.3%,<.01%
453836108,INDB,INDEPENDENT BK CORP MASS,51361,51361,4.3M,4.3M,NEW,<.01%
413197104,HRMY,HARMONY BIOSCIENCES HLDGS IN,1195371,118000,43.52M,4.3M,+11%,0.06%
74762E102,PWR,QUANTA SVCS INC,5959,5959,4.29M,4.29M,NEW,<.01%
22002T108,CDP,COPT DEFENSE PROPERTIES,371752,117852,13.53M,4.29M,+46.4%,0.02%
44980X109,IPGP,IPG PHOTONICS CORP,122200,36500,14.34M,4.28M,+42.6%,0.02%
91702V101,UROY,URANIUM RTY CORP,1713479,1516728,4.76M,4.22M,+770.9%,<.01%
75585H206,REAX,THE REAL BROKERAGE INC,4100213,2303213,7.46M,4.19M,+128.2%,0.01%
78468R721,TFI,SPDR SERIES TRUST,111420,91320,5.1M,4.18M,+454.3%,<.01%
46090F100,PDBC,INVESCO ACTVELY MNGD ETC FD,258900,258900,4.11M,4.11M,NEW,<.01%
46571Y107,IIIV,I3 VERTICALS INC,191275,191275,4.09M,4.09M,NEW,<.01%
464287440,IEF,ISHARES TR,43108,43108,4.08M,4.08M,NEW,<.01%
92206C706,VGIT,VANGUARD SCOTTSDALE FDS,165000,69000,9.73M,4.07M,+71.9%,0.01%
233377407,DXPE,DXP ENTERPRISES INC,69209,24100,11.68M,4.07M,+53.4%,0.02%
46434V613,IUSB,ISHARES TR,87500,87500,4.04M,4.04M,NEW,<.01%
46124J201,IVT,INVENTRUST PPTYS CORP,236044,114044,8.36M,4.04M,+93.5%,0.01%
371901109,GNTX,GENTEX CORP,1668252,158500,42.16M,4.01M,+10.5%,0.06%
59151K108,MEOH,METHANEX CORP,253576,86698,11.7M,4M,+52%,0.02%
222795502,CUZ,COUSINS PPTYS INC,630431,132969,18.9M,3.99M,+26.7%,0.03%
981811102,WOR,WORTHINGTON ENTERPRISES INC,73800,73800,3.97M,3.97M,NEW,<.01%
377322102,GKOS,GLAUKOS CORP,147192,28300,20.57M,3.96M,+23.8%,0.03%
G9572D103,BULL,WEBULL CORP,2135600,600401,13.92M,3.91M,+39.1%,0.02%
06748M196,VXX,BARCLAYS BANK PLC,176903,176903,3.91M,3.91M,NEW,<.01%
485924104,KRMN,KARMAN HLDGS INC,78200,78200,3.9M,3.9M,NEW,<.01%
G2717C106,CWK,CUSHMAN AND WAKEFIELD LTD,788000,290400,10.55M,3.89M,+58.4%,0.01%
37247D106,GNW,GENWORTH FINL INC,1110500,410100,10.52M,3.88M,+58.6%,0.01%
45257U108,IMNM,IMMUNOME INC,251102,182200,5.32M,3.86M,+264.4%,<.01%
808625107,SAIC,SCIENCE APPLICATIONS INTL CO,127350,34900,14.06M,3.85M,+37.8%,0.02%
464288687,PFF,ISHARES TR,125400,125400,3.82M,3.82M,NEW,<.01%
66611T108,NFBK,NORTHFIELD BANCORP INC DEL,1567649,259200,23.09M,3.82M,+19.8%,0.03%
922908538,VOT,VANGUARD INDEX FDS,12385,12385,3.79M,3.79M,NEW,<.01%
74275K108,PCOR,PROCORE TECHNOLOGIES INC,93251,93251,3.79M,3.79M,NEW,<.01%
57060D108,MKTX,MARKETAXESS HLDGS INC,200000,32900,22.7M,3.73M,+19.7%,0.03%
75686R202,RRBI,RED RIVER BANCSHARES INC,45320,40720,4.14M,3.72M,+885.2%,<.01%
72201R866,MUNI,PIMCO ETF TR,100890,70439,5.31M,3.71M,+231.3%,<.01%
14021D107,CGBL,CAPITAL GROUP CORE BALANCED,97000,97000,3.68M,3.68M,NEW,<.01%
63001N106,NATL,NCR ATLEOS CORPORATION,166300,84800,7.22M,3.68M,+104%,<.01%
36120Q101,FVCB,FVCBANKCORP INC,326525,210050,5.71M,3.68M,+180.3%,<.01%
03062D803,USAS,AMERICAS GOLD AND SILVER COR,1822600,775100,8.6M,3.66M,+74%,0.01%
353514102,FELE,FRANKLIN ELEC INC,60500,33600,6.48M,3.6M,+124.9%,<.01%
165303108,CPK,CHESAPEAKE UTILS CORP,39050,29400,4.78M,3.6M,+304.7%,<.01%
22890A302,ORBS,EIGHTCO HOLDINGS INC,5746874,5141172,4M,3.58M,+848.8%,<.01%
808524706,SCHE,SCHWAB STRATEGIC TR,144574,98374,5.24M,3.57M,+212.9%,<.01%
374163103,GERN,GERON CORP,4579000,2779479,5.86M,3.56M,+154.5%,<.01%
019770106,ALLO,ALLOGENE THERAPEUTICS INC,3834312,1694984,7.98M,3.53M,+79.2%,0.01%
500688106,KOS,KOSMOS ENERGY LTD,7008668,1669030,14.79M,3.52M,+31.3%,0.02%
032332504,ASYS,AMTECH SYS INC,260605,152509,6.01M,3.52M,+141.1%,<.01%
505743104,LADR,LADDER CAP CORP,423459,351518,4.21M,3.5M,+488.6%,<.01%
74347R107,SSO,PROSHARES TR,51855,51855,3.49M,3.49M,NEW,<.01%
949746101,WFC,WELLS FARGO & CO,75567,42165,6.24M,3.48M,+126.2%,<.01%
31620R303,FNF,FIDELITY NATL FINL INC,250109,73700,11.8M,3.48M,+41.8%,0.02%
03675P102,AVR,ANTERIS TECHNOLOGIES GLOBAL,352500,352500,3.47M,3.47M,NEW,<.01%
88557W101,QFIN,QFIN HOLDINGS INC,609352,219609,9.63M,3.47M,+56.3%,0.01%
78464A797,KBE,SPDR SERIES TRUST,85854,50754,5.86M,3.46M,+144.6%,<.01%
74017N105,PGEN,PRECIGEN INC,605300,605300,3.45M,3.45M,NEW,<.01%
39854F101,GRND,GRINDR INC,256100,239364,3.68M,3.44M,+1430.2%,<.01%
464287309,IVW,ISHARES TR,25000,25000,3.44M,3.44M,NEW,<.01%
444859102,HUM,HUMANA INC,8600,8600,3.42M,3.42M,NEW,<.01%
57142B104,MQ,MARQETA INC,12419532,839244,50.42M,3.41M,+7.2%,0.07%
86384P109,STUB,STUBHUB HLDGS INC,262900,262900,3.38M,3.38M,NEW,<.01%
45769N105,IA,INNOVATIVE SOLUTIONS & SUPPO,490155,187262,8.82M,3.37M,+61.8%,0.01%
92552V100,VSAT,VIASAT INC,37329,37329,3.35M,3.35M,NEW,<.01%
35137L204,FOX,FOX CORP,71300,71300,3.34M,3.34M,NEW,<.01%
88162F105,TTI,TETRA TECHNOLOGIES INC DEL,293525,293525,3.33M,3.33M,NEW,<.01%
29530P102,ERIE,ERIE INDTY CO,31991,13860,7.67M,3.32M,+76.4%,0.01%
826165201,SIDU,SIDUS SPACE INC,1172428,1172428,3.29M,3.29M,NEW,<.01%
04124A100,APC,ARKO PETE CORP,174500,174500,3.29M,3.29M,NEW,<.01%
675234108,OCFC,OCEANFIRST FINL CORP,475056,167700,9.28M,3.28M,+54.6%,0.01%
46436F103,IAUM,ISHARES GOLD TRUST MICRO,81791,81791,3.27M,3.27M,NEW,<.01%
43785V102,MCHB,MECHANICS BANCORP,418892,205418,6.66M,3.27M,+96.2%,<.01%
46137V233,XLG,INVESCO EXCHANGE TRADED FD T,53300,53300,3.26M,3.26M,NEW,<.01%
G51502105,JCI,JOHNSON CONTROLS INTERNATION,525544,22130,76.79M,3.23M,+4.4%,0.11%
252131107,DXCM,DEXCOM INC,1630796,47800,109.83M,3.22M,+3%,0.15%
091947101,BTGO,BITGO HOLDINGS INC,619735,619735,3.21M,3.21M,NEW,<.01%
64428N109,NUAI,NEW ERA ENERGY & DIGITAL INC,498400,498400,3.18M,3.18M,NEW,<.01%
G8192H106,SPNT,SIRIUSPOINT LTD,150087,132487,3.6M,3.18M,+752.8%,<.01%
67011P100,DNOW,DNOW INC,4697825,239800,60.93M,3.11M,+5.4%,0.08%
203937107,CWBC,COMMUNITY WEST BANCSHARES NE,259325,115617,6.97M,3.11M,+80.5%,<.01%
88822Q103,TIPT,TIPTREE INC,172600,172600,3.09M,3.09M,NEW,<.01%
011311107,ALG,ALAMO GROUP INC,35200,18800,5.79M,3.09M,+114.6%,<.01%
01021M104,AKTS,AKTIS ONCOLOGY INC,95400,95400,3.07M,3.07M,NEW,<.01%
464288521,USRT,ISHARES TR,46219,46219,3.07M,3.07M,NEW,<.01%
124411109,BY,BYLINE BANCORP INC,80600,80600,3.04M,3.04M,NEW,<.01%
826599102,SGML,SIGMA LITHIUM CORPORATION,239700,239700,3.03M,3.03M,NEW,<.01%
464287556,IBB,ISHARES TR,22100,15900,4.2M,3.02M,+256.5%,<.01%
530909308,LLYVK,LIBERTY LIVE HOLDINGS INC,28600,28600,3.02M,3.02M,NEW,<.01%
46138G706,TAN,INVESCO EXCH TRADED FD TR II,50955,50955,3.01M,3.01M,NEW,<.01%
152006102,CGAU,CENTERRA GOLD INC,1101900,189662,17.48M,3.01M,+20.8%,0.02%
46578C108,IE,IVANHOE ELECTRIC INC,672200,313000,6.46M,3.01M,+87.1%,<.01%
91917A207,WGMI,VALKYRIE ETF TRUST II,47544,47544,3M,3M,NEW,<.01%
92645B103,VCTR,VICTORY CAP HLDGS INC DEL,35600,35600,2.99M,2.99M,NEW,<.01%
46435G425,ESGU,ISHARES TR,18200,18200,2.98M,2.98M,NEW,<.01%
525558201,LMAT,LEMAITRE VASCULAR INC,169502,31000,16.27M,2.97M,+22.4%,0.02%
87241L109,TFII,TFI INTERNATIONAL INC,97200,20700,13.96M,2.97M,+27.1%,0.02%
55933J203,MX,MAGNACHIP SEMICONDUCTOR CORP,661600,626100,3.13M,2.96M,+1763.7%,<.01%
808524847,SCHH,SCHWAB STRATEGIC TR,124900,124900,2.96M,2.96M,NEW,<.01%
69047Q102,OVV,OVINTIV INC,154628,55900,8.14M,2.94M,+56.6%,0.01%
31154R109,FPI,FARMLAND PARTNERS INC,390400,304000,3.78M,2.94M,+351.9%,<.01%
M84116108,SILC,SILICOM LTD,86800,61363,4.16M,2.94M,+241.2%,<.01%
08986R309,BH,BIGLARI HLDGS INC,28627,6885,12.2M,2.93M,+31.7%,0.02%
G9087Q102,TROX,TRONOX HOLDINGS PLC,678700,463600,4.28M,2.92M,+215.5%,<.01%
46137V464,XMMO,INVESCO EXCHANGE TRADED FD T,22352,17152,3.8M,2.92M,+329.8%,<.01%
25434V823,DFAR,DIMENSIONAL ETF TRUST,110900,110900,2.9M,2.9M,NEW,<.01%
32076V103,AG,FIRST MAJESTIC SILVER CORP,3092824,171032,52.45M,2.9M,+5.9%,0.07%
989701107,ZION,ZIONS BANCORPORATION NATL AS,272295,41800,18.84M,2.89M,+18.1%,0.03%
08160H101,BHE,BENCHMARK ELECTRS INC,29273,29273,2.89M,2.89M,NEW,<.01%
38747R751,AMDL,GRANITESHARES ETF TR,34900,34900,2.89M,2.89M,NEW,<.01%
25460G831,JNUG,DIREXION SHARES ETF TRUST,23900,23900,2.89M,2.89M,NEW,<.01%
G9600F104,VGNT,VERSIGENT PLC,68500,68500,2.88M,2.88M,NEW,<.01%
29382R107,EVC,ENTRAVISION COMMUNICATIONS C,2440813,220257,31.83M,2.87M,+9.9%,0.04%
045487105,ASB,ASSOCIATED BANC-CORP,256731,93099,7.9M,2.86M,+56.9%,0.01%
311900104,FAST,FASTENAL CO,59176,59176,2.84M,2.84M,NEW,<.01%
739128106,POWL,POWELL INDS INC,114002,9920,32.65M,2.84M,+9.5%,0.04%
29667J101,ESQ,ESQUIRE FINL HLDGS INC,79600,23600,9.48M,2.81M,+42.1%,0.01%
928881101,VNT,VONTIER CORPORATION,232300,96771,6.74M,2.81M,+71.4%,<.01%
861025104,SYBT,STOCK YDS BANCORP INC,44150,36539,3.38M,2.79M,+480.1%,<.01%
740444104,PLPC,PREFORMED LINE PRODS CO,36460,6802,14.97M,2.79M,+22.9%,0.02%
36315X101,LKFT,LAKEFRONT BIOTHERAPEUTICS NV,407800,92400,12.23M,2.77M,+29.3%,0.02%
00165C302,AMC,AMC ENTMT HLDGS INC,9274623,1453200,17.62M,2.76M,+18.6%,0.02%
198516106,COLM,COLUMBIA SPORTSWEAR CO,163402,44600,10.1M,2.76M,+37.5%,0.01%
057665200,BCPC,BALCHEM CORP,193300,16300,32.66M,2.75M,+9.2%,0.04%
38526M106,LOPE,GRAND CANYON ED INC,234002,18900,33.49M,2.7M,+8.8%,0.05%
76680V108,REI,RING ENERGY INC,4117089,2496839,4.45M,2.7M,+154.1%,<.01%
68247W109,OSS,ONE STOP SYS INC,407860,147900,7.41M,2.69M,+56.9%,0.01%
36467W109,GME,GAMESTOP CORP,2772048,121745,61.21M,2.69M,+4.6%,0.08%
530307305,LBRDK,LIBERTY BROADBAND CORP,80275,80275,2.67M,2.67M,NEW,<.01%
92206C730,VONE,VANGUARD SCOTTSDALE FDS,7840,7840,2.66M,2.66M,NEW,<.01%
30049H102,EVLV,EVOLV TECHNOLOGIES HLDNGS IN,457500,457500,2.65M,2.65M,NEW,<.01%
713317105,PEPG,PEPGEN INC,1520246,1463446,2.74M,2.63M,+2576.5%,<.01%
938824109,WAFD,WAFD INC,80229,68600,3.08M,2.63M,+589.9%,<.01%
903002103,UMH,UMH PPTYS INC,172867,172867,2.62M,2.62M,NEW,<.01%
156727109,CRNC,CERENCE INC,262568,230700,2.97M,2.61M,+723.9%,<.01%
46435G672,IAGG,ISHARES TR,110296,51596,5.58M,2.61M,+87.9%,<.01%
149568107,CVCO,CAVCO INDS INC DEL,42169,4240,25.91M,2.6M,+11.2%,0.04%
92764N102,VIR,VIR BIOTECHNOLOGY INC,1016864,255500,10.36M,2.6M,+33.6%,0.01%
008252108,AMG,AFFILIATED MANAGERS GROUP,117440,7690,39.74M,2.6M,+7%,0.05%
M96088105,URGN,UROGEN PHARMA LTD,70300,70300,2.59M,2.59M,NEW,<.01%
83056P715,SKE,SKEENA RES LTD NEW,96200,96200,2.56M,2.56M,NEW,<.01%
750102105,RXT,RACKSPACE TECHNOLOGY INC,2429758,388158,15.87M,2.53M,+19%,0.02%
G16910120,BLSH,BULLISH,264833,108000,6.21M,2.53M,+68.9%,<.01%
74349Y829,QID,PROSHARES TR,186600,186600,2.53M,2.53M,NEW,<.01%
38149W622,GPIX,GOLDMAN SACHS ETF TR,70800,45300,3.93M,2.52M,+177.6%,<.01%
68236X100,STLN,THE ONCOLOGY INSTITUTE INC,1365913,463104,7.42M,2.51M,+51.3%,0.01%
G6359F137,NBR,NABORS INDUSTRIES LTD,46725,29925,3.93M,2.51M,+178.1%,<.01%
78433H303,SPYI,NEOS ETF TRUST,47200,47200,2.51M,2.51M,NEW,<.01%
G61188127,LBTYK,LIBERTY GLOBAL LTD,2315315,227715,25.47M,2.5M,+10.9%,0.04%
87724P106,TMHC,TAYLOR MORRISON HOME CORP,34753,34753,2.49M,2.49M,NEW,<.01%
82835P103,SVM,SILVERCORP METALS INC,3057400,245004,30.88M,2.47M,+8.7%,0.04%
25434V799,DFIC,DIMENSIONAL ETF TRUST,74600,66000,2.78M,2.46M,+767.4%,<.01%
29605J106,ESAB,ESAB CORPORATION,155900,24813,15.38M,2.45M,+18.9%,0.02%
090040106,BILI,BILIBILI INC,650435,143100,11.08M,2.44M,+28.2%,0.02%
879369106,TFX,TELEFLEX INCORPORATED,75700,19000,9.6M,2.41M,+33.5%,0.01%
27616P301,DEA,EASTERLY GOVT PPTYS INC,168766,95300,4.21M,2.38M,+129.7%,<.01%
088786108,BCYC,BICYCLE THERAPEUTICS PLC,1533400,554100,6.5M,2.35M,+56.6%,<.01%
09290C103,DYNF,BLACKROCK ETF TRUST,34500,34500,2.35M,2.35M,NEW,<.01%
267475101,DY,DYCOM INDS INC,40880,4640,20.67M,2.35M,+12.8%,0.03%
46434G822,EWJ,ISHARES INC,25131,25131,2.34M,2.34M,NEW,<.01%
464287549,IGM,ISHARES TR,14318,14318,2.34M,2.34M,NEW,<.01%
09075A108,BVS,BIOVENTUS INC,736000,246540,6.95M,2.33M,+50.4%,<.01%
374689107,ROCK,GIBRALTAR INDS INC,66668,51168,3.01M,2.31M,+330.1%,<.01%
853606101,SLI,STANDARD LITHIUM CORP,992800,836786,2.73M,2.3M,+536.4%,<.01%
G4095J109,GLRE,GREENLIGHT CAP RE LTD,219230,141580,3.55M,2.29M,+182.3%,<.01%
G31249108,ESTA,ESTABLISHMENT LABS HLDGS INC,82300,26500,7.06M,2.27M,+47.5%,<.01%
062540109,BOH,BANK HAWAII CORP,135500,27900,11.04M,2.27M,+25.9%,0.02%
381430503,GSLC,GOLDMAN SACHS ETF TR,16000,16000,2.27M,2.27M,NEW,<.01%
74837P405,QUIK,QUICKLOGIC CORP,113500,113500,2.27M,2.27M,NEW,<.01%
74348A467,NOBL,PROSHARES TR,40300,40300,2.26M,2.26M,NEW,<.01%
753422104,RPD,RAPID7 INC,427096,277900,3.46M,2.25M,+186.3%,<.01%
808524102,SCHB,SCHWAB STRATEGIC TR,77200,77200,2.24M,2.24M,NEW,<.01%
500631106,KEP,KOREA ELEC PWR CORP,184600,184600,2.23M,2.23M,NEW,<.01%
29358P101,ENSG,ENSIGN GROUP INC,35300,13900,5.66M,2.23M,+65%,<.01%
70339W104,PTRN,PATTERN GROUP INC,105851,88300,2.67M,2.22M,+503.1%,<.01%
74623V103,PCT,PURECYCLE TECHNOLOGIES INC,419100,273300,3.4M,2.22M,+187.4%,<.01%
32020R109,FFIN,FIRST FINL BANKSHARES INC,156208,63400,5.4M,2.19M,+68.3%,<.01%
78464A854,SPYM,SPDR SERIES TRUST,169691,24891,14.91M,2.19M,+17.2%,0.02%
86881A100,SGRY,SURGERY PARTNERS INC,130100,130100,2.19M,2.19M,NEW,<.01%
842873101,SFST,SOUTHERN FIRST BANCSHARES,186307,35700,11.38M,2.18M,+23.7%,0.02%
15687V109,CERT,CERTARA INC,684700,330200,4.48M,2.16M,+93.1%,<.01%
92921W300,VUZI,VUZIX CORP,742199,742199,2.15M,2.15M,NEW,<.01%
35905A109,FTDR,FRONTDOOR INC,1877487,27700,145.67M,2.15M,+1.5%,0.2%
16935C109,CHYM,CHIME FINL INC,923600,104900,18.92M,2.15M,+12.8%,0.03%
38071H106,GROY,GOLD ROYALTY CORP,2791973,775148,7.71M,2.14M,+38.4%,0.01%
56600D107,MRVI,MARAVAI LIFESCIENCES HLDGS I,4606491,341802,28.74M,2.13M,+8%,0.04%
130788102,CWT,CALIFORNIA WTR SVC GROUP,144200,43800,7.02M,2.13M,+43.6%,<.01%
29786A106,ETSY,ETSY INC,5990442,28232,451.26M,2.13M,+0.5%,0.62%
25862B109,DDI,DOUBLEDOWN INTERACTIVE CO LT,256694,183438,2.95M,2.11M,+250.4%,<.01%
142152107,CAI,CARIS LIFE SCIENCES INC,568000,118100,10.12M,2.1M,+26.3%,0.01%
389930207,BTC,GRAYSCALE BITCOIN MINI TR ET,122160,81000,3.17M,2.1M,+196.8%,<.01%
09681N106,BOBS,BOBS DISC FURNITURE INC,131159,131159,2.07M,2.07M,NEW,<.01%
921937819,BIV,VANGUARD BD INDEX FDS,40542,27042,3.11M,2.07M,+200.3%,<.01%
37954Y673,PAVE,GLOBAL X FDS,53400,35200,3.15M,2.07M,+193.4%,<.01%
033853102,ANDG,ANDERSEN GROUP INC,116700,54700,4.4M,2.06M,+88.2%,<.01%
464288810,IHI,ISHARES TR,41500,41500,2.05M,2.05M,NEW,<.01%
78468R788,SPYD,SPDR SERIES TRUST,42500,42500,2.03M,2.03M,NEW,<.01%
921910873,MGC,VANGUARD WORLD FD,7400,7400,2.02M,2.02M,NEW,<.01%
G7500M104,RNW,RENEW ENERGY GLOBAL PLC,616600,313800,3.85M,1.96M,+103.6%,<.01%
886885102,TLYS,TILLYS INC,1312712,463398,5.51M,1.95M,+54.6%,<.01%
706915105,PENG,PENGUIN SOLUTIONS INC,25500,25500,1.94M,1.94M,NEW,<.01%
37954Y848,SIL,GLOBAL X FDS,25000,25000,1.94M,1.94M,NEW,<.01%
268603107,LOCO,EL POLLO LOCO HLDGS INC,418400,112200,7.1M,1.9M,+36.6%,<.01%
G3265R107,APTV,APTIV PLC,107900,30900,6.62M,1.9M,+40.1%,<.01%
969457100,WMB,WILLIAMS COS INC,25485,25485,1.89M,1.89M,NEW,<.01%
78464A607,RWR,SPDR SERIES TRUST,16602,16602,1.88M,1.88M,NEW,<.01%
667340103,NWBI,NORTHWEST BANCSHARES INC,222368,123148,3.37M,1.87M,+124.1%,<.01%
922908595,VBK,VANGUARD INDEX FDS,6760,5080,2.47M,1.86M,+302.4%,<.01%
49714P108,KNSL,KINSALE CAP GROUP INC,5600,5600,1.85M,1.85M,NEW,<.01%
314211103,FHI,FEDERATED HERMES INC,329300,33200,18.18M,1.83M,+11.2%,0.03%
489170100,KMT,KENNAMETAL INC,52200,52200,1.83M,1.83M,NEW,<.01%
23703Q203,DQ,DAQO NEW ENERGY CORP,290924,136503,3.9M,1.83M,+88.4%,<.01%
46434V647,REET,ISHARES TR,65800,65800,1.82M,1.82M,NEW,<.01%
04638F108,ALOT,ASTRONOVA INC,177440,63500,5.05M,1.81M,+55.7%,<.01%
350060109,FSTR,FOSTER L B CO,356350,39968,16.1M,1.81M,+12.6%,0.02%
464288638,IGIB,ISHARES TR,33800,33800,1.8M,1.8M,NEW,<.01%
33739Q200,LMBS,FIRST TR EXCHANGE-TRADED FD,36000,36000,1.79M,1.79M,NEW,<.01%
46435G102,ICVT,ISHARES TR,14700,14700,1.79M,1.79M,NEW,<.01%
04335A105,ARVN,ARVINAS INC,215345,215345,1.79M,1.79M,NEW,<.01%
09739D100,BCC,BOISE CASCADE CO DEL,263549,23000,20.46M,1.79M,+9.6%,0.03%
610236101,MNRO,MONRO INC,103679,103679,1.77M,1.77M,NEW,<.01%
25461H564,TSLS,DIREXION SHARES ETF TRUST,34600,34600,1.77M,1.77M,NEW,<.01%
319835104,FCCO,FIRST CMNTY CORP S C,179436,54108,5.86M,1.77M,+43.2%,<.01%
808524722,SCHK,SCHWAB STRATEGIC TR,49000,49000,1.77M,1.77M,NEW,<.01%
81725T100,SXT,SENSIENT TECHNOLOGIES CORP,58300,14200,7.19M,1.75M,+32.2%,<.01%
26210V102,DRVN,DRIVEN BRANDS HLDGS INC,125100,125100,1.74M,1.74M,NEW,<.01%
04523Y105,ASPN,ASPEN AEROGELS INC,274392,274392,1.74M,1.74M,NEW,<.01%
30779N105,FMAO,FARMERS & MERCHANTS BANCORP,56881,56881,1.74M,1.74M,NEW,<.01%
03843E104,AQST,AQUESTIVE THERAPEUTICS INC,416248,416248,1.73M,1.73M,NEW,<.01%
891092108,TTC,TORO CO,1028000,17700,100.15M,1.72M,+1.8%,0.14%
38341P102,GOSS,GOSSAMER BIO INC,11629896,10412028,1.91M,1.71M,+854.9%,<.01%
53228F101,LFST,LIFESTANCE HEALTH GROUP INC,960010,159510,10.28M,1.71M,+19.9%,0.01%
65341B106,XIFR,XPLR INFRASTRUCTURE LP,441379,144379,5.21M,1.71M,+48.6%,<.01%
88636W197,ORCX,TIDAL TRUST II,73292,73292,1.7M,1.7M,NEW,<.01%
747906600,QMCO,QUANTUM CORP,154516,154516,1.7M,1.7M,NEW,<.01%
921946885,VWOB,VANGUARD WHITEHALL FDS,25260,25260,1.7M,1.7M,NEW,<.01%
93627C101,HCC,WARRIOR MET COAL INC,831681,20900,67.5M,1.7M,+2.6%,0.09%
86989Y109,SWMR,SWARMER INC,38000,38000,1.68M,1.68M,NEW,<.01%
14167L103,CDNA,CAREDX INC,1242959,58561,35.42M,1.67M,+4.9%,0.05%
78464A631,XAR,SPDR SERIES TRUST,7480,5880,2.12M,1.67M,+367.5%,<.01%
00461U105,ACRS,ACLARIS THERAPEUTICS INC,817531,314900,4.32M,1.67M,+62.7%,<.01%
902681105,UGI,UGI CORP NEW,408983,48200,14.13M,1.66M,+13.4%,0.02%
95805V108,WRN,WESTERN COPPER & GOLD CORP,1062300,742700,2.38M,1.66M,+232.4%,<.01%
410120109,HWC,HANCOCK WHITNEY CORPORATION,22173,22173,1.66M,1.66M,NEW,<.01%
09174C104,BITB,BITWISE BITCOIN ETF TR,51990,51990,1.66M,1.66M,NEW,<.01%
29269R105,EFXT,ENERFLEX LTD,279561,67361,6.85M,1.65M,+31.7%,<.01%
464287192,IYT,ISHARES TR,33800,19000,2.93M,1.65M,+128.4%,<.01%
46137V134,PBW,INVESCO EXCHANGE TRADED FD T,42087,42087,1.64M,1.64M,NEW,<.01%
25434V401,DFUS,DIMENSIONAL ETF TRUST,20000,20000,1.64M,1.64M,NEW,<.01%
277461406,KODK,EASTMAN KODAK CO,204645,177055,1.89M,1.64M,+641.7%,<.01%
205306103,TBRG,TRUBRIDGE INC,61976,61976,1.62M,1.62M,NEW,<.01%
099502106,BAH,BOOZ ALLEN HAMILTON HLDG COR,26694,26694,1.62M,1.62M,NEW,<.01%
741623102,PRMB,PRIMO BRANDS CORPORATION,66200,66200,1.62M,1.62M,NEW,<.01%
46432F842,IEFA,ISHARES TR,16700,16700,1.61M,1.61M,NEW,<.01%
83192D402,SMA,SMARTSTOP SELF STORAG REIT I,49600,49600,1.61M,1.61M,NEW,<.01%
343412102,FLR,FLUOR CORP,220400,30500,11.55M,1.6M,+16.1%,0.02%
205768302,CRK,COMSTOCK RES INC,238700,106800,3.56M,1.59M,+81%,<.01%
47805L101,JMSB,JOHN MARSHALL BANCORP INC,103700,72100,2.26M,1.57M,+228.2%,<.01%
135086106,GOOS,CANADA GOOSE HLDGS INC,163046,163046,1.55M,1.55M,NEW,<.01%
872657101,TPG,TPG INC,577000,38200,23.4M,1.55M,+7.1%,0.03%
05369T100,AVBC,AVIDIA BANCORP INC,116812,73512,2.45M,1.54M,+169.8%,<.01%
342909108,FLOC,FLOWCO HLDGS INC,467815,71815,9.98M,1.53M,+18.1%,0.01%
228903100,AORT,ARTIVION INC,67827,67827,1.52M,1.52M,NEW,<.01%
12135Y108,BHRB,BURKE HERBERT FINL SVCS CORP,20965,20965,1.51M,1.51M,NEW,<.01%
108621103,BWB,BRIDGEWATER BANCSHARES INC,385947,71600,8.12M,1.51M,+22.8%,0.01%
689648103,OTTR,OTTER TAIL CORP,23310,16700,2.1M,1.5M,+252.6%,<.01%
26923Q564,BMNU,ETF OPPORTUNITIES TRUST,2244900,2244900,1.5M,1.5M,NEW,<.01%
629337106,NNBR,NN INC,966000,416960,3.47M,1.5M,+75.9%,<.01%
778920306,SHAZ,SHARONAI HOLDINGS INC,17654,17654,1.49M,1.49M,NEW,<.01%
26942G100,EBMT,EAGLE BANCORP MONT INC,131331,62321,3.14M,1.49M,+90.3%,<.01%
50186V102,LPL,LG DISPLAY CO LTD,559181,382781,2.18M,1.49M,+217%,<.01%
G0378L100,AU,ANGLOGOLD ASHANTI PLC,574588,18388,46.48M,1.49M,+3.3%,0.06%
100557107,SAM,BOSTON BEER INC,102179,8400,18.09M,1.49M,+9%,0.02%
009422106,AIRO,AIRO GROUP HLDGS INC,201091,201091,1.49M,1.49M,NEW,<.01%
Y4600W108,KARO,KAROOOOO LTD,57987,30000,2.86M,1.48M,+107.2%,<.01%
33739E108,FPE,FIRST TR EXCH TRADED FD III,82694,82694,1.48M,1.48M,NEW,<.01%
808524870,SCHP,SCHWAB STRATEGIC TR,530600,55700,14.06M,1.48M,+11.7%,0.02%
83671M105,SOBO,SOUTH BOW CORP,76680,41800,2.7M,1.47M,+119.8%,<.01%
G96115103,WYFI,WHITEFIBER INC,37900,37900,1.47M,1.47M,NEW,<.01%
55405W104,MYRG,MYR GROUP INC,69240,2940,34.65M,1.47M,+4.4%,0.05%
860897107,SFIX,STITCH FIX INC,6003658,357800,24.68M,1.47M,+6.3%,0.03%
G27907107,DOLE,DOLE PLC,860793,107019,11.81M,1.47M,+14.2%,0.02%
25461A445,PLTU,DIREXION SHARES ETF TRUST,72968,57644,1.84M,1.45M,+376.2%,<.01%
055298103,BCBP,BCB BANCORP INC,480594,135400,5.15M,1.45M,+39.2%,<.01%
164024101,CHMG,CHEMUNG FINL CORP,60679,19457,4.53M,1.45M,+47.2%,<.01%
31447P100,FENC,FENNEC PHARMACEUTICALS INC,134200,134200,1.44M,1.44M,NEW,<.01%
04316A108,APAM,ARTISAN PARTNERS ASSET MGMT,325748,41400,11.25M,1.43M,+14.6%,0.02%
729273102,PLBC,PLUMAS BANCORP,31100,24457,1.82M,1.43M,+368.2%,<.01%
88554D205,DDD,3D SYS CORP DEL,1632334,472784,4.93M,1.43M,+40.8%,<.01%
48662X105,KBDC,KAYNE ANDERSON BDC INC,250829,105507,3.39M,1.43M,+72.6%,<.01%
292104106,ESRT,EMPIRE ST RLTY TR INC,626100,262400,3.39M,1.42M,+72.1%,<.01%
64828T201,RITM,RITHM CAPITAL CORP,150805,150805,1.42M,1.42M,NEW,<.01%
70509V100,PEB,PEBBLEBROOK HOTEL TR,72800,72800,1.41M,1.41M,NEW,<.01%
22266M104,COUR,COURSERA INC,1635488,250295,9.22M,1.41M,+18.1%,0.01%
227046109,CROX,CROCS INC,11700,11700,1.41M,1.41M,NEW,<.01%
206704108,BBCP,CONCRETE PUMPING HLDGS INC,418483,116899,5.04M,1.41M,+38.8%,<.01%
25434V104,DFAU,DIMENSIONAL ETF TRUST,27000,27000,1.4M,1.4M,NEW,<.01%
978097103,WWW,WOLVERINE WORLD WIDE INC,617900,83855,10.21M,1.39M,+15.7%,0.01%
25460G500,GUSH,DIREXION SHARES ETF TRUST,45100,45100,1.39M,1.39M,NEW,<.01%
74349Y704,BITU,PROSHARES TR,170300,170300,1.38M,1.38M,NEW,<.01%
153527106,CENT,CENTRAL GARDEN & PET CO,212887,31100,9.44M,1.38M,+17.1%,0.01%
316092840,FDVV,FIDELITY COVINGTON TRUST,22600,22600,1.36M,1.36M,NEW,<.01%
913290102,UNTY,UNITY BANCORP INC,38900,23200,2.28M,1.36M,+147.8%,<.01%
00650F109,ADPT,ADAPTIVE BIOTECHNOLOGIES COR,302800,63000,6.5M,1.35M,+26.3%,<.01%
921910733,ESGV,VANGUARD WORLD FD,10200,10200,1.35M,1.35M,NEW,<.01%
947913109,IVES,WEDBUSH SER TR,35384,35384,1.35M,1.35M,NEW,<.01%
092244102,BRCB,BLACK ROCK COFFEE BAR INC,368620,161020,3.06M,1.33M,+77.6%,<.01%
34984V209,FET,FORUM ENERGY TECHNOLOGIES IN,166999,26524,8.39M,1.33M,+18.9%,0.01%
60365F109,MMED,MINIMED GROUP INC,88300,88300,1.32M,1.32M,NEW,<.01%
683797104,OPY,OPPENHEIMER HLDGS INC,35298,12498,3.73M,1.32M,+54.8%,<.01%
46641Q399,BBUS,J P MORGAN EXCHANGE TRADED F,9700,9700,1.31M,1.31M,NEW,<.01%
91823B109,UWMC,UWM HOLDINGS CORPORATION,4106460,568960,9.4M,1.3M,+16.1%,0.01%
671807105,OVLY,OAK VY BANCORP OAKDALE CALIF,73973,38598,2.5M,1.3M,+109.1%,<.01%
645827205,IDR,IDAHO STRATEGIC RESOURCES,60443,39395,1.98M,1.29M,+187.2%,<.01%
60741F104,MBLY,MOBILEYE GLOBAL INC,3560446,132500,34.47M,1.28M,+3.9%,0.05%
46435U556,ARTY,ISHARES TR,16800,16800,1.28M,1.28M,NEW,<.01%
453838609,IBCP,INDEPENDENT BK CORP MICH,617500,35209,22.27M,1.27M,+6%,0.03%
56117J100,MBUU,MALIBU BOATS INC,73036,46200,2M,1.27M,+172.2%,<.01%
33751L105,MYFW,FIRST WESTN FINL INC,57358,39258,1.84M,1.26M,+216.9%,<.01%
174903104,CZWI,CITIZENS CMNTY BANCORP INC M,107200,53800,2.51M,1.26M,+100.7%,<.01%
14020V108,CGUS,CAPITAL GROUP CORE EQUITY ET,28224,28224,1.26M,1.26M,NEW,<.01%
G4R20B107,INTR,INTER & CO INC,231840,231840,1.25M,1.25M,NEW,<.01%
918090101,UTZ,UTZ BRANDS INC,161600,161600,1.24M,1.24M,NEW,<.01%
25459Y207,QQQE,DIREXION SHARES ETF TRUST,10100,10100,1.23M,1.23M,NEW,<.01%
00214Q807,ARKX,ARK ETF TR,36100,36100,1.23M,1.23M,NEW,<.01%
634865109,NKSH,NATIONAL BANKSHARES INC VA,62670,33690,2.28M,1.22M,+116.3%,<.01%
03615A108,ANVS,ANNOVIS BIO INC,1002200,654600,1.86M,1.22M,+188.3%,<.01%
78467V848,TOTL,SSGA ACTIVE ETF TR,44609,30809,1.76M,1.22M,+223.3%,<.01%
360271100,FULT,FULTON FINL CORP PA,50063,50063,1.21M,1.21M,NEW,<.01%
826546103,SIF,SIFCO INDS INC,107334,51500,2.51M,1.21M,+92.2%,<.01%
52886X107,LXEO,LEXEO THERAPEUTICS INC,250365,250365,1.17M,1.17M,NEW,<.01%
M81865111,RDCM,RADCOM LTD,276298,82505,3.9M,1.16M,+42.6%,<.01%
886364801,SPUS,TIDAL TRUST I,20200,20200,1.16M,1.16M,NEW,<.01%
25434V831,DUHP,DIMENSIONAL ETF TRUST,27793,27793,1.16M,1.16M,NEW,<.01%
38500T200,GTE,GRAN TIERRA ENERGY INC,960360,183680,6M,1.15M,+23.6%,<.01%
500600101,KOPN,KOPIN CORP,255800,255800,1.15M,1.15M,NEW,<.01%
45720N103,INBX,INHIBRX BIOSCIENCES INC,62201,12018,5.89M,1.14M,+23.9%,<.01%
03837C106,APYX,APYX MEDICAL CORPORATION,554278,251883,2.49M,1.13M,+83.3%,<.01%
921932505,VOOG,VANGUARD ADMIRAL FDS INC,13613,13613,1.12M,1.12M,NEW,<.01%
55277P104,MGEE,MGE ENERGY INC,81300,13700,6.63M,1.12M,+20.3%,<.01%
14020G101,CGGR,CAPITAL GROUP GROWTH ETF,78858,23658,3.72M,1.12M,+42.9%,<.01%
46138G698,RWL,INVESCO EXCH TRADED FD TR II,8600,8600,1.1M,1.1M,NEW,<.01%
668074305,NWE,NORTHWESTERN ENERGY GROUP IN,15326,15326,1.1M,1.1M,NEW,<.01%
464288869,IWC,ISHARES TR,5484,5484,1.1M,1.1M,NEW,<.01%
02083X103,PINE,ALPINE INCOME PPTY TR INC,174000,52800,3.61M,1.1M,+43.6%,<.01%
456237106,ILPT,INDUSTRIAL LOGISTICS PPTYS T,582330,123341,5.17M,1.09M,+26.9%,<.01%
33738R704,AIRR,FIRST TR EXCHANGE TRADED FD,20400,8200,2.72M,1.09M,+67.2%,<.01%
38747R215,NBIL,GRANITESHARES ETF TR,19100,19100,1.09M,1.09M,NEW,<.01%
922042858,VWO,VANGUARD INTL EQUITY INDEX F,37900,18230,2.26M,1.09M,+92.7%,<.01%
97717W851,DXJ,WISDOMTREE TR,6256,6256,1.09M,1.09M,NEW,<.01%
126638105,CVRX,CVRX INC,230000,210700,1.18M,1.08M,+1091.7%,<.01%
46137V357,RSP,INVESCO EXCHANGE TRADED FD T,77300,5070,16.45M,1.08M,+7%,0.02%
829073105,SSD,SIMPSON MFG INC,5100,5100,1.07M,1.07M,NEW,<.01%
45784J303,VATE,INNOVATE CORP,56980,56980,1.06M,1.06M,NEW,<.01%
640491106,NEOG,NEOGEN CORP,118236,118236,1.06M,1.06M,NEW,<.01%
38747R629,NVD,GRANITESHARES ETF TR,203100,203100,1.06M,1.06M,NEW,<.01%
92922P106,WTI,W & T OFFSHORE INC,920800,330500,2.9M,1.04M,+56%,<.01%
202608105,CVGI,COMMERCIAL VEH GROUP INC,1956659,225168,9.04M,1.04M,+13%,0.01%
233912104,DJCO,DAILY JOURNAL CORP,15091,1720,9.07M,1.03M,+12.9%,0.01%
831754106,SWBI,SMITH & WESSON BRANDS INC,2218774,68700,33.37M,1.03M,+3.2%,0.05%
12738K109,CDLR,CADELER A S,58500,46997,1.28M,1.03M,+408.6%,<.01%
G98239109,XP,XP INC,63398,63398,1.03M,1.03M,NEW,<.01%
33740F755,BUFR,FIRST TR EXCHNG TRADED FD VI,50200,28100,1.83M,1.03M,+127.1%,<.01%
923725105,VET,VERMILION ENERGY INC,238822,108700,2.24M,1.02M,+83.5%,<.01%
00175J107,POWW,OUTDOOR HOLDING CO,1047936,442636,2.39M,1.01M,+73.1%,<.01%
32106V107,FXNC,FIRST NATL CORP VA,33500,33500,1.01M,1.01M,NEW,<.01%
68828E809,OGG,OSISKO DEVELOPMENT CORP,867474,407574,2.13M,1M,+88.6%,<.01%
808524854,SCHR,SCHWAB STRATEGIC TR,170300,40600,4.2M,1M,+31.3%,<.01%
086921103,BETA,BETA TECHNOLOGIES INC,59700,59700,999.98K,999.98K,NEW,<.01%
464287762,IYH,ISHARES TR,14900,14900,998.45K,998.45K,NEW,<.01%
30212P303,EXPE,EXPEDIA GROUP INC,3900,3900,997.93K,997.93K,NEW,<.01%
45245E109,IMAX,IMAX CORP,99000,24900,3.95M,992.51K,+33.6%,<.01%
50101L106,DNUT,KRISPY KREME INC,277721,277721,980.36K,980.36K,NEW,<.01%
004468500,ACHV,ACHIEVE LIFE SCIENCE INC,178049,150097,1.16M,980.13K,+537%,<.01%
00851L103,API,AGORA INC,739500,243371,2.95M,971.05K,+49.1%,<.01%
46654Q203,JEPQ,J P MORGAN EXCHANGE TRADED F,118400,15786,7.28M,970.21K,+15.4%,0.01%
82024L103,STTK,SHATTUCK LABS INC,743761,139261,5.16M,966.47K,+23%,<.01%
68417L107,OBT,ORANGE CNTY BANCORP INC,49100,26200,1.81M,963.64K,+114.4%,<.01%
78464A805,SPTM,SPDR SERIES TRUST,10600,10600,962.37K,962.37K,NEW,<.01%
87288V101,TSSI,TSS INC DEL,138291,78200,1.7M,961.86K,+130.1%,<.01%
92512J106,VBNK,VERSABANK NEW,154100,41400,3.58M,960.89K,+36.7%,<.01%
G06973112,AUGO,AURA MINERALS INC,21729,15487,1.35M,960.85K,+248.1%,<.01%
G5568L109,LZM,LIFEZONE METALS LIMITED,366246,247093,1.42M,958.72K,+207.4%,<.01%
44975P103,NBP,NOVABRIDGE BIOSCIENCES,758226,485814,1.48M,947.34K,+178.3%,<.01%
78464A359,CWB,SPDR SERIES TRUST,20972,8772,2.26M,945.8K,+71.9%,<.01%
461147100,INTT,INTEST CORP,502237,52028,9.13M,945.35K,+11.6%,0.01%
59165J105,MCBS,METROCITY BANKSHARES INC,65749,26200,2.36M,940.32K,+66.2%,<.01%
040919102,ARKB,ARK 21SHARES BITCOIN ETF,48055,48055,935.15K,935.15K,NEW,<.01%
M22013102,CRNT,CERAGON NETWORKS LTD,575323,360823,1.49M,934.53K,+168.2%,<.01%
432748101,HTH,HILLTOP HLDGS INC,212984,24000,8.26M,930.72K,+12.7%,0.01%
831349105,SLDE,SLIDE INS HLDGS INC,115210,47500,2.23M,920.08K,+70.2%,<.01%
02462A104,ABTC,AMERICAN BITCOIN CORP.,3061500,1342300,2.09M,914.24K,+78.1%,<.01%
M0854Q105,ALLT,ALLOT LTD,1088399,103301,9.63M,914.21K,+10.5%,0.01%
431636109,HLMN,HILLMAN SOLUTIONS CORP,108287,108287,913.94K,913.94K,NEW,<.01%
197641103,CLBK,COLUMBIA FINL INC,718962,42896,15.26M,910.25K,+6.3%,0.02%
700885106,PKBK,PARKE BANCORP INC,226347,27400,7.51M,908.58K,+13.8%,0.01%
127190304,CACI,CACI INTL INC,1958,1958,907.06K,907.06K,NEW,<.01%
45826T509,ITRG,INTEGRA RES CORP,2494070,397171,5.66M,901.58K,+18.9%,<.01%
50127T109,KURA,KURA ONCOLOGY INC,1663765,81197,18.25M,890.73K,+5.1%,0.03%
511656100,LKFN,LAKELAND FINL CORP,72968,14424,4.5M,890.25K,+24.6%,<.01%
464287473,IWS,ISHARES TR,5400,5400,888.84K,888.84K,NEW,<.01%
77926X304,QDTE,ROUNDHILL ETF TRUST,28500,28500,887.21K,887.21K,NEW,<.01%
67103X102,OFG,OFG BANCORP,18034,18034,884.93K,884.93K,NEW,<.01%
20112C106,CBK,COMMERCIAL BANCGROUP INC,37200,27400,1.2M,884.75K,+279.6%,<.01%
G72800108,PRTA,PROTHENA CORP PLC,697615,90100,6.83M,882.08K,+14.8%,<.01%
35953D401,FUBO,FUBOTV INC,725047,95400,6.67M,877.68K,+15.2%,<.01%
92189K105,HODL,VANECK BITCOIN ETF,91200,52400,1.51M,870.36K,+135.1%,<.01%
412822108,HOG,HARLEY DAVIDSON INC,35300,35300,863.44K,863.44K,NEW,<.01%
15673T100,IPSC,CENTURY THERAPEUTICS INC,1257700,350873,3.08M,859.64K,+38.7%,<.01%
00214Q203,ARKQ,ARK ETF TR,6500,6500,859.43K,859.43K,NEW,<.01%
75321W103,PACK,RANPAK HOLDINGS CORP,117300,117300,857.46K,857.46K,NEW,<.01%
78468R408,SJNK,SPDR SERIES TRUST,33800,33800,846.01K,846.01K,NEW,<.01%
14020Y300,CGMS,CAPITAL GRP FIXED INCM ETF T,30900,30900,844.5K,844.5K,NEW,<.01%
205750409,LODE,COMSTOCK INC,202283,202283,841.5K,841.5K,NEW,<.01%
88636X658,ONDL,TIDAL TRUST II,95500,95500,839.45K,839.44K,NEW,<.01%
46654Q732,JTEK,J P MORGAN EXCHANGE TRADED F,10100,7500,1.13M,836.64K,+288.5%,<.01%
G17977110,BUR,BURFORD CAPITAL LIMITED,1161900,203400,4.76M,833.94K,+21.2%,<.01%
640655106,NEOV,NEOVOLTA INC,263751,263751,830.82K,830.82K,NEW,<.01%
34385P108,LAB,STANDARD BIOTOOLS INC,992058,992058,816.17K,816.17K,NEW,<.01%
74930B105,RBB,RBB BANCORP,29700,29700,814.23K,814.23K,NEW,<.01%
45784M108,INV,INNVENTURE INC,265557,160557,1.35M,814.02K,+152.9%,<.01%
68218J103,OABI,OMNIAB INC,600350,330750,1.48M,813.64K,+122.7%,<.01%
00214Q302,ARKG,ARK ETF TR,19300,19300,811.76K,811.76K,NEW,<.01%
464288257,ACWI,ISHARES TR,5100,5100,800.55K,800.55K,NEW,<.01%
Y8162K204,SBLK,STAR BULK CARRIERS CORP.,2099637,32000,52.43M,799.04K,+1.5%,0.07%
19188U206,CODA,CODA OCTOPUS GROUP INC,102928,81600,1.01M,797.23K,+382.6%,<.01%
356390104,FRHC,FREEDOM HOLDING CORP,6100,6100,795.87K,795.87K,NEW,<.01%
63909J108,NAUT,NAUTILUS BIOTECHNOLOGY INC,690514,424814,1.29M,794.4K,+159.9%,<.01%
63633D104,NHI,NATIONAL HEALTH INVS INC,52100,10401,3.97M,793.18K,+24.9%,<.01%
46134L105,ISTR,INVESTAR HOLDING CORP,131675,26425,3.94M,791.69K,+25.1%,<.01%
124155102,BFLY,BUTTERFLY NETWORK INC,93822,93822,789.98K,789.98K,NEW,<.01%
45782B302,INSG,INSEEGO CORP,194747,76430,2.01M,789.52K,+64.6%,<.01%
921932703,VOOV,VANGUARD ADMIRAL FDS INC,3600,3600,789.16K,789.16K,NEW,<.01%
30260D103,FIGS,FIGS INC,1678100,76900,17.17M,786.69K,+4.8%,0.02%
23331S100,DHX,DHI GROUP INC,2013229,211900,7.47M,786.15K,+11.8%,0.01%
464288570,DSI,ISHARES TR,5500,5500,783.14K,783.14K,NEW,<.01%
17306X102,CTRN,CITI TRENDS INC,13522,13522,782.11K,782.11K,NEW,<.01%
G4705A100,ICLR,ICON PUB LTD CO,4500,4500,781.7K,781.7K,NEW,<.01%
226552107,CXDO,CREXENDO INC,450981,104244,3.37M,778.7K,+30.1%,<.01%
470299108,BOTJ,BANK OF THE JAMES FINL GP IN,30177,30177,770.12K,770.12K,NEW,<.01%
87318A101,TWFG,TWFG INC,149900,31573,3.61M,759.33K,+26.7%,<.01%
090043100,BILL,BILL HOLDINGS INC,20900,20900,755.74K,755.74K,NEW,<.01%
M25133105,CGNT,COGNYTE SOFTWARE LTD,603411,86034,5.3M,755.38K,+16.6%,<.01%
05945F103,BANF,BANCFIRST CORP,6688,6688,743.24K,743.24K,NEW,<.01%
025072802,AVDV,AMERICAN CENTY ETF TR,7116,7116,733.3K,733.3K,NEW,<.01%
46654Q716,JBND,J P MORGAN EXCHANGE TRADED F,13700,13700,732.95K,732.95K,NEW,<.01%
047726104,BATRA,ATLANTA BRAVES HLDGS INC,347700,13000,19.58M,732.03K,+3.9%,0.03%
66661N886,NPB,NORTHPOINTE BANCSHARES INC.,38100,38100,730.76K,730.76K,NEW,<.01%
51654W101,LTRN,LANTERN PHARMA INC,291039,175039,1.21M,729.91K,+150.9%,<.01%
87261Y106,TMC,TMC THE METALS COMPANY INC,894400,164400,3.96M,728.29K,+22.5%,<.01%
68634K106,ORLA,ORLA MNG LTD NEW,1450899,74100,14.2M,725.44K,+5.4%,0.02%
410709109,HNVR,HANOVER BANCORP INC,30800,30800,718.26K,718.26K,NEW,<.01%
890516107,TR,TOOTSIE ROLL INDS INC,471926,18134,18.66M,717.2K,+4%,0.03%
031001100,ATLO,AMES NATL CORP,62184,24200,1.84M,716.56K,+63.7%,<.01%
75025X100,RLGT,RADIANT LOGISTICS INC,115900,75400,1.1M,713.28K,+186.2%,<.01%
46152A528,CRDU,INVESTMENT MANAGERS SER TR I,7494,7494,711.63K,711.63K,NEW,<.01%
003264108,SIVR,ABRDN SILVER ETF TRUST,12600,12600,708.37K,708.37K,NEW,<.01%
53229C107,LSPD,LIGHTSPEED COMMERCE INC,474283,67500,4.98M,708.08K,+16.6%,<.01%
23291C103,BOOM,DMC GLOBAL INC,146968,121768,853.88K,707.47K,+483.2%,<.01%
637870106,NSA,NATIONAL STORAGE AFFILIATES,15800,15800,702.63K,702.63K,NEW,<.01%
456941103,INR,INFINITY NAT RES INC,392200,55100,4.98M,699.77K,+16.3%,<.01%
457152106,INGM,INGRAM MICRO HLDG CORP,25400,25400,696.72K,696.72K,NEW,<.01%
69354N106,PRAA,PRA GROUP INC,120000,36668,2.28M,696.33K,+44%,<.01%
28617K101,ELDN,ELEDON PHARMACEUTICALS INC,200900,176300,791.55K,694.62K,+716.7%,<.01%
75120L209,RLYB,RALLYBIO CORP,199907,43380,3.2M,694.08K,+27.7%,<.01%
25459W458,SOXL,DIREXION SHARES ETF TRUST,2600,2600,693.45K,693.45K,NEW,<.01%
42250P103,DOC,HEALTHPEAK PROPERTIES INC,845968,32400,18.1M,693.36K,+4%,0.02%
04317A107,ARTV,ARTIVA BIOTHERAPEUTICS INC,151000,70962,1.46M,688.33K,+88.7%,<.01%
464288752,ITB,ISHARES TR,6537,6537,682.99K,682.99K,NEW,<.01%
06368M203,FNGD,BANK MONTREAL MEDIUM,18360,18360,682.26K,682.26K,NEW,<.01%
380237107,GDDY,GODADDY INC,561300,8000,47.64M,679.04K,+1.4%,0.07%
64134X201,NRXS,NEURAXIS INC,169400,92446,1.24M,675.78K,+120.1%,<.01%
370920100,GENB,GENERATE BIOMEDICINES INC,39685,39685,669.49K,669.49K,NEW,<.01%
46284V101,IRM,IRON MTN INC DEL,7700,5300,972.59K,669.44K,+220.8%,<.01%
337345102,QTEC,FIRST TR EXCHANGE-TRADED FD,2000,2000,669.38K,669.38K,NEW,<.01%
09077V100,BIOA,BIOAGE LABS INC,165700,27112,4.06M,664.52K,+19.6%,<.01%
14020X104,CGGO,CAPITAL GROUP GBL GROWTH EQT,26258,15558,1.11M,658.57K,+145.4%,<.01%
918385204,VTVT,VTV THERAPEUTICS INC,17454,17454,657.14K,657.14K,NEW,<.01%
045396207,ASMB,ASSEMBLY BIOSCIENCES INC,39441,23790,1.08M,653.75K,+152%,<.01%
292218104,EIG,EMPLOYERS HLDGS INC,110560,12860,5.58M,649.17K,+13.2%,<.01%
46641Q167,JAVA,J P MORGAN EXCHANGE TRADED F,11700,8100,929.1K,643.22K,+225%,<.01%
08986R408,BHA,BIGLARI HLDGS INC,6065,305,12.76M,641.93K,+5.3%,0.02%
45170X205,INVE,IDENTIV INC,516382,254598,1.3M,641.59K,+97.3%,<.01%
76171L106,REYN,REYNOLDS CONSUMER PRODS INC,127500,23800,3.42M,639.03K,+23%,<.01%
758075402,RWT,REDWOOD TRUST INC,171600,134200,813.38K,636.11K,+358.8%,<.01%
92719W207,VNCE,VINCE HLDG CORP,216652,88840,1.55M,635.21K,+69.5%,<.01%
71601V105,WOOF,PETCO HEALTH & WELLNESS CO I,753923,230428,2.05M,626.76K,+44%,<.01%
12763L105,CDRE,CADRE HLDGS INC,189144,21944,5.39M,625.62K,+13.1%,<.01%
49428J109,KE,KIMBALL ELECTRONICS INC,24432,24432,625.46K,625.46K,NEW,<.01%
05156D102,PUSA,AUREUS GREENWAY HLDGS INC,156400,156400,624.04K,624.04K,NEW,<.01%
464288430,AIA,ISHARES TR,4400,4400,623.3K,623.3K,NEW,<.01%
G87264100,TGLS,TECNOGLASS INC,13300,13300,622.57K,622.57K,NEW,<.01%
03044L204,AMWL,AMERICAN WELL CORP,263223,68200,2.4M,621.98K,+35%,<.01%
464288620,USIG,ISHARES TR,12100,12100,620.61K,620.61K,NEW,<.01%
M6372Q113,KRNT,KORNIT DIGITAL LTD,129421,37921,2.1M,616.22K,+41.4%,<.01%
70450C101,PAYP,PAYPAY CORP,42700,42700,611.89K,611.89K,NEW,<.01%
83307B101,SNDL,SNDL INC,1051792,449567,1.42M,606.92K,+74.7%,<.01%
14020Y508,CGCB,CAPITAL GRP FIXED INCM ETF T,44900,23100,1.18M,604.76K,+106%,<.01%
78573M104,SABR,SABRE CORP,395500,289300,826.6K,604.64K,+272.4%,<.01%
552641102,MAIA,MAIA BIOTECHNOLOGY INC,415700,415700,598.61K,598.61K,NEW,<.01%
G0118C105,AGBK,AGI INC,84318,84318,596.97K,596.97K,NEW,<.01%
76119X105,RSVR,RESERVOIR MEDIA INC,60123,60123,594.62K,594.62K,NEW,<.01%
09203E105,BDTX,BLACK DIAMOND THERAPEUTICS I,1962394,318647,3.63M,589.5K,+19.4%,<.01%
03464Y108,AOMR,ANGEL OAK MORTGAGE REIT INC,95863,64640,870.44K,586.93K,+207%,<.01%
26929N102,EVI,EVI INDS INC,55897,39600,826.16K,585.29K,+243%,<.01%
82655M206,SIFY,SIFY TECHNOLOGIES LTD,52900,34900,878.67K,579.69K,+193.9%,<.01%
139737100,CBNK,CAPITAL BANCORP INC MD,16500,16500,579.48K,579.48K,NEW,<.01%
07782B104,BLTE,BELITE BIO INC,55763,3763,8.59M,579.45K,+7.2%,0.01%
552690109,MDU,MDU RES GROUP INC,957150,27306,20.3M,579.16K,+2.9%,0.03%
14161Y200,CRDL,CARDIOL THERAPEUTICS INC,772837,543031,819.21K,575.61K,+236.3%,<.01%
92707Y108,VFF,VILLAGE FARMS INTL INC,1604766,286700,3.21M,573.4K,+21.8%,<.01%
M5R635108,INVZ,INNOVIZ TECHNOLOGIES LTD,3828518,751852,2.91M,572.31K,+24.4%,<.01%
69888T207,PARR,PAR PAC HOLDINGS INC,523964,10185,29.38M,571.17K,+2%,0.04%
51807Q100,LASE,LASER PHOTONICS CORP,344055,344055,567.69K,567.69K,NEW,<.01%
31609A503,FMDE,FIDELITY COVINGTON TRUST,13900,13900,564.06K,564.06K,NEW,<.01%
25460G609,ERX,DIREXION SHARES ETF TRUST,17300,7400,1.32M,563.95K,+74.7%,<.01%
150837706,CVM,CEL-SCI CORP,572460,536570,595.36K,558.03K,+1495%,<.01%
21036P108,STZ,CONSTELLATION BRANDS INC,4000,4000,556.36K,556.36K,NEW,<.01%
471024109,JAN,JANUS LIVING INC,19300,19300,554.68K,554.68K,NEW,<.01%
514766104,LFCR,LIFECORE BIOMEDICAL INC,104859,104859,550.51K,550.51K,NEW,<.01%
44326H107,HYNE,HOYNE BANCORP INC,32599,32599,545.71K,545.71K,NEW,<.01%
451622203,IPWR,IDEAL PWR INC,100754,100754,540.04K,540.04K,NEW,<.01%
98421M106,XRX,XEROX HOLDINGS CORP,817928,172304,2.56M,539.31K,+26.7%,<.01%
041242108,ARKO,ARKO CORP,147100,67000,1.18M,538.01K,+83.6%,<.01%
00509G209,ABOS,ACUMEN PHARMACEUTICALS INC,675025,201079,1.8M,536.88K,+42.4%,<.01%
76525P100,RMBI,RICHMOND MUT BANCORPORATION,72142,33800,1.15M,536.74K,+88.2%,<.01%
G4809J106,IGIC,INTL GNRL INSURANCE HLDNGS L,137700,20443,3.6M,534.99K,+17.4%,<.01%
77313F106,RCKT,ROCKET PHARMACEUTICALS INC,792974,155800,2.71M,532.84K,+24.5%,<.01%
M25722105,CGEN,COMPUGEN LTD,1877500,244512,4.02M,523.26K,+15%,<.01%
17248W303,CING,CINGULATE INC,127500,95612,697.42K,523K,+299.8%,<.01%
22407B108,COYA,COYA THERAPEUTICS INC,192986,89022,1.13M,520.78K,+85.6%,<.01%
46143U542,ASTX,INVESTMENT MANAGERS SER TR,18800,18800,518.97K,518.97K,NEW,<.01%
136635109,CSIQ,CANADIAN SOLAR INC,531902,32200,8.52M,515.84K,+6.4%,0.01%
H00263105,ACIU,AC IMMUNE SA,840127,215760,2M,513.51K,+34.6%,<.01%
05153U107,AURA,AURA BIOSCIENCES INC,174200,72100,1.24M,511.91K,+70.6%,<.01%
922908652,VXF,VANGUARD INDEX FDS,8742,2042,2.15M,502.76K,+30.5%,<.01%
G21307106,CINT,CI&T INC,215500,150100,719.77K,501.33K,+229.5%,<.01%
759910102,KRMD,KORU MEDICAL SYSTEMS INC,164900,119000,692.58K,499.8K,+259.3%,<.01%
M8001Q126,PYPD,POLYPID LTD,116619,98023,592.42K,497.96K,+527.1%,<.01%
36241U106,GSIT,GSI TECHNOLOGY INC,142901,64200,1.1M,496.27K,+81.6%,<.01%
31425A109,FBLA,FB BANCORP INC,298973,32473,4.5M,489.04K,+12.2%,<.01%
46590V100,JBGS,JBG SMITH PPTYS,52600,33200,771.64K,487.04K,+171.1%,<.01%
78464A300,SLYV,SPDR SERIES TRUST,4428,4428,483.14K,483.14K,NEW,<.01%
35104E100,FDMT,4D MOLECULAR THERAPEUTICS IN,614573,36308,8.17M,482.9K,+6.3%,0.01%
74365U107,TARA,PROTARA THERAPEUTICS INC,251500,125800,960.73K,480.56K,+100.1%,<.01%
91678A107,UPB,UPSTREAM BIO INC,131300,69200,908.6K,478.86K,+111.4%,<.01%
00770C101,ARQ,ARQ INC,598059,187489,1.53M,478.1K,+45.7%,<.01%
00938A104,AIRG,AIRGAIN INC,412036,75700,2.6M,476.91K,+22.5%,<.01%
21077P108,CNTX,CONTEXT THERAPEUTICS INC,1041399,858400,576.83K,475.47K,+469.1%,<.01%
25460E216,FAZ,DIREXION SHARES ETF TRUST,12000,12000,472.68K,472.68K,NEW,<.01%
58039P305,MUX,MCEWEN INC.,26000,26000,471.38K,471.38K,NEW,<.01%
005329107,ADAG,ADAGENE INC,146500,111967,615.3K,470.26K,+324.2%,<.01%
023111404,AMRN,AMARIN CORP PLC,48369,29113,771K,464.06K,+151.2%,<.01%
68629Y103,ONL,ORION PROPERTIES INC,1865800,159700,5.39M,461.53K,+9.4%,<.01%
78464A383,SPMB,SPDR SERIES TRUST,20286,20286,452.58K,452.58K,NEW,<.01%
Y3894J187,IMPP,IMPERIAL PETE INC,646545,97405,2.98M,449.04K,+17.7%,<.01%
G8807B106,TBPH,THERAVANCE BIOPHARMA INC,154318,26402,2.62M,448.83K,+20.6%,<.01%
567908108,HZO,MARINEMAX INC,12200,12200,446.76K,446.76K,NEW,<.01%
38747R595,TSDD,GRANITESHARES ETF TR,63000,63000,441.63K,441.63K,NEW,<.01%
08771Y402,SRXH,SRX GLOBAL INC,4860865,4860865,440.88K,440.88K,NEW,<.01%
47103U852,JMBS,JANUS DETROIT STR TR,66083,9783,2.97M,440.14K,+17.4%,<.01%
516548203,LTRX,LANTRONIX INC,764888,74694,4.5M,439.2K,+10.8%,<.01%
92262D101,VEL,VELOCITY FINL INC,51400,23700,948.84K,437.5K,+85.6%,<.01%
032108607,BLOK,AMPLIFY ETF TR,6837,6837,428.2K,428.2K,NEW,<.01%
46152A452,SMU,INVESTMENT MANAGERS SER TR I,49800,49800,420.81K,420.81K,NEW,<.01%
87990A106,TNYA,TENAYA THERAPEUTICS INC,4281100,567339,3.16M,419.32K,+15.3%,<.01%
22978P205,CUE,CUE BIOPHARMA INC,14689,13131,463.58K,414.43K,+843%,<.01%
82455M109,SHIM,SHIMMICK CORPORATION,125555,89855,573.79K,410.64K,+251.7%,<.01%
37229T509,TOON,KARTOON STUDIOS INC.,590273,577225,419.09K,409.83K,+4423.9%,<.01%
76009N100,UPBD,UPBOUND GROUP INC,83200,19300,1.77M,409.55K,+30.2%,<.01%
26922A842,JETS,ETF SER SOLUTIONS,12200,12200,405.28K,405.28K,NEW,<.01%
464288794,IAI,ISHARES TR,2300,2300,403.26K,403.26K,NEW,<.01%
074014200,BBGI,BEASLEY BROADCAST GROUP INC,15289,15289,401.34K,401.34K,NEW,<.01%
52635N103,LENZ,LENZ THERAPEUTICS INC,70628,70628,401.17K,401.17K,NEW,<.01%
700402100,PARK,PARK DENTAL PARTNERS INC,18600,18600,400.83K,400.83K,NEW,<.01%
26443V101,DLTH,DULUTH HLDGS INC,88900,88900,398.27K,398.27K,NEW,<.01%
Y23508107,EDRY,EURODRY LTD,78464,18117,1.72M,396.58K,+30%,<.01%
03674X106,AR,ANTERO RESOURCES CORP,505000,11200,17.75M,393.57K,+2.3%,0.02%
444097406,HPP,HUDSON PACIFIC PROPERTIES IN,25900,25900,393.42K,393.42K,NEW,<.01%
74102N101,FTW,PRESIDIO PRODTN CO,32200,32200,391.55K,391.55K,NEW,<.01%
46152A494,IREX,INVESTMENT MANAGERS SER TR I,16600,16600,388.77K,388.77K,NEW,<.01%
78349D107,RXST,RXSIGHT INC,140693,80293,678.14K,387.01K,+132.9%,<.01%
896712205,TRT,TRIO TECH INTL,356859,31333,4.4M,386.02K,+9.6%,<.01%
74765K105,QSI,QUANTUM SI INC,553871,435971,490.18K,385.83K,+369.8%,<.01%
256086109,DCGO,DOCGO INC,2254370,744009,1.16M,383.98K,+49.3%,<.01%
030371108,AVD,AMERICAN VANGUARD CORP,355277,136977,994.78K,383.54K,+62.7%,<.01%
866082100,INN,SUMMIT HOTEL PPTYS,69400,53900,486.49K,377.84K,+347.7%,<.01%
746729300,PVAL,PUTNAM ETF TRUST,36500,7400,1.86M,377.03K,+25.4%,<.01%
09075X207,BDSX,BIODESIX INC,28648,16700,646.01K,376.58K,+139.8%,<.01%
632347100,NATH,NATHANS FAMOUS INC,158056,3700,16.06M,375.92K,+2.4%,0.02%
877163105,TAYD,TAYLOR DEVICES INC,56062,6400,3.29M,375.55K,+12.9%,<.01%
46138E370,SPHB,INVESCO EXCH TRADED FD TR II,2400,2400,373.42K,373.42K,NEW,<.01%
L18268109,CDRO,CODERE ONLINE LUXEMBOURG S A,39000,39000,373.23K,373.23K,NEW,<.01%
29286X101,ENGN,ENGENE THERAPEUTICS INC,829700,215225,1.44M,372.34K,+35%,<.01%
879080109,TRC,TEJON RANCH CO,368648,19900,6.89M,372.13K,+5.7%,<.01%
74179A107,BPRN,PRINCETON BANCORP INC,46786,9763,1.78M,370.51K,+26.4%,<.01%
M4R82T106,FVRR,FIVERR INTL LTD,767359,35700,7.92M,368.42K,+4.9%,0.01%
576853105,MTRX,MATRIX SVC CO,282559,26759,3.87M,366.6K,+10.5%,<.01%
25461H853,LABD,DIREXION SHARES ETF TRUST,47500,47500,366.23K,366.23K,NEW,<.01%
66510M204,NAK,NORTHERN DYNASTY MINERALS LT,4650149,190000,8.93M,364.8K,+4.3%,0.01%
77664L207,ROOT,ROOT INC,245281,6500,13.72M,363.48K,+2.7%,0.02%
904311206,UA,UNDER ARMOUR INC,58400,58400,363.25K,363.25K,NEW,<.01%
464287630,IWN,ISHARES TR,1636,1636,361.88K,361.88K,NEW,<.01%
88636Y508,IONX,TIDAL TRUST II,37100,7100,1.89M,361.04K,+23.7%,<.01%
063425102,BMRC,BANK OF MARIN BANCORP,132381,12989,3.67M,359.8K,+10.9%,<.01%
G9471C206,EVTL,VERTICAL AEROSPACE LTD,562400,206552,978.58K,359.4K,+58%,<.01%
451033708,IBIO,IBIO INC,202847,202847,354.98K,354.98K,NEW,<.01%
339382103,FLXS,FLEXSTEEL INDS INC,146955,4755,10.95M,354.15K,+3.3%,0.02%
M9607U115,VLN,VALENS SEMICONDUCTOR LTD,1468229,156529,3.32M,353.76K,+11.9%,<.01%
143905107,CSV,CARRIAGE SVCS INC,437125,9225,16.76M,353.69K,+2.2%,0.02%
74277P105,SVIA,PROCAP FINL INC,228800,228800,352.35K,352.35K,NEW,<.01%
282564103,EIKN,EIKON THERAPEUTICS INC,26797,26797,349.7K,349.7K,NEW,<.01%
00832E103,AFBI,AFFINITY BANCSHARES INC,74548,15400,1.68M,348.04K,+26%,<.01%
G4453R115,MAAS,MAASE INC.,26600,26600,345.8K,345.8K,NEW,<.01%
704699107,PGC,PEAPACK-GLADSTONE FINL CORP,20594,7300,974.71K,345.51K,+54.9%,<.01%
46434G855,RING,ISHARES INC,5298,5298,342.25K,342.25K,NEW,<.01%
00857U206,AGL,AGILON HEALTH INC,152214,3171,16.31M,339.87K,+2.1%,0.02%
62459M305,MOVE,CORVEX INC,15647,15647,339.62K,339.62K,NEW,<.01%
34988V106,FOSL,FOSSIL GROUP INC,177872,81936,736.39K,339.22K,+85.4%,<.01%
482929106,KLRS,KALARIS THERAPEUTICS INC,149351,83200,607.86K,338.62K,+125.8%,<.01%
96145W103,WEST,WESTROCK COFFEE CO,83700,41700,678.81K,338.19K,+99.3%,<.01%
33741H107,FUNC,FIRST UTD CORP,111195,7600,4.9M,335.24K,+7.3%,<.01%
379598105,GLOO,GLOO HOLDINGS INC,73600,73600,334.88K,334.88K,NEW,<.01%
65540B303,NDLS,NOODLES & CO,35480,22134,530.43K,330.9K,+165.8%,<.01%
03076C106,AMP,AMERIPRISE FINL INC,145720,720,66.85M,330.31K,+0.5%,0.09%
762093102,RBKB,RHINEBECK BANCORP INC,43300,19000,749.52K,328.89K,+78.2%,<.01%
753018100,RANI,RANI THERAPEUTICS HLDGS INC,430737,430737,327.53K,327.53K,NEW,<.01%
82706C108,SIMO,SILICON MOTION TECHNOLOGY CO,979,979,326.33K,326.33K,NEW,<.01%
78643B500,ALAR,ALARUM TECHNOLOGIES LTD,53805,40405,432.59K,324.86K,+301.5%,<.01%
19249H103,CHRS,COHERUS ONCOLOGY INC,563056,231356,788.28K,323.9K,+69.7%,<.01%
00704R109,ANL,ADLAI NORTYE LTD,94100,28100,1.08M,323.15K,+42.6%,<.01%
142038108,CRBU,CARIBOU BIOSCIENCES INC,2773545,183048,4.88M,322.16K,+7.1%,<.01%
39525U107,GFR,GREENFIRE RES LTD NEW,218200,56938,1.23M,321.7K,+35.3%,<.01%
76156B107,RVLV,REVOLVE GROUP INC,14000,14000,320.46K,320.46K,NEW,<.01%
12448X201,BYRN,BYRNA TECHNOLOGIES INC,429847,47520,2.88M,318.86K,+12.4%,<.01%
761152107,RMD,RESMED INC,1620,1620,315.71K,315.71K,NEW,<.01%
292765104,EPAC,ENERPAC TOOL GROUP CORP,8800,8800,315.57K,315.57K,NEW,<.01%
12685J105,CABO,CABLE ONE INC,59800,5900,3.18M,313.35K,+10.9%,<.01%
78646V107,SAFE,SAFEHOLD INC,51721,19864,812.02K,311.86K,+62.4%,<.01%
38268T103,GPRO,GOPRO INC,2026136,400236,1.58M,311.38K,+24.6%,<.01%
Y9390M103,VFS,VINFAST AUTO LTD,130300,99200,406.54K,309.5K,+319%,<.01%
H82027105,SOPH,SOPHIA GENETICS SA,113300,53500,653.74K,308.69K,+89.5%,<.01%
67077M108,NTR,NUTRIEN LTD,4885,4885,307.51K,307.51K,NEW,<.01%
88636Y888,IRE,TIDAL TRUST II,18400,18400,307.46K,307.46K,NEW,<.01%
747798106,HTT,HIGH TEMPLAR TECHNOLOGY LTD,143213,120013,366.62K,307.23K,+517.3%,<.01%
00791N201,ADV,ADVANTAGE SOLUTIONS INC,40531,7056,1.75M,305.1K,+21.1%,<.01%
904677200,UFI,UNIFI INC,92993,64093,441.72K,304.44K,+221.8%,<.01%
78408D105,SBFG,SB FINL GROUP INC,39846,12021,1.01M,303.77K,+43.2%,<.01%
88634T774,NVDY,TIDAL TRUST II,24300,24300,302.29K,302.29K,NEW,<.01%
92347M100,VERI,VERITONE INC,299280,219680,410.01K,300.96K,+276%,<.01%
37364X109,GEOS,GEOSPACE TECHNOLOGIES CORP,44299,44299,299.9K,299.9K,NEW,<.01%
92536C202,VERU,VERU INC,164450,95200,514.73K,297.98K,+137.5%,<.01%
754198109,RAVE,RAVE RESTAURANT GROUP INC,268149,91088,876.85K,297.86K,+51.4%,<.01%
85254J102,STAG,STAG INDUSTRIAL INC,103272,7772,3.93M,295.8K,+8.1%,<.01%
656553104,NSYS,NORTECH SYS INC,62599,18600,990.32K,294.25K,+42.3%,<.01%
44916K106,HYPR,HYPERFINE INC,945836,215603,1.28M,291.06K,+29.5%,<.01%
526057302,LENB,LENNAR CORP,3252,3252,288.49K,288.49K,NEW,<.01%
74347G374,DXD,PROSHARES TR,16800,16800,288.46K,288.46K,NEW,<.01%
007002207,ACET,ADICET BIO INC,265945,33354,2.3M,288.18K,+14.3%,<.01%
G9503X103,WALD,WALDENCAST PLC,162700,162700,286.35K,286.35K,NEW,<.01%
88340W681,GLWG,THEMES ETF TR,6309,6309,285.17K,285.17K,NEW,<.01%
72765Q882,PLG,PLATINUM GROUP METALS LTD,854588,211026,1.15M,284.89K,+32.8%,<.01%
003260106,PPLT,ABRDN PLATINUM ETF TRUST,20100,20100,284.01K,284.01K,NEW,<.01%
30049A107,EPM,EVOLUTION PETE CORP,1029814,76917,3.79M,283.05K,+8.1%,<.01%
677719106,OVBC,OHIO VY BANC CORP,21275,6500,923.97K,282.29K,+44%,<.01%
025072885,AVUS,AMERICAN CENTY ETF TR,4700,2200,601.98K,281.78K,+88%,<.01%
36870H103,GNLX,GENELUX CORPORATION,105229,93029,316.74K,280.02K,+762.5%,<.01%
740294400,POCI,PRECISION OPTICS CORP INC MA,54100,54100,275.91K,275.91K,NEW,<.01%
M87095309,SPCB,SUPERCOM LTD NEW,24100,24100,275.7K,275.7K,NEW,<.01%
92919F103,VOXR,VOX ROYALTY CORP,256959,58243,1.22M,275.49K,+29.3%,<.01%
266042407,DUOT,DUOS TECHNOLOGIES GROUP INC,287200,22785,3.45M,273.42K,+8.6%,<.01%
464287572,IOO,ISHARES TR,7900,2000,1.08M,273.2K,+33.9%,<.01%
157085101,CERS,CERUS CORP,671700,92800,1.96M,270.98K,+16%,<.01%
922020748,VCRB,VANGUARD MALVERN FDS,6100,3500,471.12K,270.31K,+134.6%,<.01%
Y27265126,GLBS,GLOBUS MARITIME LIMITED NEW,232800,89700,696.07K,268.2K,+62.7%,<.01%
87971M103,TU,TELUS CORPORATION,25300,25300,267.42K,267.42K,NEW,<.01%
097235105,BSBK,BOGOTA FINL CORP,60851,29600,549.49K,267.29K,+94.7%,<.01%
42225T107,HCAT,HEALTH CATALYST INC,349266,132197,695.04K,263.07K,+60.9%,<.01%
00081T108,ACCO,ACCO BRANDS CORP,957935,63114,3.99M,262.55K,+7.1%,<.01%
12520L109,CFBK,CF BANKSHARES INC,102423,7944,3.36M,260.32K,+8.4%,<.01%
458685104,INTG,INTERGROUP CORP,5400,5400,259.31K,259.31K,NEW,<.01%
84920Y106,SPWH,SPORTSMANS WHSE HLDGS INC,678300,194000,902.14K,258.02K,+40.1%,<.01%
33631F104,FSEA,FIRST SEACOAST BANCORP INC,36932,15300,622.67K,257.96K,+70.7%,<.01%
G23773107,CWCO,CONSOLIDATED WATER CO INC,308267,8627,9.09M,254.5K,+2.9%,0.01%
85209E208,SPRB,SPRUCE BIOSCIENCES INC,4700,4700,253.8K,253.8K,NEW,<.01%
531914109,LWAY,LIFEWAY FOODS INC,377171,8500,11.25M,253.64K,+2.3%,0.02%
760281204,RBCAA,REPUBLIC BANCORP INC KY,49100,2800,4.44M,253.2K,+6%,<.01%
361008105,FNKO,FUNKO INC,86300,42800,507.44K,251.66K,+98.4%,<.01%
56565P103,MPLT,MAPLIGHT THERAPEUTICS INC,6937,6937,248.62K,248.62K,NEW,<.01%
00768Y453,MSOS,ADVISORSHARES TR,167200,48800,849.38K,247.9K,+41.2%,<.01%
83193G107,SMRT,SMARTRENT INC,1343028,207128,1.6M,246.48K,+18.2%,<.01%
68389X105,ORCL,ORACLE CORP,1669,1669,245.45K,245.45K,NEW,<.01%
723836300,PPSI,PIONEER PWR SOLUTIONS INC,126488,62288,498.36K,245.41K,+97%,<.01%
33740F805,FIXD,FIRST TR EXCHNG TRADED FD VI,11800,5600,514.6K,244.22K,+90.3%,<.01%
G39108108,GTES,GATES INDL CORP PLC,373800,8700,10.46M,243.34K,+2.4%,0.01%
003262102,PALL,ABRDN PALLADIUM ETF TRUST,18053,10753,398.61K,237.43K,+147.3%,<.01%
37954Y475,XYLD,GLOBAL X FDS,5800,5800,236.58K,236.58K,NEW,<.01%
27030F202,PDC,PERPETUALS.COM LTD,39700,39700,234.23K,234.23K,NEW,<.01%
46092D665,APLX,INVESTMENT MANAGERS SER TR I,11300,11300,233.46K,233.46K,NEW,<.01%
050734201,AEYE,AUDIOEYE INC,165363,40063,960.76K,232.77K,+32%,<.01%
590479408,RJET,REPUBLIC AWYS HLDGS INC,11031,11031,231.76K,231.76K,NEW,<.01%
02156U200,ATER,ATERIAN INC,223030,174383,294.4K,230.19K,+358.5%,<.01%
591520200,MEI,METHODE ELECTRS INC,102100,12100,1.94M,229.54K,+13.4%,<.01%
46435G474,FALN,ISHARES TR,8400,8400,228.82K,228.82K,NEW,<.01%
G00894108,ARX,ACCELERANT HOLDINGS,296100,19500,3.47M,228.54K,+7%,<.01%
29089Q105,EBS,EMERGENT BIOSOLUTIONS INC,683247,27200,5.73M,227.94K,+4.1%,<.01%
579780107,MKCV,MCCORMICK & CO INC,4500,4500,227.25K,227.25K,NEW,<.01%
371532102,GCO,GENESCO INC,19100,6700,645.01K,226.26K,+54%,<.01%
G63755105,NIQ,NIQ GLOBAL INTELLIGENCE PLC,56600,24100,529.21K,225.34K,+74.2%,<.01%
901476101,TWIN,TWIN DISC INC,117093,9700,2.72M,225.04K,+9%,<.01%
89679M104,TFPM,TRIPLE FLAG PRECIOUS METAL,33985,7504,1.02M,224.89K,+28.3%,<.01%
729139105,PLRX,PLIANT THERAPEUTICS INC,2049874,197032,2.34M,224.62K,+10.6%,<.01%
53222Q103,LCUT,LIFETIME BRANDS INC,142951,26186,1.22M,223.37K,+22.4%,<.01%
904311107,UAA,UNDER ARMOUR INC,34900,34900,223.01K,223.01K,NEW,<.01%
43114Q105,HPK,HIGHPEAK ENERGY INC,31800,31800,222.28K,222.28K,NEW,<.01%
896095106,TCBK,TRICO BANCSHARES,161067,4124,8.67M,222.08K,+2.6%,0.01%
47580P103,JELD,JELD-WEN HLDG INC,683799,146589,1.03M,219.88K,+27.3%,<.01%
104674106,BRC,BRADY CORP,915040,2400,83.79M,219.77K,+0.3%,0.12%
15961R303,CHPT,CHARGEPOINT HOLDINGS INC,181159,37100,1.07M,219.26K,+25.8%,<.01%
29272C301,WATT,ENERGOUS CORP,9100,9100,218.85K,218.85K,NEW,<.01%
G3040B104,ENGS,ENERGYS GROUP LTD,106500,90000,258.8K,218.7K,+545.5%,<.01%
02155H200,ALT,ALTIMMUNE INC,71600,71600,217.66K,217.66K,NEW,<.01%
52474R207,LGCY,LEGACY ED INC,90500,18500,1.06M,217.56K,+25.7%,<.01%
718968100,PXED,PHOENIX ED PARTNERS INC,6600,6600,216.81K,216.81K,NEW,<.01%
82981J851,SITC,SITE CTRS CORP,54462,54462,216.21K,216.21K,NEW,<.01%
G9108L173,TEN,TSAKOS ENERGY NAVIGATION LTD,472203,5978,16.7M,211.44K,+1.3%,0.02%
981475106,WKC,WORLD KINECT CORPORATION,52886,6400,1.74M,210.82K,+13.8%,<.01%
38747R868,BABX,GRANITESHARES ETF TR,15137,15137,209.8K,209.8K,NEW,<.01%
09077A106,BMEA,BIOMEA FUSION INC,1455474,142676,2.14M,209.73K,+10.9%,<.01%
898202106,TRUP,TRUPANION INC,47400,8400,1.17M,208.07K,+21.5%,<.01%
105368203,BDN,BRANDYWINE RLTY TR,143400,64800,454.58K,205.42K,+82.4%,<.01%
38387Q105,PEW,GRABAGUN DIGITAL HLDGS INC,134300,89500,306.2K,204.06K,+199.8%,<.01%
205826209,CMTL,COMTECH TELECOMMUNICATIONS C,332500,96851,698.25K,203.39K,+41.1%,<.01%
82620P102,BSRR,SIERRA BANCORP,185812,4965,7.57M,202.37K,+2.7%,0.01%
46489V302,CATX,PERSPECTIVE THERAPEUTICS INC,59133,59133,201.64K,201.64K,NEW,<.01%
04965N104,RNA,ATRIUM THERAPEUTICS INC,14971,14971,201.36K,201.36K,NEW,<.01%
30263Y104,FSBW,FS BANCORP INC,113513,4628,4.93M,200.86K,+4.3%,<.01%
03212B103,AMPY,AMPLIFY ENERGY CORP NEW,65178,50378,259.41K,200.5K,+340.4%,<.01%
37954Y483,QYLD,GLOBAL X FDS,10700,10700,197.2K,197.2K,NEW,<.01%
56155L108,TUSK,MAMMOTH ENERGY SVCS INC,292280,60308,949.91K,196K,+26%,<.01%
78590A109,SACH,SACHEM CAP CORP,357676,207567,336.68K,195.38K,+138.3%,<.01%
452525306,ICCC,IMMUCELL CORP,171089,19300,1.72M,193.96K,+12.7%,<.01%
55083R203,LYEL,LYELL IMMUNOPHARMA INC,130190,13779,1.83M,193.59K,+11.8%,<.01%
88636Y102,RGTX,TIDAL TRUST II,10425,10425,192.86K,192.86K,NEW,<.01%
25382K100,DMRC,DIGIMARC CORP,123100,23287,1.01M,191.42K,+23.3%,<.01%
457985208,IART,INTEGRA LIFESCIENCES HLDGS C,10500,10500,188.58K,188.58K,NEW,<.01%
64073B103,NP,NEPTUNE INS HLDGS INC,166671,5968,5.25M,187.99K,+3.7%,<.01%
06652N107,BSVN,BANK7 CORP,15700,3800,768.51K,186.01K,+31.9%,<.01%
82686Q101,SLN,SILENCE THERAPEUTICS PLC,16930,16930,185.89K,185.89K,NEW,<.01%
04681Y103,ASIC,ATEGRITY SPECIALTY IN CO HO,49200,7600,1.18M,182.7K,+18.3%,<.01%
97727L408,WKEY,WISEKEY INTERNATIONAL HLDS L,24925,24925,182.45K,182.45K,NEW,<.01%
10170A100,BOLD,BOUNDLESS BIO INC,471570,72570,1.18M,181.43K,+18.2%,<.01%
464289867,AOR,ISHARES TR,13300,2600,924.35K,180.7K,+24.3%,<.01%
6293JP109,NSTS,NSTS BANCORP INC,30500,13000,419.68K,178.88K,+74.3%,<.01%
45378A106,IRT,INDEPENDENCE RLTY TR INC,10695,10695,178.5K,178.5K,NEW,<.01%
68401P403,OPHC,OPTIMUMBANK HLDGS INC,155051,30451,905.5K,177.83K,+24.4%,<.01%
08659B102,BBNX,BETA BIONICS INC,11300,11300,177.07K,177.07K,NEW,<.01%
65343E207,NXTC,NEXTCURE INC,171202,110668,273.92K,177.07K,+182.8%,<.01%
13100M509,CALX,CALIX INC,548118,4700,20.46M,175.4K,+0.9%,0.03%
359678109,FLL,FULL HSE RESORTS INC,518221,62600,1.45M,174.65K,+13.7%,<.01%
68403P203,ORMP,ORAMED PHARMACEUTICALS INC,183800,36100,884.08K,173.64K,+24.4%,<.01%
92828Q109,VRTS,VIRTUS INVT PARTNERS INC,28429,1200,4.08M,172.2K,+4.4%,<.01%
101044105,BOC,BOSTON OMAHA CORP,12400,12400,169.14K,169.14K,NEW,<.01%
769397100,RVSB,RIVERVIEW BANCORP INC,350030,30823,1.9M,167.37K,+9.7%,<.01%
G6964L206,PSFE,PAYSAFE LIMITED,92594,22400,691.68K,167.33K,+31.9%,<.01%
88032L605,TENX,TENAX THERAPEUTICS INC,164000,11400,2.39M,165.87K,+7.5%,<.01%
744413204,PIII,P3 HEALTH PARTNERS INC,15149,15149,163.61K,163.61K,NEW,<.01%
G7633Y108,ROMA,ROMA GREEN FIN LTD,42500,20300,336.6K,160.78K,+91.4%,<.01%
92647X830,VFLO,VICTORY PORTFOLIOS II,21800,3500,997.35K,160.12K,+19.1%,<.01%
206787103,CNDT,CONDUENT INC,2717000,108600,3.97M,158.56K,+4.2%,<.01%
835483108,SOTK,SONO TEK CORP,115000,25900,703.8K,158.51K,+29.1%,<.01%
629444209,NRXP,NRX PHARMACEUTICALS INC,38600,38600,157.87K,157.87K,NEW,<.01%
982104101,WS,WORTHINGTON STL INC,191138,4700,6.42M,157.83K,+2.5%,<.01%
72815G108,MYPS,PLAYSTUDIOS INC,927931,315961,463.04K,157.66K,+51.6%,<.01%
G0585R106,AGO,ASSURED GUARANTY LTD,4400,1900,352.7K,152.3K,+76%,<.01%
335834107,FNWB,FIRST NORTHWEST BANCORP,352305,14000,3.81M,151.34K,+4.1%,<.01%
33833Q106,FPH,FIVE POINT HOLDINGS LLC,298500,28338,1.57M,149.34K,+10.5%,<.01%
09077D209,BFRI,BIOFRONTERA INC,157505,157505,148.92K,148.92K,NEW,<.01%
75340L104,RPID,RAPID MICRO BIOSYSTEMS INC,212101,85484,366.94K,147.89K,+67.5%,<.01%
39813G109,GDYN,GRID DYNAMICS HLDGS INC,59000,26000,335.12K,147.68K,+78.8%,<.01%
85512G106,STHO,STAR HLDGS,109899,16119,1M,147.17K,+17.2%,<.01%
12233L206,BNR,BURNING ROCK BIOTECH LTD,52838,17431,442.25K,145.9K,+49.2%,<.01%
452521107,IMMR,IMMERSION CORP,21500,21500,145.56K,145.56K,NEW,<.01%
L72967109,OEC,ORION S.A.,123096,21800,816.13K,144.53K,+21.5%,<.01%
368678108,GENC,GENCOR INDS INC,392687,9679,5.86M,144.41K,+2.5%,<.01%
105230106,BOF,BRANCHOUT FOOD INC,111400,30973,512.44K,142.48K,+38.5%,<.01%
98422T209,XLO,XILIO THERAPEUTICS INC,64153,14587,614.59K,139.74K,+29.4%,<.01%
277802500,BLNE,BEELINE HOLDINGS INC,130695,113739,159.45K,138.76K,+670.8%,<.01%
81752R100,SRG,SERITAGE GROWTH PPTYS,52700,52700,138.6K,138.6K,NEW,<.01%
464286749,EWL,ISHARES INC,6600,2200,414.81K,138.27K,+50%,<.01%
591774104,MCB,METROPOLITAN BK HLDG CORP,13800,1400,1.36M,138.26K,+11.3%,<.01%
G68707101,PAGS,PAGSEGURO DIGITAL LTD,103400,15243,935.77K,137.95K,+17.3%,<.01%
745848101,LUNG,PULMONX CORP,425110,104810,552.64K,136.25K,+32.7%,<.01%
14019W109,CGXU,CAPITAL GROUP INTL FOCUS EQT,10900,3900,377.36K,135.02K,+55.7%,<.01%
22275C105,PODC,PODCASTONE INC,29903,29903,133.67K,133.67K,NEW,<.01%
G29201103,ECX,ECARX HOLDINGS INC,2119119,103519,2.73M,133.54K,+5.1%,<.01%
016744500,ALLR,ALLARITY THERAPEUTICS INC,331509,103425,427.65K,133.42K,+45.3%,<.01%
248356107,DNN,DENISON MINES CORP,9498513,42800,29.07M,130.97K,+0.5%,0.04%
00534A102,IVVD,INVIVYD INC,995334,149069,868.33K,130.05K,+17.6%,<.01%
26923N181,TSLZ,ETF OPPORTUNITIES TRUST,49400,12000,526.11K,127.8K,+32.1%,<.01%
961881208,WETH,WETOUCH TECHNOLOGY INC,161558,105058,195.49K,127.12K,+185.9%,<.01%
47632P101,JRSH,JERASH HLDGS US INC,298282,26042,1.43M,125.26K,+9.6%,<.01%
532275104,LWLG,LIGHTWAVE LOGIC INC,13237,13237,125.22K,125.22K,NEW,<.01%
81734D104,SEPN,SEPTERNA INC,41419,3719,1.39M,124.55K,+9.9%,<.01%
10554B104,LND,BRASILAGRO COMPANHIA BRASILE,173500,34000,619.39K,121.38K,+24.4%,<.01%
04746L203,LONA,LEONABIO INC,77424,13202,711.53K,121.33K,+20.6%,<.01%
69344D408,PHI,PLDT INC,2333976,6909,40.89M,121.05K,+0.3%,0.06%
629156407,NL,NLI HOLDINGS INC,182714,20244,1.09M,120.45K,+12.5%,<.01%
966084204,WSR,WHITESTONE REIT,60100,6289,1.14M,119.24K,+11.7%,<.01%
49876K103,GRML,GREENLAND MINES LTD,457086,457086,118.84K,118.84K,NEW,<.01%
349942102,FSM,FORTUNA MNG CORP,919400,14000,7.77M,118.3K,+1.5%,0.01%
62011B201,MSGM,MOTORSPORT GAMES INC,56800,29200,227.2K,116.8K,+105.8%,<.01%
05479K106,ELUT,ELUTIA INC,201816,119100,197.7K,116.67K,+144%,<.01%
09074F504,BIVI,BIOVIE INC,127918,60000,248.16K,116.4K,+88.3%,<.01%
35471R106,FSP,FRANKLIN STR PPTYS CORP,1916987,224384,987.25K,115.56K,+13.3%,<.01%
257554105,HUCK,DOMO INC,36076,36076,112.92K,112.92K,NEW,<.01%
05601U105,BRCC,BRC INC,400037,101359,444.04K,112.51K,+33.9%,<.01%
47103N106,JBI,JANUS INTERNATIONAL GROUP IN,321652,20152,1.79M,111.84K,+6.7%,<.01%
64136E102,NEUP,NEUPHORIA THERAPEUTICS INC,25500,25500,111.44K,111.44K,NEW,<.01%
87652V109,TASK,TASKUS INC,59700,23700,279.4K,110.92K,+65.8%,<.01%
57055L206,MRKR,MARKER THERAPEUTICS INC,249423,74129,366.65K,108.97K,+42.3%,<.01%
758932206,RGS,REGIS CORPORATION,18844,3800,527.63K,106.4K,+25.3%,<.01%
811292309,SCYX,SCYNEXIS INC,76525,25918,311.46K,105.48K,+51.2%,<.01%
527064208,LESL,LESLIES INC,28653,10300,290.83K,104.55K,+56.1%,<.01%
892918103,TACT,TRANSACT TECHNOLOGIES INC,414037,17807,2.42M,103.99K,+4.5%,<.01%
66981J102,MNSO,MINISO GROUP HLDG LTD,38108,8589,459.58K,103.58K,+29.1%,<.01%
31983A103,FCBC,FIRST CMNTY BANKSHARES INC V,57492,2304,2.55M,102.34K,+4.2%,<.01%
68373J104,LPRO,OPEN LENDING CORP,741625,32800,2.31M,102.01K,+4.6%,<.01%
Y46717107,KEN,KENON HLDGS LTD,29500,1500,1.97M,100.29K,+5.4%,<.01%
57637H103,MCFT,MASTERCRAFT BOAT HLDGS INC,137328,3872,3.55M,99.98K,+2.9%,<.01%
92840H400,VTGN,VISTAGEN THERAPEUTICS INC,730500,439200,165.09K,99.26K,+150.8%,<.01%
020772109,APT,ALPHA PRO TECH LTD,561572,17500,3.16M,98.35K,+3.2%,<.01%
98877R104,ZKH,ZKH GROUP LTD,133400,43500,301.48K,98.31K,+48.4%,<.01%
78648T100,SAFT,SAFETY INS GROUP INC,141695,1295,10.61M,96.94K,+0.9%,0.01%
39540E401,GP,GREENPOWER MTR CO INC,55573,55573,93.36K,93.36K,NEW,<.01%
092667104,SRTA,STRATA CRITICAL MEDICAL INC,492386,17500,2.59M,92.22K,+3.7%,<.01%
917313108,USIO,USIO INC,437241,36500,1.08M,90.52K,+9.1%,<.01%
905400107,UNB,UNION BANKSHARES INC,21852,3620,530.13K,87.82K,+19.9%,<.01%
65487X102,NOAH,NOAH HLDGS LTD,104255,8755,1.04M,87.46K,+9.2%,<.01%
868358102,SGC,SUPERIOR GROUP OF CO INC,53300,6600,699.3K,86.59K,+14.1%,<.01%
94132V105,WDH,WATERDROP INC,134327,76370,151.79K,86.3K,+131.8%,<.01%
98420X202,XFOR,X4 PHARMACEUTICALS INC,18100,18100,84.53K,84.53K,NEW,<.01%
15746L100,CBNA,CHAIN BRIDGE BANCORP INC,17200,2000,723.26K,84.1K,+13.2%,<.01%
488152208,KELYA,KELLY SVCS INC,120108,6806,1.47M,83.58K,+6%,<.01%
26205E107,DTI,DRILLING TOOLS INTL CORP,133200,42974,257.08K,82.94K,+47.6%,<.01%
68572M106,OBIO,ORCHESTRA BIOMED HLDGS INC,90000,19100,388.35K,82.42K,+26.9%,<.01%
097702203,BOLT,BOLT BIOTHERAPEUTICS INC,98625,21400,379.71K,82.39K,+27.7%,<.01%
02128L106,ALTG,ALTA EQUIPMENT GROUP INC,12500,12500,80.88K,80.88K,NEW,<.01%
M20598104,CSTE,CAESARSTONE LTD,414022,37720,869.45K,79.21K,+10%,<.01%
53630X203,LPCN,LIPOCINE INC NEW,69209,30712,177.18K,78.62K,+79.8%,<.01%
49721T507,KPRX,KIORA PHARMACEUTICALS INC,29824,29824,78.44K,78.44K,NEW,<.01%
07279B104,BAFN,BAYFIRST FINANCIAL CORP,15600,15600,78K,78K,NEW,<.01%
12430A300,BZFD,BUZZFEED INC,397303,52949,580.06K,77.31K,+15.4%,<.01%
32043P106,FGBI,FIRST GTY BANCSHARES INC,22906,7600,230.66K,76.53K,+49.7%,<.01%
29268T508,EFOI,ENERGY FOCUS INC,33398,23098,110.21K,76.22K,+224.3%,<.01%
Y3130D101,HMR,HEIDMAR MARITIME HLDGS CORP,59400,59400,76.03K,76.03K,NEW,<.01%
14817C107,FLNA,FILANA THERAPEUTICS INC,389601,62842,463.62K,74.78K,+19.2%,<.01%
05156X850,ACB,AURORA CANNABIS INC,784955,26774,2.19M,74.7K,+3.5%,<.01%
002120202,ATYR,ATYR PHARMA INC,165222,124700,98.6K,74.42K,+307.7%,<.01%
14159C202,CDIO,CARDIO DIAGNOSTICS HOLDGS IN,49200,33852,107.75K,74.14K,+220.6%,<.01%
G82454102,SMJF,SMJ INTL HOLDINGS INC,14400,14400,73.44K,73.44K,NEW,<.01%
288578107,EARN,ELLINGTON CREDIT COMPANY,16298,16298,72.04K,72.04K,NEW,<.01%
83301J100,SNAL,SNAIL INC,112932,112932,70.04K,70.04K,NEW,<.01%
35168W103,GUTS,FRACTYL HEALTH INC,122200,87000,97.08K,69.11K,+247.2%,<.01%
483467106,KLTR,KALTURA INC,707200,52900,919.36K,68.77K,+8.1%,<.01%
Y8900D108,TORO,TORO CORP,194200,14048,945.75K,68.41K,+7.8%,<.01%
229050307,CYRX,CRYOPORT INC,372405,4295,5.85M,67.43K,+1.2%,<.01%
45779A846,NSPR,INSPIREMD INC,112832,95223,78.99K,66.67K,+540.8%,<.01%
02156K103,OPTU,OPTIMUM COMMUNICATIONS INC,3976900,45300,5.77M,65.69K,+1.2%,<.01%
828359109,SAMG,SILVERCREST ASSET MGMT GROUP,168168,6431,1.7M,65.02K,+4%,<.01%
829214105,SLP,SIMULATIONS PLUS INC,185048,3548,3.39M,64.96K,+2%,<.01%
03836J201,APRE,APREA THERAPEUTICS INC,105800,80700,84.88K,64.75K,+321.5%,<.01%
X3R81D102,AFRI,FORAFRIC GLOBAL PLC,22308,6408,224.87K,64.59K,+40.3%,<.01%
79957L100,SMTI,SANARA MEDTECH INC,67400,2720,1.59M,64.16K,+4.2%,<.01%
G0705H103,BDMD,BAIRD MED INVT HLDGS LTD,55371,55371,63.68K,63.68K,NEW,<.01%
04216R102,ARMP,ARMATA PHARMACEUTICALS INC,48318,9822,313.1K,63.65K,+25.5%,<.01%
372284208,GNE,GENIE ENERGY LTD,507062,4277,7.33M,61.8K,+0.9%,0.01%
85859N300,STEM,STEM INC,66482,7907,519.22K,61.75K,+13.5%,<.01%
09073N300,STEX,STREAMEX CORP,473603,71999,402.7K,61.22K,+17.9%,<.01%
G7606H108,RDZN,ROADZEN INC,41441,41441,60.5K,60.5K,NEW,<.01%
228309100,CRWS,CROWN CRAFTS INC,278642,21300,791.34K,60.49K,+8.3%,<.01%
65342T106,NODK,NI HLDGS INC,92991,3800,1.46M,59.7K,+4.3%,<.01%
19188J409,COCP,COCRYSTAL PHARMA INC,179628,55700,188.61K,58.48K,+44.9%,<.01%
192176105,JVA,COFFEE HLDG CO INC,427964,17300,1.43M,57.78K,+4.2%,<.01%
95075A107,HOWL,WEREWOLF THERAPEUTICS INC,674632,158414,242.8K,57.01K,+30.7%,<.01%
B6S7WD106,NYXH,NYXOAH S A,33480,33480,56.58K,56.58K,NEW,<.01%
88331L108,SKIN,SKINHEALTH SYSTEMS INC,364691,80900,252.55K,56.02K,+28.5%,<.01%
90138L109,XXI,TWENTY ONE CAP INC,11100,11100,54.95K,54.95K,NEW,<.01%
723561106,PBFS,PIONEER BANCORP INC MD,73100,3200,1.25M,54.62K,+4.6%,<.01%
909214306,UIS,UNISYS CORP,927700,14800,3.4M,54.17K,+1.6%,<.01%
29402E102,ELA,ENVELA CORP,262865,1861,7.59M,53.75K,+0.7%,0.01%
G6772F102,YDDL,ONE AND ONE GREEN TECHNOLOGI,26600,26600,53.73K,53.73K,NEW,<.01%
98923T104,ZDGE,ZEDGE INC,532222,17273,1.65M,53.55K,+3.4%,<.01%
98212N107,WRAP,WRAP TECHNOLOGIES INC,358100,41338,461.95K,53.33K,+13.1%,<.01%
G55032174,HOLO,MICROCLOUD HOLOGRAM INC,34621,34621,53.32K,53.32K,NEW,<.01%
58470H101,MED,MEDIFAST INC,778610,4900,8.26M,51.99K,+0.6%,0.01%
878155308,TISI,TEAM INC,34451,3000,595.31K,51.84K,+9.5%,<.01%
163092109,CHGG,CHEGG INC,3396900,50100,3.43M,50.6K,+1.5%,<.01%
83558L303,SNOA,SONOMA PHARMACEUTICALS INC,40468,40468,49.78K,49.78K,NEW,<.01%
G9TY5A101,ZURA,ZURA BIO LTD,321702,8402,1.9M,49.57K,+2.7%,<.01%
230031106,CGEM,CULLINAN THERAPEUTICS INC,326811,2700,5.95M,49.17K,+0.8%,<.01%
230770109,CPIX,CUMBERLAND PHARMACEUTICALS I,478263,7567,3.1M,49.03K,+1.6%,<.01%
23248B109,CXAI,CXAPP INC,633254,261500,117.91K,48.69K,+70.3%,<.01%
09071M304,BLRX,BIOLINE RX LIMITED,15412,15412,48.09K,48.09K,NEW,<.01%
G83116106,MENS,JYONG BIOTECH LTD,22900,22900,47.4K,47.4K,NEW,<.01%
M8211G108,RGNT,REGENTIS BIOMATERIALS LTD,13348,13348,47.12K,47.12K,NEW,<.01%
98585L100,YRD,YIREN DIGITAL LTD,269392,56249,225.13K,47.01K,+26.4%,<.01%
17166A101,CBUS,CIBUS INC,132500,33600,181.53K,46.03K,+34%,<.01%
04962H704,ATOS,ATOSSA THERAPEUTICS INC,132043,23036,254.84K,44.46K,+21.1%,<.01%
29405E505,ENVB,ENVERIC BIOSCIENCES INC,32058,32058,44.24K,44.24K,NEW,<.01%
98400H102,XBIT,XBIOTECH INC,41663,19225,95.83K,44.22K,+85.7%,<.01%
149205106,CATO,CATO CORP NEW,561950,13600,1.82M,44.06K,+2.5%,<.01%
M7071P109,NSRX,NASUS PHARMA LTD,12200,12200,42.7K,42.7K,NEW,<.01%
440407104,HBNC,HORIZON BANCORP IND,155500,2076,3.11M,41.48K,+1.4%,<.01%
387432107,GRNT,GRANITE RIDGE RESOURCES INC,74600,9400,328.99K,41.45K,+14.4%,<.01%
670002401,NVAX,NOVAVAX INC,501783,4400,4.73M,41.45K,+0.9%,<.01%
394357107,GCBC,GREENE CNTY BANCORP INC,52200,1200,1.75M,40.31K,+2.4%,<.01%
65481N100,NIU,NIU TECHNOLOGIES,340000,20000,683.4K,40.2K,+6.2%,<.01%
01438T106,ALDX,ALDEYRA THERAPEUTICS INC,882000,18813,1.88M,40.07K,+2.2%,<.01%
G1152A104,FUFU,BITFUFU INC,85200,28053,120.13K,39.55K,+49.1%,<.01%
30219Q106,EXFY,EXPENSIFY INC,746700,21700,1.34M,38.84K,+3%,<.01%
189763204,CODX,CO-DIAGNOSTICS INC,12500,12500,38.75K,38.75K,NEW,<.01%
Y71726130,PXS,PYXIS TANKERS INC,128201,9200,533.32K,38.27K,+7.7%,<.01%
686275207,OESX,ORION ENERGY SYS INC,181669,3200,2.12M,37.41K,+1.8%,<.01%
867981102,SUNS,SUNRISE RLTY TR INC,49000,4700,387.1K,37.13K,+10.6%,<.01%
M70240102,MNDO,MIND C T I LTD,57952,35478,59.69K,36.54K,+157.9%,<.01%
G50875205,JCSE,JE CLEANTECH HOLDINGS LIMITE,25230,25230,35.83K,35.83K,NEW,<.01%
902952100,GROW,U S GLOBAL INVS INC,204015,11300,636.53K,35.26K,+5.9%,<.01%
003881307,ACTG,ACACIA RESH CORP,1415088,7504,6.59M,34.97K,+0.5%,<.01%
910710102,ACIC,AMERICAN COASTAL INS CORP,542359,3102,6.02M,34.43K,+0.6%,<.01%
084670702,BRK.B,BERKSHIRE HATHAWAY INC DEL,1791,69,892.45K,34.38K,+4%,<.01%
22658D100,CRCT,CRICUT INC,886943,7800,3.89M,34.24K,+0.9%,<.01%
665809109,NTIC,NORTHERN TECHNOLOGIES INTL C,122577,3800,1.05M,32.53K,+3.2%,<.01%
98423B306,XOS,XOS INC,10600,10600,32.01K,32.01K,NEW,<.01%
74065P101,PRLD,PRELUDE THERAPEUTICS INC,281200,6000,1.5M,31.98K,+2.2%,<.01%
45175G207,IMA,IMAGENEBIO INC,86930,5234,512.89K,30.88K,+6.4%,<.01%
462684101,IRIX,IRIDEX CORP,423542,26915,484.96K,30.82K,+6.8%,<.01%
588056101,MERC,MERCER INTL INC,62511,46500,41.26K,30.69K,+290.4%,<.01%
024013104,AAT,AMERICAN ASSETS TR INC,66200,1200,1.63M,29.63K,+1.8%,<.01%
816645204,LEDS,SEMILEDS CORP,79106,17406,132.11K,29.07K,+28.2%,<.01%
138035704,CGC,CANOPY GROWTH CORPORATION,30500,30500,28.98K,28.98K,NEW,<.01%
75282U104,RNGR,RANGER ENERGY SVCS INC,308583,1793,4.94M,28.71K,+0.6%,<.01%
G1820C102,CANG,CANGO INC,1148242,138806,234.81K,28.39K,+13.8%,<.01%
71953R108,PMI,PICARD MEDICAL INC,172381,172381,28.18K,28.18K,NEW,<.01%
70465T107,PDSB,PDS BIOTECHNOLOGY CORP,252200,31400,222.21K,27.67K,+14.2%,<.01%
83191H107,SND,SMART SAND INC,56100,5500,281.06K,27.55K,+10.9%,<.01%
88636W171,RKLZ,TIDAL TRUST II,10900,10900,27.47K,27.47K,NEW,<.01%
973921208,WYHG,WING YIP FOOD HOLDINGS GROUP,10596,6741,43.02K,27.37K,+174.9%,<.01%
48576U205,KPTI,KARYOPHARM THERAPEUTICS INC,108214,2800,1.06M,27.36K,+2.7%,<.01%
76129W105,RVP,RETRACTABLE TECHNOLOGIES INC,441407,37400,317.81K,26.93K,+9.3%,<.01%
538146309,LPSN,LIVEPERSON INC,14111,14111,26.81K,26.81K,NEW,<.01%
019170208,AIFA,ALL IN FUTURETECH ALLIANCE I,27453,11835,61.22K,26.39K,+75.8%,<.01%
576810303,MTNB,MATINAS BIOPHARMA HLDGS INC,71040,42470,43.48K,25.99K,+148.7%,<.01%
62857J201,MYO,MYOMO INC,48500,24900,50.44K,25.9K,+105.5%,<.01%
G9094C104,TROO,TROOPS INC,10500,10500,25.83K,25.83K,NEW,<.01%
03842K309,AQB,AQUABOUNTY TECHNOLOGIES INC,138163,23916,147.83K,25.59K,+20.9%,<.01%
382140879,GTIM,GOOD TIMES RESTAURANTS INC,241426,18147,340.41K,25.59K,+8.1%,<.01%
471871202,JSPR,JASPER THERAPEUTICS INC,237900,60400,100.16K,25.43K,+34%,<.01%
054754858,AYTU,AYTU BIOPHARMA INC,104823,11100,225.37K,23.86K,+11.8%,<.01%
87538X105,TLF,TANDY LEATHER FACTORY INC,26912,10212,62.7K,23.79K,+61.1%,<.01%
31189P102,FATE,FATE THERAPEUTICS INC,2983268,8585,8.05M,23.18K,+0.3%,0.01%
74584P301,PULM,PULMATRIX INC,122698,13550,208.59K,23.04K,+12.4%,<.01%
893617209,TCI,TRANSCONTINENTAL RLTY INVS,9200,500,423.11K,23K,+5.7%,<.01%
00180N101,HKD,AMTD DIGITAL INC,106158,14358,168.79K,22.83K,+15.6%,<.01%
92335C106,VRA,VERA BRADLEY INC,227516,5800,885.04K,22.56K,+2.6%,<.01%
690732102,ACH,ACCENDRA HEALTH INC,324413,6500,1.11M,22.23K,+2%,<.01%
G5191U120,JL,J-LONG GROUP LTD,14200,3775,83.35K,22.16K,+36.2%,<.01%
82935V307,SGLY,SINGULARITY FUTURE TECH LTD,72950,72950,21.9K,21.9K,NEW,<.01%
53838J105,LVWR,LIVEWIRE GROUP INC,19197,19197,21.5K,21.5K,NEW,<.01%
39531G308,VIP,GREENIDGE GENERATION HLDGS I,100300,12000,179.54K,21.48K,+13.6%,<.01%
45782T105,INMB,INMUNE BIO INC,29700,12700,48.41K,20.7K,+74.7%,<.01%
58468P206,MNOV,MEDICINOVA INC,205400,15500,271.13K,20.46K,+8.2%,<.01%
64081V109,NRDY,NERDY INC,93000,22000,85.2K,20.15K,+31%,<.01%
G51405101,CRGO,FREIGHTOS LTD,13200,13200,20.06K,20.06K,NEW,<.01%
50186A108,LGL,LGL GROUP INC,169494,2900,1.17M,20.04K,+1.7%,<.01%
059460402,BBDO,BANCO BRADESCO S A,41629,6630,124.89K,19.89K,+18.9%,<.01%
68620A302,VIVS,VIVOSIM LABS INC,18500,18500,19.8K,19.8K,NEW,<.01%
405217100,HAIN,HAIN CELESTIAL GROUP INC,250400,34300,140.27K,19.21K,+15.9%,<.01%
9837FR209,SPRU,SPRUCE POWER HOLDING CORP,243533,7300,628.32K,18.83K,+3.1%,<.01%
420476103,HWBK,HAWTHORN BANCSHARES INC,35319,476,1.39M,18.71K,+1.4%,<.01%
163075203,CMCM,CHEETAH MOBILE INC,38654,5812,116.73K,17.55K,+17.7%,<.01%
45674E208,INAB,IN8BIO INC,12100,12100,17.06K,17.06K,NEW,<.01%
G1993F106,CCHH,CCH HLDGS LTD,35813,35813,16.82K,16.82K,NEW,<.01%
G6724L116,OKYO,OKYO PHARMA LTD,11200,11200,16.8K,16.8K,NEW,<.01%
G88912103,TLSA,TIZIANA LIFE SCIENCES LTD,13100,13100,16.77K,16.77K,NEW,<.01%
G9687V204,WIMI,WIMI HOLOGRAM CLOUD INC,72191,11100,109.01K,16.76K,+18.2%,<.01%
90355N101,USCB,USCB FINANCIAL HOLDINGS INC,92000,800,1.88M,16.37K,+0.9%,<.01%
87164U508,TOVX,THERIVA BIOLOGICS INC,63710,63710,15.94K,15.94K,NEW,<.01%
103002101,BWMN,BOWMAN CONSULTING GROUP LTD,99924,545,2.92M,15.91K,+0.5%,<.01%
61218C103,MNTK,MONTAUK RENEWABLES INC,364800,10200,569.09K,15.91K,+2.9%,<.01%
M2R51X116,CLGN,COLLPLANT BIOTECHNOLOGIES LT,61500,44700,21.46K,15.6K,+266.1%,<.01%
89977P205,TOUR,TUNIU CORP,31741,3218,153.31K,15.54K,+11.3%,<.01%
09175M804,GPUS,HYPERSCALE DATA INC,109669,109669,15.43K,15.43K,NEW,<.01%
G4236L138,GFAI,GUARDFORCE AI CO LTD,432100,36900,171.98K,14.69K,+9.3%,<.01%
81578P106,SEER,SEER INC,985500,8812,1.64M,14.63K,+0.9%,<.01%
239467103,DXR,DAXOR CORP,29421,1410,302.88K,14.52K,+5%,<.01%
83607A100,SFBC,SOUND FINL BANCORP INC,6000,325,258.66K,14.01K,+5.7%,<.01%
54303L203,LGVN,LONGEVERON INC,19827,19827,13.94K,13.94K,NEW,<.01%
23126K106,CURX,CURANEX PHARMACEUTICALS INC,52000,52000,13.79K,13.79K,NEW,<.01%
594960304,MVIS,MICROVISION INC DEL,41100,41100,13.44K,13.44K,NEW,<.01%
031094204,AMST,AMESITE INC,10100,10100,13.43K,13.43K,NEW,<.01%
029595105,AMS,AMERICAN SHARED HOSPITAL SVC,57695,8495,91.16K,13.42K,+17.3%,<.01%
G71399102,ITOC,ITONIC HOLDINGS LTD,44080,44080,13.27K,13.27K,NEW,<.01%
83067L208,FIRY,FIRY INC,400725,1300,4.08M,13.23K,+0.3%,<.01%
33830Q208,FEAM,5E ADVANCED MATERIALS INC,200200,8800,278.28K,12.23K,+4.6%,<.01%
26916J205,GWH,ESS TECH INC,12700,12700,12.06K,12.06K,NEW,<.01%
24477E103,DH,DEFINITIVE HEALTHCARE CORP,525040,13900,436.26K,11.55K,+2.7%,<.01%
G6005C108,MPU,MEGA MATRIX INC,35776,35776,10.55K,10.55K,NEW,<.01%
918905209,VHI,VALHI INC NEW,129117,700,1.89M,10.27K,+0.5%,<.01%
G7733R102,RYDE,RYDE GROUP LTD,14653,14653,9.4K,9.4K,NEW,<.01%
928031103,VABK,VIRGINIA NATL BK CHRLOTSVLE,15700,200,696.77K,8.88K,+1.3%,<.01%
72815L107,PLTK,PLAYTIKA HLDG CORP,1389694,2300,5.17M,8.56K,+0.2%,<.01%
G9107K101,THH,TRYHARD HLDGS LTD,29276,29276,8.46K,8.46K,NEW,<.01%
B5950S113,MDXH,MDXHEALTH SA,325084,20384,133.48K,8.37K,+6.7%,<.01%
048209100,AAME,ATLANTIC AMERN CORP,51800,4900,86.51K,8.18K,+10.4%,<.01%
G2124J108,CHOW,CHOWCHOW CLOUD INTL HLDGS LT,21100,21100,8.12K,8.12K,NEW,<.01%
44955L106,IAUX,I-80 GOLD CORP,2145949,5368,3.09M,7.73K,+0.3%,<.01%
066849100,BHB,BAR HBR BANKSHARES,184484,200,6.97M,7.55K,+0.1%,<.01%
583435409,STKH,STEAKHOLDER FOODS LTD,13600,13600,7.5K,7.5K,NEW,<.01%
69764K106,IPM,INTELLIGENT PROTECTION MANAG,45600,4300,79.34K,7.48K,+10.4%,<.01%
31812F109,FNWD,FINWARD BANCORP,45300,200,1.67M,7.36K,+0.4%,<.01%
281479105,EDUC,EDUCATIONAL DEV CORP,201545,4700,304.33K,7.1K,+2.4%,<.01%
42727E103,HGBL,HERITAGE GLOBAL INC,249617,5300,302.04K,6.41K,+2.2%,<.01%
04206A101,ARLO,ARLO TECHNOLOGIES INC,2049849,431,27.63M,5.81K,+0%,0.04%
15486W100,CPBI,CENTRAL PLAINS BANCSHARES IN,24200,300,460.53K,5.71K,+1.3%,<.01%
97269D103,WSBK,WINCHESTER BANCORP INC,31400,400,412.6K,5.26K,+1.3%,<.01%
G98338109,YTRA,YATRA ONLINE INC,538536,4480,507.52K,4.22K,+0.8%,<.01%
872381108,TELA,TELA BIO INC,58100,5500,43.58K,4.12K,+10.5%,<.01%
G1991X125,BANL,CBL INTL LTD,11800,11800,4.07K,4.07K,NEW,<.01%
866264203,SSBI,SUMMIT ST BK SANTA ROSA CALI,12890,300,174.79K,4.07K,+2.4%,<.01%
92941V308,YARW,VYNE THERAPEUTICS INC,23300,6000,15.16K,3.9K,+34.7%,<.01%
48253L205,KLXE,KLX ENERGY SERVICES HOLDINGS,153600,1500,396.29K,3.87K,+1%,<.01%
M8T80P204,NEXN,NEXXEN INTL LTD,252000,400,2.28M,3.61K,+0.2%,<.01%
18912E207,CSAI,CLOUDASTRUCTURE INC,10600,10600,3.6K,3.6K,NEW,<.01%
55977T208,MGYR,MAGYAR BANCORP INC,22986,200,401.11K,3.49K,+0.9%,<.01%
36165A102,JOB,GEE GROUP INC,1305318,16392,274.12K,3.44K,+1.3%,<.01%
M4130Y106,ENLV,ENLIVEX LTD,133900,5708,73.63K,3.14K,+4.5%,<.01%
09075F404,BNGO,BIONANO GENOMICS INC,51100,2400,57.74K,2.71K,+4.9%,<.01%
53814X300,LVO,LIVEONE INC,64098,390,410.23K,2.5K,+0.6%,<.01%
16941T401,CPHI,CHINA PHARMA HLDGS INC,15045,3627,9.93K,2.39K,+31.8%,<.01%
G6856M106,OXBR,OXBRIDGE RE HLDGS LTD,35000,2300,36.05K,2.37K,+7%,<.01%
543518104,LOOP,LOOP INDS INC,151100,2439,145.06K,2.34K,+1.6%,<.01%
G1331C104,BGL,BLUE GOLD LTD,37330,8076,10.39K,2.25K,+27.6%,<.01%
111444709,BYFC,BROADWAY FINL CORP DEL,14470,200,139.78K,1.93K,+1.4%,<.01%
G989A6102,TOP,TOP FINANCIAL GROUP LTD,49700,1000,90.95K,1.83K,+2.1%,<.01%
05581M404,BTCS,BTCS INC,1058530,1430,1.17M,1.59K,+0.1%,<.01%
36872P103,GNSS,GENASYS INC,109936,800,186.89K,1.36K,+0.7%,<.01%
22530J309,CREX,CREATIVE REALITIES INC,68803,301,284.16K,1.24K,+0.4%,<.01%
589492107,MREO,MEREO BIOPHARMA GROUP PLC,52100,3700,16.55K,1.18K,+7.6%,<.01%
669549107,NWFL,NORWOOD FINANCIAL CORP,65557,31,2.11M,996.65,+0%,<.01%
88338N206,TXMD,THERAPEUTICSMD INC,146599,399,323.98K,881.79,+0.3%,<.01%
004890109,ACRV,ACRIVON THERAPEUTICS INC,758863,423,1.35M,752.94,+0.1%,<.01%
46501C100,ISPR,ISPIRE TECHNOLOGY INC,13000,600,14.56K,672,+4.8%,<.01%
89854H102,TTEC,TTEC HLDGS INC,56900,200,110.39K,388,+0.4%,<.01%
86882L204,SURG,SURGEPAYS INC,50900,1000,18.38K,361,+2%,<.01%
177835105,CHCO,CITY HLDG CO,61688,2,8.18M,265.28,+0%,0.01%
05453N100,AWRE,AWARE INC MASS,655812,100,885.35K,135,+0%,<.01%
52886N406,LEXX,LEXARIA BIOSCIENCE CORP,16500,200,9.24K,112,+1.2%,<.01%
83368E200,SCKT,SOCKET MOBILE INC,26700,100,16.09K,60.26,+0.4%,<.01%
985817105,YELP,YELP INC,844234,0,20.7M,0,NO CHANGE,0.03%
447324104,HURC,HURCO CO,120900,0,2.77M,0,NO CHANGE,<.01%
02341Q205,DIT,AMCON DISTRG CO,14001,0,1.02M,0,NO CHANGE,<.01%
05601C105,BGSF,BGSF INC,11700,0,66.81K,0,NO CHANGE,<.01%
G31642104,CLPS,CLPS INCORPORATION,13032,0,11.01K,0,NO CHANGE,<.01%
M8287R202,REE,REE AUTOMOTIVE LTD,30977,-400,6.07K,-78.39,-1.3%,<.01%
628988107,MYND,MYND AI INC,15844,-400,6.07K,-153.19,-2.5%,<.01%
G87084110,PETZ,TDH HLDGS INC,12100,-200,15.25K,-252,-1.6%,<.01%
23283X206,CTSO,CYTOSORBENTS CORP,100020,-700,37.41K,-261.8,-0.7%,<.01%
M1R79L104,BMR,BEAMR IMAGING LTD,44800,-200,62.72K,-280,-0.4%,<.01%
G10830100,BYSI,BEYONDSPRING INC,10900,-200,19.07K,-350,-1.8%,<.01%
G7864D112,SJ,SCIENJOY HOLDING CORP,27504,-500,21.45K,-390,-1.8%,<.01%
68247Q201,YI,111 INC,12914,-100,56.05K,-434,-0.8%,<.01%
G67828205,SEED,ORIGIN AGRITECH LIMITED,10500,-483,11.13K,-511.98,-4.4%,<.01%
104833306,BRAG,BRAGG GAMING GROUP INC,50800,-300,87.38K,-516,-0.6%,<.01%
46520M204,ACCS,ACCESS NEWSWIRE INC,29238,-100,190.05K,-650,-0.3%,<.01%
M8216Q309,LFWD,LIFEWARD LTD,11327,-100,86.77K,-766,-0.9%,<.01%
G6181K122,MTC,MMTEC INC,26700,-400,66.75K,-1K,-1.5%,<.01%
G45139105,HKIT,HITEK GLOBAL INC,0,-17400,0,-1K,CLOSE,0%
42227T105,HOST,HEALTHY CHOICE WELLNESS CORP,37400,-5900,7.26K,-1.14K,-13.6%,<.01%
G9491K139,GGR,GOGORO INC,28138,-300,112.13K,-1.2K,-1.1%,<.01%
140755307,TVRD,TVARDI THERAPEUTICS INC,91409,-691,173.68K,-1.31K,-0.8%,<.01%
826176109,SIEB,SIEBERT FINL CORP,21000,-800,34.65K,-1.32K,-3.7%,<.01%
44888K407,HYFM,HYDROFARM HLDGS GROUP INC,70363,-1800,59.79K,-1.53K,-2.5%,<.01%
75989R107,RNXT,RENOVORX INC,11400,-1600,11.17K,-1.57K,-12.3%,<.01%
14888L101,CLST,CATALYST BANCORP INC,23100,-100,381.38K,-1.65K,-0.4%,<.01%
47733C207,JCTC,JEWETT CAMERON TRADING LTD,94528,-702,228.76K,-1.7K,-0.7%,<.01%
416196202,HHS,HARTE HANKS INC,21400,-800,46.22K,-1.73K,-3.6%,<.01%
608012308,MOGU,MOGU INC,11857,-1132,19.8K,-1.89K,-8.7%,<.01%
156492100,CNTY,CENTURY CASINOS INC,248281,-1506,317.8K,-1.93K,-0.6%,<.01%
029174109,ARL,AMERICAN RLTY INVS INC,14699,-100,327.35K,-2.23K,-0.7%,<.01%
00211V106,AACG,ATA CREATIVITY GLOBAL,58444,-2200,60.2K,-2.27K,-3.6%,<.01%
72942G203,PLUR,PLURI INC,18324,-1100,38.3K,-2.3K,-5.7%,<.01%
40701T104,HBB,HAMILTON BEACH BRANDS HLDG C,22600,-100,520.48K,-2.3K,-0.4%,<.01%
10807Q700,BLIN,BRIDGELINE DIGITAL INC,156729,-2000,181.81K,-2.32K,-1.3%,<.01%
26745T101,DYAI,DYADIC INTL INC DEL,78786,-2879,70.59K,-2.58K,-3.5%,<.01%
83419H103,SMXT,SOLARMAX TECHNOLOGY INC,50083,-7400,17.48K,-2.58K,-12.9%,<.01%
291087203,MSN,EMERSON RADIO CORP,636731,-8007,227K,-2.85K,-1.2%,<.01%
39986L109,GRWG,GROWGENERATION CORP,1368636,-1974,2.03M,-2.92K,-0.1%,<.01%
31572Q881,KYNB,KYNTRA BIO INC,27081,-400,204.46K,-3.02K,-1.5%,<.01%
G7T96K107,SRL,SCULLY ROYALTY LTD,67114,-1000,205.54K,-3.06K,-1.5%,<.01%
G4808M100,INLF,INLIF LTD,0,-10500,0,-3.41K,CLOSE,0%
25461A395,AMDD,DIREXION SHARES ETF TRUST,11700,-1300,31K,-3.44K,-10%,<.01%
25609L105,DCBO,DOCEBO INC,107831,-200,1.93M,-3.58K,-0.2%,<.01%
65345B201,NXL,NEXALIN TECHNOLOGY INC,0,-10676,0,-3.72K,CLOSE,0%
485859201,KPLT,KATAPULT HOLDINGS INC,16397,-600,108.38K,-3.97K,-3.5%,<.01%
073463309,BODI,THE BEACHBODY COMPANY INC,102464,-400,1.05M,-4.09K,-0.4%,<.01%
563771203,MTEX,MANNATECH INC,30078,-800,156.71K,-4.17K,-2.6%,<.01%
37892C106,BTLN,GLIMPSE GROUP INC,128400,-5497,98.86K,-4.23K,-4.1%,<.01%
09631H100,BHM,BLUEROCK HOMES TRUST INC,14500,-499,130.5K,-4.49K,-3.3%,<.01%
76122Q105,RGP,RESOURCES CONNECTION INC,310100,-1100,1.32M,-4.67K,-0.4%,<.01%
786598300,SGA,SAGA COMMUNICATIONS INC,105918,-526,960.68K,-4.77K,-0.5%,<.01%
044103794,AHT,ASHFORD HOSPITALITY TR INC,54803,-1500,177.56K,-4.86K,-2.7%,<.01%
G3R33A205,EBON,EBANG INTL HLDGS INC,44913,-2300,97.91K,-5.01K,-4.9%,<.01%
03528H109,ANIX,ANIXA BIOSCIENCES INC,59373,-1800,166.24K,-5.04K,-2.9%,<.01%
G4481U106,HIHO,HIGHWAY HLDGS LTD,143866,-6349,115.09K,-5.08K,-4.2%,<.01%
443787205,STRR,STAR EQUITY HOLDINGS INC,80426,-500,857.34K,-5.33K,-0.6%,<.01%
355184102,FKWL,FRANKLIN WIRELESS CORP,96601,-2099,245.37K,-5.33K,-2.1%,<.01%
050473107,AUBN,AUBURN NATL BANCORP,16309,-200,441K,-5.41K,-1.2%,<.01%
M6000J200,HUBC,HUB CYBER SECURITY LTD,0,-55054,0,-5.47K,CLOSE,0%
02115D208,AEI,ALSET INC,103366,-3900,148.85K,-5.62K,-3.6%,<.01%
00887A204,RNTX,REIN THERAPEUTICS INC,19000,-5500,19.76K,-5.72K,-22.4%,<.01%
655186500,NCRA,NOCERA INC,0,-29474,0,-6K,CLOSE,0%
26253C201,DSS,DSS INC,27048,-10194,15.96K,-6.01K,-27.4%,<.01%
G6593L122,AIOS,AIOS TECHNOLOGY INC,0,-10568,0,-6.22K,CLOSE,0%
00152K200,AKA,A K A BRANDS HLDG CORP,16969,-600,181.74K,-6.43K,-3.4%,<.01%
30052F100,EVGO,EVGO INC,1189533,-3400,2.27M,-6.49K,-0.3%,<.01%
92827K301,VTSI,VIRTRA INC,43000,-2100,135.02K,-6.59K,-4.7%,<.01%
969136100,WVVI,WILLAMETTE VALLEY VINEYARDS,63352,-2700,159.01K,-6.78K,-4.1%,<.01%
G4290D105,HXHX,HAOXIN HLDGS LTD,0,-17300,0,-6.78K,CLOSE,0%
G20080100,CBAT,CBAK ENERGY TECHNOLOGY LTD,41400,-11728,24.49K,-6.94K,-22.1%,<.01%
040712101,ARKR,ARK RESTAURANTS CORP,24011,-1200,140.7K,-7.03K,-4.8%,<.01%
06684L103,BZUN,BAOZUN INC,193516,-2500,547.65K,-7.07K,-1.3%,<.01%
20564W204,SCOR,COMSCORE INC,39921,-1000,294.62K,-7.38K,-2.4%,<.01%
74836W203,QRHC,QUEST RESOURCE HLDG CORP,122892,-5900,154.84K,-7.43K,-4.6%,<.01%
M549GJ111,INCR,INTERCURE LTD,57800,-6802,63.58K,-7.48K,-10.5%,<.01%
G0136H102,AERT,AERIES TECHNOLOGY INC,0,-26000,0,-8.14K,CLOSE,0%
G28365107,MATH,METALPHA TECHN HOLDING LTD,37424,-8676,36.11K,-8.37K,-18.8%,<.01%
59935P209,MLSS,MILESTONE SCIENTIFIC INC,56297,-26200,18.07K,-8.41K,-31.8%,<.01%
630087302,NNVC,NANOVIRICIDES INC,128600,-6300,177.47K,-8.69K,-4.7%,<.01%
39957D201,GROV,GROVE COLLABORATIVE HOLD INC,60500,-7400,75.62K,-9.25K,-10.9%,<.01%
47737L302,JZ,JIANZHI ED TECHNOLOGY GROUP,0,-11000,0,-9.39K,CLOSE,0%
G6096M122,NIKI,APTORUM GROUP LIMITED,0,-11838,0,-9.42K,CLOSE,0%
896438504,TRIB,TRINITY BIOTECH INVT LTD,0,-17762,0,-9.63K,CLOSE,0%
457919108,IHT,INNSUITES HOSPITALITY TR,81203,-5700,138.04K,-9.69K,-6.6%,<.01%
83066P309,SKIL,SKILLSOFT CORP,59074,-1935,306K,-10.02K,-3.2%,<.01%
282914100,EGHT,8X8 INC NEW,456625,-5870,780.83K,-10.04K,-1.3%,<.01%
G9310A122,UTSI,UTSTARCOM HOLDINGS CORP,53488,-4100,133.19K,-10.21K,-7.1%,<.01%
493144109,KTCC,KEY TRONIC CORP,86900,-2500,358.9K,-10.32K,-2.8%,<.01%
172922106,CZNC,CITIZENS & NORTHN CORP,52990,-451,1.24M,-10.51K,-0.8%,<.01%
G3337S109,FBGL,FBS GLOBAL LTD,123292,-21200,62.87K,-10.81K,-14.7%,<.01%
20731J102,PRHI,PRESURANCE HOLDINGS INC,0,-22266,0,-11.35K,CLOSE,0%
168088102,CVR,CHICAGO RIVET & MACH CO,27310,-1100,284.16K,-11.45K,-3.9%,<.01%
L0175J120,ASPSZ,ALTISOURCE PORTFOLIO SOLUTIO,265603,-42200,74.37K,-11.82K,-13.7%,<.01%
00180G304,AMTD,AMTD IDEA GROUP,16765,-12308,16.18K,-11.87K,-42.3%,<.01%
000868109,ACNB,ACNB CORP,24356,-200,1.45M,-11.88K,-0.8%,<.01%
18885T306,CLPR,CLIPPER RLTY INC,90557,-4400,246.31K,-11.97K,-4.6%,<.01%
G0535E106,APWC,ASIA PACIFIC WIRE & CABLE CO,63900,-7300,104.8K,-11.97K,-10.3%,<.01%
920437100,VALU,VALUE LINE INC,10600,-300,429.09K,-12.14K,-2.8%,<.01%
62464R109,MITQ,MOVING IMAGE TECHNOLOGIES IN,101400,-21000,58.81K,-12.18K,-17.2%,<.01%
755408101,RDI,READING INTL INC,502390,-9600,643.06K,-12.29K,-1.9%,<.01%
57628N101,MAMO,MASSIMO GROUP,0,-12600,0,-12.55K,CLOSE,0%
126327105,LAW,CS DISCO INC,80900,-3344,305.8K,-12.64K,-4%,<.01%
05343P109,AWX,AVALON HLDGS CORP,70810,-5172,176.32K,-12.88K,-6.8%,<.01%
416906204,HBIO,HARVARD BIOSCIENCE INC,99327,-2100,610.86K,-12.91K,-2.1%,<.01%
64550A107,HOVR,NEW HORIZON AIRCRAFT LTD,450659,-6713,887.8K,-13.22K,-1.5%,<.01%
28238P109,EHTH,EHEALTH INC,16200,-8900,24.14K,-13.26K,-35.5%,<.01%
84445C100,SLND,SOUTHLAND HLDGS INC,0,-10300,0,-13.39K,CLOSE,0%
45780L104,INGN,INOGEN INC,476700,-2100,3.07M,-13.54K,-0.4%,<.01%
G8211A108,EDTK,SKILLFUL CRAFTSMAN ED TECH L,48600,-14200,47.66K,-13.92K,-22.6%,<.01%
71715X203,PMCB,PHARMACYTE BIOTECH INC,37987,-18513,29.25K,-14.26K,-32.8%,<.01%
760911107,REFR,RESEARCH FRONTIERS INC,40789,-27511,21.21K,-14.31K,-40.3%,<.01%
70261F202,KTTA,PASITHEA THERAPEUTICS CORP,65600,-27799,33.81K,-14.33K,-29.8%,<.01%
G4092C107,GCDT,GREEN CIRCLE DECARBONIZE TEC,0,-14388,0,-14.53K,CLOSE,0%
464287705,IJJ,ISHARES TR,2800,-100,413.64K,-14.77K,-3.4%,<.01%
77467X101,RMCF,ROCKY MTN CHOCOLATE FACTORY,263823,-17095,234.72K,-15.21K,-6.1%,<.01%
68557F209,NXPL,NEXTPLAT CORP,0,-41400,0,-15.4K,CLOSE,0%
50736T102,LSF,LAIRD SUPERFOOD INC,129600,-3300,609.12K,-15.51K,-2.5%,<.01%
64051M709,NEON,NEONODE INC,31168,-16535,29.33K,-15.56K,-34.7%,<.01%
72581M404,PXLW,PIXELWORKS INC,34062,-2500,212.38K,-15.59K,-6.8%,<.01%
81728N100,SNT,SENSTAR TECHNOLOGIES CORP,454769,-8200,877.7K,-15.83K,-1.8%,<.01%
296056104,ESCA,ESCALADE INC,14583,-847,273.87K,-15.91K,-5.5%,<.01%
36269P104,GAIA,GAIA INC NEW,113361,-7600,238.06K,-15.96K,-6.3%,<.01%
39579V100,GHG,GREENTREE HOSPITALITY GROUP,185953,-14127,210.13K,-15.96K,-7.1%,<.01%
184499101,CLNE,CLEAN ENERGY FUELS CORP,1025232,-8063,2.1M,-16.53K,-0.8%,<.01%
29970R303,EVAX,EVAXION AS,33800,-5425,104.78K,-16.82K,-13.8%,<.01%
09060U606,BCDA,BIOCARDIA INC,0,-13900,0,-16.82K,CLOSE,0%
G6202B101,MNY,MONEYHERO LIMITED,88711,-19300,77.31K,-16.82K,-17.9%,<.01%
42727R203,IPST,IP STRATEGY HOLDINGS INC,0,-65207,0,-17.21K,CLOSE,0%
743868101,PROV,PROVIDENT FINL HLDGS INC,211347,-1006,3.64M,-17.3K,-0.5%,<.01%
73933H101,PW,POWER REIT,0,-20616,0,-17.52K,CLOSE,0%
109504100,BRLT,BRILLIANT EARTH GROUP INC,186600,-15558,210.86K,-17.58K,-7.7%,<.01%
23666P200,DARE,DARE BIOSCIENCE INC,0,-10195,0,-18.55K,CLOSE,0%
Y1146L208,CTRM,CASTOR MARITIME INC,64817,-9052,136.12K,-19.01K,-12.3%,<.01%
00534B100,ADGM,ADAGIO MED HLDGS INC,0,-16557,0,-19.04K,CLOSE,0%
G61440106,PMA,MING SHING GROUP HLDGS LTD,0,-22800,0,-19.15K,CLOSE,0%
25985W204,DOYU,DOUYU INTL HLDGS LTD,120258,-4168,559.2K,-19.38K,-3.3%,<.01%
043168103,ARTW,ARTS WAY MFG INC,134074,-7400,352.62K,-19.46K,-5.2%,<.01%
L0175J138,ASPS,ALTISOURCE PORTFOLIO SOLUTIO,53648,-2600,402.36K,-19.5K,-4.6%,<.01%
L0175J112,ASPSW,ALTISOURCE PORTFOLIO SOLUTIO,241222,-49300,96.49K,-19.72K,-17%,<.01%
53225G201,LITB,LIGHTINTHEBOX HLDG CO LTD,108433,-6700,319.88K,-19.76K,-5.8%,<.01%
44842L103,HCM,HUTCHMED CHINA LTD,130200,-1862,1.4M,-20.04K,-1.4%,<.01%
63888P406,NHTC,NATURAL HEALTH TRENDS CORP,544077,-11338,963.02K,-20.07K,-2%,<.01%
12021E109,BFRG,BULLFROG AI HLDGS INC,0,-12000,0,-20.16K,CLOSE,0%
832154504,SMSI,SMITH MICRO SOFTWARE INC,23625,-7695,63.31K,-20.62K,-24.6%,<.01%
91705J402,UONEK,URBAN ONE INC,17046,-4490,78.58K,-20.7K,-20.8%,<.01%
400491106,SIM,GRUPO SIMEC SAB DE C V,206124,-700,6.21M,-21.09K,-0.3%,<.01%
31573L204,FBLG,FIBROBIOLOGICS INC,0,-15997,0,-21.12K,CLOSE,0%
91060H108,UHG,UNITED HOMES GROUP INC,0,-18900,0,-21.92K,CLOSE,0%
316926104,FDSB,FIFTH DIST BANCORP INC,62600,-1356,1.02M,-22.01K,-2.1%,<.01%
98420P308,XTNT,XTANT MED HLDGS INC,935119,-52291,393.69K,-22.01K,-5.3%,<.01%
G5480C104,LHSW,LIANHE SOWELL INTL GROUP LTD,0,-145675,0,-22.14K,CLOSE,0%
338517105,BDL,FLANIGANS ENTERPRISES INC,30993,-500,1.39M,-22.42K,-1.6%,<.01%
36468G103,GAME,GAMESQUARE HLDGS INC,548400,-56900,216.62K,-22.48K,-9.4%,<.01%
G5214E103,KNDI,KANDI TECHNOLOGIES GROUP INC,36100,-31600,25.77K,-22.56K,-46.7%,<.01%
G7049C104,POAS,PHAOS TECHNOLOGY HLDGS (CAYM,0,-14100,0,-22.7K,CLOSE,0%
G0262A103,AHMA,AMBITIONS ENTERPRISE MGMT CO,0,-20143,0,-22.76K,CLOSE,0%
67623L307,OPAD,OFFERPAD SOLUTIONS INC,0,-34923,0,-22.88K,CLOSE,0%
G4645E105,HUDI,HUADI INTERNATIONAL GRP CO L,12700,-25500,11.68K,-23.45K,-66.8%,<.01%
425885100,HNNA,HENNESSY ADVISORS INC,97688,-2400,991.53K,-24.36K,-2.4%,<.01%
57064P206,MKTW,MARKETWISE INC,25799,-1375,460.25K,-24.53K,-5.1%,<.01%
G2R09D110,CLIK,CLICK HLDGS LTD,0,-14200,0,-24.57K,CLOSE,0%
297584104,ESLA,ESTRELLA IMMUNOPHARMA INC,39100,-23695,40.66K,-24.64K,-37.7%,<.01%
40417F109,HFFG,HF FOODS GROUP INC,109800,-17800,154.82K,-25.1K,-13.9%,<.01%
Y92335101,USEA,UNITED MARITIME CORPORATION,222572,-9963,585.36K,-26.2K,-4.3%,<.01%
343927307,FLYE,FLY E GROUP INC,0,-12600,0,-26.46K,CLOSE,0%
45719W205,IKT,INHIBIKASE THERAPEUTICS INC,0,-16500,0,-27.72K,CLOSE,0%
150964104,CENN,CENNTRO INC,0,-231013,0,-27.72K,CLOSE,0%
970646105,WLFC,WILLIS LEASE FIN CORP,197697,-123,45.23M,-28.14K,-0.1%,0.06%
M40184208,ELTK,ELTEK LTD,77323,-3000,734.57K,-28.5K,-3.7%,<.01%
25686H308,DLPN,DOLPHIN ENTMT INC,49500,-25500,56.92K,-29.32K,-34%,<.01%
68347P103,OPAL,OPAL FUELS INC,0,-11700,0,-29.48K,CLOSE,0%
80880W205,SCLX,SCILEX HOLDING CO,33064,-3800,257.9K,-29.64K,-10.3%,<.01%
81728J109,SRTS,SENSUS HEALTHCARE INC,242334,-9900,731.85K,-29.9K,-3.9%,<.01%
00109K105,AFCG,ADVANCED FLOWER CAP INC,67100,-9700,208.01K,-30.07K,-12.6%,<.01%
602687105,HYFT,MINDWALK HOLDINGS CORP,213380,-19100,337.14K,-30.18K,-8.2%,<.01%
230215105,CULP,CULP INC,553817,-9800,1.72M,-30.38K,-1.7%,<.01%
G48049103,NCT,INTERCONT CAYMAN LTD,0,-413900,0,-30.42K,CLOSE,0%
G2181K204,CNEY,CN ENERGY GROUP INC,0,-74391,0,-30.43K,CLOSE,0%
83410S108,SOHU,SOHU COM LTD,773812,-2535,9.38M,-30.72K,-0.3%,0.01%
628877201,NCSM,NCS MULTISTAGE HLDGS INC,12040,-704,531.21K,-31.06K,-5.5%,<.01%
76152G209,RVPH,REVIVA PHARMACEUTCLS HLDGS I,0,-43002,0,-31.38K,CLOSE,0%
38942Q202,CALC,CALCIMEDICA INC,97300,-30775,100.22K,-31.7K,-24%,<.01%
65344E107,NXGL,NEXGEL INC,0,-50960,0,-32.26K,CLOSE,0%
31813A109,FINW,FINWISE BANCORP,25800,-2226,374.1K,-32.28K,-7.9%,<.01%
638842302,NAII,NATURAL ALTERNATIVES INTL IN,277457,-13899,663.12K,-33.22K,-4.8%,<.01%
98980B103,ZIP,ZIPRECRUITER INC,1912000,-8900,7.17M,-33.38K,-0.5%,<.01%
93148P102,WD,WALKER & DUNLOP INC,40874,-626,2.24M,-34.24K,-1.5%,<.01%
21217B100,CTNM,CONTINEUM THERAPEUTICS INC,67300,-2100,1.1M,-34.42K,-3%,<.01%
25065K104,DXLG,DESTINATION XL GROUP INC,237272,-51500,158.97K,-34.5K,-17.8%,<.01%
25445D101,DDL,DINGDONG CAYMAN LTD,1385500,-17900,2.67M,-34.55K,-1.3%,<.01%
33749P507,GRDX,GRIDAI TECHNOLOGIES CORP,176300,-7500,826.85K,-35.17K,-4.1%,<.01%
14161W303,CDLX,CARDLYTICS INC,18405,-7904,82.64K,-35.49K,-30%,<.01%
90114C107,TUYA,TUYA INC,0,-15800,0,-36.5K,CLOSE,0%
29081P204,AKOA,EMBOTELLADORA ANDINA S A,76600,-1700,1.65M,-36.53K,-2.2%,<.01%
G2657S103,DKI,DARKIRIS INC.,0,-124942,0,-36.68K,CLOSE,0%
64115A402,NTWK,NETSOL TECHNOLOGIES INC,455815,-7986,2.11M,-36.9K,-1.7%,<.01%
538142308,LIVE,LIVE VENTURES INC,26399,-3700,263.99K,-37K,-12.3%,<.01%
89854M101,TCRX,TSCAN THERAPEUTICS INC,1326799,-37984,1.3M,-37.23K,-2.8%,<.01%
92854B109,VANI,VIVANI MEDICAL INC,0,-37295,0,-37.3K,CLOSE,0%
439038100,HOFT,HOOKER FURNISHINGS CORPORATI,32200,-2100,574.13K,-37.44K,-6.1%,<.01%
07373B109,BEEM,BEAM GLOBAL,55700,-28900,72.41K,-37.57K,-34.2%,<.01%
82536T107,SSTI,SOUNDTHINKING INC,61132,-4200,553.25K,-38.01K,-6.4%,<.01%
G5084H111,JYD,JAYUD GLOBAL LOGISTICS LTD,0,-13400,0,-39.66K,CLOSE,0%
784933103,SGRP,SPAR GROUP INC,76941,-48367,63.58K,-39.97K,-38.6%,<.01%
15870P307,CSBR,CHAMPIONS ONCOLOGY INC,139039,-6500,856.48K,-40.04K,-4.5%,<.01%
46122W303,INUV,INUVO INC,57441,-31800,72.38K,-40.07K,-35.6%,<.01%
38246G108,GDRX,GOODRX HLDGS INC,3245738,-14000,9.35M,-40.32K,-0.4%,0.01%
34960Q307,FBIO,FORTRESS BIOTECH INC,86390,-13200,264.35K,-40.39K,-13.3%,<.01%
98422P108,AHG,AKSO HEALTH GROUP,70943,-27455,105.7K,-40.91K,-27.9%,<.01%
31609R100,FDBC,FIDELITY D & D BANCORP INC,10491,-800,539.45K,-41.14K,-7.1%,<.01%
16954L204,COE,51TALK ONLINE EDUCATION GROU,41675,-2600,664.72K,-41.47K,-5.9%,<.01%
G6083M101,MCRP,MICROPOLIS AI ROBOTICS,0,-16307,0,-41.58K,CLOSE,0%
961684206,WWR,WESTWATER RES INC,1608790,-83400,812.44K,-42.12K,-4.9%,<.01%
08975P108,CMRC,COMMERCE.COM INC,1237800,-14300,3.66M,-42.33K,-1.1%,<.01%
562803106,LOAN,MANHATTAN BRDG CAP INC,186628,-9390,843.56K,-42.44K,-4.8%,<.01%
74767N107,HERE,HERE GROUP LTD,0,-12000,0,-42.48K,CLOSE,0%
40472A102,EONR,EON RESOURCES INC,0,-52100,0,-43.24K,CLOSE,0%
320551104,DIBS,1STDIBS COM INC,249600,-8900,1.22M,-43.61K,-3.4%,<.01%
G6755S105,OMSE,OMS ENERGY TECHNOLOGIES INC,0,-10400,0,-44.28K,CLOSE,0%
31942S104,FCAP,FIRST CAP INC,4100,-700,265.02K,-45.25K,-14.6%,<.01%
86260J102,SWAG,STRAN & COMPANY INC,194331,-20400,433.36K,-45.49K,-9.5%,<.01%
78464A763,SDY,SPDR SERIES TRUST,6100,-300,928.3K,-45.65K,-4.7%,<.01%
05580M108,RILY,BRC GROUP HOLDINGS INC,244500,-5718,1.97M,-45.97K,-2.3%,<.01%
G9161K112,MF,U-BX TECHNOLOGY LTD,0,-13802,0,-46.1K,CLOSE,0%
23254L876,BGMS,BIO GREEN MED SOLUTION,0,-46100,0,-46.1K,CLOSE,0%
39037G109,GEG,GREAT ELM GROUP INC,525776,-21200,1.15M,-46.22K,-3.9%,<.01%
464287879,IJS,ISHARES TR,3960,-340,541.25K,-46.47K,-7.9%,<.01%
91544A208,UPLD,UPLAND SOFTWARE INC,24584,-9984,114.81K,-46.62K,-28.9%,<.01%
81720R604,SNES,SENESTECH INC,82616,-31384,123.1K,-46.76K,-27.5%,<.01%
56624R108,MCHX,MARCHEX INC,1576464,-29440,2.54M,-47.4K,-1.8%,<.01%
78413P101,SMHI,SEACOR MARINE HLDGS INC,114200,-6200,873.63K,-47.43K,-5.1%,<.01%
68752M108,OFIX,ORTHOFIX MED INC,96791,-5200,884.67K,-47.53K,-5.1%,<.01%
64121N109,NTIP,NETWORK-1 TECHNOLOGIES INC,428344,-33100,629.67K,-48.66K,-7.2%,<.01%
G94184101,WAFU,WAH FU EDUCATION GROUP LIMIT,0,-31600,0,-48.98K,CLOSE,0%
33744V103,FUSB,FIRST US BANCSHARES INC,79321,-3000,1.31M,-49.65K,-3.6%,<.01%
068221100,BRN,BARNWELL INDS INC,274323,-49390,277.07K,-49.88K,-15.3%,<.01%
276317104,EML,EASTERN CO,131437,-1800,3.66M,-50.13K,-1.4%,<.01%
674434303,TWAV,TAOWEAVE INC,21400,-38000,29.53K,-52.44K,-64%,<.01%
69012T305,OTLK,OUTLOOK THERAPEUTICS INC,0,-255157,0,-52.51K,CLOSE,0%
36467J108,GLPI,GAMING & LEISURE P,1220130,-1200,54.33M,-53.44K,-0.1%,0.07%
008940108,AISP,AIRSHIP AI HLDGS INC,0,-23668,0,-53.49K,CLOSE,0%
90354D104,UCL,UCLOUDLINK GROUP INC,36005,-56950,33.84K,-53.53K,-61.3%,<.01%
172406308,CNVS,CINEVERSE CORP,102025,-18071,303.01K,-53.67K,-15%,<.01%
45408X308,IGC,IGC PHARMA INC,286608,-197367,77.96K,-53.68K,-40.8%,<.01%
59102M104,MGX,METAGENOMI THERAPEUTICS INC,742400,-45500,883.46K,-54.15K,-5.8%,<.01%
10482B101,BHR,BRAEMAR HOTELS & RESORTS INC,706500,-25400,1.53M,-54.86K,-3.5%,<.01%
87200P208,SST,SYSTEM1 INC,0,-18320,0,-55.33K,CLOSE,0%
74317M104,PAL,PROFICIENT AUTO LOGISTICS IN,37700,-8200,256.74K,-55.84K,-17.9%,<.01%
18270D106,CMTG,CLAROS MTG TR INC,24700,-24100,58.05K,-56.63K,-49.4%,<.01%
81807M304,YQ,17 ED & TECHNOLOGY GROUP INC,20530,-25757,45.17K,-56.67K,-55.6%,<.01%
105532105,BAK,BRASKEM SA,0,-15600,0,-57.1K,CLOSE,0%
967590209,WYY,WIDEPOINT CORP,120321,-3277,2.11M,-57.35K,-2.7%,<.01%
74955L103,RGCO,RGC RES INC,43333,-2400,1.04M,-57.36K,-5.2%,<.01%
191216100,KO,COCA COLA CO,4238,-710,343.03K,-57.47K,-14.3%,<.01%
174740100,CIA,CITIZENS INC,162394,-10100,932.14K,-57.97K,-5.9%,<.01%
004397105,ARAY,ACCURAY INC DEL,2065284,-225700,532.43K,-58.19K,-9.9%,<.01%
984015602,XBIO,XENETIC BIOSCIENCES INC,117440,-20000,341.75K,-58.2K,-14.6%,<.01%
04272H204,ARAI,ARRIVE AI INC,0,-73100,0,-58.26K,CLOSE,0%
G9376R209,VIVO,VIVOPOWER PLC,0,-25400,0,-58.42K,CLOSE,0%
45783Q100,NOTV,INOTIV INC,0,-214864,0,-58.55K,CLOSE,0%
635309206,NCMI,NATIONAL CINEMEDIA INC,0,-19400,0,-59.17K,CLOSE,0%
66987P508,SDEV,STABLECOIN DEV CORP,26142,-56653,27.45K,-59.49K,-68.4%,<.01%
237690102,DAIO,DATA I O CORP,392443,-15200,1.55M,-59.89K,-3.7%,<.01%
98741T104,DAO,YOUDAO INC,58600,-4900,720.78K,-60.27K,-7.7%,<.01%
510704109,LSBK,LAKE SHORE BANCORP INC,65641,-3400,1.17M,-60.55K,-4.9%,<.01%
50181P100,LCNB,LCNB CORP,152816,-3467,2.69M,-60.98K,-2.2%,<.01%
32026V104,FFWM,FIRST FNDTN INC,0,-10400,0,-61.36K,CLOSE,0%
23335Q100,DLHC,DLH HLDGS CORP,181873,-11691,954.83K,-61.38K,-6%,<.01%
29446K106,EQ,EQUILLIUM INC,637617,-19347,2.04M,-61.91K,-2.9%,<.01%
05988J103,BAND,BANDWIDTH INC,644000,-981,40.77M,-62.1K,-0.2%,0.06%
040044109,PAAI,THE ARENA GROUP HOLDINGS INC,0,-28700,0,-62.28K,CLOSE,0%
464287101,OEF,ISHARES TR,10680,-171,3.91M,-62.56K,-1.6%,<.01%
137404109,CADL,CANDEL THERAPEUTICS INC,0,-12780,0,-62.62K,CLOSE,0%
57667T100,MTLS,MATERIALISE NV,296200,-8500,2.2M,-63.16K,-2.8%,<.01%
910571108,UG,UNITED GUARDIAN INC,166766,-9000,1.19M,-64.26K,-5.1%,<.01%
12479G101,CBFV,CB FINL SVCS INC,53899,-1700,2.04M,-64.43K,-3.1%,<.01%
92511W207,VRCA,VERRICA PHARMACEUTICALS INC,21769,-10591,133.23K,-64.82K,-32.7%,<.01%
57633B100,MHH,MASTECH HLDGS INC,94027,-8400,726.83K,-64.93K,-8.2%,<.01%
28417M109,ELWT,ELAUWIT CONNECTION INC,0,-11200,0,-66.42K,CLOSE,0%
927651109,VIRC,VIRCO MFG CO,198211,-10900,1.22M,-66.93K,-5.2%,<.01%
36117T100,FURY,FURY GOLD MINES LIMITED,1087423,-124879,587.1K,-67.42K,-10.3%,<.01%
45783C200,TIL,INSTIL BIO INC,50300,-8800,386.81K,-67.67K,-14.9%,<.01%
00032Q104,WHWK,WHITEHAWK THERAPEUTICS INC,413822,-14800,1.9M,-67.78K,-3.5%,<.01%
090683103,BTMD,BIOTE CORP,229994,-35922,434.69K,-67.89K,-13.5%,<.01%
23285D109,CTKB,CYTEK BIOSCIENCES INC,661300,-15400,2.93M,-68.22K,-2.3%,<.01%
615394301,MOGB,MOOG INC,4440,-160,1.9M,-68.35K,-3.5%,<.01%
31189V109,FTHM,FATHOM HOLDINGS INC,79700,-68107,80.5K,-68.79K,-46.1%,<.01%
243537107,DECK,DECKERS OUTDOOR CORP,115100,-700,11.43M,-69.5K,-0.6%,0.02%
G20707108,CCG,CHECHE GROUP INC,13489,-130500,7.27K,-70.34K,-90.6%,<.01%
682095104,OFLX,OMEGA FLEX INC,49180,-2300,1.54M,-72.2K,-4.5%,<.01%
483119202,KALA,KALA BIO INC,0,-417517,0,-72.27K,CLOSE,0%
M8216R109,RSKD,RISKIFIED LTD,1344500,-14400,6.78M,-72.58K,-1.1%,<.01%
33938T104,FSI,FLEXIBLE SOLUTIONS INTL INC,329751,-11194,2.2M,-74.55K,-3.3%,<.01%
69320M109,PCB,PCB BANCORP,71102,-2630,2.02M,-74.61K,-3.6%,<.01%
577345101,MLP,MAUI LD & PINEAPPLE INC,92549,-4200,1.65M,-74.68K,-4.3%,<.01%
98955K104,ZVIA,ZEVIA PBC,765891,-45935,1.25M,-74.87K,-5.7%,<.01%
032037103,AP,AMPCO-PITTSBURG CORP,414419,-8800,3.58M,-76.12K,-2.1%,<.01%
74019L602,PRPO,PRECIPIO INC,16199,-3101,401.09K,-76.78K,-16.1%,<.01%
871655106,SYPR,SYPRIS SOLUTIONS INC,614956,-31700,1.49M,-77.03K,-4.9%,<.01%
126389105,CSPI,CSP INC,267714,-9712,2.13M,-77.11K,-3.5%,<.01%
090337106,FLX,BINGEX LTD,41005,-36295,87.34K,-77.31K,-47%,<.01%
55380K109,MPTI,M-TRON INDS INC,96005,-784,9.52M,-77.73K,-0.8%,0.01%
512816109,LAMR,LAMAR ADVERTISING CO,97712,-500,15.24M,-77.99K,-0.5%,0.02%
640671400,NEPH,NEPHROS INC,77504,-21896,276.69K,-78.17K,-22%,<.01%
G17434104,BNT,BROOKFIELD WEALTH SOL LTD,10800,-1849,460.73K,-78.88K,-14.6%,<.01%
87874R308,TTGT,TECHTARGET INC,619345,-22055,2.23M,-79.4K,-3.4%,<.01%
G23549101,CNTB,CONNECT BIOPHARMA HLDGS LTD,87300,-33400,207.77K,-79.49K,-27.7%,<.01%
009207101,AIRT,AIR T INC,103411,-3000,2.74M,-79.5K,-2.8%,<.01%
47973J102,JYNT,JOINT CORP,219478,-9100,1.93M,-79.9K,-4%,<.01%
218937100,CNR,CORE NATURAL RESOURCES INC,5400,-1000,432.11K,-80.02K,-15.6%,<.01%
8342EP107,XPL,SOLITARIO RESOURCES CORP,1505853,-106546,1.13M,-80.17K,-6.6%,<.01%
573134103,MRT,MARTI TECHNOLOGIES INC,0,-40200,0,-80.4K,CLOSE,0%
89616X106,TDTH,TRIDENT DIGITAL TECH HOLDING,0,-424000,0,-81.07K,CLOSE,0%
29384C108,TRDA,ENTRADA THERAPEUTICS INC,191000,-11084,1.41M,-81.58K,-5.5%,<.01%
26828M106,ECBK,ECB BANCORP INC,83800,-4066,1.68M,-81.65K,-4.6%,<.01%
09077B104,BCAB,BIOATLA INC,0,-510514,0,-82.19K,CLOSE,0%
G4594M108,HLP,HONGLI GROUP INC.,0,-93925,0,-82.65K,CLOSE,0%
91864C107,BRNS,BARINTHUS BIOTHERAPEUTICS PL,25000,-126000,16.5K,-83.16K,-83.4%,<.01%
56064Y100,MNSB,MAINSTREET BANCSHARES INC,11000,-3400,271.59K,-83.95K,-23.6%,<.01%
68277Q105,OKUR,ONKURE THERAPEUTICS INC,358738,-18512,1.64M,-84.41K,-4.9%,<.01%
85227J106,SRBK,SR BANCORP INC,176000,-4300,3.46M,-84.62K,-2.4%,<.01%
34630N106,FORA,FORIAN INC,0,-41300,0,-85.49K,CLOSE,0%
87167T300,TAOX,TAO SYNERGIES INC,78817,-22983,293.99K,-85.73K,-22.6%,<.01%
032159105,AXR,AMREP CORP,115800,-3400,2.92M,-85.75K,-2.9%,<.01%
81784E101,SEVN,SEVEN HILLS REALTY TRUST,87034,-10200,733.7K,-85.99K,-10.5%,<.01%
656811106,NOA,NORTH AMERN CONSTR GROUP LTD,247000,-6500,3.29M,-86.45K,-2.6%,<.01%
64107N206,LSAK,LESAKA TECHNOLOGIES INC,168100,-17800,835.46K,-88.47K,-9.6%,<.01%
00507W206,ATNM,ACTINIUM PHARMACEUTICALS INC,380491,-91109,372.88K,-89.29K,-19.3%,<.01%
913483103,UEIC,UNIVERSAL ELECTRS INC,196966,-18757,939.53K,-89.47K,-8.7%,<.01%
427746102,HRTX,HERON THERAPEUTICS INC,1506900,-211400,643.14K,-90.23K,-12.3%,<.01%
48115J109,DERM,JOURNEY MED CORP,229700,-12800,1.63M,-90.62K,-5.3%,<.01%
603380205,NERV,MINERVA NEUROSCIENCES INC,73300,-16400,406.81K,-91.02K,-18.3%,<.01%
814785309,SNFCA,SECURITY NATL FINL CORP,193740,-9500,1.88M,-92.06K,-4.7%,<.01%
00091F304,ABVC,ABVC BIOPHARMA INC,0,-95100,0,-92.26K,CLOSE,0%
G2125H101,CAAS,CHINA AUTOMOTIVE SYS INC,357594,-20700,1.6M,-92.53K,-5.5%,<.01%
898697206,TCX,TUCOWS INC,128951,-6900,1.74M,-92.94K,-5.1%,<.01%
14280C105,CARL,CARLSMED INC,0,-10400,0,-94.12K,CLOSE,0%
37955N106,SELF,GLOBAL SELF STORAGE INC,198075,-18100,1.04M,-94.84K,-8.4%,<.01%
639027101,NATR,NATURES SUNSHINE PRODS INC,527568,-4356,11.5M,-94.96K,-0.8%,0.02%
75062E106,RFL,RAFAEL HLDGS INC,59815,-29323,196.19K,-96.18K,-32.9%,<.01%
25461A601,GGLS,DIREXION SHARES ETF TRUST,0,-13205,0,-96.26K,CLOSE,0%
71535D106,PSNL,PERSONALIS INC,0,-15200,0,-96.82K,CLOSE,0%
68622E104,BARK,BARK INC,0,-191700,0,-97.11K,CLOSE,0%
55003A207,LVLU,LULUS FASHION LOUNGE HOLDING,18764,-11901,154.8K,-98.18K,-38.8%,<.01%
319390100,FBIZ,FIRST BUSINESS FINL SVCS INC,120865,-1600,7.64M,-101.07K,-1.3%,0.01%
57777K106,MXCT,MAXCYTE INC,1910800,-82400,2.35M,-101.35K,-4.1%,<.01%
384637104,GHC,GRAHAM HLDGS CO,9310,-90,10.63M,-102.73K,-1%,0.01%
357023100,RAIL,FREIGHTCAR AMER INC,131300,-10600,1.28M,-103.24K,-7.5%,<.01%
45675Y104,III,INFORMATION SVCS GROUP INC,1863237,-25715,7.66M,-105.69K,-1.4%,0.01%
716382106,PETS,PETMED EXPRESS INC,1131230,-55139,2.17M,-105.87K,-4.6%,<.01%
74275G107,PRTH,PRIORITY TECHNOLOGY HLDGS IN,0,-22600,0,-106.67K,CLOSE,0%
433535101,HQI,HIREQUEST INC,0,-10700,0,-106.79K,CLOSE,0%
164651101,CHMI,CHERRY HILL MTG INVT CORP,562984,-46200,1.31M,-107.18K,-7.6%,<.01%
87918A105,TDOC,TELADOC HEALTH INC,8072842,-12700,68.46M,-107.7K,-0.2%,0.09%
51504L107,LARK,LANDMARK BANCORP INC,62453,-3600,1.92M,-110.56K,-5.5%,<.01%
92214X106,VREX,VAREX IMAGING CORP,258480,-10620,2.7M,-110.77K,-3.9%,<.01%
03074A102,ASRV,AMERISERV FINL INC,535774,-28700,2.08M,-111.36K,-5.1%,<.01%
G8193D104,KAZR,SKYLINE BLDRS GROUP HLDG LTD,0,-36500,0,-112.78K,CLOSE,0%
825690100,SSTK,SHUTTERSTOCK INC,73201,-8100,1.02M,-113K,-10%,<.01%
03835W104,SEV,APTERA MOTORS CORP,219900,-46235,538.75K,-113.28K,-17.4%,<.01%
14147L108,CRDF,CARDIFF ONCOLOGY INC,13942,-87311,18.12K,-113.51K,-86.2%,<.01%
492854104,KEQU,KEWAUNEE SCIENTIFIC CORP,95311,-3200,3.39M,-113.66K,-3.2%,<.01%
88636W288,NVOX,TIDAL TRUST II,0,-11200,0,-114.58K,CLOSE,0%
98585N106,YEXT,YEXT INC,18000,-24800,84.06K,-115.82K,-57.9%,<.01%
69120X206,OWLT,OWLET INC,207741,-20331,1.19M,-116.7K,-8.9%,<.01%
231269309,CRIS,CURIS INC,141972,-224768,74.12K,-117.35K,-61.3%,<.01%
G2563P102,CGTL,CREATIVE GLOBAL TECHNOLOGY H,0,-111359,0,-118.04K,CLOSE,0%
892231101,TSQ,TOWNSQUARE MEDIA INC,424463,-17000,3M,-120.19K,-3.9%,<.01%
02875D109,AOUT,AMERICAN OUTDOOR BRANDS INC,193868,-10300,2.28M,-120.92K,-5%,<.01%
603170101,MLYS,MINERALYS THERAPEUTICS INC,378300,-4500,10.21M,-121.41K,-1.2%,0.01%
89680M101,TLSI,TRISALUS LIFE SCIENCES INC,0,-30900,0,-123.6K,CLOSE,0%
221413305,COSM,COSMOS HEALTH INC,0,-390500,0,-123.87K,CLOSE,0%
68375N103,OPK,OPKO HEALTH INC,0,-109543,0,-124.88K,CLOSE,0%
68621F102,ORGO,ORGANOGENESIS HLDGS INC,1017113,-51425,2.47M,-124.96K,-4.8%,<.01%
76010Y202,RENT,RENT THE RUNWAY INC,0,-26170,0,-125.09K,CLOSE,0%
64110Y108,NLOP,NET LEASE OFFICE PROPERTIES,46900,-11500,522K,-128K,-19.7%,<.01%
00444T209,TLPH,TALPHERA INC,113300,-124455,116.7K,-128.19K,-52.3%,<.01%
962149100,WEYS,WEYCO GROUP INC,19526,-3300,767.96K,-129.79K,-14.5%,<.01%
115637100,BF.A,BROWN FORMAN CORP,58076,-4800,1.59M,-131.33K,-7.6%,<.01%
389375205,GTNA,GRAY MEDIA INC,0,-10600,0,-131.55K,CLOSE,0%
47737C104,JFIN,JIAYIN GROUP INC,86174,-46126,246.46K,-131.92K,-34.9%,<.01%
38983D854,RPT,RITHM PPTY TR INC,50853,-9164,732.28K,-131.96K,-15.3%,<.01%
167239102,REFI,CHICAGO ATLANTIC REAL ESTATE,38600,-12400,413.79K,-132.93K,-24.3%,<.01%
055645303,BRT,BRT APARTMENTS CORP,311591,-8700,4.79M,-133.72K,-2.7%,<.01%
449109107,HYLN,HYLIION HOLDINGS CORP,292900,-25700,1.53M,-133.9K,-8.1%,<.01%
379463102,GWRS,GLOBAL WTR RES INC,171947,-18600,1.24M,-134.66K,-9.8%,<.01%
46435G268,SMMD,ISHARES TR,3525,-1475,323K,-135.15K,-29.5%,<.01%
06777U200,BNED,BARNES & NOBLE ED INC,0,-15400,0,-135.98K,CLOSE,0%
774515100,RCKY,ROCKY BRANDS INC,80235,-3300,3.31M,-136.09K,-4%,<.01%
74915M605,QVCAQ,QVC GROUP INC,0,-63131,0,-136.99K,CLOSE,0%
75134P501,METCB,RAMACO RES INC,113810,-16093,973.08K,-137.6K,-12.4%,<.01%
344174107,FHTX,FOGHORN THERAPEUTICS INC,377936,-28489,1.84M,-139.03K,-7%,<.01%
Y67305154,PSHG,PERFORMANCE SHIPPING INC,127400,-84013,214.03K,-141.14K,-39.7%,<.01%
50105F105,KRO,KRONOS WORLDWIDE INC,557132,-22300,3.53M,-141.16K,-3.8%,<.01%
17259U204,CION,CION INVT CORP,248600,-23200,1.55M,-144.54K,-8.5%,<.01%
224633107,CRDB,CRAWFORD & CO,579910,-13900,6.05M,-144.98K,-2.3%,<.01%
Y2001C101,CMDB,COSTAMARE BULKERS HLDGS LTD,196146,-8293,3.44M,-145.63K,-4.1%,<.01%
18270P109,CLAR,CLARUS CORP NEW,0,-54823,0,-149.12K,CLOSE,0%
M6240T109,KMDA,KAMADA LTD,742418,-20530,5.45M,-150.69K,-2.7%,<.01%
G8976D107,TOYO,TOYO CO LTD,24200,-21800,168.19K,-151.51K,-47.4%,<.01%
G1110E107,BHVN,BIOHAVEN LTD,150752,-10200,2.24M,-151.78K,-6.3%,<.01%
78464A672,SPTI,SPDR SERIES TRUST,211304,-5396,6M,-153.19K,-2.5%,<.01%
458751302,LINK,INTERLINK ELECTRS INC,62976,-31837,303.54K,-153.45K,-33.6%,<.01%
98419M100,XYL,XYLEM INC,790471,-1300,93.44M,-153.67K,-0.2%,0.13%
774374300,RMTI,ROCKWELL MED INC,359672,-279448,198K,-153.84K,-43.7%,<.01%
40053W101,AVAL,GRUPO AVAL ACCIONES Y VALORE,865172,-30600,4.35M,-153.92K,-3.4%,<.01%
59935V107,MIST,MILESTONE PHARMACEUTICALS IN,0,-129705,0,-154.35K,CLOSE,0%
20563P101,CIX,COMPX INTL INC,100749,-6200,2.51M,-154.38K,-5.8%,<.01%
664121100,NECB,NORTHEAST CMNTY BANCORP INC,170625,-5580,4.73M,-154.79K,-3.2%,<.01%
210502100,CPSS,CONSUMER PORTFOLIO SVCS INC,339958,-16200,3.26M,-155.44K,-4.5%,<.01%
346563109,FORR,FORRESTER RESH INC,418206,-18500,3.52M,-155.58K,-4.2%,<.01%
27627N105,EBC,EASTERN BANKSHARES INC,289870,-7000,6.45M,-155.68K,-2.4%,<.01%
37954A303,XRN,CHIRON REAL ESTATE INC,14297,-4200,536.42K,-157.58K,-22.7%,<.01%
10240L102,BOW,BOWHEAD SPECIALTY HLDGS INC,48100,-5300,1.44M,-158.63K,-9.9%,<.01%
67109R109,OPBK,OP BANCORP,73800,-10600,1.11M,-158.89K,-12.6%,<.01%
860372101,STC,STEWART INFORMATION SVCS COR,77779,-2408,5.13M,-158.98K,-3%,<.01%
M84137104,SMWB,SIMILARWEB LTD,713728,-25945,4.38M,-159.04K,-3.5%,<.01%
53216B104,LFMD,LIFEMD INC,1079525,-38800,4.46M,-160.24K,-3.5%,<.01%
90466Y202,UNCY,UNICYCIVE THERAPEUTICS INC,0,-24400,0,-160.55K,CLOSE,0%
G7308J113,PSIG,PS INTL GROUP LTD,0,-26401,0,-161.57K,CLOSE,0%
69924M109,PZG,PARAMOUNT GOLD NEV CORP,1124900,-141924,1.28M,-161.79K,-11.2%,<.01%
04683R106,AVIR,ATEA PHARMACEUTICALS INC,1131200,-35200,5.26M,-163.68K,-3%,<.01%
31866P102,FNLC,FIRST BANCORP INC ME,93357,-4706,3.25M,-163.86K,-4.8%,<.01%
M20115180,BOSC,BOS BETTER ONLINE SOLUTIONS,206687,-36624,928.02K,-164.44K,-15.1%,<.01%
761025105,RSSS,RESEARCH SOLUTIONS INC,105990,-70910,245.9K,-164.51K,-40.1%,<.01%
46050R102,THM,INTERNATIONAL TOWER HILL MIN,46571,-83024,92.68K,-165.22K,-64.1%,<.01%
G7738W106,SFL,SFL CORPORATION LTD,421365,-16200,4.3M,-165.24K,-3.7%,<.01%
30212W100,AGNT,AGNT INC,2652116,-30700,14.35M,-166.09K,-1.1%,0.02%
903899102,ULBI,ULTRALIFE CORP,171790,-26300,1.09M,-166.22K,-13.3%,<.01%
816307300,SLQT,SELECTQUOTE INC,823271,-197968,692.45K,-166.51K,-19.4%,<.01%
09290C806,THRO,BLACKROCK ETF TRUST,31708,-3892,1.37M,-167.78K,-10.9%,<.01%
46604H204,IZEA,IZEA WORLDWIDE INC,101240,-46500,374.59K,-172.05K,-31.5%,<.01%
38068T105,GORO,GOLD RESOURCE CORP,0,-145693,0,-174.83K,CLOSE,0%
00847G804,AGEN,AGENUS INC,228346,-57300,698.74K,-175.34K,-20.1%,<.01%
496904202,KWY,KINGSWAY CORP,302815,-16855,3.16M,-175.63K,-5.3%,<.01%
826917106,SIGA,SIGA TECHNOLOGIES INC,425800,-49213,1.55M,-179.14K,-10.4%,<.01%
438333106,HNST,HONEST CO INC,0,-61755,0,-181.56K,CLOSE,0%
517097101,LGO,LARGO INC,1007000,-286300,638.64K,-181.57K,-22.1%,<.01%
68622D205,AMAT,ORIGIN MATERIALS INC,0,-80458,0,-183.44K,CLOSE,0%
811054402,SSP,SCRIPPS E W CO OHIO,144631,-66600,400.63K,-184.48K,-31.5%,<.01%
M40527109,ENTX,ENTERA BIO LTD,368847,-104595,652.86K,-185.13K,-22.1%,<.01%
92663R105,VMD,VIEMED HEALTHCARE INC,425900,-16300,4.86M,-185.82K,-3.7%,<.01%
29103W104,EEX,EMERALD HOLDING INC,131063,-36900,660.56K,-185.98K,-22%,<.01%
10586A108,GRO,BRAZIL POTASH CORP,257300,-87400,553.2K,-187.91K,-25.4%,<.01%
511795106,LAKE,LAKELAND INDS INC,182802,-17600,1.95M,-188.14K,-8.8%,<.01%
294268107,PLUS,EPLUS INC,4000,-2300,332.92K,-191.43K,-36.5%,<.01%
09624H208,BXC,BLUELINX HLDGS INC,33500,-3100,2.07M,-191.83K,-8.5%,<.01%
P1666E105,BWMX,BETTERWARE DE MEXC S A P I D,25700,-10700,462.34K,-192.49K,-29.4%,<.01%
205684202,CHCI,COMSTOCK HLDG COS INC,168279,-12200,2.69M,-195.08K,-6.8%,<.01%
76674Q107,RMNI,RIMINI STR INC DEL,240226,-46300,1.02M,-197.24K,-16.2%,<.01%
68617J100,OGI,ORGANIGRAM GLOBAL INC,1444148,-195900,1.47M,-199.82K,-11.9%,<.01%
62548M209,CTEV,CLARITEV CORPORATION,46015,-5900,1.57M,-201.25K,-11.4%,<.01%
85208T107,CXM,SPRINKLR INC,0,-33600,0,-201.6K,CLOSE,0%
20460L104,SPWR,SUNPOWER INC,1088467,-294425,748.1K,-202.36K,-21.3%,<.01%
98419E108,XNET,XUNLEI LTD,53077,-36223,296.97K,-202.67K,-40.6%,<.01%
92557A101,DSP,VIANT TECHNOLOGY INC,425741,-16059,5.39M,-203.31K,-3.6%,<.01%
72303P503,SUNE,SUNATION ENERGY INC,0,-92515,0,-203.53K,CLOSE,0%
98422X101,XPOF,XPONENTIAL FITNESS INC,35200,-29490,243.58K,-204.07K,-45.6%,<.01%
55380K133,MPTI,M-TRON INDS INC,0,-97471,0,-204.69K,CLOSE,0%
G6891L105,PANL,PANGAEA LOGISTICS SOLUTION L,714387,-31713,4.64M,-206.13K,-4.3%,<.01%
710577107,PEBK,PEOPLES BANCORP N C INC,32807,-4807,1.41M,-207.13K,-12.8%,<.01%
23204X103,CTOS,CUSTOM TRUCK ONE SOURCE INC,0,-31656,0,-207.98K,CLOSE,0%
14427M206,PRTS,CARPARTS COM INC,130477,-32577,840.27K,-209.79K,-20%,<.01%
28531P202,ECOR,ELECTROCORE INC,19900,-24509,171.94K,-211.76K,-55.2%,<.01%
50060P106,KOP,KOPPERS HOLDINGS INC,0,-5500,0,-212.74K,CLOSE,0%
83422N105,SLDP,SOLID POWER INC,0,-71254,0,-213.76K,CLOSE,0%
98422D105,XPEV,XPENG INC,0,-12500,0,-213.88K,CLOSE,0%
640979100,NMRA,NEUMORA THERAPEUTICS INC.,1262304,-126694,2.15M,-215.38K,-9.1%,<.01%
55303J106,MGPI,MGP INGREDIENTS INC NEW,23686,-12300,414.98K,-215.5K,-34.2%,<.01%
11161T207,BWEN,BROADWIND INC,149186,-44672,720.57K,-215.77K,-23%,<.01%
12466Q104,CFFI,C & F FINL CORP,78079,-2700,6.25M,-216K,-3.3%,<.01%
06368M302,GDXD,BANK MONTREAL MEDIUM,0,-5248,0,-216.53K,CLOSE,0%
46092D210,IREZ,INVESTMENT MANAGERS SER TR I,0,-7200,0,-216.65K,CLOSE,0%
L01800108,ALVO,ALVOTECH,0,-63200,0,-216.78K,CLOSE,0%
449172105,HY,HYSTER-YALE INC,37200,-6200,1.3M,-217.37K,-14.3%,<.01%
85208P873,SLVR,SPROTT FDS TR,0,-3700,0,-218.97K,CLOSE,0%
732344106,PDLB,PONCE FINANCIAL GROUP INC,231135,-11000,4.61M,-219.34K,-4.5%,<.01%
023586100,UHAL,U HAUL HOLDING COMPANY,0,-4600,0,-219.79K,CLOSE,0%
80007P869,SD,SANDRIDGE ENERGY INC,1487395,-16169,20.38M,-221.52K,-1.1%,0.03%
42981K100,ROLR,HIGH ROLLER TECHNOLOGIES INC,0,-63799,0,-222.02K,CLOSE,0%
921910725,VSGX,VANGUARD WORLD FD,0,-3100,0,-222.36K,CLOSE,0%
887098101,TSBK,TIMBERLAND BANCORP INC,212589,-5000,9.53M,-224.05K,-2.3%,0.01%
808541106,MATV,MATIV HOLDINGS INC,48300,-29800,365.63K,-225.59K,-38.2%,<.01%
98401F105,XNCR,XENCOR INC,0,-18723,0,-225.8K,CLOSE,0%
74640Y106,PRPL,PURPLE INNOVATION INC,43477,-634177,15.52K,-226.4K,-93.6%,<.01%
746228303,PCYO,PURE CYCLE CORP,63265,-21174,677.57K,-226.77K,-25.1%,<.01%
985194208,YSG,YATSEN HLDG LTD,541047,-71546,1.72M,-226.8K,-11.7%,<.01%
90278Q108,UFPI,UFP INDUSTRIES INC,60500,-2500,5.49M,-226.85K,-4%,<.01%
25461A189,DUST,DIREXION SHARES ETF TRUST,20476,-3574,1.3M,-227.16K,-14.9%,<.01%
G9001E128,LILAK,LIBERTY LATIN AMERICA LTD,655000,-29200,5.1M,-227.47K,-4.3%,<.01%
37954Y715,BOTZ,GLOBAL X FDS,0,-6900,0,-229.22K,CLOSE,0%
38911N206,GRVY,GRAVITY CO LTD,0,-3700,0,-229.25K,CLOSE,0%
45685K102,INFU,INFUSYSTEM HLDGS INC,543009,-23800,5.24M,-229.67K,-4.2%,<.01%
309627107,FMNB,FARMERS NATIONAL BANC CORP,39335,-15814,574.29K,-230.88K,-28.7%,<.01%
25961D105,DOUG,DOUGLAS ELLIMAN INC,3019624,-131500,5.34M,-232.75K,-4.2%,<.01%
98459U103,YALA,YALLA GROUP LTD,334500,-43000,1.84M,-236.07K,-11.4%,<.01%
82312B106,SHEN,SHENANDOAH TELECOMMUNICATION,48000,-15800,723.84K,-238.26K,-24.8%,<.01%
83190L208,SMBK,SMARTFINANCIAL INC,147181,-5093,6.91M,-238.96K,-3.3%,<.01%
683827208,OCC,OPTICAL CABLE CORP,71903,-11400,1.51M,-239.06K,-13.7%,<.01%
86183P102,SRI,STONERIDGE INC,252200,-32700,1.85M,-239.36K,-11.5%,<.01%
46435U713,IFRA,ISHARES TR,0,-4200,0,-240.24K,CLOSE,0%
46641Q670,JCPB,J P MORGAN EXCHANGE TRADED F,0,-5172,0,-243.5K,CLOSE,0%
92859G608,VZLA,VIZSLA SILVER CORP,1725700,-74528,5.69M,-245.94K,-4.1%,<.01%
46429B663,HDV,ISHARES TR,23000,-9000,630.43K,-246.69K,-28.1%,<.01%
19239V302,CCOI,COGENT COMM HOLDINGS INC,49231,-17900,683.33K,-248.45K,-26.7%,<.01%
50066V305,KORE,KORE GROUP HLDGS INC,61841,-27100,570.79K,-250.13K,-30.5%,<.01%
16934Q802,CIM,CHIMERA INVT CORP,24653,-18800,328.87K,-250.79K,-43.3%,<.01%
15713L109,CRVO,CERVOMED INC,0,-63904,0,-251.78K,CLOSE,0%
30052C107,EOLS,EVOLUS INC,302569,-36456,2.1M,-253K,-10.8%,<.01%
92762J103,VIOT,VIOMI TECHNOLOGY CO LTD,378964,-324516,296.35K,-253.77K,-46.1%,<.01%
146103106,CARE,CARTER BANKSHARES INC,0,-11000,0,-256.52K,CLOSE,0%
15235A102,AXIAY,CENTRAIS ELET BRAS SA,0,-20500,0,-256.87K,CLOSE,0%
20369C106,CHCT,COMMUNITY HEALTHCARE TR INC,14900,-14100,272.37K,-257.75K,-48.6%,<.01%
32054K103,FR,FIRST INDL RLTY TR INC,0,-4500,0,-260.32K,CLOSE,0%
224633206,CRDA,CRAWFORD & CO,472324,-23100,5.32M,-260.34K,-4.7%,<.01%
829242106,SBGI,SINCLAIR INC,36921,-18279,526.12K,-260.48K,-33.1%,<.01%
095825105,BRBS,BLUE RIDGE BANKSHARES INC VA,466653,-73800,1.65M,-260.51K,-13.7%,<.01%
922908611,VBR,VANGUARD INDEX FDS,0,-1200,0,-260.7K,CLOSE,0%
38747R496,RDTL,GRANITESHARES ETF TR,0,-17700,0,-262.12K,CLOSE,0%
86722A103,SXC,SUNCOKE ENERGY INC,2161661,-33000,17.4M,-265.65K,-1.5%,0.02%
30231G102,XOM,EXXON MOBIL CORP,0,-1580,0,-266.17K,CLOSE,0%
82728C102,SVCO,SILVACO GROUP INC,0,-37600,0,-266.21K,CLOSE,0%
00166B105,ALXO,ALX ONCOLOGY HLDGS INC,603797,-128802,1.25M,-266.62K,-17.6%,<.01%
002942100,AARD,AARDVARK THERAPEUTICS INC,0,-70792,0,-266.89K,CLOSE,0%
47804J206,JHMM,JOHN HANCOCK EXCHANGE TRADED,0,-4000,0,-268.48K,CLOSE,0%
89421Q205,TZOO,TRAVELZOO,541101,-23000,6.32M,-268.64K,-4.1%,<.01%
59064R109,MLAB,MESA LABS INC,28900,-2700,2.88M,-268.79K,-8.5%,<.01%
98887Q104,ZLAB,ZAI LAB LTD,0,-14300,0,-268.98K,CLOSE,0%
92204A207,VDC,VANGUARD WORLD FD,0,-1200,0,-269.51K,CLOSE,0%
N07059210,ASML,ASML HLDG NV,203,-135,406.53K,-270.35K,-39.9%,<.01%
00770K202,AMTX,AEMETIS INC,0,-85200,0,-271.79K,CLOSE,0%
46990A102,JRVR,JAMES RIV GROUP HOLDINGS INC,0,-43400,0,-273.42K,CLOSE,0%
070203104,BSET,BASSETT FURNITURE INDS INC,288543,-15618,5.11M,-276.75K,-5.1%,<.01%
68376D104,OPRT,OPORTUN FINL CORP,51179,-48900,292.23K,-279.22K,-48.9%,<.01%
86959K105,SUZ,SUZANO S A,678300,-36000,5.26M,-279.36K,-5%,<.01%
34986A104,FWRD,FORWARD AIR CORP,190739,-20800,2.58M,-281.01K,-9.8%,<.01%
29970N104,EVEX,EVE HLDG INC,232226,-111997,582.89K,-281.11K,-32.5%,<.01%
68401U204,OPRX,OPTIMIZERX CORP,167700,-49156,959.24K,-281.17K,-22.7%,<.01%
95123P106,WTBA,WEST BANCORPORATION INC,171752,-10700,4.56M,-283.87K,-5.9%,<.01%
124830878,CBL,CBL & ASSOC PPTYS INC,313827,-5367,16.66M,-284.93K,-1.7%,0.02%
66979W842,NMG,NOUVEAU MONDE GRAPHITE INC,1242879,-190144,1.86M,-285.22K,-13.3%,<.01%
539319301,NMAD,LIXTE BIOTECHNOLOGY HLDGS IN,0,-93000,0,-285.51K,CLOSE,0%
46333X108,IRWD,IRONWOOD PHARMACEUTICALS INC,7993226,-67847,33.65M,-285.64K,-0.8%,0.05%
75606V101,ALOY,REALLOYS INC,0,-29300,0,-285.97K,CLOSE,0%
M0740A108,DRTS,ALPHA TAU MEDICAL LTD,0,-40457,0,-286.03K,CLOSE,0%
359664109,FLGT,FULGENT GENETICS INC,0,-18000,0,-286.2K,CLOSE,0%
73757R102,PSTL,POSTAL REALTY TRUST INC,432532,-11623,10.66M,-286.39K,-2.6%,0.01%
51819L107,SWIM,LATHAM GROUP INC,452900,-44600,2.93M,-288.56K,-9%,<.01%
92915B106,VYGR,VOYAGER THERAPEUTICS INC,495236,-82788,1.73M,-289.76K,-14.3%,<.01%
G3855L106,GHRS,GH RESEARCH PLC,0,-20614,0,-289.83K,CLOSE,0%
81728A207,FTH,FAETH THERAPEUTICS INC,20416,-11625,510.4K,-290.62K,-36.3%,<.01%
96208T104,WEX,WEX INC,0,-1900,0,-290.78K,CLOSE,0%
64130M308,NMTC,NEUROONE MED TECHNOLOGIES CO,70861,-96558,215.42K,-293.54K,-57.7%,<.01%
25056L103,DSGN,DESIGN THERAPEUTICS INC,387913,-20287,5.61M,-293.55K,-5%,<.01%
46654Q724,HELO,J P MORGAN EXCHANGE TRADED F,0,-4621,0,-295.33K,CLOSE,0%
33739Q705,KNG,FIRST TR EXCHANGE-TRADED FD,0,-6100,0,-297.13K,CLOSE,0%
442487401,HOV,HOVNANIAN ENTERPRISES INC,161315,-2100,22.97M,-299.06K,-1.3%,0.03%
501976104,KYTX,KYVERNA THERAPEUTICS INC,333899,-33593,2.98M,-299.31K,-9.1%,<.01%
05587G203,BKTI,BK TECHNOLOGIES CORPORATION,131769,-3484,11.33M,-299.55K,-2.6%,0.02%
629445206,NVEC,NVE CORP,170730,-2870,17.85M,-300.06K,-1.7%,0.02%
74365A309,PLX,PROTALIX BIOTHERAPEUTICS INC,1096000,-128800,2.55M,-300.1K,-10.5%,<.01%
038336103,ATR,APTARGROUP INC,170400,-2400,21.33M,-300.48K,-1.4%,0.03%
75383L102,RAPP,RAPPORT THERAPEUTICS INC,0,-9700,0,-303.51K,CLOSE,0%
035255108,ANIK,ANIKA THERAPEUTICS INC,481417,-20800,7.04M,-304.3K,-4.1%,<.01%
68554V108,OSUR,ORASURE TECHNOLOGIES INC,2014903,-68400,8.99M,-305.06K,-3.3%,0.01%
74291D104,PROK,PROKIDNEY CORP,1099400,-151394,2.24M,-308.84K,-12.1%,<.01%
715684106,TLK,TELEKOMUNIKASI IND,3563314,-23100,47.86M,-310.23K,-0.6%,0.07%
45773H409,INO,INOVIO PHARMACEUTICALS INC,361339,-282438,397.47K,-310.68K,-43.9%,<.01%
60649T107,MG,MISTRAS GROUP INC,102700,-17800,1.79M,-310.97K,-14.8%,<.01%
29280W109,NRGV,ENERGY VAULT HOLDINGS INC,0,-94495,0,-311.83K,CLOSE,0%
46620W201,JILL,J JILL INC,335800,-19800,5.33M,-314.23K,-5.6%,<.01%
886029206,THRY,THRYV HLDGS INC,0,-115113,0,-315.41K,CLOSE,0%
90291W108,USGO,US GOLDMINING INC,32300,-39300,262.6K,-319.51K,-54.9%,<.01%
45174J509,IHRT,IHEARTMEDIA INC,754229,-74500,3.24M,-319.6K,-9%,<.01%
43538H103,HLLY,HOLLEY INC,747400,-125700,1.91M,-320.54K,-14.4%,<.01%
03213A104,AMPL,AMPLITUDE INC,0,-47031,0,-320.75K,CLOSE,0%
28658R106,CLYM,CLIMB BIO INC,192700,-24600,2.51M,-320.78K,-11.3%,<.01%
026948109,AII,AMERICAN INTEGRITY INS GROUP,119705,-17095,2.25M,-321.9K,-12.5%,<.01%
78433H642,BTCI,NEOS ETF TRUST,0,-9900,0,-324.52K,CLOSE,0%
26923N173,MSTU,ETF OPPORTUNITIES TRUST,177000,-200600,286.74K,-324.97K,-53.1%,<.01%
75524W108,RMAX,RE/MAX HLDGS INC,680565,-33000,6.71M,-325.38K,-4.6%,<.01%
26923N389,ROBN,ETF OPPORTUNITIES TRUST,0,-19100,0,-327.76K,CLOSE,0%
107924102,BBOT,BRIDGEBIO ONCOLOGY THERAPEUT,58600,-43300,446.53K,-329.95K,-42.5%,<.01%
882927122,UNHG,THEMES ETF TR,0,-32417,0,-330.33K,CLOSE,0%
98423J101,XPER,XPERI INC,509983,-40200,4.2M,-330.85K,-7.3%,<.01%
004816104,ACU,ACME UTD CORP,109607,-6951,5.23M,-331.7K,-6%,<.01%
678026105,OIS,OIL STS INTL INC,0,-28500,0,-331.74K,CLOSE,0%
637372202,NRC,NRC HEALTH,325384,-15400,7.02M,-332.18K,-4.5%,<.01%
67577R102,IRD,OPUS GENETICS INC,0,-73209,0,-333.1K,CLOSE,0%
65443P102,MASS,908 DEVICES INC,191900,-38300,1.67M,-333.21K,-16.6%,<.01%
705015105,PSO,PEARSON PLC,0,-25400,0,-333.5K,CLOSE,0%
83356Q108,SY,SO YOUNG INTERNATIONAL INC,0,-122200,0,-333.61K,CLOSE,0%
037326105,ANTX,AN2 THERAPEUTICS INC,129700,-69100,627.75K,-334.44K,-34.8%,<.01%
629579103,NC,NACCO INDS INC,147818,-6700,7.4M,-335.34K,-4.3%,0.01%
126601103,CVV,CVD EQUIP CORP,135748,-45134,1.01M,-335.35K,-25%,<.01%
89785X101,TBI,TRUEBLUE INC,172500,-48434,1.2M,-337.58K,-21.9%,<.01%
464287507,IJH,ISHARES TR,0,-5000,0,-337.65K,CLOSE,0%
29081P303,AKOB,EMBOTELLADORA ANDINA S A,424976,-11605,12.39M,-338.4K,-2.7%,0.02%
500946108,KRRO,KORRO BIO INC,110524,-25703,1.46M,-338.77K,-18.9%,<.01%
G85158106,STNE,STONECO LTD,0,-24163,0,-341.56K,CLOSE,0%
73642K106,PTLO,PORTILLOS INC,85342,-72355,404.52K,-342.96K,-45.9%,<.01%
353469109,FC,FRANKLIN COVEY CO,72303,-14000,1.77M,-343.42K,-16.2%,<.01%
31931U102,FRBA,FIRST BK WILLIAMSTOWN NEW JE,35150,-19438,623.21K,-344.64K,-35.6%,<.01%
746964105,QTTB,Q32 BIO INC,179600,-27315,2.29M,-347.99K,-13.2%,<.01%
58958P104,MRBK,MERIDIAN CORP,0,-18400,0,-348.86K,CLOSE,0%
98372W202,XYF,X FINL,0,-85041,0,-350.37K,CLOSE,0%
747324101,PYXS,PYXIS ONCOLOGY INC,772232,-116448,2.32M,-350.51K,-13.1%,<.01%
72814P109,PLBY,PLAYBOY INC,137800,-287559,168.12K,-350.82K,-67.6%,<.01%
804395101,BFS,SAUL CTRS INC,177074,-9400,6.62M,-351.47K,-5%,<.01%
00164V103,AMCX,AMC GLOBAL MEDIA INC,27600,-35300,275.45K,-352.29K,-56.1%,<.01%
929566107,WNC,WABASH NATL CORP,198265,-26100,2.68M,-352.35K,-11.6%,<.01%
30320C301,FTCI,FTC SOLAR INC,0,-93400,0,-353.05K,CLOSE,0%
192005106,CDXS,CODEXIS INC,41500,-157233,93.79K,-355.35K,-79.1%,<.01%
25253X207,DMAC,DIAMEDICA THERAPEUTICS INC,0,-52523,0,-355.58K,CLOSE,0%
68287N100,OSPN,ONESPAN INC,0,-33829,0,-356.22K,CLOSE,0%
444144109,HDSN,HUDSON TECHNOLOGIES INC,1442115,-62135,8.28M,-356.65K,-4.1%,0.01%
46092D673,NEBX,INVESTMENT MANAGERS SER TR I,0,-11100,0,-357.42K,CLOSE,0%
882927460,HOOG,THEMES ETF TR,0,-21200,0,-362.94K,CLOSE,0%
950915108,WRD,WERIDE INC,19600,-62400,114.07K,-363.17K,-76.1%,<.01%
75689M101,RRGB,RED ROBIN GOURMET BURGERS IN,118164,-45680,944.13K,-364.98K,-27.9%,<.01%
87283P109,TRX,TRX GOLD CORPORATION,374628,-443255,309.07K,-365.69K,-54.2%,<.01%
091955104,ETHW,BITWISE ETHEREUM ETF,0,-24400,0,-366K,CLOSE,0%
36831E108,GCMG,GCM GROSVENOR INC,213900,-29800,2.63M,-366.54K,-12.2%,<.01%
535555106,LNN,LINDSAY CORP,0,-3100,0,-369.12K,CLOSE,0%
25434V880,DFAX,DIMENSIONAL ETF TRUST,0,-10900,0,-370.27K,CLOSE,0%
G5294K110,SUPX,SUPERX AI TECHNOLOGY LTD,10900,-46500,87.2K,-372K,-81%,<.01%
09174P303,BTMCQ,BITCOIN DEPOT INC,0,-171051,0,-372.89K,CLOSE,0%
85512C105,SGU,STAR GROUP LP,881007,-29101,11.31M,-373.66K,-3.2%,0.02%
62878D100,NABL,N-ABLE INC,778565,-101935,2.86M,-374.1K,-11.6%,<.01%
46429B689,EFAV,ISHARES TR,0,-4100,0,-374.62K,CLOSE,0%
25461A460,YANG,DIREXION SHARES ETF TRUST,45200,-9200,1.84M,-374.9K,-16.9%,<.01%
921946794,VYMI,VANGUARD WHITEHALL FDS,0,-4000,0,-376.96K,CLOSE,0%
37954Y293,MLPX,GLOBAL X FDS,0,-5100,0,-377.09K,CLOSE,0%
92189F643,MOAT,VANECK ETF TRUST,0,-3900,0,-377.13K,CLOSE,0%
224408104,CR,CRANE COMPANY,159600,-1700,35.6M,-379.22K,-1.1%,0.05%
869367201,STRO,SUTRO BIOPHARMA INC,86324,-11500,2.87M,-381.8K,-11.8%,<.01%
42981E401,HITI,HIGH TIDE INC,899932,-167700,2.05M,-382.36K,-15.7%,<.01%
46005L101,IMXI,INTERNATIONAL MONEY EXPRESS,0,-24300,0,-383.94K,CLOSE,0%
45254E107,IMRX,IMMUNEERING CORP,0,-72875,0,-384.05K,CLOSE,0%
37954Y343,MLPA,GLOBAL X FDS,0,-7200,0,-387.86K,CLOSE,0%
48563L101,KRT,KARAT PACKAGING INC,30115,-11600,1.01M,-388.14K,-27.8%,<.01%
46138G870,VRP,INVESCO EXCH TRADED FD TR II,0,-16370,0,-392.55K,CLOSE,0%
78501P203,SWKH,SWK HLDGS CORP,0,-23100,0,-392.93K,CLOSE,0%
G9451V109,VINP,VINCI COMPASS INVESTMENTS LT,44300,-40600,431.04K,-395.04K,-47.8%,<.01%
53946R106,LDI,LOANDEPOT INC,503600,-316200,629.5K,-395.25K,-38.6%,<.01%
30234E203,HYPD,HYPERION DEFI INC,0,-115641,0,-398.96K,CLOSE,0%
25461A544,TSMX,DIREXION SHARES ETF TRUST,0,-7000,0,-399.84K,CLOSE,0%
27579R104,EWBC,EAST WEST BANCORP INC,260233,-3100,33.59M,-400.18K,-1.2%,0.05%
67098H104,OI,O-I GLASS INC,13100,-41600,126.15K,-400.61K,-76.1%,<.01%
64440N103,NFGC,NEW FOUND GOLD CORP,445400,-260923,685.92K,-401.82K,-36.9%,<.01%
693149106,PAMT,PAMT CORP,844041,-28700,11.83M,-402.09K,-3.3%,0.02%
92346J108,VCEL,VERICEL CORP,0,-12600,0,-405.34K,CLOSE,0%
90337L108,USPH,U S PHYSICAL THERAPY,70997,-5959,4.88M,-409.26K,-7.7%,<.01%
G33856108,GSM,FERROGLOBE PLC,2638735,-129500,8.39M,-411.81K,-4.7%,0.01%
00436Q106,ACEL,ACCEL ENTERTAINMENT INC,712105,-32900,8.98M,-414.87K,-4.4%,0.01%
M52523103,WILC,G WILLI FOOD INTL LTD,396152,-12500,13.17M,-415.62K,-3.1%,0.02%
427866108,HSY,HERSHEY CO,0,-2000,0,-415.78K,CLOSE,0%
747301109,QUAD,QUAD / GRAPHICS INC,672900,-49500,5.67M,-417.29K,-6.9%,<.01%
52466B103,LZ,LEGALZOOM COM INC,3945493,-68200,24.19M,-418.07K,-1.7%,0.03%
702712209,PASG,PASSAGE BIO INC,47892,-85720,233.71K,-418.31K,-64.2%,<.01%
316092865,FUTY,FIDELITY COVINGTON TRUST,0,-7100,0,-419.4K,CLOSE,0%
M85548101,SSYS,STRATASYS LTD,274400,-49000,2.35M,-419.44K,-15.2%,<.01%
21867A105,CLB,CORE LABORATORIES INC,14500,-36103,168.93K,-420.6K,-71.3%,<.01%
83422E204,SLDB,SOLID BIOSCIENCES INC,82100,-42172,820.18K,-421.3K,-33.9%,<.01%
178867107,CIVB,CIVISTA BANCSHARES INC,36964,-15032,1.04M,-424.2K,-28.9%,<.01%
961765104,WHG,WESTWOOD HLDGS GROUP INC,328558,-22209,6.3M,-425.52K,-6.3%,<.01%
464287697,IDU,ISHARES TR,0,-3700,0,-429.61K,CLOSE,0%
G1757E113,CMCL,CALEDONIA MNG CORP,0,-19027,0,-429.82K,CLOSE,0%
008875304,DOMH,DOMINARI HOLDINGS INC,0,-132362,0,-430.18K,CLOSE,0%
53626N102,LION,LIONSGATE STUDIOS CORP,22400,-28100,342.94K,-430.21K,-55.6%,<.01%
927926303,VGZ,VISTA GOLD CORP,629885,-225620,1.2M,-430.93K,-26.4%,<.01%
74967R106,RMR,RMR GROUP INC,418714,-21100,8.6M,-433.18K,-4.8%,0.01%
45781M101,INVA,INNOVIVA INC,4036532,-19100,91.67M,-433.76K,-0.5%,0.13%
30041T104,MRAM,EVERSPIN TECHNOLOGIES INC,316370,-17997,7.65M,-435.17K,-5.4%,0.01%
384313607,EAF,GRAFTECH INTL LTD SR NT,47561,-73783,281.09K,-436.06K,-60.8%,<.01%
82657M105,SGHT,SIGHT SCIENCES INC,212658,-80700,1.15M,-437.39K,-27.5%,<.01%
292554102,ECPG,ENCORE CAP GROUP INC,16000,-4700,1.49M,-438.46K,-22.7%,<.01%
235825205,DAN,DANA INC,388944,-16156,10.58M,-439.6K,-4%,0.01%
05577W200,DOO,BRP INC,9254,-7246,564.68K,-442.15K,-43.9%,<.01%
47012E403,JAKK,JAKKS PAC INC,103218,-19100,2.4M,-444.65K,-15.6%,<.01%
00215F107,ATNI,ATN INTL INC,320932,-16803,8.5M,-445.11K,-5%,0.01%
G2545C104,CBIO,CRESCENT BIOPHARMA INC.,0,-24262,0,-445.69K,CLOSE,0%
36257Y109,GOTU,GAOTU TECHEDU INC,2061978,-268662,3.42M,-445.98K,-11.5%,<.01%
397624206,GEFB,GREIF INC,21400,-4800,2M,-448.99K,-18.3%,<.01%
496719105,KINS,KINGSTONE COS INC,369889,-23600,7.04M,-449.11K,-6%,<.01%
10949T109,BRSP,BRIGHTSPIRE CAPITAL INC,210700,-82600,1.15M,-450.17K,-28.2%,<.01%
33740F888,UCON,FIRST TR EXCHNG TRADED FD VI,0,-18200,0,-450.81K,CLOSE,0%
25525P107,DHC,DIVERSIFIED HEALTHCARE TR,266503,-48497,2.48M,-451.02K,-15.4%,<.01%
464287663,IUSV,ISHARES TR,24500,-4100,2.7M,-451.62K,-14.3%,<.01%
676118201,OMEX,ODYSSEY MARINE EXPL INC,0,-541721,0,-451.8K,CLOSE,0%
07272M107,BCML,BAYCOM CORP,40300,-13800,1.33M,-454.02K,-25.5%,<.01%
29249E109,ACT,ENACT HLDGS INC,0,-11200,0,-457.07K,CLOSE,0%
54948X109,LUCD,LUCID DIAGNOSTICS INC,71300,-428361,76.29K,-458.35K,-85.7%,<.01%
55279B301,LITS,LITE STRATEGY INC,1247350,-497350,1.15M,-458.76K,-28.5%,<.01%
49456W105,KLC,KINDERCARE LEARNING COMPANIE,0,-208528,0,-458.76K,CLOSE,0%
404251100,HNI,HNI CORP,0,-13800,0,-460.78K,CLOSE,0%
87266M107,TRTX,TPG RE FIN TR INC,130205,-55300,1.09M,-462.86K,-29.8%,<.01%
285233102,ELSE,ELECTRO-SENSORS INC,13200,-60700,101.11K,-464.96K,-82.1%,<.01%
75960P104,RELY,REMITLY GLOBAL INC,0,-30000,0,-470.1K,CLOSE,0%
35922N100,FVR,FRONTVIEW REIT INC,0,-30400,0,-470.29K,CLOSE,0%
578784100,MAZE,MAZE THERAPEUTICS INC,0,-15800,0,-471.63K,CLOSE,0%
464288885,EFG,ISHARES TR,1900,-3800,236.4K,-472.8K,-66.7%,<.01%
26923N835,TSLT,ETF OPPORTUNITIES TRUST,0,-27800,0,-472.88K,CLOSE,0%
649604840,ADAM,ADAMAS TRUST INC.,0,-64750,0,-476.56K,CLOSE,0%
502160104,LXU,LSB INDS INC,1748406,-44100,18.9M,-476.72K,-2.5%,0.03%
74766Q101,QTRX,QUANTERIX CORP,0,-136207,0,-479.45K,CLOSE,0%
568427108,MPX,MARINE PRODS CORP,0,-66002,0,-479.83K,CLOSE,0%
922042676,VNQI,VANGUARD INTL EQUITY INDEX F,0,-10800,0,-480.06K,CLOSE,0%
76200L309,RZLT,REZOLUTE INC,0,-157711,0,-481.02K,CLOSE,0%
G9470A102,VTEX,VTEX,593500,-120400,2.37M,-481.6K,-16.9%,<.01%
88636X856,CONY,TIDAL TRUST II,0,-18300,0,-482.02K,CLOSE,0%
464288273,SCZ,ISHARES TR,68600,-5867,5.64M,-482.68K,-7.9%,<.01%
015658107,ASTL,ALGOMA STL GROUP INC,0,-117276,0,-484.35K,CLOSE,0%
363225202,GALT,GALECTIN THERAPEUTICS INC,43343,-104557,201.11K,-485.15K,-70.7%,<.01%
03589W102,ANNX,ANNEXON INC,459000,-85300,2.62M,-487.06K,-15.7%,<.01%
19243B102,CGTX,COGNITION THERAPEUTICS INC,693288,-423848,797.28K,-487.43K,-37.9%,<.01%
28225C806,EGAN,EGAIN CORP,760999,-77426,4.79M,-487.78K,-9.2%,<.01%
G5331N101,KYIV,KYIVSTAR GROUP LTD,50800,-30200,821.44K,-488.33K,-37.3%,<.01%
816212302,RNAC,CARTESIAN THERAPEUTICS INC,20300,-47000,211.53K,-489.74K,-69.8%,<.01%
67018T105,NUS,NU SKIN ENTERPRISES INC,1607692,-92804,8.49M,-490.01K,-5.5%,0.01%
88675P103,TYGO,TIGO ENERGY INC,1084700,-214177,2.53M,-499.03K,-16.5%,<.01%
709789101,PEBO,PEOPLES BANCORP INC,0,-15311,0,-503.27K,CLOSE,0%
666762109,NRIM,NORTHRIM BANCORP INC,0,-22000,0,-503.36K,CLOSE,0%
05280R100,AUTL,AUTOLUS THERAPEUTICS LTD,1984700,-314799,3.18M,-503.68K,-13.7%,<.01%
803866300,SSL,SASOL LTD,298700,-51800,2.93M,-508.68K,-14.8%,<.01%
02913V103,APEI,AMERICAN PUB ED INC,910620,-9600,48.9M,-515.52K,-1%,0.07%
629209305,NMIH,NMI HLDGS INC,0,-13753,0,-515.87K,CLOSE,0%
583543301,SLNH,SOLUNA HOLDINGS INC,452600,-382677,611.01K,-516.61K,-45.8%,<.01%
G32089107,ETOR,ETORO GROUP LTD,279850,-13100,11.05M,-517.06K,-4.5%,0.02%
01626L204,ALGS,ALIGOS THERAPEUTICS INC,10800,-89650,62.32K,-517.28K,-89.2%,<.01%
75508B104,RYAM,RAYONIER ADVANCED MATLS INC,1559314,-66000,12.26M,-518.76K,-4.1%,0.02%
97717Y691,WCLD,WISDOMTREE TR,0,-19000,0,-519.08K,CLOSE,0%
67421J207,OTLY,OATLY GROUP AB,0,-51513,0,-522.34K,CLOSE,0%
294375209,EPSN,EPSILON ENERGY LTD,138279,-96621,748.09K,-522.72K,-41.1%,<.01%
L0415A103,AUNA,AUNA S A,566100,-102357,2.9M,-525.09K,-15.3%,<.01%
46655E100,DC,DAKOTA GOLD CORP,477888,-124001,2.04M,-528.24K,-20.6%,<.01%
G21810109,CLVT,CLARIVATE PLC,213300,-244614,460.73K,-528.37K,-53.4%,<.01%
46432F834,IXUS,ISHARES TR,0,-6100,0,-528.5K,CLOSE,0%
G01125106,AFYA,AFYA LTD,343300,-35700,5.09M,-529.79K,-9.4%,<.01%
74349Y571,ETHT,PROSHARES TR,0,-35420,0,-530.59K,CLOSE,0%
Y2066G104,DSX,DIANA SHIPPING INC,2730680,-253533,5.73M,-532.42K,-8.5%,<.01%
253798102,DGII,DIGI INTL INC,92984,-7109,6.97M,-532.82K,-7.1%,<.01%
84833T103,SPRO,SPERO THERAPEUTICS INC,947904,-241331,2.09M,-533.34K,-20.3%,<.01%
53656G191,XXRP,LISTED FDS TR,0,-140100,0,-537.98K,CLOSE,0%
00508Y102,AYI,ACUITY INC,0,-1940,0,-543.63K,CLOSE,0%
47759T100,JKS,JINKOSOLAR HLDG CO LTD,49800,-32400,836.64K,-544.32K,-39.4%,<.01%
88636W221,MSTX,TIDAL TRUST II,0,-28000,0,-547.4K,CLOSE,0%
479167108,JOUT,JOHNSON OUTDOORS INC,66900,-11900,3.08M,-547.88K,-15.1%,<.01%
G0567U127,ARQQ,ARQIT QUANTUM INC,0,-41400,0,-548.55K,CLOSE,0%
68237V103,ONCY,ONCOLYTICS BIOTECH INC,62010,-577643,58.9K,-548.7K,-90.3%,<.01%
29479A108,ERAS,ERASCA INC,1368918,-29951,25.08M,-548.7K,-2.1%,0.03%
46654Q609,JGRO,J P MORGAN EXCHANGE TRADED F,0,-6500,0,-549.38K,CLOSE,0%
563571405,MTW,MANITOWOC CO INC,0,-47244,0,-550.39K,CLOSE,0%
65341D102,NXRT,NEXPOINT RESIDENTIAL TR INC,110814,-19791,3.09M,-552.56K,-15.2%,<.01%
451051106,IBTA,IBOTTA INC,223083,-16217,7.62M,-553.97K,-6.8%,0.01%
14167R100,CCLD,CARECLOUD INC,210600,-261700,446.47K,-554.8K,-55.4%,<.01%
921908844,VIG,VANGUARD SPECIALIZED FUNDS,7352,-2348,1.74M,-555.58K,-24.2%,<.01%
46641Q332,JEPI,J P MORGAN EXCHANGE TRADED F,0,-9835,0,-557.45K,CLOSE,0%
806037107,SCSC,SCANSOURCE INC,10375,-10735,540.43K,-559.19K,-50.9%,<.01%
92204A603,VIS,VANGUARD WORLD FD,5160,-1560,1.86M,-562.19K,-23.2%,<.01%
42330P107,HOS,HELIX ENERGY SOLUTIONS GRP I,902127,-64400,7.88M,-562.86K,-6.7%,0.01%
21871X109,CRBG,COREBRIDGE FINL INC,0,-23700,0,-565.48K,CLOSE,0%
38747R710,PTIR,GRANITESHARES ETF TR,0,-34800,0,-569.68K,CLOSE,0%
911922102,USLM,UNITED STS LIME & MINERALS I,609011,-5452,63.75M,-570.66K,-0.9%,0.09%
917488108,UTMD,UTAH MED PRODS INC,175814,-8300,12.13M,-572.53K,-4.5%,0.02%
763165107,RELL,RICHARDSON ELECTRS LTD,313177,-30300,5.95M,-576K,-8.8%,<.01%
52187K200,CYPH,CYPHERPUNK TECHNOLOGIES INC,0,-725120,0,-576.18K,CLOSE,0%
855919106,STRZ,STARZ ENTERTAINMENT CORP.,0,-50200,0,-577.3K,CLOSE,0%
09354A100,BLNK,BLINK CHARGING CO,597584,-904016,382.33K,-578.39K,-60.2%,<.01%
Y73760400,SHIP,SEANERGY MARITIME HLDGS CORP,609100,-43200,8.18M,-580.18K,-6.6%,0.01%
03209R103,AMPH,AMPHASTAR PHARMACEUTICALS IN,525100,-28800,10.6M,-581.18K,-5.2%,0.01%
14021L109,CGDG,CAPITAL GROUP DIVIDEND GROWE,0,-16200,0,-581.58K,CLOSE,0%
75901B107,RGNX,REGENXBIO INC,256686,-48600,3.08M,-582.23K,-15.9%,<.01%
64107A105,NPWR,NET POWER INC,354206,-349594,591.52K,-583.82K,-49.7%,<.01%
29444U700,EQIX,EQUINIX INC,0,-600,0,-588.14K,CLOSE,0%
92204A306,VDE,VANGUARD WORLD FD,0,-3400,0,-588.34K,CLOSE,0%
46641Q225,BBCA,J P MORGAN EXCHANGE TRADED F,0,-6400,0,-601.98K,CLOSE,0%
001228501,MITT,TPG MTG INVTS TR INC,229946,-76050,1.82M,-602.32K,-24.9%,<.01%
59540G107,MPB,MID PENN BANCORP INC,0,-18731,0,-602.39K,CLOSE,0%
76155X100,RVMD,REVOLUTION MEDICINES INC,0,-6200,0,-602.95K,CLOSE,0%
808524508,SCHM,SCHWAB STRATEGIC TR,0,-19500,0,-603.72K,CLOSE,0%
808524409,SCHV,SCHWAB STRATEGIC TR,0,-19800,0,-603.9K,CLOSE,0%
12468P104,AI,C3 AI INC,44400,-66500,403.6K,-604.49K,-60%,<.01%
G72245122,PRE,PRENETICS GLOBAL LTD,0,-31322,0,-605.14K,CLOSE,0%
91851C201,EGY,VAALCO ENERGY INC,1181526,-119500,6M,-607.06K,-9.2%,<.01%
482738101,KVHI,KVH INDS INC,284115,-61400,2.82M,-608.47K,-17.8%,<.01%
566324109,MMI,MARCUS & MILLICHAP INC,200173,-19527,6.24M,-608.66K,-8.9%,<.01%
535219109,LIND,LINDBLAD EXPEDITIONS HLDGS I,8898,-21600,251.28K,-609.99K,-70.8%,<.01%
Y81669106,GASS,STEALTHGAS INC,1955231,-77400,15.45M,-611.46K,-3.8%,0.02%
85916J409,STXS,STEREOTAXIS INC,15400,-357200,26.49K,-614.38K,-95.9%,<.01%
682406103,OLP,ONE LIBERTY PPTYS INC,489478,-25273,11.95M,-617.17K,-4.9%,0.02%
257701201,DGICA,DONEGAL GROUP INC,359911,-32800,6.79M,-618.61K,-8.4%,<.01%
974250102,WINA,WINMARK CORP,204412,-1463,86.48M,-618.97K,-0.7%,0.12%
520776105,DSGR,DISTRIBUTION SOLUTIONS GRP I,12400,-22700,339.14K,-620.85K,-64.7%,<.01%
04965B100,ATOM,ATOMERA INC,0,-163066,0,-621.28K,CLOSE,0%
09227Q100,BLKB,BLACKBAUD INC,13997,-21000,414.59K,-622.02K,-60%,<.01%
155923105,CTRI,CENTURI HOLDINGS INC,913700,-20600,27.63M,-622.94K,-2.2%,0.04%
858586100,SCL,STEPAN CO,0,-12512,0,-625.35K,CLOSE,0%
218683100,CMT,CORE MOLDING TECHNOLOGIES IN,461947,-26500,10.9M,-625.4K,-5.4%,0.02%
811707801,SBCF,SEACOAST BKG CORP FLA,25905,-18900,861.34K,-628.42K,-42.2%,<.01%
498894104,KNF,KNIFE RIVER CORP,0,-7700,0,-628.71K,CLOSE,0%
46434V738,IEUR,ISHARES TR,0,-9000,0,-632.43K,CLOSE,0%
904767803,UL,UNILEVER PLC,1167336,-10600,70.18M,-637.27K,-0.9%,0.1%
00214Q401,ARKW,ARK ETF TR,0,-5300,0,-639.23K,CLOSE,0%
74347G184,BITI,PROSHARES TR,0,-24000,0,-639.84K,CLOSE,0%
23130Q107,CURI,CURIOSITYSTREAM INC,1528000,-240800,4.06M,-640.53K,-13.6%,<.01%
25434V609,DFAT,DIMENSIONAL ETF TRUST,8705,-9195,608.48K,-642.73K,-51.4%,<.01%
97717W307,DLN,WISDOMTREE TR,0,-7200,0,-643.18K,CLOSE,0%
55262C100,MBI,MBIA INC,310892,-99000,2.03M,-645.48K,-24.2%,<.01%
61774R841,EVTR,MORGAN STANLEY ETF TRUST,16500,-12800,836.72K,-649.09K,-43.7%,<.01%
Y1771G102,CMRE,COSTAMARE INC,965225,-46507,13.53M,-652.03K,-4.6%,0.02%
36116M106,FF,FUTUREFUEL CORP,1433400,-144300,6.48M,-652.24K,-9.1%,<.01%
16208T102,CLDT,CHATHAM LODGING TR,869775,-49300,11.51M,-652.24K,-5.4%,0.02%
M7518J104,ODD,ODDITY TECH LTD,0,-48800,0,-652.94K,CLOSE,0%
749552105,RFIL,RF INDS LTD,463817,-30847,9.84M,-654.26K,-6.2%,0.01%
307675108,FARM,FARMER BROS CO,0,-515577,0,-654.78K,CLOSE,0%
043113208,ARTNA,ARTESIAN RES CORP,301156,-19300,10.24M,-656.01K,-6%,0.01%
46434G848,PICK,ISHARES INC,15400,-11300,895.51K,-657.1K,-42.3%,<.01%
10501L106,BWAY,BRAINSWAY LTD,475920,-42500,7.38M,-659.17K,-8.2%,0.01%
128058302,LSTA,LISATA THERAPEUTICS INC,0,-131715,0,-659.89K,CLOSE,0%
894650100,TG,TREDEGAR CORP,112300,-83100,893.91K,-661.48K,-42.5%,<.01%
69374H881,COWZ,PACER FDS TR,0,-10600,0,-663.14K,CLOSE,0%
70805E109,PNTG,PENNANT GROUP INC,48191,-17995,1.78M,-664.92K,-27.2%,<.01%
00183L201,ANGI,ANGI INC,0,-97126,0,-665.31K,CLOSE,0%
29460X109,EQBK,EQUITY BANCSHARES INC,0,-15000,0,-666.15K,CLOSE,0%
296006109,ERO,ERO COPPER CORP,395876,-25000,10.59M,-668.75K,-5.9%,0.01%
464287788,IYF,ISHARES TR,0,-5700,0,-670.66K,CLOSE,0%
42328H109,HLIO,HELIOS TECHNOLOGIES INC,0,-10400,0,-672.98K,CLOSE,0%
359523107,FTEK,FUEL TECH INC,1102406,-305400,2.44M,-674.93K,-21.7%,<.01%
204429104,CCU,COMPANIA CERVECERIAS UNIDAS,252665,-60587,2.83M,-678.57K,-19.3%,<.01%
86614G101,SMC,SUMMIT MIDSTREAM CORPORATION,0,-22476,0,-679.67K,CLOSE,0%
25434V807,DFIV,DIMENSIONAL ETF TRUST,0,-12900,0,-680.86K,CLOSE,0%
466032109,JJSF,J & J SNACK FOODS CORP,0,-8656,0,-686.16K,CLOSE,0%
696389402,PALI,PALISADE BIO INC,1124800,-329600,2.35M,-688.86K,-22.7%,<.01%
39304D102,GDOT,GREEN DOT CORP,0,-61400,0,-688.91K,CLOSE,0%
023139884,OSG,OCTAVE SPECIALTY GROUP INC,117200,-110526,731.33K,-689.68K,-48.5%,<.01%
92865J729,XRPT,VOLATILITY SHS TR,0,-17195,0,-692.16K,CLOSE,0%
78781J109,SAIL,SAILPOINT INC,346400,-47400,5.07M,-693.94K,-12%,<.01%
90291C201,USAU,U S GOLD CORP,0,-45697,0,-694.14K,CLOSE,0%
60784B101,MDV,MODIV INDUSTRIAL INC,35800,-39900,622.92K,-694.26K,-52.7%,<.01%
00972D105,AKBA,AKEBIA THREAPEUTICS INC,1223963,-609165,1.4M,-694.45K,-33.2%,<.01%
92189F411,BIZD,VANECK ETF TRUST,0,-54400,0,-696.32K,CLOSE,0%
87876P201,TGEN,TECOGEN INC NEW,0,-272300,0,-697.09K,CLOSE,0%
711040105,PFIS,PEOPLES FINL SVCS CORP,5879,-10648,390.19K,-706.71K,-64.4%,<.01%
296650104,ESP,ESPEY MFG & ELECTRS CORP,92712,-10500,6.24M,-707.17K,-10.2%,<.01%
03211Q200,AMPG,AMPLITECH GROUP INC,0,-372600,0,-707.94K,CLOSE,0%
59124U605,MTA,METALLA RTY & STREAMING LTD,358919,-93029,2.73M,-707.95K,-20.6%,<.01%
014442107,ALEC,ALECTOR INC,935166,-352525,1.88M,-708.58K,-27.4%,<.01%
921910840,MGV,VANGUARD WORLD FD,9200,-4400,1.5M,-719.18K,-32.4%,<.01%
38149E101,GLDG,GOLDMINING INC,3099626,-795235,2.81M,-721.28K,-20.4%,<.01%
00289Y206,ABEO,ABEONA THERAPEUTICS INC,0,-161082,0,-721.65K,CLOSE,0%
85571B105,STWD,STARWOOD PPTY TR INC,574684,-44100,9.41M,-722.36K,-7.1%,0.01%
64135M105,NGNE,NEUROGENE INC,20405,-22995,641.74K,-723.19K,-53%,<.01%
501044101,KR,KROGER CO,0,-10000,0,-723.6K,CLOSE,0%
28176E108,EW,EDWARDS LIFESCIENCES CORP,21000,-8000,1.9M,-723.68K,-27.6%,<.01%
320817109,FRME,FIRST MERCHANTS CORP,0,-18788,0,-727.66K,CLOSE,0%
69318J100,CNXN,PC CONNECTION INC,48000,-10000,3.5M,-729.9K,-17.2%,<.01%
33939L407,GUNR,FLEXSHARES TR,0,-13278,0,-732.41K,CLOSE,0%
20451Q104,CODI,COMPASS DIVERSIFIED,0,-93607,0,-735.75K,CLOSE,0%
234264109,DAKT,DAKTRONICS INC,785161,-37693,15.36M,-737.28K,-4.6%,0.02%
84470P109,SBSI,SOUTHSIDE BANCSHARES INC,419146,-21000,14.75M,-738.99K,-4.8%,0.02%
719405102,PLAB,PHOTRONICS INC,0,-18302,0,-739.58K,CLOSE,0%
373865104,GABC,GERMAN AMERN BANCORP INC,93649,-15600,4.44M,-740.38K,-14.3%,<.01%
22717L101,CRON,CRONOS GROUP INC,1742149,-267400,4.84M,-743.37K,-13.3%,<.01%
700215304,TRAK,REPOSITRAK INC,161063,-82900,1.45M,-746.1K,-34%,<.01%
871565107,ACNT,ASCENT INDUSTRIES CO,279202,-49798,4.2M,-748.46K,-15.1%,<.01%
25461A858,AMZU,DIREXION SHARES ETF TRUST,0,-28000,0,-752.08K,CLOSE,0%
20459V105,GPGI,GPGI INC,0,-44229,0,-756.32K,CLOSE,0%
75955J402,RLMD,RELMADA THERAPEUTICS INC,57800,-109400,399.98K,-757.05K,-65.4%,<.01%
85209W109,SPT,SPROUT SOCIAL INC,627362,-100400,4.74M,-758.02K,-13.8%,<.01%
958892101,WNEB,WESTERN NEW ENG BANCORP INC,947562,-53200,13.55M,-760.76K,-5.3%,0.02%
30068X103,XGN,EXAGEN INC,39600,-163672,184.14K,-761.07K,-80.5%,<.01%
45817G201,IDN,INTELLICHECK MOBILISA INC,300100,-185735,1.23M,-761.51K,-38.2%,<.01%
05366Y201,AVNW,AVIAT NETWORKS INC,34380,-34399,763.24K,-763.66K,-50%,<.01%
974637100,WGO,WINNEBAGO INDS INC,0,-24675,0,-764.68K,CLOSE,0%
952845105,WFG,WEST FRASER TIMBER CO LTD,6500,-11300,439.99K,-764.9K,-63.5%,<.01%
799566104,SANA,SANA BIOTECHNOLOGY INC,1231100,-220100,4.3M,-768.15K,-15.2%,<.01%
05356F105,AVAH,AVEANNA HEALTHCARE HLDGS INC,816116,-89827,6.99M,-769.82K,-9.9%,<.01%
74167B109,FRST,PRIMIS FINANCIAL CORP,223070,-47100,3.65M,-771.03K,-17.4%,<.01%
690145206,OM,OUTSET MED INC,43428,-178647,187.61K,-771.76K,-80.4%,<.01%
16965P202,IMOS,CHIPMOS TECHNOLOGIES INC,1105890,-12100,71.05M,-777.43K,-1.1%,0.1%
550249106,LMRI,LUMEXA IMAGING HOLDINGS INC,0,-90423,0,-777.64K,CLOSE,0%
36164V800,GLIBK,LIBERTY CAP CORP,209200,-36100,4.51M,-778.32K,-14.7%,<.01%
33830T103,FSBC,FIVE STAR BANCORP,13300,-16000,647.58K,-779.04K,-54.6%,<.01%
72201R775,BOND,PIMCO ETF TR,0,-8500,0,-784.38K,CLOSE,0%
077347201,BELFA,BEL FUSE INC,65553,-2700,19.09M,-786.32K,-4%,0.03%
56146T103,MAMA,MAMAS CREATIONS INC,316400,-44200,5.65M,-788.97K,-12.3%,<.01%
M5216V106,GLBE,GLOBAL E ONLINE LTD,253100,-22800,8.79M,-791.84K,-8.3%,0.01%
46138E362,SPHD,INVESCO EXCH TRADED FD TR II,0,-16000,0,-793.76K,CLOSE,0%
78471E105,SKYX,SKYX PLATFORMS CORP,501700,-719800,554.38K,-795.38K,-58.9%,<.01%
26923N819,NVDX,ETF OPPORTUNITIES TRUST,0,-58100,0,-809.33K,CLOSE,0%
06654A103,BWFG,BANKWELL FINL GROUP INC,93748,-13800,5.51M,-810.75K,-12.8%,<.01%
00091G104,ACVA,ACV AUCTIONS INC,0,-192200,0,-814.93K,CLOSE,0%
808524805,SCHF,SCHWAB STRATEGIC TR,0,-33000,0,-816.75K,CLOSE,0%
808524888,SCHC,SCHWAB STRATEGIC TR,0,-17500,0,-817.95K,CLOSE,0%
651229106,NWL,NEWELL BRANDS INC,0,-238527,0,-818.15K,CLOSE,0%
G42706104,HG,HAMILTON INSURANCE GROUP LTD,0,-27548,0,-821.76K,CLOSE,0%
032108409,DIVO,AMPLIFY ETF TR,10627,-18173,485.65K,-830.51K,-63.1%,<.01%
04208T108,AHRT,AH RLTY TR INC,72682,-117361,514.59K,-830.92K,-61.8%,<.01%
92189H201,ITM,VANECK ETF TRUST,0,-17900,0,-831.1K,CLOSE,0%
96924N100,WLDN,WILLDAN GROUP INC,0,-10900,0,-834.5K,CLOSE,0%
64782A107,NEWP,NEW PAC METALS CORP,152372,-208236,612.53K,-837.11K,-57.7%,<.01%
69702V107,PSBD,PALMER SQUARE CAPITAL BDC IN,75100,-80600,782.54K,-839.85K,-51.8%,<.01%
00373V100,ABVEF,ABOVE FOOD INGREDIENTS INC,0,-832717,0,-841.04K,CLOSE,0%
36472T109,TDAY,USA TODAY CO INC,833619,-98400,7.13M,-841.32K,-10.6%,<.01%
233051432,HYLB,DBX ETF TR,0,-23300,0,-842.53K,CLOSE,0%
464286400,EWZ,ISHARES INC,311007,-24493,10.73M,-845.01K,-7.3%,0.01%
02157Q109,ANRO,ALTO NEUROSCIENCE INC,71399,-32100,1.88M,-847.12K,-31%,<.01%
032797300,AVXL,ANAVEX LIFE SCIENCES CORP,0,-276800,0,-849.78K,CLOSE,0%
74587V107,PBYI,PUMA BIOTECHNOLOGY INC,1836213,-106200,14.89M,-861.28K,-5.5%,0.02%
71722W107,PHAT,PHATHOM PHARMACEUTICALS INC,226400,-79400,2.46M,-861.49K,-26%,<.01%
921078101,OUNZ,VANECK MERK GOLD ETF,14100,-22370,544.12K,-863.26K,-61.3%,<.01%
74319N100,ACDC,PROFRAC HLDG CORP,0,-140700,0,-872.34K,CLOSE,0%
134748102,CAN,CANAAN INC,1493879,-3040872,428.89K,-873.04K,-67.1%,<.01%
44852D108,HUYA,HUYA INC,1883987,-381413,4.33M,-877.25K,-16.8%,<.01%
25434V500,DFAS,DIMENSIONAL ETF TRUST,0,-12400,0,-882.01K,CLOSE,0%
021513106,ALTO,ALTO INGREDIENTS INC,1518521,-155136,8.66M,-884.28K,-9.3%,0.01%
336917109,FDL,FIRST TR EXCHANGE-TRADED FD,45112,-18188,2.2M,-885.03K,-28.7%,<.01%
192576106,COHU,COHU INC,72500,-12000,5.36M,-886.92K,-14.2%,<.01%
94188P101,WSBF,WATERSTONE FINL INC MD,1051571,-42900,21.8M,-889.32K,-3.9%,0.03%
349932103,FWDI,FORWARD INDUSTRIES INC,188854,-211370,796.96K,-891.98K,-52.8%,<.01%
843380106,SMBC,SOUTHERN MO BANCORP INC,79824,-11710,6.08M,-892.42K,-12.8%,<.01%
404111106,HBT,HBT FINL INC.,0,-33651,0,-899.15K,CLOSE,0%
G5698W116,LXFR,LUXFER HLDGS PLC,28558,-49966,515.19K,-901.39K,-63.6%,<.01%
03475V101,ANGO,ANGIODYNAMICS INC,733883,-69400,9.55M,-902.89K,-8.6%,0.01%
184492106,ZONE,CLEANCORE SOLUTIONS INC,0,-2557895,0,-911.38K,CLOSE,0%
Y62132108,NVGS,NAVIGATOR HLDGS LTD,483988,-49000,9.02M,-912.87K,-9.2%,0.01%
68390D106,OR,OR ROYALTIES INC.,754302,-29000,23.86M,-917.27K,-3.7%,0.03%
464288612,GVI,ISHARES TR,0,-8600,0,-917.45K,CLOSE,0%
Y48125101,KNOP,KNOT OFFSHORE PARTNERS LP,1242775,-92660,12.4M,-924.75K,-6.9%,0.02%
25461A866,MSFU,DIREXION SHARES ETF TRUST,0,-40300,0,-927.3K,CLOSE,0%
20848V105,CCSI,CONSENSUS CLOUD SOLUTIONS IN,55964,-24487,2.14M,-934.18K,-30.4%,<.01%
781846209,RUSHA,RUSH ENTERPRISES INC,152200,-12900,11.11M,-941.51K,-7.8%,0.02%
580907103,MH,MCGRAW HILL INC,69659,-99441,659.67K,-941.71K,-58.8%,<.01%
30292L107,FRPH,FRP HLDGS INC,52000,-37800,1.3M,-944.62K,-42.1%,<.01%
003261104,BCI,ABRDN ETFS,0,-38900,0,-944.88K,CLOSE,0%
811927102,SA,SEABRIDGE GOLD INC,283300,-36764,7.29M,-946.3K,-11.5%,0.01%
800677106,SGMOQ,SANGAMO THERAPEUTICS INC,0,-3836665,0,-947.27K,CLOSE,0%
88034P109,TME,TENCENT MUSIC ENTMT GROUP,6456844,-113500,53.91M,-947.72K,-1.7%,0.07%
88422P109,TCBX,THIRD COAST BANCSHARES INC,21374,-23526,863.51K,-950.45K,-52.4%,<.01%
783754104,RYZ,RYERSON HLDG CORP,35502,-38636,873.7K,-950.83K,-52.1%,<.01%
86889P208,SRZN,SURROZEN INC,12374,-36752,321.11K,-953.71K,-74.8%,<.01%
233051143,SNPE,DBX ETF TR,0,-16100,0,-958.75K,CLOSE,0%
00214Q708,ARKF,ARK ETF TR,0,-25300,0,-961.65K,CLOSE,0%
68386H103,OPFI,OPPFI INC,533008,-97300,5.29M,-966.19K,-15.4%,<.01%
87969B101,TLS,TELOS CORP MD,906929,-211985,4.17M,-975.13K,-18.9%,<.01%
464286533,EEMV,ISHARES INC,26400,-13000,1.99M,-978.64K,-33%,<.01%
879512309,TSAT,TELESAT CORP,6400,-19363,323.97K,-980.16K,-75.2%,<.01%
353525108,FRAF,FRANKLIN FINL SVCS CORP,8400,-15700,525.84K,-982.82K,-65.1%,<.01%
43940T109,HOPE,HOPE BANCORP INC,585306,-72340,8.01M,-989.61K,-11%,0.01%
74386T105,PFS,PROVIDENT FINL SVCS INC,0,-46845,0,-991.24K,CLOSE,0%
464286806,EWG,ISHARES INC,0,-25000,0,-991.75K,CLOSE,0%
641288105,NPCE,NEUROPACE INC,111699,-62612,1.77M,-994.9K,-35.9%,<.01%
63888U108,NGVC,NATURAL GROCERS BY VITAMIN,294899,-32200,9.15M,-998.84K,-9.8%,0.01%
008183204,LIDR,AEYE INC,700715,-693757,1.01M,-999.01K,-49.8%,<.01%
927107409,VLGEA,VILLAGE SUPER MKT INC,440384,-23700,18.58M,-999.67K,-5.1%,0.03%
78473E103,SPXC,SPX TECHNOLOGIES INC,0,-5000,0,-999.7K,CLOSE,0%
74349Y753,SH,PROSHARES TR,0,-26400,0,-1M,CLOSE,0%
73931J109,AIOT,POWERFLEET INC,1268663,-262062,4.86M,-1M,-17.1%,<.01%
405166109,HGTY,HAGERTY INC,73268,-84400,873.36K,-1.01M,-53.5%,<.01%
91704F104,UE,URBAN EDGE PPTYS,433983,-44017,9.93M,-1.01M,-9.2%,0.01%
68628V308,ORN,ORION GROUP HLDGS INC,133480,-59934,2.25M,-1.01M,-31%,<.01%
492327101,KROS,KEROS THERAPEUTICS INC,359086,-94396,3.84M,-1.01M,-20.8%,<.01%
52468L505,LVHI,LEGG MASON ETF INVT,36700,-25000,1.49M,-1.01M,-40.5%,<.01%
4525EP101,IMUX,IMMUNIC INC,0,-919164,0,-1.02M,CLOSE,0%
53566P109,LCTX,LINEAGE CELL THERAPEUTICS IN,1344829,-780271,1.76M,-1.02M,-36.7%,<.01%
25461A528,MUU,DIREXION SHARES ETF TRUST,0,-8500,0,-1.02M,CLOSE,0%
419596101,HVT,HAVERTY FURNITURE COS INC,679713,-40117,17.35M,-1.02M,-5.6%,0.02%
29271Q103,ESOA,ENERGY SERVICES OF AMER CORP,164412,-53088,3.18M,-1.03M,-24.4%,<.01%
285409108,ELMD,ELECTROMED INC,99704,-24300,4.22M,-1.03M,-19.6%,<.01%
05759B305,BKKT,BAKKT INC,309285,-131815,2.42M,-1.03M,-29.9%,<.01%
63886Q109,NGS,NATURAL GAS SVCS GROUP INC,214142,-23900,9.24M,-1.03M,-10%,0.01%
12619F104,CPSH,CPS TECHNOLOGIES CORP,62058,-186900,342.56K,-1.03M,-75.1%,<.01%
464286525,ACWV,ISHARES INC,0,-8661,0,-1.04M,CLOSE,0%
91359E105,UHT,UNIVERSAL HEALTH RLTY INCOME,196510,-23600,8.62M,-1.04M,-10.7%,0.01%
00258Y104,ABX,ABACUS GLOBAL MGMT INC,0,-131800,0,-1.04M,CLOSE,0%
59156R108,MET,METLIFE INC,0,-14700,0,-1.04M,CLOSE,0%
600551204,MLR,MILLER INDS INC TENN,0,-23000,0,-1.05M,CLOSE,0%
14020W106,CGDV,CAPITAL GROUP DIVIDEND VALUE,40600,-21300,2M,-1.05M,-34.4%,<.01%
464286640,ECH,ISHARES INC,0,-26400,0,-1.05M,CLOSE,0%
432705309,CNTN,CANTON STRATEGIC HOLDINGS IN,189628,-372372,534.75K,-1.05M,-66.3%,<.01%
864159108,RGR,STURM RUGER & CO INC,682376,-27800,25.83M,-1.05M,-3.9%,0.04%
03969T109,ARCT,ARCTURUS THERAPEUTICS HLDGS,21400,-156900,143.81K,-1.05M,-88%,<.01%
B9151N105,TTAM,TITAN AMER SA,42894,-56506,800.4K,-1.05M,-56.8%,<.01%
17878Y207,CVEO,CIVEO CORP CDA,471532,-30200,16.5M,-1.06M,-6%,0.02%
04956D107,ATMU,ATMUS FILTRATION TECHNOLOGIE,0,-18700,0,-1.06M,CLOSE,0%
358435105,FRD,FRIEDMAN INDS INC,297882,-33400,9.59M,-1.07M,-10.1%,0.01%
28035Q102,EPC,EDGEWELL PERSONAL CARE CO,0,-50900,0,-1.09M,CLOSE,0%
46137V241,SPHQ,INVESCO EXCHANGE TRADED FD T,12535,-12065,1.13M,-1.09M,-49%,<.01%
012348108,AIN,ALBANY INTL CORP,81200,-14700,6.05M,-1.1M,-15.3%,<.01%
87357P100,TCMD,TACTILE SYS TECHNOLOGY INC,474100,-36797,14.12M,-1.1M,-7.2%,0.02%
987184108,YORW,YORK WTR CO,168236,-35800,5.16M,-1.1M,-17.5%,<.01%
67090S108,NCDL,NUVEEN CHURCHILL DIRECT LEND,63000,-89024,782.46K,-1.11M,-58.6%,<.01%
871332102,SLVM,SYLVAMO CORP,0,-26300,0,-1.11M,CLOSE,0%
875372203,TNDM,TANDEM DIABETES CARE INC,0,-58227,0,-1.12M,CLOSE,0%
981419104,WRLD,WORLD ACCEP CORPORATION,43800,-5000,9.8M,-1.12M,-10.2%,0.01%
950755108,WERN,WERNER ENTERPRISES INC,0,-38063,0,-1.12M,CLOSE,0%
H0036K147,ADCT,ADC THERAPEUTICS SA,0,-299278,0,-1.12M,CLOSE,0%
00439U104,GRCE,GRACE THERAPEUTICS INC,0,-243910,0,-1.13M,CLOSE,0%
528872302,LXRX,LEXICON PHARMACEUTICALS INC,1127000,-473500,2.7M,-1.14M,-29.6%,<.01%
922042718,VSS,VANGUARD INTL EQUITY INDEX F,0,-7799,0,-1.14M,CLOSE,0%
38150K103,AAAU,GOLDMAN SACHS PHYSICAL GOLD,41100,-28900,1.63M,-1.14M,-41.3%,<.01%
42727J102,HRTG,HERITAGE INSURANCE HLDGS INC,128630,-43900,3.35M,-1.14M,-25.4%,<.01%
464287499,IWR,ISHARES TR,14800,-10400,1.63M,-1.15M,-41.3%,<.01%
92204A876,VPU,VANGUARD WORLD FD,0,-5800,0,-1.15M,CLOSE,0%
21077F100,CTGO,CONTANGO SILVER & GOLD INC,62233,-73045,982.66K,-1.15M,-54%,<.01%
84863T106,SPOK,SPOK HLDGS INC,1148579,-113000,11.76M,-1.16M,-9%,0.02%
630402105,NSSC,NAPCO SEC TECHNOLOGIES INC,406200,-30600,15.43M,-1.16M,-7%,0.02%
464287341,IXC,ISHARES TR,0,-20200,0,-1.16M,CLOSE,0%
27923Q109,ECVT,ECOVYST INC,213100,-93600,2.65M,-1.17M,-30.5%,<.01%
118440106,BKE,BUCKLE INC,1139852,-27900,48.1M,-1.18M,-2.4%,0.07%
56418H100,MAN,MANPOWERGROUP INC WIS,0,-40052,0,-1.18M,CLOSE,0%
19623P101,CBAN,COLONY BANKCORP INC,46743,-58735,939.07K,-1.18M,-55.7%,<.01%
36352H100,GAU,GALIANO GOLD INC,4373588,-633065,8.18M,-1.18M,-12.6%,0.01%
421906108,HCSG,HEALTHCARE SVCS GROUP INC,0,-64104,0,-1.19M,CLOSE,0%
221015100,CRVS,CORVUS PHARMACEUTICALS INC,0,-81310,0,-1.19M,CLOSE,0%
376549101,LAND,GLADSTONE LD CORP,366900,-139482,3.13M,-1.19M,-27.5%,<.01%
749660106,RES,RPC INC,45300,-205000,264.1K,-1.2M,-81.9%,<.01%
911460103,UBFO,UNITED SEC BANCSHARES CALIF,0,-113948,0,-1.2M,CLOSE,0%
464288778,IAT,ISHARES TR,0,-22300,0,-1.2M,CLOSE,0%
053611109,AVY,AVERY DENNISON CORP,81100,-7400,13.17M,-1.2M,-8.4%,0.02%
57776J100,MXL,MAXLINEAR INC,436513,-9400,55.89M,-1.2M,-2.1%,0.08%
74969N103,RLX,RLX TECHNOLOGY INC,262200,-636160,498.18K,-1.21M,-70.8%,<.01%
440327104,HMN,HORACE MANN EDUCATORS CORP N,0,-28375,0,-1.21M,CLOSE,0%
21676P103,CPS,COOPER-STANDARD HOLDINGS INC,278900,-44800,7.54M,-1.21M,-13.8%,0.01%
376536108,GOOD,GLADSTONE COMMERCIAL CORP,1071611,-98613,13.18M,-1.21M,-8.4%,0.02%
74019P207,DTIL,PRECISION BIOSCIENCES INC,68577,-154600,539.01K,-1.22M,-69.3%,<.01%
49845K101,KVYO,KLAVIYO INC,1560244,-80600,23.56M,-1.22M,-4.9%,0.03%
38748G101,BAR,GRANITESHARES GOLD TR,0,-26400,0,-1.22M,CLOSE,0%
22052L104,CTVA,CORTEVA INC,0,-14600,0,-1.22M,CLOSE,0%
749360400,RCMT,RCM TECHNOLOGIES INC,391553,-43324,11.05M,-1.22M,-10%,0.02%
88706T108,TIMB,TIM S A,1729274,-57151,37.04M,-1.22M,-3.2%,0.05%
227483104,CCRN,CROSS CTRY HEALTHCARE INC,152683,-92717,2.02M,-1.22M,-37.8%,<.01%
25461A163,MUD,DIREXION SHARES ETF TRUST,0,-28059,0,-1.23M,CLOSE,0%
53222K205,LFVN,LIFEVANTAGE CORP,669418,-198286,4.18M,-1.24M,-22.9%,<.01%
071734107,BHC,BAUSCH HEALTH COS INC,1324549,-251223,6.53M,-1.24M,-15.9%,<.01%
316092402,FENY,FIDELITY COVINGTON TRUST,0,-36500,0,-1.24M,CLOSE,0%
828730200,SFNC,SIMMONS FIRST NATL CORP,249557,-55100,5.65M,-1.25M,-18.1%,<.01%
695156109,PKG,PACKAGING CORP AMER,0,-5900,0,-1.25M,CLOSE,0%
493732101,KFRC,KFORCE INC,88949,-26700,4.17M,-1.25M,-23.1%,<.01%
66979P300,XMAX,XMAX INC,323335,-137865,2.94M,-1.25M,-29.9%,<.01%
78463X541,GNR,SPDR INDEX SHS FDS,0,-16800,0,-1.25M,CLOSE,0%
74350P667,SDS,PROSHARES TR,0,-16700,0,-1.26M,CLOSE,0%
404609109,HCKT,HACKETT GROUP INC,783239,-116889,8.44M,-1.26M,-13%,0.01%
90328M107,USNA,USANA HEALTH SCIENCES INC,958520,-59110,20.46M,-1.26M,-5.8%,0.03%
92971A109,MAPS,WM TECHNOLOGY INC,0,-1927014,0,-1.27M,CLOSE,0%
612160101,AIRJ,AIRJOULE TECHNOLOGIES CORP,163000,-230200,903.02K,-1.28M,-58.5%,<.01%
29082K105,EMBC,EMBECTA CORP,0,-144287,0,-1.28M,CLOSE,0%
687380105,ORRF,ORRSTOWN FINL SVCS INC,67564,-31400,2.76M,-1.28M,-31.7%,<.01%
690370101,NXH,BED BATH & BEYOND INC,819487,-221613,4.74M,-1.28M,-21.3%,<.01%
31846B108,FA,FIRST ADVANTAGE CORP NEW,0,-109497,0,-1.29M,CLOSE,0%
20440W105,SID,COMPANHIA SIDERURGICA NACION,3611400,-1407800,3.3M,-1.29M,-28%,<.01%
74347B201,TBT,PROSHARES TR,27400,-37000,957.36K,-1.29M,-57.5%,<.01%
594918104,MSFT,MICROSOFT CORP,6010,-3475,2.24M,-1.3M,-36.6%,<.01%
28657F103,ELTX,ELICIO THERAPEUTICS INC,0,-121631,0,-1.3M,CLOSE,0%
578605107,MEC,MAYVILLE ENGR CO INC,28000,-34900,1.05M,-1.31M,-55.5%,<.01%
46137V613,PRF,INVESCO EXCHANGE TRADED FD T,5506,-24294,297.49K,-1.31M,-81.5%,<.01%
25434V732,DFEM,DIMENSIONAL ETF TRUST,0,-38000,0,-1.31M,CLOSE,0%
488401100,KMPR,KEMPER CORP,332610,-48800,8.97M,-1.32M,-12.8%,0.01%
250565108,DBI,DESIGNER BRANDS INC,252439,-230997,1.47M,-1.35M,-47.8%,<.01%
87615L107,TH,TARGET HOSPITALITY CORP,885044,-66258,18.02M,-1.35M,-7%,0.02%
517125100,LRMR,LARIMAR THERAPEUTICS INC,297443,-442499,907.2K,-1.35M,-59.8%,<.01%
014752109,ALX,ALEXANDERS INC,20620,-4900,5.68M,-1.35M,-19.2%,<.01%
25380B102,DGXX,DIGI PWR X INC,0,-669200,0,-1.36M,CLOSE,0%
32051X108,FHB,FIRST HAWAIIAN INC,202400,-46500,5.93M,-1.36M,-18.7%,<.01%
675746606,ONIT,ONITY GROUP INC,0,-34763,0,-1.37M,CLOSE,0%
008064206,JBIO,JADE BIOSCIENCES INC,73591,-61448,1.64M,-1.37M,-45.5%,<.01%
05508R106,BGS,B & G FOODS INC,77400,-343400,308.05K,-1.37M,-81.6%,<.01%
077454106,BDC,BELDEN INC,178055,-11400,21.35M,-1.37M,-6%,0.03%
025072877,AVUV,AMERICAN CENTY ETF TR,47692,-11108,5.95M,-1.39M,-18.9%,<.01%
03763A207,ASTH,ASTRANA HEALTH INC,74646,-29900,3.46M,-1.39M,-28.6%,<.01%
601137102,MRP,MILLROSE PPTYS INC,640665,-46400,19.25M,-1.39M,-6.8%,0.03%
33739H101,FTGC,FIRST TR EXCHANGE TRAD FD VI,0,-48600,0,-1.4M,CLOSE,0%
49372L209,KZR,KEZAR LIFE SCIENCES INC,0,-188426,0,-1.4M,CLOSE,0%
66987E206,NG,NOVAGOLD RESOURCES INC,652700,-235100,3.9M,-1.4M,-26.5%,<.01%
248019101,DLX,DELUXE CORP MEDIUM TERM NTS,0,-51230,0,-1.41M,CLOSE,0%
61774A103,MSDL,MORGAN STANLEY DIRECT LENDIN,0,-101429,0,-1.42M,CLOSE,0%
830940102,SKWD,SKYWARD SPECIALTY INS GROUP,45000,-24300,2.63M,-1.42M,-35.1%,<.01%
20441B704,ELPC,COMPANHIA PARANAENSE DE ENER,0,-119359,0,-1.43M,CLOSE,0%
628778102,NBTB,NBT BANCORP INC,0,-33473,0,-1.43M,CLOSE,0%
45784A104,INNV,INNOVAGE HLDG CORP,249633,-121184,2.96M,-1.44M,-32.7%,<.01%
902685106,UDMY,UDEMY INC,0,-311901,0,-1.44M,CLOSE,0%
24661P807,DCTH,DELCATH SYS INC,0,-155300,0,-1.44M,CLOSE,0%
812215200,SEG,SEAPORT ENTMT GROUP INC,27999,-54301,744.77K,-1.44M,-66%,<.01%
48716P108,KRNY,KEARNY FINL CORP MD,2479729,-152687,23.46M,-1.44M,-5.8%,0.03%
10316T104,BOX,BOX INC,0,-61308,0,-1.45M,CLOSE,0%
461804106,ITIC,INVESTORS TITLE CO NC,1807,-5300,494.54K,-1.45M,-74.6%,<.01%
29270J100,ERII,ENERGY RECOVERY INC,0,-144265,0,-1.45M,CLOSE,0%
74350P550,ETHD,PROSHARES TR,0,-23100,0,-1.45M,CLOSE,0%
022307102,ALMS,ALUMIS INC,23335,-51832,656.65K,-1.46M,-69%,<.01%
89346D107,TAC,TRANSALTA CORP,1322695,-105500,18.29M,-1.46M,-7.4%,0.03%
25434V302,DFAE,DIMENSIONAL ETF TRUST,0,-43100,0,-1.46M,CLOSE,0%
82900L102,SMPL,SIMPLY GOOD FOODS CO,13100,-109900,173.97K,-1.46M,-89.3%,<.01%
44930G107,ICUI,ICU MED INC,0,-11309,0,-1.46M,CLOSE,0%
26152H301,DRD,DRDGOLD LIMITED,280920,-68725,5.98M,-1.46M,-19.7%,<.01%
437872104,HTB,HOMETRUST BANCSHARES INC,436815,-29400,21.79M,-1.47M,-6.3%,0.03%
587376104,MBWM,MERCANTILE BK CORP,446613,-25600,25.64M,-1.47M,-5.4%,0.04%
33733E104,FTCS,FIRST TR EXCHANGE-TRADED FD,0,-15900,0,-1.47M,CLOSE,0%
781846308,RUSHB,RUSH ENTERPRISES INC,330247,-19300,25.26M,-1.48M,-5.5%,0.03%
81369Y100,XLB,SELECT SECTOR SPDR TR,0,-29600,0,-1.48M,CLOSE,0%
87427V103,TALK,TALKSPACE INC,2406300,-284500,12.51M,-1.48M,-10.6%,0.02%
G61188101,LBTYA,LIBERTY GLOBAL LTD,4759554,-130300,54.12M,-1.48M,-2.7%,0.07%
987084100,YSS,YORK SPACE SYSTEMS INC,0,-67171,0,-1.49M,CLOSE,0%
714167103,PPIH,PERMA-PIPE INTL HLDGS INC,154393,-54700,4.2M,-1.49M,-26.2%,<.01%
42222N103,HSTM,HEALTHSTREAM INC,423000,-54848,11.53M,-1.49M,-11.5%,0.02%
109641100,EAT,BRINKER INTL INC,913265,-8900,153.43M,-1.5M,-1%,0.21%
677864100,ODC,OIL DRI CORP AMER,407692,-14700,41.67M,-1.5M,-3.5%,0.06%
946760105,CLMB,CLIMB GLOBAL SOLUTIONS INC,471140,-65073,10.94M,-1.51M,-12.1%,0.02%
929328102,WSFS,WSFS FINL CORP,0,-23077,0,-1.51M,CLOSE,0%
30233G209,EYPT,EYEPOINT INC,0,-117300,0,-1.51M,CLOSE,0%
025072703,AVDE,AMERICAN CENTY ETF TR,8900,-17000,793.88K,-1.52M,-65.6%,<.01%
H00501108,AEBI,AEBI SCHMIDT HLDG AG,21200,-121000,266.06K,-1.52M,-85.1%,<.01%
556099109,MGNX,MACROGENICS INC,2632750,-330809,12.16M,-1.53M,-11.2%,0.02%
30069T101,EE,EXCELERATE ENERGY INC,245177,-40342,9.31M,-1.53M,-14.1%,0.01%
47248R103,JCAP,JEFFERSON CAPITAL INC,99102,-78930,1.93M,-1.54M,-44.3%,<.01%
40609P105,HNRG,HALLADOR ENERGY COMPANY,219855,-88400,3.82M,-1.54M,-28.7%,<.01%
12047B105,BMBL,BUMBLE INC,3732500,-481387,11.94M,-1.54M,-11.4%,0.02%
13057Q305,CRC,CALIFORNIA RES CORP,157869,-29300,8.35M,-1.55M,-15.7%,0.01%
390905107,GSBC,GREAT SOUTHN BANCORP INC,170500,-19800,13.37M,-1.55M,-10.4%,0.02%
75902K106,RM,REGIONAL MGMT CORP,185541,-37692,7.64M,-1.55M,-16.9%,0.01%
03071H100,AMSF,AMERISAFE INC,215400,-45975,7.29M,-1.56M,-17.6%,0.01%
12674W109,CABA,CABALETTA BIO INC,1535300,-501363,4.77M,-1.56M,-24.6%,<.01%
25434V666,DFLV,DIMENSIONAL ETF TRUST,35400,-39500,1.4M,-1.56M,-52.7%,<.01%
825107105,SHBI,SHORE BANCSHARES INC,279515,-68100,6.41M,-1.56M,-19.6%,<.01%
74467Q103,PUBM,PUBMATIC INC,1421049,-119484,18.64M,-1.57M,-7.8%,0.03%
29251M106,ENTA,ENANTA PHARMACEUTICALS INC,557600,-107658,8.13M,-1.57M,-16.2%,0.01%
65487U108,NKTX,NKARTA INC,1177652,-554720,3.33M,-1.57M,-32%,<.01%
881454102,IMSR,TERRESTRIAL ENERGY INC,183800,-224100,1.3M,-1.59M,-54.9%,<.01%
46137V100,PPA,INVESCO EXCHANGE TRADED FD T,9500,-9000,1.68M,-1.59M,-48.6%,<.01%
31609A404,FENI,FIDELITY COVINGTON TRUST,0,-42800,0,-1.59M,CLOSE,0%
98943L107,ZNTL,ZENTALIS PHARMACEUTICALS INC,1609078,-329067,7.8M,-1.6M,-17%,0.01%
680277100,OSBC,OLD SECOND BANCORP INC DEL,21221,-69004,494.87K,-1.61M,-76.5%,<.01%
30234F101,XZO,EXZEO GROUP INC,71878,-95740,1.21M,-1.62M,-57.1%,<.01%
293389102,EBF,ENNIS INC,1231546,-76100,26.17M,-1.62M,-5.8%,0.04%
92937A102,WPP,WPP PLC NEW,0,-104100,0,-1.62M,CLOSE,0%
947002101,WLTH,WEALTHFRONT CORP,0,-175370,0,-1.62M,CLOSE,0%
400501102,OMAB,GRUPO AEROPORTUARIO DEL CENT,141800,-14400,16.04M,-1.63M,-9.2%,0.02%
675232102,OII,OCEANEERING INTL INC,44792,-40208,1.81M,-1.63M,-47.3%,<.01%
464287812,IYK,ISHARES TR,0,-23300,0,-1.63M,CLOSE,0%
88636X732,MSTY,TIDAL TRUST II,0,-76700,0,-1.63M,CLOSE,0%
126128107,CCNE,CNB FINL CORP PA,139945,-48500,4.72M,-1.63M,-25.7%,<.01%
37892E102,GIC,GLOBAL INDUSTRIAL COMPANY,303279,-49292,10.15M,-1.65M,-14%,0.01%
98585X104,YETI,YETI HLDGS INC,52100,-33400,2.58M,-1.66M,-39.1%,<.01%
42722X106,HFWA,HERITAGE FINL CORP WASH,132441,-55900,3.92M,-1.66M,-29.7%,<.01%
03938L203,MT,ARCELORMITTAL SA LUXEMBOURG,0,-32071,0,-1.67M,CLOSE,0%
M3760D101,ESLT,ELBIT SYS LTD,24340,-2200,18.47M,-1.67M,-8.3%,0.03%
53578P105,LNKB,LINKBANCORP INC,0,-200700,0,-1.67M,CLOSE,0%
97651M109,WIT,WIPRO LTD,1511900,-749300,3.4M,-1.69M,-33.1%,<.01%
808524839,SCHZ,SCHWAB STRATEGIC TR,40600,-73000,939.08K,-1.69M,-64.3%,<.01%
415858109,HROW,HARROW INC,44617,-39962,1.89M,-1.7M,-47.2%,<.01%
25434V724,DFUV,DIMENSIONAL ETF TRUST,0,-35100,0,-1.7M,CLOSE,0%
314911108,FRMI,FERMI INC,1217900,-185800,11.16M,-1.7M,-13.2%,0.02%
88830R101,TITN,TITAN MACHY INC,0,-101797,0,-1.7M,CLOSE,0%
46121Y201,IPI,INTREPID POTASH INC,102294,-52256,3.35M,-1.71M,-33.8%,<.01%
19046P209,CCB,COASTAL FINL CORP WA,0,-22600,0,-1.72M,CLOSE,0%
013872106,AA,ALCOA CORP,565696,-33000,29.5M,-1.72M,-5.5%,0.04%
464288240,ACWX,ISHARES TR,0,-25200,0,-1.73M,CLOSE,0%
302492103,FLYW,FLYWIRE CORPORATION,788400,-98800,13.85M,-1.74M,-11.1%,0.02%
01446U103,ALRS,ALERUS FINL CORP,42241,-56045,1.31M,-1.74M,-57%,<.01%
23204G100,CUBI,CUSTOMERS BANCORP INC,157520,-22200,12.46M,-1.76M,-12.4%,0.02%
393222104,GPRE,GREEN PLAINS INC,564977,-114300,8.69M,-1.76M,-16.8%,0.01%
929033207,VOR,VOR BIOPHARMA INC,33011,-95828,607.73K,-1.76M,-74.4%,<.01%
03076K108,ABCB,AMERIS BANCORP,24469,-19600,2.21M,-1.77M,-44.5%,<.01%
419870100,HE,HAWAIIAN ELEC INDS INC MTN B,532200,-131000,7.2M,-1.77M,-19.8%,<.01%
129500104,CAL,CALERES INC,78950,-143300,976.61K,-1.77M,-64.5%,<.01%
808524730,FNDE,SCHWAB STRATEGIC TR,0,-46400,0,-1.78M,CLOSE,0%
844895102,SWX,SOUTHWEST GAS HLDGS INC,438900,-20100,38.92M,-1.78M,-4.4%,0.05%
15202L107,CSR,CENTERSPACE,225738,-31762,12.68M,-1.78M,-12.3%,0.02%
49803T300,KRG,KITE REALTY GROUP TRUST,0,-72703,0,-1.78M,CLOSE,0%
042744102,AROW,ARROW FINL CORP,186721,-43563,7.65M,-1.79M,-18.9%,0.01%
25432X102,DCOM,DIME COML BANCSHARES INC,70575,-44141,2.87M,-1.79M,-38.5%,<.01%
922908512,VOE,VANGUARD INDEX FDS,6800,-9100,1.34M,-1.8M,-57.2%,<.01%
05368V106,AVNT,AVIENT CORPORATION,0,-49658,0,-1.8M,CLOSE,0%
320218100,THFF,FIRST FINANCIAL CORPORATION,92873,-23300,7.19M,-1.8M,-20.1%,<.01%
639057207,NWG,NATWEST GROUP PLC,0,-121300,0,-1.81M,CLOSE,0%
450056106,IRTC,IRHYTHM HOLDINGS INC,38500,-15300,4.58M,-1.82M,-28.4%,<.01%
58450V104,MAX,MEDIAALPHA INC,574407,-144893,7.22M,-1.82M,-20.1%,<.01%
48242W106,KBR,KBR INC,554600,-52800,19.15M,-1.82M,-8.7%,0.03%
457030104,IMKTA,INGLES MKTS INC,0,-20284,0,-1.82M,CLOSE,0%
00138L108,RERE,ATRENEW INC,33652,-471294,130.23K,-1.82M,-93.3%,<.01%
35138V102,FOXF,FOX FACTORY HLDG CORP,382093,-107800,6.47M,-1.83M,-22%,<.01%
67080M103,NRIX,NURIX THERAPEUTICS INC,0,-118000,0,-1.83M,CLOSE,0%
98379L100,XPEL,XPEL INC,47500,-37100,2.36M,-1.84M,-43.9%,<.01%
877619106,TSHA,TAYSHA GENE THERAPIES INC,0,-413203,0,-1.85M,CLOSE,0%
433539202,HIPO,HIPPO HLDGS INC,104004,-65616,2.94M,-1.85M,-38.7%,<.01%
22948Q101,CTO,CTO RLTY GROWTH INC NEW,126001,-86299,2.71M,-1.86M,-40.6%,<.01%
G4474Y214,JHG,JANUS HENDERSON GROUP PLC,0,-36200,0,-1.86M,CLOSE,0%
29258Y103,EXK,ENDEAVOUR SILVER CORP,1677000,-225800,13.89M,-1.87M,-11.9%,0.02%
626717102,MUR,MURPHY OIL CORP,0,-45437,0,-1.87M,CLOSE,0%
150870103,CE,CELANESE CORP DEL,0,-28500,0,-1.87M,CLOSE,0%
64049M209,NEO,NEOGENOMICS INC,0,-254172,0,-1.89M,CLOSE,0%
89455T109,TMCI,TREACE MED CONCEPTS INC,48300,-474600,192.23K,-1.89M,-90.8%,<.01%
740367404,PFBC,PREFERRED BK LOS ANGELES CA,12040,-17815,1.28M,-1.89M,-59.7%,<.01%
05534B760,BCE,BCE INC,0,-75198,0,-1.9M,CLOSE,0%
876030107,TPR,TAPESTRY INC,463494,-13000,67.85M,-1.9M,-2.7%,0.09%
910340108,UFCS,UNITED FIRE GROUP INC,32427,-36483,1.7M,-1.91M,-52.9%,<.01%
82846H405,QXO,QXO INC,0,-98800,0,-1.92M,CLOSE,0%
68373M107,OPRA,OPERA LTD,187929,-96872,3.73M,-1.92M,-34%,<.01%
759419104,REKR,REKOR SYSTEMS INC,0,-2349644,0,-1.93M,CLOSE,0%
790148100,JOE,ST JOE CO,24116,-30784,1.51M,-1.93M,-56.1%,<.01%
346232101,FOR,FORESTAR GROUP INC,46017,-61163,1.46M,-1.94M,-57.1%,<.01%
039697107,ARDX,ARDELYX INC,892593,-379848,4.55M,-1.94M,-29.9%,<.01%
M51474118,GILT,GILAT SATELLITE NETWORKS LTD,453046,-145900,6.03M,-1.94M,-24.4%,<.01%
537008104,LFUS,LITTELFUSE INC,0,-5734,0,-1.95M,CLOSE,0%
74727A104,QCRH,QCR HLDGS INC,185172,-19999,18.03M,-1.95M,-9.7%,0.02%
921659108,VNDA,VANDA PHARMACEUTICALS INC,3441361,-318198,21.06M,-1.95M,-8.5%,0.03%
45258D105,IMCR,IMMUNOCORE HLDGS PLC,102400,-61600,3.25M,-1.96M,-37.6%,<.01%
457730109,INSP,INSPIRE MED SYS INC,426000,-43968,19M,-1.96M,-9.4%,0.03%
G11448100,BTDR,BITDEER TECHNOLOGIES GROUP,113153,-123600,1.8M,-1.96M,-52.2%,<.01%
33734X846,CIBR,FIRST TR EXCHANGE-TRADED FD,0,-31300,0,-1.96M,CLOSE,0%
05156V102,AUPH,AURINIA PHARMACEUTICALS INC,1548035,-115800,26.27M,-1.97M,-7%,0.04%
922908629,VO,VANGUARD INDEX FDS,93080,-24520,7.5M,-1.98M,-20.9%,0.01%
874080104,TAL,TAL ED GROUP,27200,-207000,260.3K,-1.98M,-88.4%,<.01%
25460G849,TMV,DIREXION SHARES ETF TRUST,0,-53100,0,-1.98M,CLOSE,0%
863111100,STRT,STRATTEC SEC CORP,69206,-24600,5.64M,-2M,-26.2%,<.01%
433921103,HIVE,HIVE DIGITAL TECHNOLOGIES LT,1709900,-553393,6.22M,-2.01M,-24.5%,<.01%
154760409,CPF,CENTRAL PAC FINL CORP,506400,-52990,19.34M,-2.02M,-9.5%,0.03%
65345M108,NXDR,NEXTDOOR HOLDINGS INC,2220000,-892000,5.04M,-2.02M,-28.7%,<.01%
46187W107,INVH,INVITATION HOMES INC,1051283,-67100,31.76M,-2.03M,-6%,0.04%
55272X607,MFA,MFA FINL INC,567525,-209500,5.5M,-2.03M,-27%,<.01%
06211J100,BFC,BANK FIRST CORP,20100,-13700,2.98M,-2.03M,-40.5%,<.01%
596680108,MSEX,MIDDLESEX WTR CO,110813,-36200,6.22M,-2.03M,-24.6%,<.01%
254604101,IRON,DISC MEDICINE INC,0,-31820,0,-2.03M,CLOSE,0%
25434V815,DFSV,DIMENSIONAL ETF TRUST,36705,-52495,1.42M,-2.04M,-58.9%,<.01%
92243G108,PCVX,VAXCYTE INC,19634,-35100,1.14M,-2.04M,-64.1%,<.01%
077347300,BELFB,BEL FUSE INC,207741,-6131,69.19M,-2.04M,-2.9%,0.1%
62855J104,MYGN,MYRIAD GENETICS INC,0,-454374,0,-2.04M,CLOSE,0%
10948W103,AAMI,ACADIAN ASSET MANAGEMENT INC,31651,-28893,2.26M,-2.07M,-47.7%,<.01%
69376K106,RPC,RIDGEPOST CAP INC,13000,-262794,102.31K,-2.07M,-95.3%,<.01%
297602104,ETD,ETHAN ALLEN INTERIORS INC,168401,-92776,3.76M,-2.07M,-35.5%,<.01%
156431108,CENX,CENTURY ALUM CO,94299,-45200,4.34M,-2.08M,-32.4%,<.01%
139674105,CCBG,CAPITAL CITY BANK,132671,-42200,6.56M,-2.09M,-24.1%,<.01%
817070501,SENEA,SENECA FOODS CORP NEW,16297,-12000,2.83M,-2.09M,-42.4%,<.01%
04963C209,ATRC,ATRICURE INC,234100,-74600,6.55M,-2.09M,-24.2%,<.01%
74347B235,DOG,PROSHARES TR,0,-85600,0,-2.09M,CLOSE,0%
464287606,IJK,ISHARES TR,0,-20800,0,-2.09M,CLOSE,0%
528877103,LX,LEXINFINTECH HLDGS LTD,264100,-1064162,520.28K,-2.1M,-80.1%,<.01%
G38644103,GCT,GIGACLOUD TECHNOLOGY INC,12200,-66609,385.52K,-2.1M,-84.5%,<.01%
58844R108,MBIN,MERCHANTS BANCORP IND,0,-49089,0,-2.11M,CLOSE,0%
224441105,CXT,CRANE NXT CO,0,-52200,0,-2.12M,CLOSE,0%
025072349,AVLV,AMERICAN CENTY ETF TR,6500,-23300,592.87K,-2.13M,-78.2%,<.01%
887399103,MTUS,METALLUS INC,905633,-113913,16.93M,-2.13M,-11.2%,0.02%
423403104,MOMO,HELLO GROUP INC,7115710,-367100,41.27M,-2.13M,-4.9%,0.06%
319829107,FCF,FIRST COMWLTH FINL CORP PA,110731,-104860,2.25M,-2.13M,-48.6%,<.01%
171077407,NAGE,NIAGEN BIOSCIENCE INC,659584,-669259,2.1M,-2.13M,-50.4%,<.01%
786700104,SGMT,SAGIMET BIOSCIENCES INC,346927,-278542,2.68M,-2.15M,-44.5%,<.01%
74112D101,PBH,PRESTIGE CONSMR HEALTHCARE I,0,-36702,0,-2.18M,CLOSE,0%
651718504,NPKI,NPK INTERNATIONAL INC,225367,-136800,3.59M,-2.18M,-37.8%,<.01%
49926D109,KN,KNOWLES CORP,19700,-52700,817.16K,-2.19M,-72.8%,<.01%
Y0207T100,ASC,ARDMORE SHIPPING CORP,1580425,-156207,22.14M,-2.19M,-9%,0.03%
698884103,PAR,PAR TECHNOLOGY CORP,287000,-126200,5M,-2.2M,-30.5%,<.01%
032724106,ANAB,ANAPTYSBIO INC,58300,-32600,3.94M,-2.2M,-35.9%,<.01%
046224101,ASTE,ASTEC INDS INC,0,-41006,0,-2.21M,CLOSE,0%
410495204,HAFC,HANMI FINL CORP,117358,-68153,3.8M,-2.21M,-36.7%,<.01%
21833P301,CRBP,CORBUS PHARMACEUTICALS HLDGS,110822,-236176,1.04M,-2.22M,-68.1%,<.01%
948849104,WMK,WEIS MKTS INC,148136,-28300,11.6M,-2.22M,-16%,0.02%
602496101,MDXG,MIMEDX GROUP INC,2444230,-575641,9.41M,-2.22M,-19.1%,0.01%
25434V708,DFAC,DIMENSIONAL ETF TRUST,46600,-50200,2.07M,-2.23M,-51.9%,<.01%
G3223R108,EG,EVEREST GROUP LTD,155840,-6260,55.67M,-2.24M,-3.9%,0.08%
33733E807,FCG,FIRST TR EXCHANGE-TRADED FD,14890,-84910,396.22K,-2.26M,-85.1%,<.01%
G9001E102,LILA,LIBERTY LATIN AMERICA LTD,574500,-290059,4.5M,-2.27M,-33.5%,<.01%
74168J101,PRME,PRIME MEDICINE INC,117412,-623627,433.25K,-2.3M,-84.2%,<.01%
40145W101,GRDN,GUARDIAN PHARMACY SVCS INC,44798,-55191,1.88M,-2.31M,-55.2%,<.01%
133034108,CAC,CAMDEN NATL CORP,213649,-42745,11.58M,-2.32M,-16.7%,0.02%
G4690M101,IBEX,IBEX LTD,14703,-76588,446.53K,-2.33M,-83.9%,<.01%
695127100,PCRX,PACIRA BIOSCIENCES INC,1733801,-91700,43.99M,-2.33M,-5%,0.06%
63845R107,EYE,NATIONAL VISION HLDGS INC,489100,-122600,9.3M,-2.33M,-20%,0.01%
Y23592135,ESEA,EUROSEAS LTD,65465,-35300,4.34M,-2.34M,-35%,<.01%
46092D384,TSLQ,INVESTMENT MANAGERS SER TR I,65504,-140896,1.09M,-2.34M,-68.3%,<.01%
204149108,CTBI,COMMUNITY TR BANCORP INC,100477,-32460,7.27M,-2.35M,-24.4%,0.01%
07373V105,BEAM,BEAM THERAPEUTICS INC,445000,-68578,15.27M,-2.35M,-13.4%,0.02%
225310101,CACC,CREDIT ACCEP CORP MICH,59766,-3702,38.06M,-2.36M,-5.8%,0.05%
66405S100,NBN,NORTHEAST BK PORTLAND ME,32417,-17828,4.3M,-2.36M,-35.5%,<.01%
450913108,IAG,IAMGOLD CORP,3496315,-149200,55.38M,-2.36M,-4.1%,0.08%
83946P107,SPFI,SOUTH PLAINS FINANCIAL INC,21357,-55043,920.17K,-2.37M,-72%,<.01%
05605H100,BWXT,BWX TECHNOLOGIES INC,0,-11600,0,-2.37M,CLOSE,0%
M8740S227,TATT,TAT TECHNOLOGIES LTD,154202,-49200,7.44M,-2.37M,-24.2%,0.01%
40051E202,ASR,GRUPO AEROPORTUARIO DEL SURE,42702,-7760,13.1M,-2.38M,-15.4%,0.02%
88830M102,TWI,TITAN INTL INC ILL,2168087,-309032,16.72M,-2.38M,-12.5%,0.02%
04914Y102,ATLC,ATLANTICUS HOLDINGS CORP,92158,-23400,9.42M,-2.39M,-20.2%,0.01%
14808P109,CASS,CASS INFORMATION SYS INC,9210,-46650,472.66K,-2.39M,-83.5%,<.01%
53635B107,LQDT,LIQUIDITY SVCS INC,1439987,-61680,56.33M,-2.41M,-4.1%,0.08%
48238T109,OPLN,OPENLANE INC,38400,-58600,1.58M,-2.42M,-60.4%,<.01%
46434V621,DGRO,ISHARES TR,66700,-31900,5.06M,-2.42M,-32.4%,<.01%
05278C107,ATHM,AUTOHOME INC,0,-139200,0,-2.42M,CLOSE,0%
80689H102,SNDR,SCHNEIDER NATIONAL INC,86700,-66900,3.17M,-2.44M,-43.6%,<.01%
901109108,TPC,TUTOR PERINI CORP,800280,-29700,66.4M,-2.46M,-3.6%,0.09%
50189K103,LCII,LCI INDS,0,-20100,0,-2.47M,CLOSE,0%
43689E107,HBCP,HOMEBANCORP INC,55273,-36200,3.79M,-2.48M,-39.6%,<.01%
805111101,SVRA,SAVARA INC,248889,-403783,1.53M,-2.49M,-61.9%,<.01%
34965K107,FTRE,FORTREA HLDGS INC,1289609,-143100,22.44M,-2.49M,-10%,0.03%
126117100,CNA,CNA FINL CORP,0,-54300,0,-2.49M,CLOSE,0%
00162Q452,AMLP,ALPS ETF TR,0,-47415,0,-2.5M,CLOSE,0%
81768T108,SFBS,SERVISFIRST BANCSHARES INC,0,-34400,0,-2.51M,CLOSE,0%
M53213100,ICL,ICL GROUP LTD,670913,-503265,3.34M,-2.51M,-42.9%,<.01%
29278D105,ENIC,ENEL CHILE SA,2130188,-558100,9.59M,-2.51M,-20.8%,0.01%
29882P106,EWCZ,EUROPEAN WAX CTR INC,0,-434900,0,-2.51M,CLOSE,0%
131428104,CLMT,CALUMET INC,321700,-70100,11.59M,-2.53M,-17.9%,0.02%
49446R109,KIM,KIMCO REALTY CORP,1135536,-99900,28.79M,-2.53M,-8.1%,0.04%
893529107,TRNS,TRANSCAT INC,7305,-27395,677.68K,-2.54M,-78.9%,<.01%
37954Y830,COPX,GLOBAL X FDS,0,-33297,0,-2.54M,CLOSE,0%
33741X102,SDVY,FIRST TR EXCHANGE TRADED FD,0,-64800,0,-2.56M,CLOSE,0%
092915107,BZAI,BLAIZE HLDGS INC,0,-1404159,0,-2.56M,CLOSE,0%
042068205,ARM,ARM HOLDINGS PLC,0,-16900,0,-2.56M,CLOSE,0%
V5633W109,MMYT,MAKEMYTRIP LIMITED MAURITIUS,0,-68567,0,-2.56M,CLOSE,0%
69404D108,PACB,PACIFIC BIOSCIENCES CALIF IN,966200,-1522900,1.62M,-2.56M,-61.2%,<.01%
358010106,FEIM,FREQUENCY ELECTRS INC,116461,-38637,7.73M,-2.56M,-24.9%,0.01%
00191U102,EFOR,ASGN INC,0,-66294,0,-2.57M,CLOSE,0%
880890108,TX,TERNIUM SA,126500,-60200,5.4M,-2.57M,-32.2%,<.01%
317585404,FISI,FINANCIAL INSTITUTIONS INC,136904,-66027,5.34M,-2.57M,-32.5%,<.01%
231561101,CW,CURTISS WRIGHT CORP,0,-3800,0,-2.59M,CLOSE,0%
94724R108,WEAV,WEAVE COMMUNICATIONS INC,1053438,-434462,6.31M,-2.6M,-29.2%,<.01%
G65773106,NAT,NORDIC AMERICAN TANKERS LIMI,238307,-469800,1.32M,-2.6M,-66.3%,<.01%
30040P103,EVTC,EVERTEC INC,0,-92238,0,-2.6M,CLOSE,0%
940610108,WASH,WASHINGTON TR BANCORP INC,0,-77959,0,-2.61M,CLOSE,0%
683416101,OOMA,OOMA INC,776003,-136200,14.91M,-2.62M,-14.9%,0.02%
Y2106R110,LPG,DORIAN LPG LTD,6900,-75700,239.98K,-2.63M,-91.6%,<.01%
222070203,COTY,COTY INC,0,-1311687,0,-2.64M,CLOSE,0%
38046C109,GOGO,GOGO INC,107774,-858900,334.1K,-2.66M,-88.9%,<.01%
46434G863,ESGE,ISHARES INC,27600,-48700,1.51M,-2.66M,-63.8%,<.01%
64031N108,NNI,NELNET INC,28000,-20000,3.73M,-2.67M,-41.7%,<.01%
53947R105,LOAR,LOAR HOLDINGS INC,21800,-33300,1.76M,-2.68M,-60.4%,<.01%
690469101,OVID,OVID THERAPEUTICS INC,105500,-998800,283.8K,-2.69M,-90.4%,<.01%
86366E106,GPCR,STRUCTURE THERAPEUTICS INC,0,-55800,0,-2.69M,CLOSE,0%
14154A102,CDNL,CARDINAL INFRASTRUCTURE GROU,0,-68200,0,-2.7M,CLOSE,0%
37890B100,GBTG,GLOBAL BUSINESS TRAVEL GROUP,114800,-290020,1.08M,-2.72M,-71.6%,<.01%
55024U109,LITE,LUMENTUM HLDGS INC,199640,-3198,171.3M,-2.74M,-1.6%,0.24%
374297109,GTY,GETTY RLTY CORP NEW,0,-86321,0,-2.75M,CLOSE,0%
53224K302,LTBR,LIGHTBRIDGE CORP,338400,-315500,2.97M,-2.77M,-48.2%,<.01%
04247X102,AWI,ARMSTRONG WORLD INDS INC NEW,101400,-17300,16.27M,-2.78M,-14.6%,0.02%
483007704,KALU,KAISER ALUMINIUM CORPORATION,19600,-14214,3.83M,-2.78M,-42%,<.01%
800422107,JBSS,SANFILIPPO JOHN B & SON INC,152845,-32500,13.14M,-2.79M,-17.5%,0.02%
63945M107,NBBK,NB BANCORP INC,131440,-132466,2.78M,-2.8M,-50.2%,<.01%
78397Q109,SES,SES AI CORPORATION,1678042,-2918210,1.61M,-2.8M,-63.5%,<.01%
46429B671,MCHI,ISHARES TR,0,-50200,0,-2.82M,CLOSE,0%
747619104,NX,QUANEX BLDG PRODS CORP,618708,-152048,11.52M,-2.83M,-19.7%,0.02%
25460G153,DPST,DIREXION SHARES ETF TRUST,0,-29300,0,-2.83M,CLOSE,0%
M5425M103,INMD,INMODE LTD,2391318,-194900,34.96M,-2.85M,-7.5%,0.05%
189054109,CLX,CLOROX CO DEL,0,-27600,0,-2.86M,CLOSE,0%
92538J106,VERX,VERTEX INC,39700,-250800,455.76K,-2.88M,-86.3%,<.01%
157210105,CEVA,CEVA INC,24401,-61102,1.15M,-2.88M,-71.5%,<.01%
69553P100,PD,PAGERDUTY INC,478438,-300400,4.62M,-2.9M,-38.6%,<.01%
74276L105,PRCT,PROCEPT BIOROBOTICS CORP,0,-116166,0,-2.91M,CLOSE,0%
83601L102,SHC,SOTERA HEALTH CO,0,-203078,0,-2.91M,CLOSE,0%
22113B103,CSANY,COSAN S A,2799382,-1011287,8.06M,-2.91M,-26.5%,0.01%
87240R107,TFSL,TFS FINL CORP,2384391,-165100,42.25M,-2.93M,-6.5%,0.06%
70451X104,PAYO,PAYONEER GLOBAL INC,2019100,-413200,14.38M,-2.94M,-17%,0.02%
761624105,REX,REX AMERICAN RES CORP,1458366,-65228,65.85M,-2.95M,-4.3%,0.09%
15743P104,CHA,CHAGEE HLDGS LTD,22700,-247000,272.85K,-2.97M,-91.6%,<.01%
336901103,SRCE,1ST SOURCE CORP,86415,-36399,7.05M,-2.97M,-29.6%,<.01%
G69451105,PAX,PATRIA INVESTMENTS LIMITED,0,-235768,0,-2.97M,CLOSE,0%
915271100,UVSP,UNIVEST FINANCIAL CORPORATIO,515789,-67945,22.57M,-2.97M,-11.6%,0.03%
M6158M104,ITRN,ITURAN LOCATION AND CONTROL,843300,-48900,51.45M,-2.98M,-5.5%,0.07%
25459Y694,FAS,DIREXION SHARES ETF TRUST,0,-25200,0,-2.99M,CLOSE,0%
253651202,DBD,DIEBOLD NIXDORF INC,38600,-35200,3.28M,-2.99M,-47.7%,<.01%
91688F104,UPWK,UPWORK INC,1681020,-359300,14.05M,-3M,-17.6%,0.02%
640268306,NKTR,NEKTAR THERAPEUTICS,0,-41781,0,-3.01M,CLOSE,0%
19247A100,CNS,COHEN & STEERS INC,23612,-39600,1.8M,-3.02M,-62.6%,<.01%
71742Q106,PAHC,PHIBRO ANIMAL HEALTH CORP,480500,-96235,15.09M,-3.02M,-16.7%,0.02%
808524771,FNDX,SCHWAB STRATEGIC TR,0,-109100,0,-3.04M,CLOSE,0%
866683105,SNCY,SUN CTRY AIRLS HLDGS INC,0,-184400,0,-3.05M,CLOSE,0%
98422E103,XERS,XERIS BIOPHARMA HOLDINGS INC,67337,-385523,533.31K,-3.05M,-85.1%,<.01%
637215104,NPK,NATIONAL PRESTO INDS INC,123800,-24500,15.47M,-3.06M,-16.5%,0.02%
46131B704,IVR,INVESCO MORTGAGE CAPITAL INC,288700,-388400,2.28M,-3.07M,-57.4%,<.01%
Y7542C130,STNG,SCORPIO TANKERS INC,1140715,-44500,79.01M,-3.08M,-3.8%,0.11%
900111204,TKC,TURKCELL ILETISIM,1120301,-529406,6.59M,-3.11M,-32.1%,<.01%
18914F103,CLOV,CLOVER HEALTH INVESTMENTS CO,2807441,-594100,14.71M,-3.11M,-17.5%,0.02%
140475203,SNDA,SONIDA SENIOR LIVING INC,58084,-76692,2.37M,-3.13M,-56.9%,<.01%
731068102,PII,POLARIS INC,180000,-45800,12.32M,-3.13M,-20.3%,0.02%
59100U108,CASH,PATHWARD FINANCIAL INC,10000,-36058,870.6K,-3.14M,-78.3%,<.01%
384747101,GRAL,GRAIL INC,9200,-46000,628.08K,-3.14M,-83.3%,<.01%
756109104,O,REALTY INCOME CORP,0,-51444,0,-3.15M,CLOSE,0%
14057J101,CFFN,CAPITOL FED FINL INC,3798497,-370400,32.33M,-3.15M,-8.9%,0.04%
18538R103,CLW,CLEARWATER PAPER CORP,34900,-202215,547.23K,-3.17M,-85.3%,<.01%
300426103,ECG,EVERUS CONSTR GROUP,129200,-19200,21.44M,-3.19M,-12.9%,0.03%
65535H208,NMR,NOMURA HLDGS INC,1949037,-363200,17.11M,-3.19M,-15.7%,0.02%
Y2685T131,GNK,GENCO SHIPPING & TRADING LTD,252818,-129100,6.26M,-3.2M,-33.8%,<.01%
320209109,FFBC,1ST FINL BANCORP,177602,-94716,6.01M,-3.2M,-34.8%,<.01%
389637109,GBTC,GRAYSCALE BITCOIN TRUST ETF,0,-60950,0,-3.22M,CLOSE,0%
40415F101,HDB,HDFC BANK LTD,0,-129300,0,-3.22M,CLOSE,0%
464289438,IWY,ISHARES TR,10160,-11120,2.95M,-3.23M,-52.3%,<.01%
G38327105,GPRK,GEOPARK LTD,2953478,-355553,26.88M,-3.24M,-10.7%,0.04%
200525103,CBSH,COMMERCE BANCSHARES INC,978626,-56100,56.52M,-3.24M,-5.4%,0.08%
533900106,LECO,LINCOLN ELEC HLDGS INC,51298,-12240,13.62M,-3.25M,-19.3%,0.02%
8676EP108,STKL,SUNOPTA INC,0,-501700,0,-3.25M,CLOSE,0%
74736L109,QTWO,Q2 HLDGS INC,146200,-67700,7.03M,-3.26M,-31.7%,<.01%
37253A103,THRM,GENTHERM INC,175982,-95482,6M,-3.26M,-35.2%,<.01%
L67359106,NEXA,NEXA RES S A,612793,-267079,7.5M,-3.27M,-30.4%,0.01%
109696104,BCO,BRINKS CO,93932,-34600,8.88M,-3.27M,-26.9%,0.01%
03168L105,AMRX,AMNEAL PHARMACEUTICALS INC,87487,-189150,1.51M,-3.27M,-68.4%,<.01%
686330101,IX,ORIX CORP,0,-109600,0,-3.29M,CLOSE,0%
38964R203,ETH,GRAYSCALE ETHEREUM STAKING,0,-166494,0,-3.31M,CLOSE,0%
457669307,INSM,INSMED INC,0,-20300,0,-3.32M,CLOSE,0%
199333105,CMCO,COLUMBUS MCKINNON CORP N Y,149209,-220114,2.26M,-3.33M,-59.6%,<.01%
635017106,FIZZ,NATIONAL BEVERAGE CORP,2838997,-106900,88.58M,-3.34M,-3.6%,0.12%
74965L101,RLJ,RLJ LODGING TR,16600,-282632,196.71K,-3.35M,-94.5%,<.01%
M46528101,FRO,FRONTLINE PLC,831538,-96300,28.93M,-3.35M,-10.4%,0.04%
M78673114,PERI,PERION NETWORK LTD,1022509,-346606,9.93M,-3.37M,-25.3%,0.01%
M81873107,RDWR,RADWARE LTD,1277334,-110897,39.42M,-3.42M,-8%,0.05%
87936R205,VIV,TELEFONICA BRASIL SA,1209653,-260247,15.92M,-3.42M,-17.7%,0.02%
358039105,FRPT,FRESHPET INC,0,-58400,0,-3.44M,CLOSE,0%
03762U105,ARI,APOLLO COML REAL ESTATE FIN,0,-327540,0,-3.46M,CLOSE,0%
913456109,UVV,UNIVERSAL CORP VA MTNS BK EN,13479,-66592,703.2K,-3.47M,-83.2%,<.01%
633707104,NBHC,NATIONAL BK HLDGS CORP,715453,-78647,31.79M,-3.49M,-9.9%,0.04%
G4863A108,BRSL,BRIGHTSTAR LOTTERY PLC,0,-274700,0,-3.5M,CLOSE,0%
13321L108,CCJ,CAMECO CORP,650200,-34367,66.23M,-3.5M,-5%,0.09%
879360105,TDY,TELEDYNE TECHNOLOGIES INC,0,-5787,0,-3.5M,CLOSE,0%
70014A104,PKE,PARK AEROSPACE CORP,766708,-92389,29.26M,-3.53M,-10.8%,0.04%
00737L103,CVSA,COVISTA INC,21800,-28300,2.72M,-3.53M,-56.5%,<.01%
74874Q100,QNST,QUINSTREET INC,116000,-241000,1.7M,-3.53M,-67.5%,<.01%
86771W105,RUN,SUNRUN INC,1800045,-265200,24.08M,-3.55M,-12.8%,0.03%
921946406,VYM,VANGUARD WHITEHALL FDS,59000,-22500,9.32M,-3.56M,-27.6%,0.01%
436893200,HOMB,HOME BANCSHARES INC,84739,-124700,2.42M,-3.56M,-59.5%,<.01%
31188V100,FSLY,FASTLY INC,324200,-194154,5.95M,-3.56M,-37.5%,<.01%
14575E105,CARS,CARS COM INC,252998,-327191,2.77M,-3.58M,-56.4%,<.01%
45774W108,IIIN,INSTEEL INDS INC,0,-106940,0,-3.59M,CLOSE,0%
76665T102,REPX,RILEY EXPLORATION PERMIAN IN,32996,-109104,1.09M,-3.6M,-76.8%,<.01%
201723103,CMC,COMMERCIAL METALS CO,0,-58600,0,-3.6M,CLOSE,0%
928254101,VIRT,VIRTU FINL INC,2868268,-60500,170.86M,-3.6M,-2.1%,0.24%
62955J103,NOV,NOV INC,0,-191810,0,-3.61M,CLOSE,0%
18482P103,CLFD,CLEARFIELD INC,45795,-90905,1.82M,-3.62M,-66.5%,<.01%
281020107,EIX,EDISON INTL,0,-49500,0,-3.62M,CLOSE,0%
124765108,CAE,CAE INC,116883,-145017,2.93M,-3.63M,-55.4%,<.01%
566330106,MCS,MARCUS CORP DEL,156789,-156181,3.68M,-3.66M,-49.9%,<.01%
G0176J109,ALLE,ALLEGION PLC,82906,-26194,11.65M,-3.68M,-24%,0.02%
489398107,KW,KENNEDY-WILSON HOLDINGS INC,0,-341700,0,-3.7M,CLOSE,0%
74276R102,PRVA,PRIVIA HEALTH GROUP INC,632700,-143800,16.28M,-3.7M,-18.5%,0.02%
19459J104,COLL,COLLEGIUM PHARMACEUTICAL INC,1366549,-102900,49.47M,-3.72M,-7%,0.07%
01862Q107,ALH,ALLIANCE LAUNDRY HLDGS INC,66700,-140600,1.77M,-3.73M,-67.8%,<.01%
G89479102,TRMD,TORM PLC,276825,-143400,7.21M,-3.74M,-34.1%,<.01%
G0403H108,AON,AON PLC,0,-11601,0,-3.74M,CLOSE,0%
70451A104,PAYS,PAYSIGN INC,1073783,-457289,8.79M,-3.75M,-29.9%,0.01%
46434V423,KSA,ISHARES TR,0,-94500,0,-3.76M,CLOSE,0%
398433102,GFF,GRIFFON CORP,508751,-38600,49.62M,-3.76M,-7.1%,0.07%
76029N106,REPL,REPLIMUNE GROUP INC,39800,-341653,440.59K,-3.78M,-89.6%,<.01%
866674104,SUI,SUN CMNTYS INC,0,-30100,0,-3.79M,CLOSE,0%
068463108,BBSI,BARRETT BUSINESS SVCS INC,531441,-108021,18.88M,-3.84M,-16.9%,0.03%
26818M108,DYN,DYNE THERAPEUTICS INC,360572,-173028,8.01M,-3.84M,-32.4%,0.01%
14843C105,CSTL,CASTLE BIOSCIENCES INC,371200,-161600,8.85M,-3.85M,-30.3%,0.01%
G8726T105,TK,TEEKAY CORPORATION LTD,3688975,-385699,36.89M,-3.86M,-9.5%,0.05%
87164F105,SNDX,SYNDAX PHARMACEUTICALS INC,321600,-176600,7.03M,-3.86M,-35.4%,<.01%
98139A105,WK,WORKIVA INC,129540,-79600,6.28M,-3.86M,-38.1%,<.01%
94106B101,WCN,WASTE CONNECTIONS INC,120261,-23200,20.05M,-3.87M,-16.2%,0.03%
L02235106,AMBP,ARDAGH METAL PACKAGING S A,2076732,-817478,9.84M,-3.87M,-28.2%,0.01%
896288107,TNET,TRINET GROUP INC,147700,-78300,7.31M,-3.88M,-34.6%,0.01%
448947507,IDT,IDT CORP,879008,-67005,51.12M,-3.9M,-7.1%,0.07%
01749D105,ALGM,ALLEGRO MICROSYSTEMS INC,0,-123900,0,-3.91M,CLOSE,0%
98954M101,ZG,ZILLOW GROUP INC,96200,-124563,3.02M,-3.91M,-56.4%,<.01%
88556E102,TDUP,THREDUP INC,838400,-573153,5.74M,-3.93M,-40.6%,<.01%
09062W204,BLFS,BIOLIFE SOLUTIONS INC,0,-207128,0,-3.95M,CLOSE,0%
G0260P102,AS,AMER SPORTS INC,676000,-116845,22.88M,-3.95M,-14.7%,0.03%
533535100,LINC,LINCOLN EDL SVCS CORP,213685,-79493,10.66M,-3.97M,-27.1%,0.01%
46222L108,IONQ,IONQ INC,0,-137598,0,-3.97M,CLOSE,0%
55318A108,MNTN,MNTN INC,214589,-431628,1.97M,-3.97M,-66.8%,<.01%
896215209,TRS,TRIMAS CORP,0,-110700,0,-3.98M,CLOSE,0%
639193101,NAVN,NAVAN INC,125700,-174717,2.87M,-4M,-58.2%,<.01%
29772L108,ETON,ETON PHARMACEUTICALS INC,52300,-111021,1.89M,-4.02M,-68%,<.01%
87650L103,TARS,TARSUS PHARMACEUTICALS INC,9300,-64100,585.34K,-4.03M,-87.3%,<.01%
53263P105,LMB,LIMBACH HLDGS INC,77771,-52400,5.99M,-4.03M,-40.3%,<.01%
609027107,MCRI,MONARCH CASINO & RESORT INC,103808,-30792,13.66M,-4.05M,-22.9%,0.02%
03957W106,AROC,ARCHROCK INC,491928,-99606,20.03M,-4.05M,-16.8%,0.03%
78463X889,SPDW,SPDR INDEX SHS FDS,0,-88900,0,-4.06M,CLOSE,0%
749607107,RLI,RLI CORP,0,-71500,0,-4.08M,CLOSE,0%
00288U106,ABCL,ABCELLERA BIOLOGICS INC,990929,-519700,7.78M,-4.08M,-34.4%,0.01%
80517M109,SVV,SAVERS VALUE VLG INC,638480,-405784,6.44M,-4.09M,-38.9%,<.01%
50015M109,KOD,KODIAK SCIENCES INC,189200,-105100,7.37M,-4.09M,-35.7%,0.01%
046433108,ATRO,ASTRONICS CORP,172220,-50700,13.99M,-4.12M,-22.7%,0.02%
438128308,HMC,HONDA MOTOR CO LTD,89900,-153100,2.44M,-4.15M,-63%,<.01%
743713109,PRLB,PROTO LABS INC,469251,-51000,38.25M,-4.16M,-9.8%,0.05%
647581206,EDU,NEW ORIENTAL ED & TECHNOLOGY,2857164,-90700,131.17M,-4.16M,-3.1%,0.18%
71424F105,PR,PERMIAN RESOURCES CORP,7606637,-227400,140.04M,-4.19M,-2.9%,0.19%
81617J301,WTTR,SELECT WATER SOLUTIONS INC,192761,-210700,3.85M,-4.21M,-52.2%,<.01%
256163106,DOCU,DOCUSIGN INC,3075061,-95000,136.59M,-4.22M,-3%,0.19%
550241103,LUMN,LUMEN TECHNOLOGIES INC,9170870,-549697,70.43M,-4.22M,-5.7%,0.1%
084680107,BBT,BEACON FINANCIAL CORP.,431740,-138700,13.15M,-4.22M,-24.3%,0.02%
18467V109,YOU,CLEAR SECURE INC,3276617,-76100,182.61M,-4.24M,-2.3%,0.25%
52603B107,TREE,LENDINGTREE INC,164300,-96000,7.28M,-4.25M,-36.9%,0.01%
26622P107,DOCS,DOXIMITY INC,2853649,-206100,59.18M,-4.27M,-6.7%,0.08%
624580106,MOV,MOVADO GROUP INC,29700,-109498,1.17M,-4.3M,-78.7%,<.01%
35969L108,YMM,FULL TRUCK ALLIANCE CO LTD,863800,-532829,7.01M,-4.33M,-38.2%,<.01%
913259107,UTL,UNITIL CORP,407540,-82501,21.47M,-4.35M,-16.8%,0.03%
04546C304,ASRT,ASSERTIO HOLDINGS INC,0,-228599,0,-4.36M,CLOSE,0%
00090Q103,ADT,ADT INC DEL,679706,-671700,4.42M,-4.37M,-49.7%,<.01%
68170A108,OMDA,OMADA HEALTH INC,191400,-199669,4.2M,-4.38M,-51.1%,<.01%
45688C107,NGVT,INGEVITY CORP,63200,-58800,4.72M,-4.39M,-48.2%,<.01%
64082B102,NRDS,NERDWALLET INC,527000,-475275,4.87M,-4.4M,-47.4%,<.01%
258278100,DORM,DORMAN PRODS INC,0,-42200,0,-4.4M,CLOSE,0%
750236101,RDN,RADIAN GROUP INC,0,-133700,0,-4.42M,CLOSE,0%
46266A109,IRMD,IRADIMED CORP,394412,-46300,37.69M,-4.42M,-10.5%,0.05%
81369Y886,XLU,SELECT SECTOR SPDR TR,606100,-97800,27.48M,-4.43M,-13.9%,0.04%
91359V107,UVE,UNIVERSAL INS HLDGS INC,125600,-107812,5.19M,-4.46M,-46.2%,<.01%
83545G102,SAH,SONIC AUTOMOTIVE INC,35500,-52626,3.01M,-4.46M,-59.7%,<.01%
128246105,CVGW,CALAVO GROWERS INC,0,-173078,0,-4.46M,CLOSE,0%
589400100,MCY,MERCURY GENL CORP NEW,781682,-41900,83.34M,-4.47M,-5.1%,0.11%
09549B104,BLFY,BLUE FOUNDRY BANCORP,0,-338400,0,-4.48M,CLOSE,0%
86272C103,STRA,STRATEGIC ED INC,50278,-58740,3.85M,-4.5M,-53.9%,<.01%
G0457F107,ARCO,ARCOS DORADOS HLDGS INC,0,-545587,0,-4.5M,CLOSE,0%
319383204,BUSE,FIRST BUSEY CORP,221100,-153700,6.52M,-4.53M,-41%,<.01%
40416E103,HCI,HCI GROUP INC,23729,-25900,4.16M,-4.54M,-52.2%,<.01%
78464A847,SPMD,SPDR SERIES TRUST,0,-76700,0,-4.54M,CLOSE,0%
034164103,ANDE,ANDERSONS INC,59300,-66500,4.06M,-4.55M,-52.9%,<.01%
74766W108,QUBT,QUANTUM COMPUTING INC,0,-667674,0,-4.57M,CLOSE,0%
29664W105,ESPR,ESPERION THERAPEUTICS INC NE,160200,-1459900,506.23K,-4.61M,-90.1%,<.01%
12662P108,CVI,CVR ENERGY INC,114733,-167600,3.16M,-4.62M,-59.4%,<.01%
89214P109,TOWN,TOWNEBANK PORTSMOUTH VA,462819,-127500,16.77M,-4.62M,-21.6%,0.02%
G21082105,CYD,CHINA YUCHAI INTL LTD,245003,-98600,11.62M,-4.67M,-28.7%,0.02%
52661A108,DRS,LEONARDO DRS INC,84394,-109600,3.6M,-4.68M,-56.5%,<.01%
957090103,WABC,WESTAMERICA BANCORPORATION,72499,-79932,4.25M,-4.69M,-52.4%,<.01%
G4124C109,GRAB,GRAB HOLDINGS LIMITED,12068200,-1246235,45.5M,-4.7M,-9.4%,0.06%
34959E109,FTNT,FORTINET INC,30700,-30694,4.72M,-4.72M,-50%,<.01%
Y7388L103,SB,SAFE BULKERS INC,2810154,-747767,17.73M,-4.72M,-21%,0.02%
20786W107,CNOB,CONNECTONE BANCORP INC,149786,-141119,5.01M,-4.72M,-48.5%,<.01%
Y27183600,GSL,GLOBAL SHIP LEASE INC,492550,-126200,18.52M,-4.75M,-20.4%,0.03%
98980A105,ZTO,ZTO EXPRESS CAYMAN INC,406600,-212200,9.1M,-4.75M,-34.3%,0.01%
05614L209,BW,BABCOCK & WILCOX ENTERPRISES,24600,-337900,346.86K,-4.76M,-93.2%,<.01%
464287796,IYE,ISHARES TR,0,-73700,0,-4.77M,CLOSE,0%
00181T107,GOLD,GOLD COM INC,0,-120668,0,-4.84M,CLOSE,0%
426927109,HTBK,HERITAGE COMM CORP,0,-390000,0,-4.87M,CLOSE,0%
28106W103,EDIT,EDITAS MEDICINE INC,2468919,-1503241,8M,-4.87M,-37.8%,0.01%
50216C108,LYTS,LSI INDS INC OHIO,604122,-183830,16.06M,-4.89M,-23.3%,0.02%
20451N101,CMP,COMPASS MINERALS INTL INC,15700,-157211,488.74K,-4.89M,-90.9%,<.01%
384556106,GHM,GRAHAM CORP,207768,-39600,25.72M,-4.9M,-16%,0.04%
33738R506,RDVY,FIRST TR EXCHANGE TRADED FD,0,-72200,0,-4.93M,CLOSE,0%
G5784H106,MANU,MANCHESTER UTD PLC NEW,53344,-215056,1.22M,-4.93M,-80.1%,<.01%
513847103,MZTI,MARZETTI COMPANY,327580,-43200,37.4M,-4.93M,-11.7%,0.05%
217204106,CPRT,COPART INC,405300,-175200,11.43M,-4.94M,-30.2%,0.02%
90400D108,RARE,ULTRAGENYX PHARMACEUTICAL IN,413700,-148000,13.81M,-4.94M,-26.3%,0.02%
343873105,FFIC,FLUSHING FINL CORP,0,-323492,0,-4.97M,CLOSE,0%
526057104,LEN,LENNAR CORP,322139,-55100,29.15M,-4.99M,-14.6%,0.04%
302491303,FMC,FMC CORP,0,-290200,0,-5M,CLOSE,0%
G6564A105,NOMD,NOMAD FOODS LTD,2567767,-456515,28.12M,-5M,-15.1%,0.04%
75134P600,METC,RAMACO RES INC,0,-323564,0,-5M,CLOSE,0%
G4701H109,IHS,IHS HOLDING LIMITED,1649726,-608374,13.59M,-5.01M,-26.9%,0.02%
015857105,AQN,ALGONQUIN POWER & UTILITIES,1091255,-856537,6.39M,-5.02M,-44%,<.01%
126501105,CTS,CTS CORP,311342,-77042,20.3M,-5.02M,-19.8%,0.03%
98983L108,ZWS,ZURN ELKAY WATER SOLNS CORP,284693,-100100,14.39M,-5.06M,-26%,0.02%
92556W104,VIA,VIA TRANSN INC,49000,-280500,888.86K,-5.09M,-85.1%,<.01%
74967X103,RH,RH,68900,-30900,11.35M,-5.09M,-31%,0.02%
65158N102,NMRK,NEWMARK GROUP INC,24745,-337800,373.9K,-5.1M,-93.2%,<.01%
830879102,SKYW,SKYWEST INC,265156,-51400,26.34M,-5.11M,-16.2%,0.04%
000899104,ADMA,ADMA BIOLOGICS INC,652530,-610104,5.46M,-5.11M,-48.3%,<.01%
253868103,DLR,DIGITAL RLTY TR INC,4400,-28500,790.15K,-5.12M,-86.6%,<.01%
153527205,CENTA,CENTRAL GARDEN & PET CO,321756,-132119,12.47M,-5.12M,-29.1%,0.02%
921909768,VXUS,VANGUARD STAR FDS,0,-66667,0,-5.14M,CLOSE,0%
29430C102,VSTS,VESTIS CORPORATION,150000,-359100,2.18M,-5.21M,-70.5%,<.01%
624756102,MLI,MUELLER INDS INC,110200,-42500,13.55M,-5.22M,-27.8%,0.02%
501242101,KLIC,KULICKE & SOFFA INDS INC,0,-79728,0,-5.24M,CLOSE,0%
653656108,NICE,NICE LTD,0,-47544,0,-5.24M,CLOSE,0%
088929104,BGC,BGC GROUP INC,386548,-494200,4.13M,-5.28M,-56.1%,<.01%
92206C714,VONV,VANGUARD SCOTTSDALE FDS,34800,-49800,3.7M,-5.29M,-58.9%,<.01%
477839104,JBTM,JBT MAREL CORPORATION,0,-41500,0,-5.31M,CLOSE,0%
78442P106,SLM,SLM CORP,996200,-204700,25.84M,-5.31M,-17%,0.04%
H5012F103,LAR,LITHIUM ARGENTINA AG,0,-797600,0,-5.33M,CLOSE,0%
754907103,RYN,RAYONIER INC,773963,-250520,16.47M,-5.33M,-24.5%,0.02%
70959W103,PAG,PENSKE AUTOMOTIVE GRP INC,51700,-29800,9.25M,-5.33M,-36.6%,0.01%
204409601,CIG,CIA ENERGETICA DE MINAS GERA,5450778,-2543071,11.45M,-5.34M,-31.8%,0.02%
524660107,LEG,LEGGETT & PLATT INC,331100,-456600,3.88M,-5.35M,-58%,<.01%
302301106,EZPW,EZCORP INC,2002266,-155100,69.22M,-5.36M,-7.2%,0.1%
89472Y107,TGB,TREKOR METALS LTD,4543570,-783371,31.26M,-5.39M,-14.7%,0.04%
019330109,ALNT,ALLIENT INC,47779,-52393,4.92M,-5.39M,-52.3%,<.01%
565394103,CART,MAPLEBEAR INC,1452054,-115000,68.75M,-5.45M,-7.3%,0.09%
92206C680,VONG,VANGUARD SCOTTSDALE FDS,37000,-42700,4.73M,-5.46M,-53.6%,<.01%
98956P102,ZBH,ZIMMER BIOMET HOLDINGS INC,0,-60536,0,-5.47M,CLOSE,0%
221006109,CRVL,CORVEL CORP,1529530,-88300,95.63M,-5.52M,-5.5%,0.13%
78463M107,SPSC,SPS COMM INC,0,-99360,0,-5.53M,CLOSE,0%
628464109,MYE,MYERS INDS INC,1107901,-157696,39.12M,-5.57M,-12.5%,0.05%
44267T102,HHH,HOWARD HUGHES HOLDINGS INC,22700,-78000,1.62M,-5.58M,-77.5%,<.01%
75704L104,RDVT,RED VIOLET INC,25600,-87850,1.63M,-5.6M,-77.4%,<.01%
759351604,RGA,REINSURANCE GROUP AMER INC,0,-27600,0,-5.63M,CLOSE,0%
45780R101,IBP,INSTALLED BLDG PRODS INC,0,-21260,0,-5.64M,CLOSE,0%
G02602103,DOX,AMDOCS LTD,178700,-113100,9.03M,-5.72M,-38.8%,0.01%
G5509L101,LIVN,LIVANOVA PLC,113400,-69600,9.32M,-5.72M,-38%,0.01%
G9618E107,WTM,WHITE MTNS INS GROUP LTD,0,-2611,0,-5.74M,CLOSE,0%
30214U102,EXPO,EXPONENT INC,0,-88000,0,-5.74M,CLOSE,0%
Y41053102,INSW,INTERNATIONAL SEAWAYS INC,0,-78950,0,-5.75M,CLOSE,0%
902673102,UFPT,UFP TECHNOLOGIES INC,84465,-22007,22.39M,-5.83M,-20.7%,0.03%
00214Q104,ARKK,ARK ETF TR,0,-86400,0,-5.84M,CLOSE,0%
516544103,LNTH,LANTHEUS HLDGS INC,0,-77182,0,-5.85M,CLOSE,0%
Y1968P121,DAC,DANAOS CORPORATION,35753,-48047,4.38M,-5.88M,-57.3%,<.01%
532206109,LIF,LIFE360 INC,0,-144300,0,-5.89M,CLOSE,0%
74144T108,TROW,PRICE T ROWE GROUP INC,34500,-51900,3.92M,-5.9M,-60.1%,<.01%
38747R827,NVDL,GRANITESHARES ETF TR,0,-81400,0,-5.91M,CLOSE,0%
383082104,GRC,GORMAN RUPP CO,75300,-64731,6.91M,-5.94M,-46.2%,<.01%
12529R107,CCCC,C4 THERAPEUTICS INC,1189828,-1271987,5.56M,-5.94M,-51.7%,<.01%
G0084W101,ADNT,ADIENT PLC,0,-294900,0,-5.96M,CLOSE,0%
88076W103,TDC,TERADATA CORP DEL,0,-234200,0,-6M,CLOSE,0%
615369105,MCO,MOODYS CORP,98800,-13280,44.75M,-6.01M,-11.8%,0.06%
025072604,AVEM,AMERICAN CENTY ETF TR,0,-74700,0,-6.02M,CLOSE,0%
29977A105,EVR,EVERCORE INC,156180,-17680,53.33M,-6.04M,-10.2%,0.07%
374396406,GEVO,GEVO INC,0,-2215194,0,-6.05M,CLOSE,0%
585464100,MLCO,MELCO RESORTS AND ENTMNT LTD,3309452,-1152148,17.44M,-6.07M,-25.8%,0.02%
12618T105,CRAI,CRA INTL INC,181775,-42700,25.87M,-6.08M,-19%,0.04%
343498101,FLO,FLOWERS FOODS INC,741302,-770300,5.86M,-6.09M,-51%,<.01%
74349Y837,PSQ,PROSHARES TR,15900,-245300,398.45K,-6.15M,-93.9%,<.01%
68236H204,ONDS,ONDAS INC,0,-680839,0,-6.15M,CLOSE,0%
89531P105,TREX,TREX INC,0,-169300,0,-6.17M,CLOSE,0%
606710200,MITK,MITEK SYS INC,123200,-307393,2.48M,-6.19M,-71.4%,<.01%
400506101,PAC,GRUPO AEROPORTUNARIO DEL PAC,391300,-24500,99.06M,-6.2M,-5.9%,0.14%
G1144A105,BTBT,BIT DIGITAL INC,3912096,-3447281,7.04M,-6.21M,-46.8%,<.01%
58502B106,MD,PEDIATRIX MEDICAL GROUP INC,1287300,-245000,32.61M,-6.21M,-16%,0.04%
92835K103,VPG,VISHAY PRECISION GROUP INC,395673,-41500,59.32M,-6.22M,-9.5%,0.08%
024061103,DCH,DAUCH CORP,711699,-1148500,3.86M,-6.22M,-61.7%,<.01%
G48833118,WFRD,WEATHERFORD INTL PLC,0,-65953,0,-6.24M,CLOSE,0%
16115Q308,GTLS,CHART INDS INC,0,-30200,0,-6.24M,CLOSE,0%
G4412G101,HLF,HERBALIFE LTD,5024668,-475300,66.07M,-6.25M,-8.6%,0.09%
688239201,OSK,OSHKOSH CORP,0,-43000,0,-6.33M,CLOSE,0%
784305104,HTO,H2O AMERICA,53245,-104655,3.24M,-6.36M,-66.3%,<.01%
P73684113,OSW,ONESPAWORLD HOLDINGS LIMITED,837028,-225444,23.64M,-6.37M,-21.2%,0.03%
037598109,APOG,APOGEE ENTERPRISES INC,50983,-139534,2.33M,-6.38M,-73.2%,<.01%
811543107,SEB,SEABOARD CORP DEL,1822,-1430,8.13M,-6.38M,-44%,0.01%
20441A102,SBS,COMPANHIA DE SANEAMENTO BASI,7547490,-1106000,43.62M,-6.39M,-12.8%,0.06%
58507V107,MDLN,MEDLINE INC,0,-143700,0,-6.39M,CLOSE,0%
464287234,EEM,ISHARES TR,28200,-93800,1.93M,-6.42M,-76.9%,<.01%
18453H106,CCO,CLEAR CHANNEL OUTDOOR HLDGS,0,-2725692,0,-6.46M,CLOSE,0%
71363P106,PRDO,PERDOCEO ED CORP,3299764,-202500,105.59M,-6.48M,-5.8%,0.15%
390607109,GLDD,GREAT LAKES DREDGE & DOCK CO,0,-381700,0,-6.49M,CLOSE,0%
58733R102,MELI,MERCADOLIBRE,116490,-3830,197.73M,-6.5M,-3.2%,0.27%
05637B105,BLZE,BACKBLAZE INC,762608,-410049,12.09M,-6.5M,-35%,0.02%
90138F102,TWLO,TWILIO INC,0,-52000,0,-6.54M,CLOSE,0%
00326A104,SGOL,ETFS GOLD TR,0,-147800,0,-6.59M,CLOSE,0%
69007J304,OUT,OUTFRONT MEDIA INC,83546,-202121,2.74M,-6.62M,-70.8%,<.01%
950810101,WSBC,WESBANCO INC,14256,-169791,556.41K,-6.63M,-92.3%,<.01%
78463X509,SPEM,SPDR INDEX SHS FDS,17300,-128000,895.79K,-6.63M,-88.1%,<.01%
482497104,BEKE,KE HLDGS INC,4403023,-456900,63.98M,-6.64M,-9.4%,0.09%
14888U101,CPRX,CATALYST PHARMACEUTICALS INC,2136077,-211400,67.14M,-6.64M,-9%,0.09%
03783C100,APPF,APPFOLIO INC,185840,-41440,29.8M,-6.64M,-18.2%,0.04%
02081G201,ATEC,ALPHATEC HLDGS INC,284500,-770600,2.46M,-6.67M,-73%,<.01%
902788108,UMBF,UMB FINL CORP,0,-59170,0,-6.67M,CLOSE,0%
929236107,WDFC,WD 40 CO,176076,-27400,42.9M,-6.68M,-13.5%,0.06%
61225M102,GLUE,MONTE ROSA THERAPEUTICS INC,102500,-276600,2.48M,-6.69M,-73%,<.01%
98980L101,ZM,ZOOM COMMUNICATIONS INC,2380704,-78100,205.48M,-6.74M,-3.2%,0.28%
874060205,TAK,TAKEDA PHARMACEUTICAL CO LTD,2568000,-421100,41.17M,-6.75M,-14.1%,0.06%
264147109,DCO,DUCOMMUN INC DEL,10700,-36500,1.98M,-6.76M,-77.3%,<.01%
98420N105,XENE,XENON PHARMACEUTICALS INC,187110,-113390,11.29M,-6.84M,-37.7%,0.02%
30226D106,EXTR,EXTREME NETWORKS INC,1862580,-213500,60.29M,-6.91M,-10.3%,0.08%
G9460G101,VAL,VALARIS LTD,67400,-95300,4.89M,-6.92M,-58.6%,<.01%
375916103,GIL,GILDAN ACTIVEWEAR INC,0,-124552,0,-6.93M,CLOSE,0%
020764106,AMR,ALPHA METALLURGICAL RESOUR I,550715,-42100,90.83M,-6.94M,-7.1%,0.13%
50202M102,LI,LI AUTO INC,6516739,-593900,76.51M,-6.97M,-8.4%,0.11%
825704109,SIBN,SI BONE INC,44100,-428519,719.71K,-6.99M,-90.7%,<.01%
880779103,TEX,TEREX CORP NEW,0,-118891,0,-7.03M,CLOSE,0%
17243V102,CNK,CINEMARK HLDGS INC,3772885,-221900,119.71M,-7.04M,-5.6%,0.16%
L6388F110,TIGO,MILLICOM INTL CELLULAR S A,472092,-77700,42.85M,-7.05M,-14.1%,0.06%
06417N103,OZK,BANK OZK LITTLE ROCK ARK,781897,-137000,40.73M,-7.14M,-14.9%,0.06%
921943858,VEA,VANGUARD TAX-MANAGED FDS,0,-111400,0,-7.14M,CLOSE,0%
24665A103,DK,DELEK US HLDGS INC NEW,0,-159269,0,-7.18M,CLOSE,0%
92337F107,VCYT,VERACYTE INC,0,-223500,0,-7.2M,CLOSE,0%
76680R206,RNG,RINGCENTRAL INC,1025381,-187300,39.97M,-7.3M,-15.4%,0.06%
23128Q101,CURB,CURBLINE PPTYS CORP,101427,-241074,3.08M,-7.33M,-70.4%,<.01%
152309100,CNTA,CENTESSA PHARMACEUTICALS PLC,0,-185000,0,-7.35M,CLOSE,0%
75629V104,RXRX,RECURSION PHARMACEUTICALS IN,0,-2400605,0,-7.37M,CLOSE,0%
844741108,LUV,SOUTHWEST AIRLS CO,0,-197380,0,-7.42M,CLOSE,0%
922908751,VB,VANGUARD INDEX FDS,0,-28320,0,-7.42M,CLOSE,0%
256135203,RDY,DR REDDYS LABS LTD,7347028,-512700,106.46M,-7.43M,-6.5%,0.15%
25401T603,DBRG,DIGITALBRIDGE GROUP INC,34176,-470936,539.3K,-7.43M,-93.2%,<.01%
875465106,SKT,TANGER INC,92074,-188298,3.63M,-7.43M,-67.2%,<.01%
029899101,AWR,AMER STATES WTR CO,14700,-90900,1.21M,-7.51M,-86.1%,<.01%
133131102,CPT,CAMDEN PPTY TR,401100,-65700,45.92M,-7.52M,-14.1%,0.06%
006739106,ADUS,ADDUS HOMECARE CORP,5600,-74889,562.63K,-7.52M,-93%,<.01%
766559702,RIGL,RIGEL PHARMACEUTICALS INC,145846,-192595,5.71M,-7.53M,-56.9%,<.01%
53815P108,RAMP,LIVERAMP HLDGS INC,323399,-200300,12.17M,-7.54M,-38.2%,0.02%
90400P101,UGP,ULTRAPAR PARTICIPACOES SA,2237585,-1503115,11.23M,-7.55M,-40.2%,0.02%
493267108,KEY,KEYCORP,0,-376651,0,-7.55M,CLOSE,0%
67576A100,OCUL,OCULAR THERAPEUTIX INC,378754,-769228,3.72M,-7.55M,-67%,<.01%
635906100,NHC,NATIONAL HEALTHCARE CORP,299717,-35800,63.35M,-7.57M,-10.7%,0.09%
25862V105,DV,DOUBLEVERIFY HLDGS INC,0,-797300,0,-7.57M,CLOSE,0%
85423L103,SARO,STANDARDAERO INC,561200,-253600,16.79M,-7.59M,-31.1%,0.02%
89422G107,TVTX,TRAVERE THERAPEUTICS INC,1833079,-133700,104.14M,-7.6M,-6.8%,0.14%
099406100,BOOT,BOOT BARN HLDGS INC,0,-51900,0,-7.6M,CLOSE,0%
925815102,VICR,VICOR CORP,0,-47300,0,-7.62M,CLOSE,0%
92337R101,VERA,VERA THERAPEUTICS INC,279528,-177772,11.99M,-7.63M,-38.9%,0.02%
G037AX101,AMBA,AMBARELLA INC,110300,-89100,9.46M,-7.64M,-44.7%,0.01%
68902V107,OTIS,OTIS WORLDWIDE CORP,1584200,-107000,113.43M,-7.66M,-6.3%,0.16%
G1890L107,CPRI,CAPRI HOLDINGS LIMITED,23700,-413000,440.11K,-7.67M,-94.6%,<.01%
02319V103,ABEV,AMBEV SA,24910000,-2444300,78.22M,-7.68M,-8.9%,0.11%
531229771,FWONA,LIBERTY MEDIA CORP DEL,259422,-87700,22.71M,-7.68M,-25.3%,0.03%
64111Q104,NTGR,NETGEAR INC,226540,-330922,5.29M,-7.73M,-59.4%,<.01%
913915104,UTI,UNIVERSAL TECHNICAL INST INC,476030,-181000,20.36M,-7.74M,-27.5%,0.03%
458665304,TILE,INTERFACE INC,242741,-217415,8.7M,-7.79M,-47.2%,0.01%
464288182,AAXJ,ISHARES TR,0,-81400,0,-7.84M,CLOSE,0%
56400P706,MNKD,MANNKIND CORP,27697,-1840745,117.99K,-7.84M,-98.5%,<.01%
78467Y107,MDY,STATE STR SPDR S&P MIDCAP 40,0,-12720,0,-7.85M,CLOSE,0%
423452101,HP,HELMERICH & PAYNE INC,139200,-241900,4.56M,-7.92M,-63.5%,<.01%
88025U109,TXG,10X GENOMICS INC,802039,-206700,30.75M,-7.92M,-20.5%,0.04%
88031M109,TS,TENARIS S A,3056044,-143700,169.58M,-7.97M,-4.5%,0.23%
04035M102,ARHS,ARHAUS INC,215400,-957200,1.81M,-8.06M,-81.6%,<.01%
313855108,FSS,FEDERAL SIGNAL CORP,0,-74800,0,-8.09M,CLOSE,0%
706327103,PBA,PEMBINA PIPELINE CORP,270864,-174900,12.53M,-8.09M,-39.2%,0.02%
302941109,FCN,FTI CONSULTING INC,0,-46200,0,-8.17M,CLOSE,0%
040413205,ANET,ARISTA NETWORKS INC,0,-66740,0,-8.19M,CLOSE,0%
229899109,CFR,CULLEN FROST BANKERS INC,38600,-53300,5.96M,-8.24M,-58%,<.01%
74624M102,P,EVERPURE INC,3655134,-104700,287.99M,-8.25M,-2.8%,0.4%
92857W308,VOD,VODAFONE GROUP PLC,3280042,-626709,43.38M,-8.29M,-16%,0.06%
G35947202,FLNG,FLEX LNG LTD,875404,-295391,24.56M,-8.29M,-25.2%,0.03%
366505105,GTX,GARRETT MOTION INC,109800,-229100,3.98M,-8.3M,-67.6%,<.01%
636180101,NFG,NATIONAL FUEL GAS CO,258500,-108700,19.96M,-8.39M,-29.6%,0.03%
15101Q207,CLS,CELESTICA INC,221768,-23020,80.9M,-8.4M,-9.4%,0.11%
33767E202,FSV,FIRSTSERVICE CORP NEW,430840,-59600,61.23M,-8.47M,-12.2%,0.08%
38141G104,GS,GOLDMAN SACHS GROUP INC,0,-10079,0,-8.53M,CLOSE,0%
G8726X106,TNK,TEEKAY TANKERS LTD,425924,-132076,27.63M,-8.57M,-23.7%,0.04%
04965M106,ATAT,ATOUR LIFESTYLE HLDGS LTD,1883024,-271444,59.88M,-8.63M,-12.6%,0.08%
89677Q107,TCOM,TRIP COM GROUP LTD,0,-173912,0,-8.66M,CLOSE,0%
004498101,ACIW,ACI WORLDWIDE INC,177933,-172400,8.95M,-8.67M,-49.2%,0.01%
500767306,KWEB,KRANESHARES TRUST,0,-305700,0,-8.69M,CLOSE,0%
399473206,GRPN,GROUPON INC,257213,-362200,6.19M,-8.71M,-58.5%,<.01%
03769M106,APO,APOLLO GLOBAL MGMT INC,21186,-73703,2.51M,-8.72M,-77.7%,<.01%
001055102,AFL,AFLAC INC,593300,-74400,69.56M,-8.72M,-11.1%,0.1%
17133Q502,CHT,CHUNGHWA TELECOM CO LTD,2565950,-199346,113.57M,-8.82M,-7.2%,0.16%
33768G107,FCFS,FIRSTCASH HOLDINGS INC,130841,-40800,28.3M,-8.83M,-23.8%,0.04%
G8060N102,ST,SENSATA TECHNOLOGIES HLDG PL,0,-251900,0,-8.87M,CLOSE,0%
00187Y100,APG,API GROUP CORP,0,-219250,0,-8.88M,CLOSE,0%
11285B108,BEPC,BROOKFIELD RENEWABLE CORP,905095,-239600,33.6M,-8.89M,-20.9%,0.05%
00676P107,ADEA,ADEIA INC,369743,-270600,12.18M,-8.91M,-42.3%,0.02%
880881107,TERN,TERNS PHARMACEUTICALS INC,0,-169034,0,-8.91M,CLOSE,0%
29364G103,ETR,ENTERGY CORP NEW,484100,-77600,55.6M,-8.91M,-13.8%,0.08%
379378201,GNL,GLOBAL NET LEASE INC,368100,-998033,3.29M,-8.92M,-73.1%,<.01%
892356106,TSCO,TRACTOR SUPPLY CO,0,-197700,0,-8.96M,CLOSE,0%
57638P104,MBC,MASTERBRAND INC,880781,-871482,9.06M,-8.97M,-49.7%,0.01%
75943R102,RLAY,RELAY THERAPEUTICS INC,192399,-481200,3.6M,-9M,-71.4%,<.01%
465741106,ITRI,ITRON INC,357161,-104600,30.91M,-9.05M,-22.7%,0.04%
001744101,AMN,AMN HEALTHCARE SVCS INC,1096521,-279820,35.49M,-9.06M,-20.3%,0.05%
934550203,WMG,WARNER MUSIC GROUP CORP,1186600,-335200,32.12M,-9.07M,-22%,0.04%
29476L107,VMRK,EQUITY RESIDENTIAL,461400,-134000,31.34M,-9.1M,-22.5%,0.04%
29261A100,EHC,ENCOMPASS HEALTH CORP,174500,-90500,17.64M,-9.15M,-34.2%,0.02%
29415C101,EOSE,EOS ENERGY ENTERPRISES INC,0,-1845231,0,-9.15M,CLOSE,0%
03969F109,RCUS,ARCUS BIOSCIENCES INC,0,-424700,0,-9.17M,CLOSE,0%
030420103,AWK,AMERICAN WTR WKS CO INC NEW,0,-68300,0,-9.29M,CLOSE,0%
001084102,AGCO,AGCO CORP,198700,-78000,23.78M,-9.34M,-28.2%,0.03%
03990B101,ARES,ARES MANAGEMENT CORPORATION,0,-85700,0,-9.35M,CLOSE,0%
87265H109,TPH,TRI POINTE HOMES INC,0,-200236,0,-9.36M,CLOSE,0%
30041R108,EVER,EVERQUOTE INC,543279,-398188,12.92M,-9.47M,-42.3%,0.02%
035710839,NLY,ANNALY CAPITAL MANAGEMENT IN,0,-448222,0,-9.48M,CLOSE,0%
403949100,DINO,HF SINCLAIR CORP,0,-152142,0,-9.49M,CLOSE,0%
989207105,ZBRA,ZEBRA TECHNOLOGIES CORPORATI,251911,-36400,66.32M,-9.58M,-12.6%,0.09%
74743L100,Q,QNITY ELECTRONICS INC,130900,-58700,21.38M,-9.59M,-31%,0.03%
75644T100,RCAT,RED CAT HLDGS INC,514126,-901700,5.48M,-9.6M,-63.7%,<.01%
558256103,MSGE,MADISON SQUARE GARDEN ENTMT,70800,-119000,5.73M,-9.63M,-62.7%,<.01%
02390A101,AMX,AMERICA MOVIL SAB DE CV,820228,-371400,21.32M,-9.65M,-31.2%,0.03%
89055F103,BLD,TOPBUILD COR,0,-27700,0,-9.73M,CLOSE,0%
62944T105,NVR,NVR INC,5650,-1430,38.5M,-9.74M,-20.2%,0.05%
803607100,SRPT,SAREPTA THERAPEUTICS INC,1121378,-543700,20.15M,-9.77M,-32.7%,0.03%
464287614,IWF,ISHARES TR,170128,-78992,21.12M,-9.81M,-31.7%,0.03%
81663L200,WGS,GENEDX HOLDINGS CORP,0,-153716,0,-9.87M,CLOSE,0%
002121101,ATEN,A10 NETWORKS INC,1520287,-264700,56.8M,-9.89M,-14.8%,0.08%
72703X106,PL,PLANET LABS PBC,721980,-299200,23.92M,-9.91M,-29.3%,0.03%
404280406,HSBC,HSBC HLDGS PLC,419122,-105000,39.85M,-9.98M,-20%,0.05%
063679385,FNGU,BANK MONTREAL MEDIUM,30600,-388500,786.73K,-9.99M,-92.7%,<.01%
05965X109,BSAC,BANCO SANTANDER CHILE NEW,239991,-303838,7.9M,-10.01M,-55.9%,0.01%
518613203,LAUR,LAUREATE ED INC,475800,-275600,17.28M,-10.01M,-36.7%,0.02%
M98068105,WIX,WIX COM LTD,355349,-220700,16.12M,-10.01M,-38.3%,0.02%
443628102,HBM,HUDBAY MINERALS INC,1331209,-424300,31.43M,-10.02M,-24.2%,0.04%
03969K108,ARQT,ARCUTIS BIOTHERAPEUTICS INC,58399,-382600,1.53M,-10.03M,-86.8%,<.01%
G29018101,DLO,DLOCAL LTD,0,-774342,0,-10.04M,CLOSE,0%
784117103,SEIC,SEI INVTS CO,284726,-115100,24.97M,-10.1M,-28.8%,0.03%
00182C103,ANIP,ANI PHARMACEUTICALS INC,63700,-122402,5.27M,-10.13M,-65.8%,<.01%
464287184,FXI,ISHARES TR,0,-283200,0,-10.17M,CLOSE,0%
946784105,WAY,WAYSTAR HLDG CORP,0,-423200,0,-10.2M,CLOSE,0%
878742204,TECK,TECK RESOURCES LTD,0,-197876,0,-10.24M,CLOSE,0%
559663109,MGY,MAGNOLIA OIL & GAS CORP,1296902,-404900,33.17M,-10.36M,-23.8%,0.05%
M2197Q107,CLBT,CELLEBRITE DI LTD,2150239,-710400,31.39M,-10.37M,-24.8%,0.04%
93403J106,WRBY,WARBY PARKER INC,209336,-343500,6.35M,-10.42M,-62.1%,<.01%
011532108,AGI,ALAMOS GOLD INC,4772807,-345364,144.81M,-10.48M,-6.7%,0.2%
592688105,MTD,METTLER TOLEDO INTERNATIONAL,0,-8350,0,-10.53M,CLOSE,0%
402635502,GPOR,GULFPORT ENERGY CORP,75000,-62200,12.73M,-10.56M,-45.3%,0.02%
868459108,SUPN,SUPERNUS PHARMACEUTICALS,1478180,-227042,68.75M,-10.56M,-13.3%,0.09%
59356Q108,MIAX,MIAMI INTL HLDGS INC,0,-271500,0,-10.57M,CLOSE,0%
364760108,GAP,GAP INC,0,-439282,0,-10.63M,CLOSE,0%
892672106,TW,TRADEWEB MKTS INC,302118,-106700,30.11M,-10.63M,-26.1%,0.04%
674215207,CHRD,CHORD ENERGY CORPORATION,15094,-93058,1.73M,-10.64M,-86%,<.01%
88025T102,TENB,TENABLE HLDGS INC,970800,-289300,35.8M,-10.67M,-23%,0.05%
053604104,AVPT,AVEPOINT INC,1621153,-959000,18.17M,-10.75M,-37.2%,0.03%
458140100,INTC,INTEL CORP,7321928,-77466,1.02B,-10.82M,-1%,1.4%
72147K108,PPC,PILGRIMS PRIDE CORP,520311,-386713,14.63M,-10.87M,-42.6%,0.02%
53566V106,LINE,LINEAGE INC,40900,-251800,1.77M,-10.89M,-86%,<.01%
249906108,DSGX,DESCARTES SYS GROUP INC,640844,-158000,44.37M,-10.94M,-19.8%,0.06%
90353W103,UI,UBIQUITI INC,198344,-20600,105.92M,-11M,-9.4%,0.15%
03940C100,ACLX,ARCELLX INC,0,-96400,0,-11.07M,CLOSE,0%
775711104,ROL,ROLLINS INC,1671065,-265491,69.75M,-11.08M,-13.7%,0.1%
29332G102,EHAB,ENHABIT INC,0,-787768,0,-11.1M,CLOSE,0%
74340E103,PGNY,PROGYNY INC,424667,-387400,12.24M,-11.17M,-47.7%,0.02%
004225108,ACAD,ACADIA PHARMACEUTICALS INC,1282596,-441600,32.45M,-11.17M,-25.6%,0.04%
922280102,VRNS,VARONIS SYS INC,117800,-266825,4.94M,-11.2M,-69.4%,<.01%
464287515,IGV,ISHARES TR,30900,-125900,2.8M,-11.41M,-80.3%,<.01%
M7S64L123,PGY,PAGAYA TECHNOLOGIES LTD,0,-983585,0,-11.46M,CLOSE,0%
29082A107,EMBJ,EMBRAER S.A.,1158200,-179800,73.89M,-11.47M,-13.4%,0.1%
45765U103,NSIT,INSIGHT ENTERPRISES INC,85573,-95000,10.42M,-11.57M,-52.6%,0.01%
292671708,UUUU,ENERGY FUELS INC,0,-637804,0,-11.64M,CLOSE,0%
421298100,HAYW,HAYWARD HLDGS INC,0,-884747,0,-11.84M,CLOSE,0%
M6191J100,FROG,JFROG LTD,1445248,-130300,131.34M,-11.84M,-8.3%,0.18%
81369Y308,XLP,SELECT SECTOR SPDR TR,357200,-142800,29.67M,-11.86M,-28.6%,0.04%
03064D108,COLD,AMERICOLD REALTY TRUST INC,919700,-755100,14.46M,-11.87M,-45.1%,0.02%
83570H108,SONO,SONOS INC,827800,-878701,11.2M,-11.89M,-51.5%,0.02%
349553107,FTS,FORTIS INC,297952,-209500,17.05M,-11.99M,-41.3%,0.02%
56501R106,MFC,MANULIFE FINL CORP,828624,-296800,33.57M,-12.02M,-26.4%,0.05%
387328107,GVA,GRANITE CONSTR INC,0,-101065,0,-12.12M,CLOSE,0%
G3934V109,GENI,GENIUS SPORTS LIMITED,195600,-2002100,1.19M,-12.13M,-91.1%,<.01%
48666K109,KBH,KB HOME,0,-235700,0,-12.2M,CLOSE,0%
126349109,CSGS,CSG SYS INTL INC,0,-154122,0,-12.32M,CLOSE,0%
388689101,GPK,GRAPHIC PACKAGING HLDG CO,0,-1248218,0,-12.41M,CLOSE,0%
B38564108,CMBT,CMB.TECH NV,518932,-889368,7.26M,-12.44M,-63.2%,<.01%
08265T208,BSY,BENTLEY SYS INC,70800,-416300,2.12M,-12.44M,-85.5%,<.01%
940923105,WBI,WATERBRIDGE INFRASTRUCTURE L,0,-464900,0,-12.45M,CLOSE,0%
059520106,BCH,BANCO DE CHILE,893832,-314100,35.54M,-12.49M,-26%,0.05%
Y2065G121,DHT,DHT HOLDINGS INC,1120845,-757900,18.53M,-12.53M,-40.3%,0.03%
983134107,WYNN,WYNN RESORTS LTD,1109756,-130200,107.75M,-12.64M,-10.5%,0.15%
26884U109,EPR,EPR PPTYS,345400,-219000,20.04M,-12.7M,-38.8%,0.03%
095306106,BLBD,BLUE BIRD CORP,206536,-161004,16.31M,-12.71M,-43.8%,0.02%
539439109,LYG,LLOYDS BANKING GROUP PLC,0,-2528180,0,-12.72M,CLOSE,0%
194693107,CIGI,COLLIERS INTL GROUP INC,348200,-136861,32.66M,-12.84M,-28.2%,0.04%
049468101,TEAM,ATLASSIAN CORPORATION,330083,-165141,25.68M,-12.85M,-33.3%,0.04%
683712103,OPEN,OPENDOOR TECHNOLOGIES INC,9029870,-2781068,41.72M,-12.85M,-23.5%,0.06%
589889104,MMSI,MERIT MED SYS INC,125412,-188800,8.7M,-13.09M,-60.1%,0.01%
302520101,FNB,F N B CORP,2951727,-688034,56.32M,-13.13M,-18.9%,0.08%
69370C100,PTC,PTC INC,271600,-117500,30.86M,-13.35M,-30.2%,0.04%
922908736,VUG,VANGUARD INDEX FDS,2666,-156454,229.65K,-13.48M,-98.3%,<.01%
835699307,SONY,SONY GROUP CORP,0,-655000,0,-13.56M,CLOSE,0%
358054104,FRSH,FRESHWORKS INC,3235300,-1340700,32.74M,-13.57M,-29.3%,0.05%
231021106,CMI,CUMMINS INC,0,-25220,0,-13.57M,CLOSE,0%
284902509,EGO,ELDORADO GOLD CORP NEW,1332137,-438996,41.42M,-13.65M,-24.8%,0.06%
336433107,FSLR,FIRST SOLAR INC,43600,-57900,10.29M,-13.66M,-57%,0.01%
88162G103,TTEK,TETRA TECH INC NEW,0,-453600,0,-13.66M,CLOSE,0%
88339P101,REAL,THE REALREAL INC,483900,-1162300,5.71M,-13.7M,-70.6%,<.01%
88579Y101,MMM,3M CO,0,-94600,0,-13.74M,CLOSE,0%
464288646,IGSB,ISHARES TR,281971,-262592,14.78M,-13.76M,-48.2%,0.02%
782011100,RSI,RUSH STREET INTERACTIVE INC,1817500,-467500,54.05M,-13.9M,-20.5%,0.07%
413216300,HMY,HARMONY GOLD MNG LTD,803842,-914478,12.23M,-13.91M,-53.2%,0.02%
558868105,MDGL,MADRIGAL PHARMACEUTICALS INC,45942,-25928,24.67M,-13.92M,-36.1%,0.03%
26210C104,DBX,DROPBOX INC,7213667,-507400,198.16M,-13.94M,-6.6%,0.27%
64125C109,NBIX,NEUROCRINE BIOSCIENCES INC,2335897,-83000,393.68M,-13.99M,-3.4%,0.54%
693718108,PCAR,PACCAR INC,0,-123116,0,-14.22M,CLOSE,0%
55087P104,LYFT,LYFT INC,8189132,-975500,119.64M,-14.25M,-10.6%,0.16%
704551100,BTU,PEABODY ENGR CORP,5313527,-619100,122.85M,-14.31M,-10.4%,0.17%
46982L108,J,JACOBS SOLUTIONS INC,275900,-114100,34.76M,-14.38M,-29.3%,0.05%
70438V106,PCTY,PAYLOCITY HLDG CORP,96575,-138425,10.09M,-14.47M,-58.9%,0.01%
002896207,ANF,ABERCROMBIE & FITCH CO,664300,-161210,59.79M,-14.51M,-19.5%,0.08%
05329W102,AN,AUTONATION INC,13300,-78200,2.47M,-14.53M,-85.5%,<.01%
48268K101,KT,KT CORP,59793,-853700,1.03M,-14.75M,-93.5%,<.01%
59522J103,MAA,MID-AMER APT CMNTYS INC,0,-122149,0,-14.92M,CLOSE,0%
834203309,SLNO,SOLENO THERAPEUTICS INC,0,-447300,0,-14.98M,CLOSE,0%
46434G103,IEMG,ISHARES INC,0,-215200,0,-15.01M,CLOSE,0%
68404L201,OPCH,OPTION CARE HEALTH INC,0,-558926,0,-15.05M,CLOSE,0%
723484101,PNW,PINNACLE WEST CAP CORP,435000,-141100,46.55M,-15.1M,-24.5%,0.06%
09173B107,KEEL,BITFARMS LTD,0,-7767131,0,-15.15M,CLOSE,0%
884903808,TRI,THOMSON REUTERS CORP,0,-168695,0,-15.18M,CLOSE,0%
149123101,CAT,CATERPILLAR INC,0,-21507,0,-15.24M,CLOSE,0%
09581B103,OWL,BLUE OWL CAPITAL INC,4323300,-1741900,37.83M,-15.24M,-28.7%,0.05%
759530108,RELX,RELX PLC,506130,-482200,16.03M,-15.27M,-48.8%,0.02%
44107P104,HST,HOST HOTELS & RESORTS INC,247313,-664400,5.86M,-15.75M,-72.9%,<.01%
45337C102,INCY,INCYTE CORP,3512132,-139400,398.14M,-15.8M,-3.8%,0.55%
75700L108,RRR,RED ROCK RESORTS INC,0,-300400,0,-16.03M,CLOSE,0%
670837103,OGE,OGE ENERGY CORP,0,-337300,0,-16.18M,CLOSE,0%
783513203,RYAAY,RYANAIR HOLDINGS PLC,1566946,-250000,101.46M,-16.19M,-13.8%,0.14%
02553E106,AEO,AMERICAN EAGLE OUTFITTERS IN,0,-971463,0,-16.22M,CLOSE,0%
30161Q104,EXEL,EXELIXIS INC,13427993,-299000,730.62M,-16.27M,-2.2%,1%
24906P109,XRAY,DENTSPLY SIRONA INC,33458,-1535900,354.99K,-16.3M,-97.9%,<.01%
373737105,GGB,GERDAU SA,6902124,-4034400,27.88M,-16.3M,-36.9%,0.04%
604749101,MIRM,MIRUM PHARMACEUTICALS INC,442185,-139900,51.77M,-16.38M,-24%,0.07%
G3922B107,G,GENPACT LIMITED,0,-441800,0,-16.46M,CLOSE,0%
770323103,RHI,ROBERT HALF INC.,398872,-537300,12.25M,-16.5M,-57.4%,0.02%
71385M107,PRM,PERIMETER SOLUTIONS INC,126231,-465026,4.5M,-16.58M,-78.7%,<.01%
363576109,AJG,GALLAGHER ARTHUR J & CO,0,-76600,0,-16.59M,CLOSE,0%
M87915274,TSEM,TOWER SEMICONDUCTOR LTD,211049,-63700,55.01M,-16.6M,-23.2%,0.08%
92839U206,VC,VISTEON CORP,150100,-167500,14.89M,-16.62M,-52.7%,0.02%
25264R207,DHIL,DIAMOND HILL INVT GROUP INC,0,-97046,0,-16.7M,CLOSE,0%
784730103,SSRM,SSR MINING IN,56786,-591000,1.61M,-16.71M,-91.2%,<.01%
128030202,CALM,CAL MAINE FOODS INC,1569268,-209200,126.42M,-16.85M,-11.8%,0.17%
771049103,RBLX,ROBLOX CORP,6814063,-312071,370.55M,-16.97M,-4.4%,0.51%
917047102,URBN,URBAN OUTFITTERS INC,0,-268600,0,-17.02M,CLOSE,0%
86562M209,SMFG,SUMITOMO MITSUI FIN GRP INC,1023572,-725700,24.14M,-17.11M,-41.5%,0.03%
92276F100,VTR,VENTAS INC,617761,-192810,54.86M,-17.12M,-23.8%,0.08%
37733W204,GSK,GSK PLC,0,-311292,0,-17.18M,CLOSE,0%
29355X107,NPO,ENPRO INC,4480,-45620,1.69M,-17.2M,-91.1%,<.01%
086516101,BBY,BEST BUY INC,1221600,-227839,92.7M,-17.29M,-15.7%,0.13%
22822V101,CCI,CROWN CASTLE INC,626203,-230034,47.42M,-17.42M,-26.9%,0.07%
670100205,NVO,NOVO-NORDISK A S,3032421,-364700,145.37M,-17.48M,-10.7%,0.2%
78709Y105,SAIA,SAIA INC,24418,-41960,10.28M,-17.67M,-63.2%,0.01%
018802108,LNT,ALLIANT ENERGY CORP,477500,-233200,36.43M,-17.79M,-32.8%,0.05%
171340102,CHD,CHURCH & DWIGHT CO INC,0,-190713,0,-17.8M,CLOSE,0%
95058W100,WEN,WENDYS CO,185782,-2154500,1.54M,-17.86M,-92.1%,<.01%
12503M108,CBOE,CBOE GLOBAL MKTS INC,1026406,-74100,249.08M,-17.98M,-6.7%,0.34%
36266G107,GEHC,GE HEALTHCARE TECHNOLOGIES I,0,-254100,0,-18.09M,CLOSE,0%
12008R107,BLDR,BUILDERS FIRSTSOURCE INC,0,-220241,0,-18.13M,CLOSE,0%
570535104,MKL,MARKEL GROUP INC,25301,-9320,49.41M,-18.2M,-26.9%,0.07%
554489104,VRE,VERIS RESIDENTIAL INC,0,-965900,0,-18.23M,CLOSE,0%
651587107,NEU,NEWMARKET CORP,9932,-23168,7.86M,-18.33M,-70%,0.01%
00123Q104,AGNC,AGNC INVT CORP,0,-1844929,0,-18.5M,CLOSE,0%
78351F107,RYAN,RYAN SPECIALTY HOLDINGS INC,42100,-494500,1.59M,-18.67M,-92.2%,<.01%
496902404,KGC,KINROSS GOLD CORP,24747213,-799200,584.53M,-18.88M,-3.1%,0.8%
60687Y109,MFG,MIZUHO FINANCIAL GROUP INC,236400,-1984183,2.26M,-19.01M,-89.4%,<.01%
36168Q104,GFL,GFL ENVIRONMENTAL INC,0,-458847,0,-19.14M,CLOSE,0%
22160K105,COST,COSTCO WHOLESALE CORPORATION,0,-19456,0,-19.39M,CLOSE,0%
77543R102,ROKU,ROKU INC,1424300,-140800,196.75M,-19.45M,-9%,0.27%
34379V103,FLNC,FLUENCE ENERGY INC,0,-1422900,0,-19.58M,CLOSE,0%
668771108,GEN,GEN DIGITAL INC,0,-1044438,0,-19.67M,CLOSE,0%
559222401,MGA,MAGNA INTL INC,0,-353484,0,-19.73M,CLOSE,0%
40637H109,HALO,HALOZYME THERAPEUTICS INC,479611,-252200,37.54M,-19.74M,-34.5%,0.05%
059460303,BBD,BANCO BRADESCO S A,6612266,-5703729,22.94M,-19.79M,-46.3%,0.03%
45867G101,IDCC,INTERDIGITAL INC,0,-66098,0,-19.96M,CLOSE,0%
464287598,IWD,ISHARES TR,0,-93700,0,-20.02M,CLOSE,0%
75734B100,RDDT,REDDIT INC,1450078,-115700,251.7M,-20.08M,-7.4%,0.35%
143130102,KMX,CARMAX INC,864362,-380638,45.72M,-20.13M,-30.6%,0.06%
G5279N105,KLAR,KLARNA GROUP PLC,1044800,-998300,21.15M,-20.21M,-48.9%,0.03%
525327102,LDOS,LEIDOS HOLDINGS INC,0,-130050,0,-20.23M,CLOSE,0%
51817R205,LTM,LATAM AIRLINES GROUP SA,918400,-348800,53.52M,-20.32M,-27.5%,0.07%
44332N106,HTHT,H WORLD GROUP LTD,901785,-490400,37.62M,-20.46M,-35.2%,0.05%
76243J105,RYTM,RHYTHM PHARMACEUTICALS INC,68281,-189730,7.58M,-21.07M,-73.5%,0.01%
922908744,VTV,VANGUARD INDEX FDS,0,-107500,0,-21.09M,CLOSE,0%
268150109,DT,DYNATRACE INC,0,-574400,0,-21.24M,CLOSE,0%
44812J104,HUT,HUT 8 CORP,297615,-184218,34.36M,-21.27M,-38.2%,0.05%
042735100,ARW,ARROW ELECTRS INC,69100,-99857,14.75M,-21.31M,-59.1%,0.02%
831865209,AOS,SMITH A O CORP,397499,-346901,24.93M,-21.76M,-46.6%,0.03%
422806208,HEIA,HEICO CORP NEW,61587,-85460,15.88M,-22.04M,-58.1%,0.02%
48553T106,BZ,KANZHUN LIMITED,3979467,-1719200,51.22M,-22.13M,-30.2%,0.07%
45073V108,ITT,ITT INC,249200,-112875,49.28M,-22.32M,-31.2%,0.07%
37637K108,GTLB,GITLAB INC,7600,-735200,232.03K,-22.45M,-99%,<.01%
540424108,L,LOEWS CORP,140300,-198900,15.88M,-22.52M,-58.6%,0.02%
20030N101,CMCSA,COMCAST CORP NEW,0,-788376,0,-22.63M,CLOSE,0%
636274409,NGG,NATIONAL GRID PLC,1894298,-274457,156.98M,-22.74M,-12.7%,0.22%
745867101,PHM,PULTE GROUP INC,0,-194067,0,-22.82M,CLOSE,0%
826919102,SLAB,SILICON LABORATORIES INC,50498,-104600,11.04M,-22.86M,-67.4%,0.02%
460146103,IP,INTERNATIONAL PAPER CO,0,-652500,0,-23.29M,CLOSE,0%
N82405106,STLA,STELLANTIS N.V,0,-3365143,0,-23.54M,CLOSE,0%
889478103,TOL,TOLL BROTHERS INC,0,-173000,0,-23.61M,CLOSE,0%
032654105,ADI,ANALOG DEVICES INC,0,-74395,0,-23.67M,CLOSE,0%
67059N108,NTNX,NUTANIX INC,2258696,-466300,115.1M,-23.76M,-17.1%,0.16%
48251W104,KKR,KKR & CO INC,0,-257350,0,-23.8M,CLOSE,0%
74267C106,PRA,PROASSURANCE CORP,0,-964900,0,-23.85M,CLOSE,0%
H50430232,LOGI,LOGITECH INTL S A,1818708,-253800,171.03M,-23.87M,-12.2%,0.24%
23834J201,DAVE,DAVE INC,367378,-64422,136.88M,-24M,-14.9%,0.19%
372303206,GMAB,GENMAB A/S,3517850,-896700,96.64M,-24.63M,-20.3%,0.13%
571903202,MAR,MARRIOTT INTL INC NEW,41696,-66520,15.45M,-24.65M,-61.5%,0.02%
12541W209,CHRW,C H ROBINSON WORLDWIDE IN,0,-149508,0,-24.83M,CLOSE,0%
192422103,CGNX,COGNEX CORP,517558,-350500,37.48M,-25.38M,-40.4%,0.05%
902653104,UDR,UDR INC,616298,-636800,24.6M,-25.42M,-50.8%,0.03%
452327109,ILMN,ILLUMINA INC,826642,-146000,145.35M,-25.67M,-15%,0.2%
G65163100,JOBY,JOBY AVIATION INC,1104300,-2900900,9.85M,-25.88M,-72.4%,0.01%
25460G286,TSLL,DIREXION SHARES ETF TRUST,0,-2198300,0,-26.71M,CLOSE,0%
23804L103,DDOG,DATADOG INC,189093,-102855,49.23M,-26.78M,-35.2%,0.07%
H42097107,UBS,UBS GROUP AG,0,-686991,0,-26.84M,CLOSE,0%
681936100,OHI,OMEGA HEALTHCARE INVS INC,60878,-564500,2.9M,-26.92M,-90.3%,<.01%
03152W109,FOLD,AMICUS THERAPEUTIC,0,-1872893,0,-27.08M,CLOSE,0%
09062X103,BIIB,BIOGEN INC,77744,-125652,16.8M,-27.15M,-61.8%,0.02%
942622200,WSO,WATSCO INC,151160,-65240,62.99M,-27.19M,-30.1%,0.09%
98389B100,XEL,XCEL ENERGY INC,203074,-340526,16.31M,-27.34M,-62.6%,0.02%
91332U101,U,UNITY SOFTWARE INC,1527297,-958300,43.65M,-27.39M,-38.6%,0.06%
112463104,BKD,BROOKDALE SR LIVING INC,5953464,-1710100,95.79M,-27.52M,-22.3%,0.13%
165167735,EXE,EXPAND ENERGY CORPORATION,22662,-303100,2.07M,-27.64M,-93%,<.01%
87162W100,SNX,TD SYNNEX CORPORATION,58528,-103500,15.65M,-27.67M,-63.9%,0.02%
92338C103,VLTO,VERALTO CORP,1078600,-313500,95.65M,-27.8M,-22.5%,0.13%
23954D109,DAWN,DAY ONE BIOPHARMACEUTICALS I,0,-1296984,0,-27.81M,CLOSE,0%
55306N104,MKSI,MKS INC.,40403,-63200,17.97M,-28.11M,-61%,0.02%
18539C105,CWENA,CLEARWAY ENERGY INC,0,-729129,0,-28.56M,CLOSE,0%
562750109,MANH,MANHATTAN ASSOCIATES INC,448760,-206000,62.49M,-28.69M,-31.5%,0.09%
G8068L108,SN,SHARKNINJA INC,0,-271100,0,-28.71M,CLOSE,0%
929740108,WAB,WABTEC,0,-116095,0,-29.01M,CLOSE,0%
29355A107,ENPH,ENPHASE ENERGY INC,296400,-592228,14.59M,-29.16M,-66.6%,0.02%
74758T303,QLYS,QUALYS INC,284100,-213500,39.06M,-29.35M,-42.9%,0.05%
14040H105,COF,CAPITAL ONE FINL CORP,591504,-147600,118.67M,-29.61M,-20%,0.16%
297178105,ESS,ESSEX PPTY TR INC,30006,-101960,8.75M,-29.73M,-77.3%,0.01%
N3167Y103,RACE,FERRARI N V,35944,-81024,13.32M,-30.01M,-69.3%,0.02%
031100100,AME,AMETEK INC,181950,-124200,44.02M,-30.05M,-40.6%,0.06%
77311W101,RKT,ROCKET COS INC,262022,-1923461,4.13M,-30.29M,-88%,<.01%
056525108,BMI,BADGER METER INC,0,-199200,0,-30.35M,CLOSE,0%
L8681T102,SPOT,SPOTIFY TECHNOLOGY S A,131176,-66940,60.23M,-30.73M,-33.8%,0.08%
26884L109,EQT,EQT CORP,0,-489722,0,-31.17M,CLOSE,0%
40131M109,GH,GUARDANT HEALTH INC,0,-337600,0,-31.18M,CLOSE,0%
92345Y106,VRSK,VERISK ANALYTICS INC,266280,-174140,47.81M,-31.26M,-39.5%,0.07%
101137107,BSX,BOSTON SCIENTIFIC CORP,2412005,-740000,102.94M,-31.58M,-23.5%,0.14%
98980G102,ZS,ZSCALER INC,3900,-226560,550.49K,-31.98M,-98.3%,<.01%
31620M106,FIS,FIDELITY NATL INFORMATION SV,945142,-823400,36.75M,-32.01M,-46.6%,0.05%
17253J106,CIFR,CIPHER DIGITAL INC,589200,-1313367,14.44M,-32.18M,-69%,0.02%
24703L202,DELL,DELL TECHNOLOGIES INC,646677,-74900,279.02M,-32.32M,-10.4%,0.38%
617700109,MORN,MORNINGSTAR INC,238770,-210100,37.25M,-32.78M,-46.8%,0.05%
09061G101,BMRN,BIOMARIN PHARMACEUTICAL INC,451871,-573000,25.86M,-32.79M,-55.9%,0.04%
M7516K103,NVMI,NOVA LTD,448586,-62280,243.56M,-33.81M,-12.2%,0.34%
37045V100,GM,GENERAL MTRS CO,472900,-440440,36.45M,-33.95M,-48.2%,0.05%
45784P101,PODD,INSULET CORP,202083,-223920,30.77M,-34.09M,-52.6%,0.04%
M22465104,CHKP,CHECK POINT SOFTWARE TECH LT,0,-239208,0,-34.17M,CLOSE,0%
00846U101,A,AGILENT TECHNOLOGIES INC,0,-300300,0,-34.23M,CLOSE,0%
60937P106,MDB,MONGODB INC,0,-140780,0,-34.46M,CLOSE,0%
191098102,COKE,COCA COLA CONS INC,200970,-181300,38.37M,-34.61M,-47.4%,0.05%
45841N107,IBKR,INTERACTIVE BROKERS GROUP IN,63900,-397800,5.56M,-34.62M,-86.2%,<.01%
110448107,BTI,BRITISH AMERN TOB PLC,10999,-570300,679.3K,-35.22M,-98.1%,<.01%
204166102,CVLT,COMMVAULT SYS INC,848898,-248765,120.31M,-35.26M,-22.7%,0.17%
85208M102,SFM,SPROUTS FMRS MKT INC,2013874,-423500,170.33M,-35.82M,-17.4%,0.23%
G87052109,TEL,TE CONNECTIVITY PLC,357000,-179510,71.97M,-36.19M,-33.5%,0.1%
01973R101,ALSN,ALLISON TRANSMISSION HLDGS I,1938997,-321400,218.6M,-36.23M,-14.2%,0.3%
650111107,NYT,NEW YORK TIMES CO MTN BE,2234754,-521426,156.39M,-36.49M,-18.9%,0.22%
88023U101,SGI,SOMNIGROUP INTERNATIONAL INC,0,-494100,0,-36.52M,CLOSE,0%
218352102,CORT,CORCEPT THERAPEUTICS INC,5261628,-421155,457.5M,-36.62M,-7.4%,0.63%
574599106,MAS,MASCO CORP,683900,-450214,55.65M,-36.63M,-39.7%,0.08%
83406F102,SOFI,SOFI TECHNOLOGIES INC,0,-2317400,0,-36.8M,CLOSE,0%
012653101,ALB,ALBEMARLE CORP,456145,-274600,61.59M,-37.08M,-37.6%,0.08%
03524A108,BUD,ANHEUSER BUSCH INBEV SA NV,360674,-450200,29.72M,-37.1M,-55.5%,0.04%
03753U106,APLS,APELLIS PHARMACEUTICALS INC,0,-935958,0,-37.65M,CLOSE,0%
351858105,FNV,FRANCO NEV CORP,2036918,-182000,424.58M,-37.94M,-8.2%,0.58%
142339100,CSL,CARLISLE COS INC,55220,-106240,20.03M,-38.54M,-65.8%,0.03%
23331A109,DHI,D R HORTON INC,41838,-237700,6.81M,-38.72M,-85%,<.01%
43300A203,HLT,HILTON WORLDWIDE HLDGS INC,0,-128550,0,-39.09M,CLOSE,0%
30034W106,EVRG,EVERGY INC,55502,-452400,4.8M,-39.1M,-89.1%,<.01%
632307104,NTRA,NATERA INC,0,-197500,0,-39.5M,CLOSE,0%
50012A108,KGS,KODIAK GAS SVCS INC,307122,-531500,23.07M,-39.93M,-63.4%,0.03%
369604301,GE,GE AEROSPACE,306797,-107281,114.66M,-40.09M,-25.9%,0.16%
531229755,FWONK,LIBERTY MEDIA CORP DEL,405479,-422000,38.58M,-40.15M,-51%,0.05%
743315103,PGR,PROGRESSIVE CORP,375200,-184582,81.96M,-40.32M,-33%,0.11%
464286772,EWY,ISHARES INC,30641,-200700,6.19M,-40.52M,-86.8%,<.01%
G3643J108,FLUT,FLUTTER ENTMT PLC,0,-397860,0,-40.56M,CLOSE,0%
23918K108,DVA,DAVITA INC,6400,-182800,1.42M,-40.67M,-96.6%,<.01%
620076307,MSI,MOTOROLA SOLUTIONS INC,306855,-98240,127.43M,-40.8M,-24.3%,0.18%
465562106,ITUB,ITAU UNIBANCO HLDG S A,0,-4894713,0,-41.02M,CLOSE,0%
256677105,DG,DOLLAR GEN CORP,346504,-357700,39.89M,-41.17M,-50.8%,0.05%
009066101,ABNB,AIRBNB INC,1542641,-288200,220.75M,-41.24M,-15.7%,0.3%
842587107,SO,SOUTHERN CO,0,-431600,0,-41.66M,CLOSE,0%
94419L101,W,WAYFAIR INC,4514426,-457999,417.22M,-42.33M,-9.2%,0.57%
91307C102,UTHR,UNITED THERAPEUTICS CORP DEL,1708739,-78280,925.85M,-42.41M,-4.4%,1.3%
574795100,MASI,MASIMO CORP,0,-239500,0,-42.6M,CLOSE,0%
115236101,BRO,BROWN & BROWN INC,904200,-669702,58M,-42.96M,-42.6%,0.08%
72919P202,PLUG,PLUG PWR INC,11779800,-15958700,31.92M,-43.25M,-57.5%,0.04%
81369Y407,XLY,SELECT SECTOR SPDR TR,155536,-374900,18.24M,-43.97M,-70.7%,0.03%
433000106,HIMS,HIMS & HERS HEALTH INC,0,-2118080,0,-43.97M,CLOSE,0%
127387108,CDNS,CADENCE DESIGN SYSTEM INC,0,-160520,0,-44.6M,CLOSE,0%
60770K107,MRNA,MODERNA INC,0,-881200,0,-44.76M,CLOSE,0%
G4253H101,JHX,JAMES HARDIE INDS PLC,2120758,-1718731,55.52M,-45M,-44.8%,0.08%
26603R106,DUOL,DUOLINGO INC,211526,-392280,24.33M,-45.12M,-65%,0.03%
M7S64H106,MNDY,MONDAY COM LTD,1556890,-625100,112.7M,-45.25M,-28.6%,0.16%
01625V104,ALHC,ALIGNMENT HEALTHCARE INC,998400,-1904700,23.77M,-45.35M,-65.6%,0.03%
422806109,HEI,HEICO CORP NEW,45124,-128360,16.07M,-45.72M,-74%,0.02%
98138H101,WDAY,WORKDAY INC,206300,-375600,25.26M,-45.98M,-64.5%,0.03%
04280A100,ARWR,ARROWHEAD PHARMACEUTICALS IN,468921,-567574,38.22M,-46.26M,-54.8%,0.05%
H2927K103,AMRZ,AMRIZE LTD,1085000,-871600,57.83M,-46.46M,-44.5%,0.08%
20464U100,COMP,COMPASS INC,401639,-3782603,4.95M,-46.64M,-90.4%,<.01%
92840M102,VST,VISTRA CORP,765275,-296660,121.4M,-47.06M,-27.9%,0.17%
58506Q109,MEDP,MEDPACE HLDGS INC,415588,-89080,220.09M,-47.18M,-17.7%,0.3%
03823U102,AAOI,APPLIED OPTOELECTRONICS INC,0,-565279,0,-47.82M,CLOSE,0%
113004105,BAM,BROOKFIELD ASSET MANAGMT LTD,0,-1103325,0,-49.04M,CLOSE,0%
136375102,CNI,CANADIAN NATL RY CO,46100,-414400,5.5M,-49.41M,-90%,<.01%
929160109,VMC,VULCAN MATLS CO,2285,-168320,674.1K,-49.66M,-98.7%,<.01%
002824100,ABT,ABBOTT LABORATORIES,686366,-552300,62.28M,-50.12M,-44.6%,0.09%
64110W102,NTES,NETEASE COM INC,971788,-391400,124.52M,-50.15M,-28.7%,0.17%
92532F100,VRTX,VERTEX PHARMACEUTICALS INC,320008,-101680,158.96M,-50.51M,-24.1%,0.22%
66987V109,NVS,NOVARTIS AG,788033,-323800,123.5M,-50.75M,-29.1%,0.17%
580135101,MCD,MCDONALDS CORP,351136,-191628,94.92M,-51.8M,-35.3%,0.13%
G3730V105,FTAI,FTAI AVIATION LTD,0,-212900,0,-52.16M,CLOSE,0%
55826T102,SPHR,SPHERE ENTERTAINMENT CO,255935,-304000,44.28M,-52.6M,-54.3%,0.06%
74767V109,QS,QUANTUMSCAPE CORP,1041300,-7010500,7.87M,-53M,-87.1%,0.01%
G2004J103,CCL,CARNIVAL CORP LTD,493000,-1860658,14.09M,-53.16M,-79.1%,0.02%
532457108,LLY,ELI LILLY & CO,26091,-45697,31.29M,-54.81M,-63.7%,0.04%
294821608,ERIC,TELEFONAKTIEBOLAGET LM ERICS,4077200,-5002200,45.46M,-55.77M,-55.1%,0.06%
7591EP100,RF,REGIONS FINANCIAL CORP NEW,0,-2144021,0,-56M,CLOSE,0%
76954A103,RIVN,RIVIAN AUTOMOTIVE INC,7599796,-3317300,131.86M,-57.56M,-30.4%,0.18%
228368106,CCK,CROWN HLDGS INC,31900,-516100,3.57M,-57.71M,-94.2%,<.01%
146869102,CVNA,CARVANA CO,5122450,-883640,337.16M,-58.16M,-14.7%,0.46%
G93A5A101,VIK,VIKING HOLDINGS LTD,201753,-557451,21.12M,-58.35M,-73.4%,0.03%
67079K100,SMR,NUSCALE PWR CORP,0,-5455800,0,-59.14M,CLOSE,0%
110122108,BMY,BRISTOL-MYERS SQUIBB CO,0,-977051,0,-59.26M,CLOSE,0%
40434L105,HPQ,HP INC,4700900,-2728853,103.14M,-59.87M,-36.7%,0.14%
760759100,RSG,REPUBLIC SVCS INC,22861,-282300,4.87M,-60.15M,-92.5%,<.01%
969904101,WSM,WILLIAMS SONOMA INC,419900,-260600,97.88M,-60.75M,-38.3%,0.13%
G50871105,JAZZ,JAZZ PHARMACEUTICALS PLC,562073,-257301,135.44M,-62M,-31.4%,0.19%
25754A201,DPZ,DOMINOS PIZZA INC,140166,-211054,41.49M,-62.48M,-60.1%,0.06%
571748102,MRSH,MARSH & MCLENNAN COS INC,0,-365500,0,-63.4M,CLOSE,0%
955306105,WST,WEST PHARMACEUTICAL SVSC INC,30900,-178760,11.09M,-64.17M,-85.3%,0.02%
87305R109,TTMI,TTM TECHNOLOGIES INC,27369,-343500,5.12M,-64.24M,-92.6%,<.01%
020002101,ALL,ALLSTATE CORP,0,-317700,0,-65.87M,CLOSE,0%
888787108,TOST,TOAST INC,1935128,-2386309,53.84M,-66.39M,-55.2%,0.07%
874054109,TTWO,TAKE-TWO INTERACTIVE SOFTWAR,43644,-268906,10.91M,-67.22M,-86%,0.02%
060505104,BAC,BANK AMERICA CORP,0,-1384787,0,-67.51M,CLOSE,0%
14365C103,CUK,CARNIVAL PLC,0,-2642070,0,-68.09M,CLOSE,0%
747525103,QCOM,QUALCOMM INC,0,-530324,0,-68.3M,CLOSE,0%
883556102,TMO,THERMO FISHER SCIENTIFIC INC,0,-138964,0,-68.3M,CLOSE,0%
72352L106,PINS,PINTEREST INC,2728531,-3260100,57.38M,-68.56M,-54.4%,0.08%
81141R100,SE,SEA LTD,799600,-726500,76.63M,-69.62M,-47.6%,0.11%
61174X109,MNST,MONSTER BEVERAGE CORP NEW,316800,-724600,30.45M,-69.65M,-69.6%,0.04%
12514G108,CDW,CDW CORP,19998,-503000,2.81M,-70.74M,-96.2%,<.01%
443201108,HWM,HOWMET AEROSPACE INC,165518,-263970,44.5M,-70.97M,-61.5%,0.06%
35834F104,TE,T1 ENERGY INC,4212906,-7645400,39.94M,-72.48M,-64.5%,0.05%
032095101,APH,AMPHENOL CORP,152000,-422100,26.8M,-74.42M,-73.5%,0.04%
452308109,ITW,ILLINOIS TOOL WKS INC,381160,-278680,103.09M,-75.37M,-42.2%,0.14%
172967424,C,CITIGROUP INC,0,-674674,0,-76.51M,CLOSE,0%
M9T951109,ZIM,ZIM INTEGRATED SHIPPING SERV,0,-2936288,0,-77.37M,CLOSE,0%
G8994E103,TT,TRANE TECHNOLOGIES PLC,39188,-159760,19.25M,-78.47M,-80.3%,0.03%
G25508105,CRH,CRH PLC,0,-752700,0,-79.12M,CLOSE,0%
859241101,STRL,STERLING INFRASTRUCTURE INC,672194,-94720,564.21M,-79.5M,-12.4%,0.78%
446150104,HBAN,HUNTINGTON BANCSHARES INC,614095,-4579200,10.89M,-81.19M,-88.2%,0.01%
278865100,ECL,ECOLAB INC,0,-313397,0,-83.37M,CLOSE,0%
438516106,HON,HONEYWELL INTL INC,0,-375300,0,-84.83M,CLOSE,0%
42824C109,HPE,HEWLETT PACKARD ENTERPRISE C,0,-3584342,0,-85.34M,CLOSE,0%
92343V104,VZ,VERIZON COMMUNICATIONS INC,0,-1712393,0,-85.96M,CLOSE,0%
464287465,EFA,ISHARES TR,33200,-827800,3.45M,-85.99M,-96.1%,<.01%
36118L106,FUTU,FUTU HLDGS LTD,0,-671026,0,-91.77M,CLOSE,0%
92343E102,VRSN,VERISIGN INC,2449771,-368380,616.26M,-92.67M,-13.1%,0.85%
704326107,PAYX,PAYCHEX INC,218501,-947700,21.49M,-93.19M,-81.3%,0.03%
06849F108,B,BARRICK MNG CORP,2907433,-2569045,106.79M,-94.36M,-46.9%,0.15%
863667101,SYK,STRYKER CORPORATION,91300,-300300,28.74M,-94.55M,-76.7%,0.04%
57636Q104,MA,MASTERCARD INCORPORATED,0,-194651,0,-97.26M,CLOSE,0%
06738E204,BCS,BARCLAYS PLC,204986,-3659000,5.51M,-98.28M,-94.7%,<.01%
25809K105,DASH,DOORDASH INC,889475,-536880,164.13M,-99.07M,-37.6%,0.23%
46625H100,JPM,JPMORGAN CHASE & CO,385678,-302672,126.25M,-99.07M,-44%,0.17%
244199105,DE,DEERE & CO,0,-181942,0,-102.49M,CLOSE,0%
192108504,CDE,COEUR MNG INC,513887,-6356926,8.39M,-103.75M,-92.5%,0.01%
02376R102,AAL,AMERICAN AIRLINES GROUP INC,0,-9687232,0,-104.04M,CLOSE,0%
617446448,MS,MORGAN STANLEY,0,-674111,0,-110.94M,CLOSE,0%
722304102,PDD,PDD HOLDINGS INC,0,-1112700,0,-113.7M,CLOSE,0%
871607107,SNPS,SYNOPSYS INC,39538,-264680,17.64M,-118.07M,-87%,0.02%
053015103,ADP,AUTOMATIC DATA PROCESSING IN,106960,-539860,23.95M,-120.9M,-83.5%,0.03%
911312106,UPS,UNITED PARCEL SVCS INC,0,-1234600,0,-121.46M,CLOSE,0%
81369Y704,XLI,SELECT SECTOR SPDR TR,10000,-664600,1.85M,-123.1M,-98.5%,<.01%
81762P102,NOW,SERVICENOW INC,0,-1206018,0,-126.09M,CLOSE,0%
194162103,CL,COLGATE PALMOLIVE CO,881933,-1391900,80.86M,-127.61M,-61.2%,0.11%
90353T100,UBER,UBER TECHNOLOGIES INC,0,-1796200,0,-129.2M,CLOSE,0%
00724F101,ADBE,ADOBE INC,254958,-670312,52.27M,-137.43M,-72.4%,0.07%
81369Y605,XLF,SELECT SECTOR SPDR TR,146510,-2569800,7.85M,-137.77M,-94.6%,0.01%
92189F676,SMH,VANECK ETF TRUST,0,-369487,0,-141.66M,CLOSE,0%
35671D857,FCX,FREEPORT MCMORAN INC,768510,-2285379,48.33M,-143.72M,-74.8%,0.07%
654902204,NOK,NOKIA CORP,2466380,-10828400,32.75M,-143.8M,-81.4%,0.05%
91912E105,VALE,VALE S A,4452159,-9601178,66.96M,-144.4M,-68.3%,0.09%
097023105,BA,BOEING CO,142784,-788680,30.91M,-170.73M,-84.7%,0.04%
03831W108,APP,APPLOVIN CORP,0,-436540,0,-173.74M,CLOSE,0%
025816109,AXP,AMERICAN EXPRESS CO,34580,-516300,11.7M,-174.64M,-93.7%,0.02%
G6683N103,NU,NU HLDGS LTD,2828056,-13441744,37.78M,-179.58M,-82.6%,0.05%
92826C839,V,VISA INC,123291,-553476,42.3M,-189.91M,-81.8%,0.06%
770700102,HOOD,ROBINHOOD MKTS INC,2196340,-2907797,220.25M,-291.59M,-57%,0.3%
92537N108,VRT,VERTIV HOLDINGS CO,30758,-937232,10.3M,-313.81M,-96.8%,0.01%
G54950103,LIN,LINDE PLC,5100,-624720,2.65M,-324.19M,-99.2%,<.01%
91324P102,UNH,UNITEDHEALTH GROUP INC,367014,-791414,152.54M,-328.94M,-68.3%,0.21%
958102105,WDC,WESTERN DIGITAL CORP,537473,-608660,343.29M,-388.76M,-53.1%,0.47%
037833100,AAPL,APPLE INC,1586526,-1489112,459.06M,-430.87M,-48.4%,0.63%
80004C200,SNDK,SANDISK CORP,4980,-794588,11.32M,-1.81B,-99.4%,0.02%
595112103,MU,MICRON TECHNOLOGY INC,211580,-1951406,244.22M,-2.25B,-90.2%,0.34%
Total,,,,,72.62B,-1.42B,-2.2%,100%
