CUSIP,Ticker,Company,Shares,Delta_Shares,Value,Delta_Value,Delta,Portfolio%
78463V107,GLD,SPDR GOLD TR,537107,537107,231.11M,231.11M,NEW,2.7%
594918104,MSFT,MICROSOFT CORP,416331,416331,154.11M,154.11M,NEW,1.8%
803054204,SAP,SAP SE,1147405,803214,196.45M,137.52M,+233.4%,2.3%
22788C105,CRWD,CROWDSTRIKE HLDGS INC,324282,324282,126.6M,126.6M,NEW,1.5%
458140100,INTC,INTEL CORP,2785065,2785065,122.9M,122.9M,NEW,1.5%
81369Y506,XLE,SELECT SECTOR SPDR TR,1951573,1774067,119.55M,108.68M,+999.4%,1.4%
958102105,WDC,WESTERN DIGITAL CORP,354942,354942,96.01M,96.01M,NEW,1.1%
172573107,CRCL,CIRCLE INTERNET GROUP INC,1562672,986173,149.09M,94.09M,+171.1%,1.8%
166764100,CVX,CHEVRON CORPORATION,473464,413231,97.96M,85.5M,+686.1%,1.2%
064149107,BNS,BANK NOVA SCOTIA B C,1231200,1231200,85.11M,85.11M,NEW,1%
68389X105,ORCL,ORACLE CORP,516640,516640,76M,76M,NEW,0.9%
023135106,AMZN,AMAZON COM INC,865058,353996,180.17M,73.73M,+69.3%,2.1%
78468R556,XOP,SPDR SERIES TRUST,386824,386824,70.34M,70.34M,NEW,0.84%
98149E303,GLDM,WORLD GOLD TR,671197,671197,62.21M,62.21M,NEW,0.74%
78464A870,XBI,SPDR SERIES TRUST,483532,483532,61.76M,61.76M,NEW,0.73%
11135F101,AVGO,BROADCOM INC,188866,188866,58.46M,58.46M,NEW,0.7%
13321L108,CCJ,CAMECO CORP,583476,491806,63.28M,53.34M,+536.5%,0.75%
46436F103,IAUM,ISHARES GOLD TR,991744,991744,46.31M,46.31M,NEW,0.55%
053015103,ADP,AUTOMATIC DATA PROCESSING IN,225771,225771,45.87M,45.87M,NEW,0.55%
88160R101,TSLA,TESLA INC,489046,121981,181.8M,45.35M,+33.2%,2.2%
101137107,BSX,BOSTON SCIENTIFIC CORP,670091,670091,42.05M,42.05M,NEW,0.5%
512807306,LRCX,LAM RESEARCH CORP,191901,191901,41M,41M,NEW,0.49%
G1151C101,ACN,ACCENTURE PLC IRELAND,364227,204253,72.22M,40.5M,+127.7%,0.86%
33734X846,CIBR,FIRST TR EXCHANGE-TRADED FD,613656,613656,38.46M,38.46M,NEW,0.46%
G7997R103,STX,SEAGATE TECHNOLOGY HLDNGS PL,97594,97594,38.23M,38.23M,NEW,0.45%
67077M108,NTR,NUTRIEN LTD,544100,502475,40.94M,37.81M,+1207.1%,0.49%
N3167Y103,RACE,FERRARI N V,216014,110321,71.93M,36.74M,+104.4%,0.86%
57636Q104,MA,MASTERCARD INCORPORATED,71529,71529,35.74M,35.74M,NEW,0.43%
00206R102,T,AT&T INC,1202818,1202818,34.87M,34.87M,NEW,0.41%
025816109,AXP,AMERICAN EXPRESS CO,114040,114040,34.49M,34.49M,NEW,0.41%
00971T101,AKAM,AKAMAI TECHNOLOGIES INC,312974,289878,35.95M,33.29M,+1255.1%,0.43%
N07059210,ASML,ASML HLDG NV,207868,24669,274.56M,32.58M,+13.5%,3.3%
743315103,PGR,PROGRESSIVE CORP,164014,162354,32.51M,32.19M,+9780.4%,0.39%
81369Y886,XLU,SELECT SECTOR SPDR TR,906135,693275,41.58M,31.81M,+325.7%,0.49%
617446448,MS,MORGAN STANLEY,368519,192735,60.65M,31.72M,+109.6%,0.72%
92343V104,VZ,VERIZON COMMUNICATIONS INC,794522,631540,39.89M,31.7M,+387.5%,0.47%
697900108,PAAS,PAN AMERN SILVER CORP,527928,527928,28.82M,28.82M,NEW,0.34%
464285204,IAU,ISHARES GOLD TR,324542,324542,28.61M,28.61M,NEW,0.34%
464287523,SOXX,ISHARES TR,97514,85945,32.05M,28.25M,+742.9%,0.38%
02043Q107,ALNY,ALNYLAM PHARMACEUTICALS INC,85241,85241,28.2M,28.2M,NEW,0.34%
053332102,AZO,AUTOZONE INC,8344,8344,28.18M,28.18M,NEW,0.34%
19260Q107,COIN,COINBASE GLOBAL INC,160575,160575,28.04M,28.04M,NEW,0.33%
701094104,PH,PARKER-HANNIFIN CORP,31198,31198,27.93M,27.93M,NEW,0.33%
91232N207,USO,UNITED STS OIL FD LP,239115,217386,30.43M,27.66M,+1000.4%,0.36%
00326A104,SGOL,ETFS GOLD TR,620280,612920,27.68M,27.35M,+8327.7%,0.33%
75513E101,RTX,RTX CORPORATION,154538,139160,29.81M,26.84M,+904.9%,0.35%
35473P769,FLIN,FRANKLIN TEMPLETON ETF TR,817850,796668,27.17M,26.47M,+3761.1%,0.32%
165167735,EXE,EXPAND ENERGY CORPORATION,238683,238683,26.2M,26.2M,NEW,0.31%
009158106,APD,AIR PRODUCTS AND CHEMICALS I,89545,89545,26.01M,26.01M,NEW,0.31%
38150K103,AAAU,GOLDMAN SACHS PHYSICAL GOLD,561793,561793,25.95M,25.95M,NEW,0.31%
172967424,C,CITIGROUP INC,216961,216961,24.61M,24.61M,NEW,0.29%
770700102,HOOD,ROBINHOOD MKTS INC,352490,352490,24.43M,24.43M,NEW,0.29%
780087102,RY,ROYAL BK CDA,170800,150486,27.52M,24.25M,+740.8%,0.33%
002824100,ABT,ABBOTT LABORATORIES,315208,233319,32.36M,23.95M,+284.9%,0.39%
85208P303,URNM,SPROTT FDS TR,379933,367078,23.99M,23.18M,+2855.5%,0.29%
674599105,OXY,OCCIDENTAL PETE CORP,350220,350220,22.76M,22.76M,NEW,0.27%
254687106,DIS,DISNEY WALT CO,219800,219800,21.18M,21.18M,NEW,0.25%
464287796,IYE,ISHARES TR,310964,310964,20.14M,20.14M,NEW,0.24%
18915M107,NET,CLOUDFLARE INC,94421,94421,19.48M,19.48M,NEW,0.23%
48251W104,KKR,KKR & CO INC,210470,210470,19.47M,19.47M,NEW,0.23%
438516106,HON,HONEYWELL INTL INC,84814,84814,19.17M,19.17M,NEW,0.23%
G0378L100,AU,ANGLOGOLD ASHANTI PLC,196011,196011,19.08M,19.08M,NEW,0.23%
055622104,BP,BP PLC,508766,392450,23.91M,18.45M,+337.4%,0.28%
037833100,AAPL,APPLE INC,73192,72062,18.58M,18.29M,+6377.2%,0.22%
65339F101,NEE,NEXTERA ENERGY INC,193406,193406,17.96M,17.96M,NEW,0.21%
38141G104,GS,GOLDMAN SACHS GROUP INC,21193,21193,17.93M,17.93M,NEW,0.21%
56501R106,MFC,MANULIFE FINL CORP,2373200,509900,81.49M,17.51M,+27.4%,0.97%
278768106,ECHO,ECHOSTAR CORP,209957,148665,24.58M,17.4M,+242.6%,0.29%
573874104,MRVL,MARVELL TECHNOLOGY INC,175543,175543,17.39M,17.39M,NEW,0.21%
H8817H100,RIG,TRANSOCEAN LTD,2592119,2592119,17.19M,17.19M,NEW,0.2%
46090F100,PDBC,INVESCO ACTVELY MNGD ETC FD,947179,947179,16.41M,16.41M,NEW,0.2%
031162100,AMGN,AMGEN INC,45568,45568,16.03M,16.03M,NEW,0.19%
25402D102,DOCN,DIGITALOCEAN HLDGS INC,185708,185708,15.93M,15.93M,NEW,0.19%
91324P102,UNH,UNITEDHEALTH GROUP INC,939683,57522,254.27M,15.56M,+6.5%,3%
37954Y384,BUG,GLOBAL X FDS,614119,614119,15.42M,15.42M,NEW,0.18%
86800U302,SMCI,SUPER MICRO COMPUTER INC,737550,653777,16.79M,14.89M,+780.4%,0.2%
09260D107,BX,BLACKSTONE INC,125409,125409,14.42M,14.42M,NEW,0.17%
013872106,AA,ALCOA CORP,229063,217367,15.19M,14.42M,+1858.5%,0.18%
872590104,TMUS,T-MOBILE US INC,72911,68064,15.31M,14.3M,+1404.3%,0.18%
34959E109,FTNT,FORTINET INC,170136,170136,13.9M,13.9M,NEW,0.17%
74347W601,UGL,PROSHARES TR II,215774,215774,13.26M,13.26M,NEW,0.16%
780259305,SHEL,SHELL PLC,199250,134515,18.53M,12.51M,+207.8%,0.22%
24703L202,DELL,DELL TECHNOLOGIES INC,77349,73001,12.7M,11.98M,+1679%,0.15%
113004105,BAM,BROOKFIELD ASSET MANAGMT LTD,566600,268600,25.11M,11.9M,+90.1%,0.3%
60937P106,MDB,MONGODB INC,47226,47226,11.56M,11.56M,NEW,0.14%
12572Q105,CME,CME GROUP INC,86920,38910,25.67M,11.49M,+81%,0.31%
14040H105,COF,CAPITAL ONE FINL CORP,71262,62122,13M,11.33M,+679.7%,0.15%
110448107,BTI,BRITISH AMERN TOB PLC,193103,193103,11.29M,11.29M,NEW,0.13%
559222401,MGA,MAGNA INTL INC,201800,201800,11.23M,11.23M,NEW,0.13%
842587107,SO,SOUTHERN CO,112780,112780,10.89M,10.89M,NEW,0.13%
718546104,PSX,PHILLIPS 66,68846,58520,12.54M,10.66M,+566.7%,0.15%
66987V109,NVS,NOVARTIS AG,114289,69220,17.46M,10.57M,+153.6%,0.21%
33733E807,FCG,FIRST TR EXCHANGE-TRADED FD,333227,333227,10.56M,10.56M,NEW,0.13%
962879102,WPM,WHEATON PRECIOUS METALS CORP,90820,79620,11.89M,10.42M,+710.9%,0.14%
806857108,SLB,SLB LIMITED,207399,201365,10.66M,10.35M,+3337.2%,0.13%
85472N109,STN,STANTEC INC,115543,115543,9.96M,9.96M,NEW,0.12%
46429B663,HDV,ISHARES TR,73235,73235,9.94M,9.94M,NEW,0.12%
95040Q104,WELL,WELLTOWER INC,49122,49122,9.71M,9.71M,NEW,0.12%
169656105,CMG,CHIPOTLE MEXICAN GRILL INC,295220,295220,9.45M,9.45M,NEW,0.11%
443573100,HUBS,HUBSPOT INC,56974,37550,13.91M,9.17M,+193.3%,0.17%
444859102,HUM,HUMANA INC,52410,52410,9.09M,9.09M,NEW,0.11%
012653101,ALB,ALBEMARLE CORP,59435,49218,10.67M,8.84M,+481.7%,0.13%
02156V109,OKLO,OKLO INC,177669,177669,8.81M,8.81M,NEW,0.1%
62914V106,NIO,NIO INC,1493802,1456191,9.01M,8.78M,+3871.7%,0.11%
880770102,TER,TERADYNE INC,29340,29340,8.7M,8.7M,NEW,0.1%
464288430,AIA,ISHARES TR,96202,80981,10.21M,8.6M,+532%,0.12%
406216101,HAL,HALLIBURTON CO,216348,216348,8.44M,8.44M,NEW,0.1%
811543107,SEB,SEABOARD CORP DEL,1481,1481,8.37M,8.37M,NEW,0.1%
98980G102,ZS,ZSCALER INC,58595,58595,8.22M,8.22M,NEW,0.1%
02209S103,MO,ALTRIA GROUP INC,123835,123835,8.17M,8.17M,NEW,0.1%
46429B598,INDA,ISHARES TR,322550,174272,15.11M,8.16M,+117.5%,0.18%
91167Q100,BNO,UNITED STS BRENT OIL FD LP,154086,154086,8.01M,8.01M,NEW,0.1%
G8726A106,TCGLF,TECHCREATE GROUP LTD,46268,46268,8M,8M,NEW,0.1%
03990B101,ARES,ARES MANAGEMENT CORPORATION,73198,73198,7.99M,7.99M,NEW,0.1%
375558103,GILD,GILEAD SCIENCES INC,56928,56928,7.93M,7.93M,NEW,0.09%
042068205,ARM,ARM HOLDINGS PLC,52297,52297,7.91M,7.91M,NEW,0.09%
316092402,FENY,FIDELITY COVINGTON TRUST,231107,231107,7.86M,7.86M,NEW,0.09%
387437205,GRTUF,GRANITE REAL ESTATE INVT TR,133200,133200,7.81M,7.81M,NEW,0.09%
23918K108,DVA,DAVITA INC,49641,49641,7.63M,7.63M,NEW,0.09%
891160509,TD,TORONTO DOMINION BK ONT,1288100,80251,119.92M,7.47M,+6.6%,1.4%
369604301,GE,GE AEROSPACE,175518,26286,49.81M,7.46M,+17.6%,0.59%
55024U109,LITE,LUMENTUM HLDGS INC,16561,10498,11.64M,7.38M,+173.1%,0.14%
56585A102,MPC,MARATHON PETE CORP,28944,28944,7.07M,7.07M,NEW,0.08%
46438F101,IBIT,ISHARES BITCOIN TRUST ETF,183508,183508,7.05M,7.05M,NEW,0.08%
74022D407,PDS,PRECISION DRILLING CORP,71291,71291,7M,7M,NEW,0.08%
26884L109,EQT,EQT CORP,107931,107931,6.87M,6.87M,NEW,0.08%
37954Y871,URA,GLOBAL X FDS,141786,141786,6.87M,6.87M,NEW,0.08%
302130109,EXPD,EXPEDITORS INTL WASH INC,47872,47872,6.86M,6.86M,NEW,0.08%
33738R811,FTXL,FIRST TR EXCHANGE TRADED FD,45924,45924,6.77M,6.77M,NEW,0.08%
25460G609,ERX,DIREXION SHARES ETF TRUST,65280,65280,6.72M,6.72M,NEW,0.08%
25460G500,GUSH,DIREXION SHARES ETF TRUST,151747,151747,6.71M,6.71M,NEW,0.08%
553368101,MP,MP MATERIALS CORP,138953,138953,6.71M,6.71M,NEW,0.08%
248356107,DNN,DENISON MINES CORP,2564363,1897077,9.05M,6.7M,+284.3%,0.11%
78409V104,SPGI,S&P GLOBAL INC,15625,15625,6.65M,6.65M,NEW,0.08%
464287515,IGV,ISHARES TR,82280,82280,6.59M,6.59M,NEW,0.08%
615369105,MCO,MOODYS CORP,15002,15002,6.54M,6.54M,NEW,0.08%
464287556,IBB,ISHARES TR,36872,36872,6.23M,6.23M,NEW,0.07%
05605H100,BWXT,BWX TECHNOLOGIES INC,30445,30445,6.23M,6.23M,NEW,0.07%
459200101,IBM,INTERNATIONAL BUSINESS MACHS,25155,25155,6.1M,6.1M,NEW,0.07%
01741R102,ATI,ATI INC,41620,41620,6.05M,6.05M,NEW,0.07%
48020Q107,JLL,JONES LANG LASALLE INC,19805,19805,6.03M,6.03M,NEW,0.07%
256163106,DOCU,DOCUSIGN INC,126039,126039,5.98M,5.98M,NEW,0.07%
12532H104,GIB,CGI INC,81500,81500,5.94M,5.94M,NEW,0.07%
G25508105,CRH,CRH PLC,56085,56085,5.9M,5.9M,NEW,0.07%
461202103,INTU,INTUIT,13482,13482,5.83M,5.83M,NEW,0.07%
92837L109,VIST,VISTA ENERGY S.A.B. DE C.V.,76247,76247,5.75M,5.75M,NEW,0.07%
65340P106,NXE,NEXGEN ENERGY LTD,606470,496570,7.02M,5.75M,+451.8%,0.08%
G66721104,NCLH,NORWEGIAN CRUISE LINE HLDGS,301361,301361,5.64M,5.64M,NEW,0.07%
651639106,NEM,NEWMONT CORP,162042,51308,17.54M,5.55M,+46.3%,0.21%
679295105,OKTA,OKTA INC,69437,69437,5.47M,5.47M,NEW,0.07%
85208M102,SFM,SPROUTS FMRS MKT INC,85500,70457,6.59M,5.43M,+468.4%,0.08%
26603R106,DUOL,DUOLINGO INC,65599,54976,6.47M,5.42M,+517.5%,0.08%
71654V408,PBR,PETROLEO BRASILEIRO S A,626876,254538,13.01M,5.28M,+68.4%,0.15%
98978V103,ZTS,ZOETIS INC,84526,44469,9.99M,5.26M,+111%,0.12%
33734X127,FXN,FIRST TR EXCHANGE-TRADED FD,223025,223025,5.01M,5.01M,NEW,0.06%
98422D105,XPEV,XPENG INC,292090,292090,5M,5M,NEW,0.06%
008073108,AVAV,AEROVIRONMENT INC,26579,26579,4.87M,4.87M,NEW,0.06%
46140H403,DBO,INVESCO DB MULTI-SECTOR COMM,262633,245702,5.17M,4.83M,+1451.2%,0.06%
149123101,CAT,CATERPILLAR INC,6616,6616,4.69M,4.69M,NEW,0.06%
74347Y888,UCO,PROSHARES TR II,135512,118248,5.33M,4.65M,+684.9%,0.06%
808513105,SCHW,SCHWAB CHARLES CORP,49323,49323,4.64M,4.64M,NEW,0.06%
11271J107,BN,BROOKFIELD CORP,146350,114600,5.91M,4.63M,+360.9%,0.07%
949746101,WFC,WELLS FARGO & CO,61590,57317,4.9M,4.56M,+1341.4%,0.06%
866796105,SLF,SUN LIFE FINANCIAL INC.,188200,73000,11.75M,4.56M,+63.4%,0.14%
921078101,OUNZ,VANECK MERK GOLD ETF,99805,99805,4.5M,4.5M,NEW,0.05%
026874784,AIG,AMERICAN INTL GROUP INC,59347,59347,4.47M,4.47M,NEW,0.05%
02072Q820,ORR,EA SERIES TRUST,162481,122091,5.92M,4.45M,+302.3%,0.07%
83417M104,SEDG,SOLAREDGE TECHNOLOGIES INC,87161,87161,4.45M,4.45M,NEW,0.05%
78464A631,XAR,SPDR SERIES TRUST,26991,17467,6.86M,4.44M,+183.4%,0.08%
502431109,LHX,L3HARRIS TECHNOLOGIES INC,12488,12488,4.31M,4.31M,NEW,0.05%
09581B103,OWL,BLUE OWL CAPITAL INC,465536,465536,4.25M,4.25M,NEW,0.05%
85208P808,URNJ,SPROTT FDS TR,158088,144848,4.63M,4.24M,+1094%,0.06%
25459W102,TECL,DIREXION SHARES ETF TRUST,64210,48528,5.56M,4.2M,+309.5%,0.07%
452308109,ITW,ILLINOIS TOOL WKS INC,15820,15820,4.12M,4.12M,NEW,0.05%
500688106,KOS,KOSMOS ENERGY LTD,1474133,1474133,4.1M,4.1M,NEW,0.05%
04247X102,AWI,ARMSTRONG WORLD INDS INC NEW,24499,24499,4.04M,4.04M,NEW,0.05%
128030202,CALM,CAL MAINE FOODS INC,49800,49800,3.94M,3.94M,NEW,0.05%
969457100,WMB,WILLIAMS COS INC,54142,54142,3.94M,3.94M,NEW,0.05%
30161Q104,EXEL,EXELIXIS INC,90140,90140,3.87M,3.87M,NEW,0.05%
37954Y475,XYLD,GLOBAL X FDS,98641,98641,3.86M,3.86M,NEW,0.05%
91913Y100,VLO,VALERO ENERGY CORP,15526,15526,3.84M,3.84M,NEW,0.05%
97717W521,OPPJ,WISDOMTREE TR,70377,70377,3.83M,3.83M,NEW,0.05%
281020107,EIX,EDISON INTL,50847,50847,3.72M,3.72M,NEW,0.04%
11276H106,BIPC,BROOKFIELD INFRASTRUCTURE CO,93900,93900,3.7M,3.7M,NEW,0.04%
40415F101,HDB,HDFC BANK LTD,272770,147944,6.79M,3.68M,+118.5%,0.08%
464289529,INDY,ISHARES TR,101591,86463,4.29M,3.65M,+571.5%,0.05%
526057104,LEN,LENNAR CORP,41220,41220,3.58M,3.58M,NEW,0.04%
254067101,DDS,DILLARDS INC,6204,6204,3.55M,3.55M,NEW,0.04%
25746U109,D,DOMINION ENERGY INC,57359,57359,3.55M,3.55M,NEW,0.04%
015857105,AQN,ALGONQUIN POWER & UTILITIES,802428,578728,4.9M,3.54M,+258.7%,0.06%
04280A100,ARWR,ARROWHEAD PHARMACEUTICALS IN,55546,55546,3.48M,3.48M,NEW,0.04%
497266106,KEX,KIRBY CORP,25968,25968,3.45M,3.45M,NEW,0.04%
87162W100,SNX,TD SYNNEX CORPORATION,20249,20249,3.42M,3.42M,NEW,0.04%
33739H101,FTGC,FIRST TR EXCHANGE TRAD FD VI,118384,118384,3.4M,3.4M,NEW,0.04%
74758T303,QLYS,QUALYS INC,38352,38352,3.37M,3.37M,NEW,0.04%
402635502,GPOR,GULFPORT ENERGY CORP,15861,15861,3.36M,3.36M,NEW,0.04%
292671708,UUUU,ENERGY FUELS INC,294527,179759,5.38M,3.28M,+156.6%,0.06%
969904101,WSM,WILLIAMS SONOMA INC,17576,17576,3.2M,3.2M,NEW,0.04%
46429B689,EFAV,ISHARES TR,42120,34934,3.85M,3.19M,+486.1%,0.05%
38748G101,BAR,GRANITESHARES GOLD TR,68716,68716,3.17M,3.17M,NEW,0.04%
46431W853,COMT,ISHARES U S ETF TR,93692,93692,3.17M,3.17M,NEW,0.04%
570535104,MKL,MARKEL GROUP INC,1651,1651,3.16M,3.16M,NEW,0.04%
237266101,DAR,DARLING INGREDIENTS INC,51064,51064,3.16M,3.16M,NEW,0.04%
G39387108,GFS,GLOBALFOUNDRIES INC,69448,69448,3.09M,3.09M,NEW,0.04%
233912104,DJCO,DAILY JOURNAL CORP,6343,6343,3.06M,3.06M,NEW,0.04%
369550108,GD,GENERAL DYNAMICS CORP,23409,8828,8.03M,3.03M,+60.5%,0.1%
88339J105,TTD,THE TRADE DESK INC,142680,132838,3.24M,3.01M,+1349.7%,0.04%
78454L100,SM,SM ENERGY COMPANY,112997,95211,3.52M,2.97M,+535.3%,0.04%
615394202,MOGA,MOOG INC,9964,9964,2.92M,2.92M,NEW,0.03%
290876101,EMA,EMERA INC,56124,56124,2.9M,2.9M,NEW,0.03%
46428R107,GSG,ISHARES S&P GSCI COMMODITY-,89318,89318,2.88M,2.88M,NEW,0.03%
25434V666,DFLV,DIMENSIONAL ETF TRUST,80371,80371,2.87M,2.87M,NEW,0.03%
808625107,SAIC,SCIENCE APPLICATIONS INTL CO,30179,30179,2.86M,2.86M,NEW,0.03%
03674X106,AR,ANTERO RESOURCES CORP,66810,66810,2.84M,2.84M,NEW,0.03%
686688102,ORA,ORMAT TECHNOLOGIES INC,25258,25258,2.83M,2.83M,NEW,0.03%
G87110105,FTI,TECHNIPFMC PLC,40871,40871,2.83M,2.83M,NEW,0.03%
302941109,FCN,FTI CONSULTING INC,15932,15932,2.82M,2.82M,NEW,0.03%
07317Q105,BTE,BAYTEX ENERGY CORP,685440,629037,3.06M,2.8M,+1115.3%,0.04%
260557103,DOW,DOW HLDGS INC,124997,66327,5.21M,2.76M,+113.1%,0.06%
65473P105,NI,NISOURCE INC,58651,58651,2.74M,2.74M,NEW,0.03%
149568107,CVCO,CAVCO INDS INC DEL,5648,5648,2.74M,2.74M,NEW,0.03%
356390104,FRHC,FREEDOM HOLDING CORP,18834,18834,2.73M,2.73M,NEW,0.03%
23804L103,DDOG,DATADOG INC,23091,23091,2.73M,2.73M,NEW,0.03%
464286772,EWY,ISHARES INC,28324,21778,3.48M,2.68M,+332.7%,0.04%
82575P107,SBSW,SIBANYE STILLWATER LTD,292528,217256,3.6M,2.68M,+288.6%,0.04%
099502106,BAH,BOOZ ALLEN HAMILTON HLDG COR,33954,33954,2.65M,2.65M,NEW,0.03%
817070501,SENEA,SENECA FOODS CORP NEW,17485,17485,2.64M,2.64M,NEW,0.03%
45780R101,IBP,INSTALLED BLDG PRODS INC,9798,9798,2.6M,2.6M,NEW,0.03%
47233W109,JEF,JEFFERIES FINANCIAL GROUP IN,62418,62418,2.58M,2.58M,NEW,0.03%
69318G106,PBF,PBF ENERGY INC,54094,54094,2.58M,2.58M,NEW,0.03%
446413106,HII,HUNTINGTON INGALLS INDS INC,6738,6738,2.56M,2.56M,NEW,0.03%
G9456A100,GLNG,GOLAR LNG LTD,46514,46514,2.52M,2.52M,NEW,0.03%
45857P806,IHG,INTERCONTINENTAL HOTELS GROU,18782,18782,2.51M,2.51M,NEW,0.03%
46269C102,IRDM,IRIDIUM COMMUNICATIONS INC,89685,89685,2.49M,2.49M,NEW,0.03%
72352L106,PINS,PINTEREST INC,135078,135078,2.48M,2.48M,NEW,0.03%
717081103,PFE,PFIZER INC,2791888,88052,78.4M,2.47M,+3.3%,0.93%
031652100,AMKR,AMKOR TECHNOLOGY INC,54737,54737,2.46M,2.46M,NEW,0.03%
513272104,LW,LAMB WESTON HLDGS INC,58120,58120,2.46M,2.46M,NEW,0.03%
942749102,WTS,WATTS WATER TECHNOLOGIES INC,8324,8324,2.42M,2.42M,NEW,0.03%
15643U104,LEU,CENTRUS ENERGY CORP,29501,13803,5.12M,2.4M,+87.9%,0.06%
71424F105,PR,PERMIAN RESOURCES CORP,109188,109188,2.33M,2.33M,NEW,0.03%
25434V724,DFUV,DIMENSIONAL ETF TRUST,47631,47631,2.31M,2.31M,NEW,0.03%
464288794,IAI,ISHARES TR,14033,14033,2.3M,2.3M,NEW,0.03%
37637K108,GTLB,GITLAB INC,104921,104921,2.27M,2.27M,NEW,0.03%
920253101,VMI,VALMONT INDS INC,11637,5653,4.65M,2.26M,+94.5%,0.06%
83443Q103,SOLS,SOLSTICE ADVANCED MATLS INC,35912,29319,2.74M,2.23M,+444.7%,0.03%
59151K108,MEOH,METHANEX CORP,37462,37462,2.23M,2.23M,NEW,0.03%
14021L109,CGDG,CAPITAL GROUP DIVIDEND GROWE,61948,61948,2.22M,2.22M,NEW,0.03%
464288851,IEO,ISHARES TR,17777,17777,2.22M,2.22M,NEW,0.03%
023608102,AEE,AMEREN CORP,20025,20025,2.2M,2.2M,NEW,0.03%
22266T109,CPNG,COUPANG INC,116220,116220,2.19M,2.19M,NEW,0.03%
378973507,GSAT,GLOBALSTAR INC,32796,32796,2.18M,2.18M,NEW,0.03%
011311107,ALG,ALAMO GROUP INC,13172,13172,2.17M,2.17M,NEW,0.03%
38526M106,LOPE,GRAND CANYON ED INC,12628,12628,2.15M,2.15M,NEW,0.03%
902494103,TSN,TYSON FOODS INC,33313,33313,2.13M,2.13M,NEW,0.03%
53115L104,LBRT,LIBERTY ENERGY INC,73426,73426,2.11M,2.11M,NEW,0.03%
31428X106,FDX,FEDEX CORP,56683,5883,20.19M,2.1M,+11.6%,0.24%
91702V101,UROY,URANIUM RTY CORP,584552,570277,2.14M,2.08M,+3994.9%,0.03%
78468R549,XES,SPDR SERIES TRUST,17705,17705,2.06M,2.06M,NEW,0.02%
697660207,PAM,PAMPA ENERGIA SA,23166,23166,2.05M,2.05M,NEW,0.02%
43087N204,HSLV,HIGHLANDER SILVER CORP,347500,347500,2.02M,2.02M,NEW,0.02%
47215P106,JD,JD.COM INC,67910,67910,2.01M,2.01M,NEW,0.02%
736508847,POR,PORTLAND GEN ELEC CO,41854,36814,2.21M,1.94M,+730.4%,0.03%
163851108,CC,CHEMOURS CO,102756,87896,2.26M,1.94M,+591.5%,0.03%
156431108,CENX,CENTURY ALUM CO,54645,32564,3.21M,1.91M,+147.5%,0.04%
46138B103,DBC,INVESCO DB COMMDY INDX TRCK,65863,65863,1.91M,1.91M,NEW,0.02%
533900106,LECO,LINCOLN ELEC HLDGS INC,7620,7620,1.9M,1.9M,NEW,0.02%
G7496G103,RNR,RENAISSANCERE HLDGS LTD,7797,6334,2.32M,1.88M,+432.9%,0.03%
651587107,NEU,NEWMARKET CORP,2934,2934,1.88M,1.88M,NEW,0.02%
G9618E107,WTM,WHITE MTNS INS GROUP LTD,1213,853,2.66M,1.87M,+236.9%,0.03%
754907103,RYN,RAYONIER INC,90869,90869,1.87M,1.87M,NEW,0.02%
46591M109,JOYY,JOYY INC,32035,32035,1.87M,1.87M,NEW,0.02%
05603J108,BKV,BKV CORP,65432,65432,1.87M,1.87M,NEW,0.02%
H2927K103,AMRZ,AMRIZE LTD,56322,33250,3.16M,1.86M,+144.1%,0.04%
76665T102,REPX,RILEY EXPLORATION PERMIAN IN,51017,51017,1.86M,1.86M,NEW,0.02%
29364G103,ETR,ENTERGY CORP NEW,16421,16421,1.85M,1.85M,NEW,0.02%
000899104,ADMA,ADMA BIOLOGICS INC,204475,204475,1.84M,1.84M,NEW,0.02%
69888T207,PARR,PAR PAC HOLDINGS INC,29172,29172,1.83M,1.83M,NEW,0.02%
25609L105,DCBO,DOCEBO INC,104300,104300,1.82M,1.82M,NEW,0.02%
002896207,ANF,ABERCROMBIE & FITCH CO,49073,19887,4.48M,1.82M,+68.1%,0.05%
46428Q109,SLV,ISHARES SILVER TR,26459,26459,1.8M,1.8M,NEW,0.02%
64125C109,NBIX,NEUROCRINE BIOSCIENCES INC,13683,13683,1.8M,1.8M,NEW,0.02%
88034P109,TME,TENCENT MUSIC ENTMT GROUP,193274,193274,1.79M,1.79M,NEW,0.02%
525327102,LDOS,LEIDOS HOLDINGS INC,11515,11515,1.79M,1.79M,NEW,0.02%
92552V100,VSAT,VIASAT INC,38896,38896,1.78M,1.78M,NEW,0.02%
636180101,NFG,NATIONAL FUEL GAS CO,18908,18908,1.78M,1.78M,NEW,0.02%
832248207,SFD,SMITHFIELD FOODS INC,63417,63417,1.77M,1.77M,NEW,0.02%
55305B101,MHO,M/I HOMES INC,19408,14320,2.38M,1.75M,+281.4%,0.03%
384637104,GHC,GRAHAM HLDGS CO,1641,1641,1.73M,1.73M,NEW,0.02%
00508Y102,AYI,ACUITY INC,9079,6095,2.54M,1.71M,+204.3%,0.03%
981419104,WRLD,WORLD ACCEP CORPORATION,12645,12645,1.71M,1.71M,NEW,0.02%
535555106,LNN,LINDSAY CORP,14295,14295,1.7M,1.7M,NEW,0.02%
759509102,RS,RELIANCE INC,5574,5574,1.69M,1.69M,NEW,0.02%
857477103,STT,STATE STR CORP,13381,13381,1.69M,1.69M,NEW,0.02%
783513203,RYAAY,RYANAIR HOLDINGS PLC,28936,28936,1.67M,1.67M,NEW,0.02%
53681J103,LAC,LITHIUM AMERS CORP NEW,948099,417817,3.75M,1.65M,+78.8%,0.04%
44952J104,CRGY,CRESCENT ENERGY COMPANY,122433,122433,1.65M,1.65M,NEW,0.02%
209115104,ED,CONSOLIDATED EDISON INC,44526,14572,5.04M,1.65M,+48.6%,0.06%
87507T101,TBN,TAMBORAN RES CORP,32875,32875,1.64M,1.64M,NEW,0.02%
76155X100,RVMD,REVOLUTION MEDICINES INC,16667,16667,1.62M,1.62M,NEW,0.02%
049560105,ATO,ATMOS ENERGY CORP,8738,8738,1.61M,1.61M,NEW,0.02%
04956D107,ATMU,ATMUS FILTRATION TECHNOLOGIE,28426,28426,1.61M,1.61M,NEW,0.02%
315948109,FBTC,FIDELITY WISE ORIGIN BITCOIN,27313,27313,1.61M,1.61M,NEW,0.02%
53656G498,MAGS,LISTED FDS TR,27825,27825,1.61M,1.61M,NEW,0.02%
574599106,MAS,MASCO CORP,26558,26558,1.6M,1.6M,NEW,0.02%
457152106,INGM,INGRAM MICRO HLDG CORP,68311,68311,1.59M,1.59M,NEW,0.02%
724078209,PIPR,PIPER SANDLER COMPANIES,20629,20629,1.58M,1.58M,NEW,0.02%
349553107,FTS,FORTIS INC,343100,28299,19.08M,1.57M,+9%,0.23%
14174T107,CTRE,CARETRUST REIT INC,42874,42874,1.57M,1.57M,NEW,0.02%
635906100,NHC,NATIONAL HEALTHCARE CORP,9765,9765,1.56M,1.56M,NEW,0.02%
125896100,CMS,CMS ENERGY CORP,19850,19850,1.54M,1.54M,NEW,0.02%
29414B104,EPAM,EPAM SYS INC,11362,11362,1.54M,1.54M,NEW,0.02%
01973R101,ALSN,ALLISON TRANSMISSION HLDGS I,15987,13103,1.87M,1.53M,+454.3%,0.02%
025537101,AEP,AMERICAN ELEC PWR CO INC,11624,11624,1.52M,1.52M,NEW,0.02%
M4056D110,ENLT,ENLIGHT RENEWABLE ENERGY LTD,30037,22237,2.05M,1.52M,+285.1%,0.02%
50012A108,KGS,KODIAK GAS SVCS INC,25775,25775,1.5M,1.5M,NEW,0.02%
025932104,AFG,AMERICAN FINANCIAL GROUP INC,11753,11753,1.5M,1.5M,NEW,0.02%
69351T106,PPL,PPL CORP,39220,39220,1.5M,1.5M,NEW,0.02%
44925C103,ICFI,ICF INTL INC,22923,22923,1.5M,1.5M,NEW,0.02%
442487401,HOV,HOVNANIAN ENTERPRISES INC,25008,13309,2.77M,1.48M,+113.8%,0.03%
342909108,FLOC,FLOWCO HLDGS INC,71050,71050,1.46M,1.46M,NEW,0.02%
410867105,THG,HANOVER INS GROUP INC,10135,8410,1.76M,1.46M,+487.5%,0.02%
31620M106,FIS,FIDELITY NATL INFORMATION SV,35595,31068,1.67M,1.46M,+686.3%,0.02%
68634K106,ORLA,ORLA MNG LTD NEW,250064,89964,4.01M,1.44M,+56.2%,0.05%
46435U556,ARTY,ISHARES TR,48421,30984,2.25M,1.44M,+177.7%,0.03%
83175M205,SNN,SMITH & NEPHEW PLC,44730,44730,1.42M,1.42M,NEW,0.02%
04621X108,AIZ,ASSURANT INC,14021,6524,3.05M,1.42M,+87%,0.04%
302081104,EXLS,EXLSERVICE HLDGS INC,46429,46429,1.41M,1.41M,NEW,0.02%
140475203,SNDA,SONIDA SENIOR LIVING INC,43669,43669,1.41M,1.41M,NEW,0.02%
70614W100,PTON,PELOTON INTERACTIVE INC,327122,327122,1.4M,1.4M,NEW,0.02%
192446102,CTSH,COGNIZANT TECHNOLOGY SOLUTIO,22624,22624,1.39M,1.39M,NEW,0.02%
014752109,ALX,ALEXANDERS INC,11061,5854,2.61M,1.38M,+112.4%,0.03%
90278Q108,UFPI,UFP INDUSTRIES INC,14976,14976,1.38M,1.38M,NEW,0.02%
218352102,CORT,CORCEPT THERAPEUTICS INC,34192,34192,1.38M,1.38M,NEW,0.02%
45167R104,IEX,IDEX CORP,7268,7268,1.38M,1.38M,NEW,0.02%
852234103,XYZ,BLOCK INC,73026,22886,4.39M,1.38M,+45.6%,0.05%
983793100,XPO,XPO INC,7019,7019,1.37M,1.37M,NEW,0.02%
57686G105,MATX,MATSON INC,12368,8323,2.03M,1.36M,+205.8%,0.02%
02553E106,AEO,AMERICAN EAGLE OUTFITTERS IN,81687,81687,1.36M,1.36M,NEW,0.02%
816851109,SRE,SEMPRA,13990,13990,1.36M,1.36M,NEW,0.02%
69331C108,PCG,PG&E CORP,77027,77027,1.35M,1.35M,NEW,0.02%
10950A106,BTSG,BRIGHTSPRING HEALTH SVCS INC,31291,31291,1.33M,1.33M,NEW,0.02%
00165C302,AMC,AMC ENTMT HLDGS INC,2500327,1353312,2.45M,1.33M,+118%,0.03%
92204A306,VDE,VANGUARD WORLD FD,7664,7664,1.33M,1.33M,NEW,0.02%
030111207,AMSC,AMERICAN SUPERCONDUCTOR CORP,39140,39140,1.32M,1.32M,NEW,0.02%
88579Y101,MMM,3M CO,9034,9034,1.31M,1.31M,NEW,0.02%
91688R108,URG,UR-ENERGY INC,879701,879701,1.31M,1.31M,NEW,0.02%
464286806,EWG,ISHARES INC,120298,32907,4.77M,1.31M,+37.7%,0.06%
21874C102,CNM,CORE & MAIN INC,26365,26365,1.3M,1.3M,NEW,0.02%
801056102,SANM,SANMINA CORP,9996,9996,1.3M,1.3M,NEW,0.02%
30161N101,EXC,EXELON CORP,26333,26333,1.29M,1.29M,NEW,0.02%
66979W842,NMG,NOUVEAU MONDE GRAPHITE INC,574152,574152,1.29M,1.29M,NEW,0.02%
624756102,MLI,MUELLER INDS INC,11516,11516,1.28M,1.28M,NEW,0.02%
783549108,R,RYDER SYS INC,6224,6224,1.27M,1.27M,NEW,0.02%
70438V106,PCTY,PAYLOCITY HLDG CORP,11752,11752,1.27M,1.27M,NEW,0.02%
92345Y106,VRSK,VERISK ANALYTICS INC,6658,6658,1.26M,1.26M,NEW,0.02%
136635109,CSIQ,CANADIAN SOLAR INC,126468,90148,1.75M,1.25M,+248.2%,0.02%
889478103,TOL,TOLL BROTHERS INC,34202,8962,4.67M,1.22M,+35.5%,0.06%
92939U106,WEC,WEC ENERGY GROUP INC,10464,10464,1.21M,1.21M,NEW,0.01%
12662P108,CVI,CVR ENERGY INC,35988,35988,1.21M,1.21M,NEW,0.01%
59001A102,MTH,MERITAGE HOMES CORP,23255,19455,1.44M,1.2M,+512%,0.02%
G4660A103,HSHP,HIMALAYA SHIPPING LTD,120455,89006,1.6M,1.18M,+283%,0.02%
20337X109,VISN,VISTANCE NETWORKS INC,64962,64962,1.18M,1.18M,NEW,0.01%
33738D101,EMLP,FIRST TR EXCHANGE-TRADED FD,32838,26998,1.43M,1.18M,+462.3%,0.02%
464288372,IGF,ISHARES TR,17498,17498,1.17M,1.17M,NEW,0.01%
589400100,MCY,MERCURY GENL CORP NEW,13234,13234,1.17M,1.17M,NEW,0.01%
759530108,RELX,RELX PLC,98490,34909,3.26M,1.16M,+54.9%,0.04%
Y7542C130,STNG,SCORPIO TANKERS INC,20192,15416,1.51M,1.15M,+322.8%,0.02%
981811102,WOR,WORTHINGTON ENTERPRISES INC,22052,22052,1.15M,1.15M,NEW,0.01%
16359R103,CHE,CHEMED CORP NEW,6566,3036,2.48M,1.15M,+86%,0.03%
08986R309,BH,BIGLARI HLDGS INC,5054,3461,1.67M,1.14M,+217.3%,0.02%
36162J106,GEO,GEO GROUP INC,67562,67562,1.14M,1.14M,NEW,0.01%
74347M108,PUMP,PROPETRO HLDG CORP,78759,78759,1.13M,1.13M,NEW,0.01%
364760108,GAP,GAP INC,67863,46886,1.64M,1.13M,+223.5%,0.02%
05329W102,AN,AUTONATION INC,16822,5804,3.28M,1.13M,+52.7%,0.04%
464287713,IYZ,ISHARES TR,28782,28782,1.13M,1.13M,NEW,0.01%
67059N108,NTNX,NUTANIX INC,29355,29355,1.12M,1.12M,NEW,0.01%
805700101,DML1.MU,ELEVRA LITHIUM LTD,29112,18909,1.71M,1.11M,+185.3%,0.02%
703481101,PTEN,PATTERSON-UTI ENERGY INC,102211,102211,1.11M,1.11M,NEW,0.01%
45841N107,IBKR,INTERACTIVE BROKERS GROUP IN,16488,16488,1.11M,1.11M,NEW,0.01%
043436104,ABG,ASBURY AUTOMOTIVE GROUP INC,5646,5646,1.1M,1.1M,NEW,0.01%
88025T102,TENB,TENABLE HLDGS INC,64897,64897,1.1M,1.1M,NEW,0.01%
457187102,INGR,INGREDION INC,9742,9742,1.1M,1.1M,NEW,0.01%
233377407,DXPE,DXP ENTERPRISES INC,7730,7730,1.08M,1.08M,NEW,0.01%
05338F306,AVTX,AVALO THERAPEUTICS INC,125195,72151,1.87M,1.08M,+136%,0.02%
03820C105,AIT,APPLIED INDL TECHNOLOGIES IN,6676,4058,1.77M,1.08M,+155%,0.02%
715684106,TLK,TELEKOMUNIKASI IND,56870,56870,1.06M,1.06M,NEW,0.01%
891092108,TTC,TORO CO,16313,11358,1.52M,1.06M,+229.2%,0.02%
384109104,GGG,GRACO INC,12528,12528,1.06M,1.06M,NEW,0.01%
922042676,VNQI,VANGUARD INTL EQUITY INDEX F,23836,23836,1.06M,1.06M,NEW,0.01%
913903100,UHS,UNIVERSAL HLTH SVCS INC,13390,5893,2.4M,1.05M,+78.6%,0.03%
29355X107,NPO,ENPRO INC,4195,4195,1.05M,1.05M,NEW,0.01%
001055102,AFL,AFLAC INC,9487,9487,1.04M,1.04M,NEW,0.01%
698884103,PAR,PAR TECHNOLOGY CORP,77939,77939,1.04M,1.04M,NEW,0.01%
46500E867,ISOU,ISOENERGY LTD,97300,97300,1.03M,1.03M,NEW,0.01%
680223104,ORI,OLD REP INTL CORP,25718,25718,1.03M,1.03M,NEW,0.01%
697947109,PVLA,PALVELLA THERAPEUTICS INC NE,8232,8232,1.03M,1.03M,NEW,0.01%
912008109,USFD,US FOODS HLDG CORP,11092,11092,1.02M,1.02M,NEW,0.01%
258278100,DORM,DORMAN PRODS INC,9689,9689,1.01M,1.01M,NEW,0.01%
922042858,VWO,VANGUARD INTL EQUITY INDEX F,18669,18669,1.01M,1.01M,NEW,0.01%
60871R209,TAP,MOLSON COORS BEVERAGE CO,23256,23256,1M,1M,NEW,0.01%
057665200,BCPC,BALCHEM CORP,5904,5904,1M,1M,NEW,0.01%
948849104,WMK,WEIS MKTS INC,14548,14548,994.94K,994.94K,NEW,0.01%
084423102,WRB,BERKLEY W R CORP,15003,15003,994.4K,994.4K,NEW,0.01%
90385V107,UCTT,ULTRA CLEAN HLDGS INC,15925,15925,990.22K,990.22K,NEW,0.01%
693718108,PCAR,PACCAR INC,8553,8553,987.87K,987.87K,NEW,0.01%
00214Q401,ARKW,ARK ETF TR,8130,8130,980.56K,980.56K,NEW,0.01%
66979P300,XMAX,XMAX INC,134329,134329,972.54K,972.54K,NEW,0.01%
N14506104,ESTC,ELASTIC N V,19445,19445,972.06K,972.06K,NEW,0.01%
883203101,TXT,TEXTRON INC,21594,11099,1.89M,971.83K,+105.8%,0.02%
393222104,GPRE,GREEN PLAINS INC,59048,59048,971.34K,971.34K,NEW,0.01%
52661A108,DRS,LEONARDO DRS INC,21803,21803,970.67K,970.67K,NEW,0.01%
204166102,CVLT,COMMVAULT SYS INC,12387,12387,964.82K,964.82K,NEW,0.01%
790148100,JOE,ST JOE CO,15358,15358,964.48K,964.48K,NEW,0.01%
466032109,JJSF,J & J SNACK FOODS CORP,15178,12163,1.2M,964.16K,+403.4%,0.01%
866674104,SUI,SUN CMNTYS INC,7605,7605,957.93K,957.93K,NEW,0.01%
457030104,IMKTA,INGLES MKTS INC,10605,10605,953.28K,953.28K,NEW,0.01%
L00849106,AGRO,ADECOAGRO S A,78951,63409,1.19M,952.4K,+408%,0.01%
000361105,AIR,AAR CORP,8667,8667,948.69K,948.69K,NEW,0.01%
78463X509,SPEM,SPDR INDEX SHS FDS,20200,20200,947.58K,947.58K,NEW,0.01%
50155Q100,KD,KYNDRYL HLDGS INC,71898,71898,943.3K,943.3K,NEW,0.01%
92847W103,VITL,VITAL FARMS INC,66793,66793,943.12K,943.12K,NEW,0.01%
89422G107,TVTX,TRAVERE THERAPEUTICS INC,31729,31729,942.67K,942.67K,NEW,0.01%
78410G104,SBAC,SBA COMMUNICATIONS CORP,6592,5477,1.13M,942.65K,+491.2%,0.01%
760125104,RTO,RENTOKIL INITIAL PLC,29927,29927,942.1K,942.1K,NEW,0.01%
M8740S227,TATT,TAT TECHNOLOGIES LTD,37263,23147,1.51M,940.46K,+164%,0.02%
26152H301,DRD,DRDGOLD LIMITED,41819,31898,1.23M,936.84K,+321.5%,0.01%
03957W106,AROC,ARCHROCK INC,26243,26243,913.26K,913.26K,NEW,0.01%
947913109,IVES,WEDBUSH SER TR,32184,32184,913.06K,913.06K,NEW,0.01%
63886Q109,NGS,NATURAL GAS SVCS GROUP INC,23869,23869,900.82K,900.82K,NEW,0.01%
416515104,HIG,HARTFORD INSURANCE GROUP INC,10583,6659,1.43M,900.5K,+169.7%,0.02%
98389B100,XEL,XCEL ENERGY INC,11304,11304,897.99K,897.99K,NEW,0.01%
17275R102,CSCO,CISCO SYS INC,11566,11566,897.41K,897.41K,NEW,0.01%
88023B103,TEM,TEMPUS AI INC,19810,19810,895.81K,895.81K,NEW,0.01%
98419J206,XOMA,XOMA ROYALTY CORPORATION,28495,28495,893.89K,893.89K,NEW,0.01%
929033207,VOR,VOR BIOPHARMA INC,76630,49839,1.37M,889.13K,+186%,0.02%
109696104,BCO,BRINKS CO,8563,8563,887.38K,887.38K,NEW,0.01%
917047102,URBN,URBAN OUTFITTERS INC,13985,13985,885.95K,885.95K,NEW,0.01%
40145W101,GRDN,GUARDIAN PHARMACY SVCS INC,23522,23522,885.84K,885.84K,NEW,0.01%
204409601,CIG,CIA ENERGETICA DE MINAS GERA,370230,370230,884.85K,884.85K,NEW,0.01%
77926X304,QDTE,ROUNDHILL ETF TRUST,41545,32263,1.14M,884.65K,+347.6%,0.01%
784305104,HTO,H2O AMERICA,15023,15023,881.4K,881.4K,NEW,0.01%
42328H109,HLIO,HELIOS TECHNOLOGIES INC,13578,13578,878.63K,878.63K,NEW,0.01%
85423L103,SARO,STANDARDAERO INC,33914,33914,876K,876K,NEW,0.01%
G6359F137,NBR,NABORS INDUSTRIES LTD,10144,10144,872.99K,872.99K,NEW,0.01%
165303108,CPK,CHESAPEAKE UTILS CORP,6873,6873,868.54K,868.54K,NEW,0.01%
86272C103,STRA,STRATEGIC ED INC,10436,10436,865.77K,865.77K,NEW,0.01%
316841105,FIG,FIGMA INC,40893,40893,864.48K,864.48K,NEW,0.01%
127055101,CBT,CABOT CORP,11445,11445,861.92K,861.92K,NEW,0.01%
39525U107,GFR,GREENFIRE RES LTD NEW,195891,136078,1.24M,861.84K,+227.5%,0.01%
552953101,MGM,MGM RESORTS INTERNATIONAL,55779,23259,2.06M,860.82K,+71.5%,0.02%
092113109,BKH,BLACK HILLS CORP,12389,12389,859.92K,859.92K,NEW,0.01%
G7997W102,SDRL,SEADRILL LTD,18631,18631,847.71K,847.71K,NEW,0.01%
83545G102,SAH,SONIC AUTOMOTIVE INC,12346,12346,846.57K,846.57K,NEW,0.01%
G1466R173,BORR,BORR DRILLING LTD,158298,146583,913.38K,845.78K,+1251.2%,0.01%
489170100,KMT,KENNAMETAL INC,23103,23103,834.71K,834.71K,NEW,<.01%
019330109,ALNT,ALLIENT INC,14123,14123,834.53K,834.53K,NEW,<.01%
980745103,WWD,WOODWARD INC,2326,2326,832.52K,832.52K,NEW,<.01%
29472R108,ELS,EQUITY LIFESTYLE PROPERTIES,13283,13283,829.12K,829.12K,NEW,<.01%
29275Y102,ENS,ENERSYS,21606,4769,3.75M,828.47K,+28.3%,0.04%
916896103,UEC,URANIUM ENERGY CORP,61351,61351,828.24K,828.24K,NEW,<.01%
H5012F103,LAR,LITHIUM ARGENTINA AG,257947,124106,1.72M,828.21K,+92.7%,0.02%
48553T106,BZ,KANZHUN LIMITED,61824,61824,827.82K,827.82K,NEW,<.01%
337932107,FE,FIRSTENERGY CORP,16275,16275,824.49K,824.49K,NEW,<.01%
517834107,LVS,LAS VEGAS SANDS CORP,15293,15293,823.99K,823.99K,NEW,<.01%
501147102,KRYS,KRYSTAL BIOTECH INC,3189,3189,823.78K,823.78K,NEW,<.01%
90364P105,PATH,UIPATH INC,74072,74072,822.2K,822.2K,NEW,<.01%
744573106,PEG,PUBLIC SVC ENTERPRISE GROUP,10136,10136,820.51K,820.51K,NEW,<.01%
10501L106,BWAY,BRAINSWAY LTD,76443,61456,1.02M,816.75K,+410.1%,0.01%
552848103,MTG,MGIC INVT CORP WIS,30941,30941,812.2K,812.2K,NEW,<.01%
118440106,BKE,BUCKLE INC,16085,16085,810.04K,810.04K,NEW,<.01%
29670E107,EPRT,ESSENTIAL PPTYS RLTY TR INC,26573,26573,806.76K,806.76K,NEW,<.01%
896288107,TNET,TRINET GROUP INC,22051,22051,803.32K,803.32K,NEW,<.01%
565394103,CART,MAPLEBEAR INC,21262,21262,796.48K,796.48K,NEW,<.01%
392709101,GRBK,GREEN BRICK PARTNERS INC,18186,12300,1.17M,792.74K,+209%,0.01%
513847103,MZTI,MARZETTI COMPANY,5715,5715,790.56K,790.56K,NEW,<.01%
50202M102,LI,LI AUTO INC,44181,44181,787.75K,787.75K,NEW,<.01%
775133101,ROG,ROGERS CORP,7310,7310,784.58K,784.58K,NEW,<.01%
667746101,NWPX,NWPX INFRASTRUCTURE INC,10071,10071,784.13K,784.13K,NEW,<.01%
693656100,PVH,PVH CORPORATION,11195,11195,780.96K,780.96K,NEW,<.01%
336917109,FDL,FIRST TR EXCHANGE-TRADED FD,32922,15345,1.67M,779.53K,+87.3%,0.02%
92891H101,SVIX,VS TRUST,49537,49537,778.23K,778.23K,NEW,<.01%
81369Y803,XLK,SELECT SECTOR SPDR TR,5838,5838,775.87K,775.87K,NEW,<.01%
15117B202,CLDX,CELLDEX THERAPEUTICS INC NEW,24440,24440,775.24K,775.24K,NEW,<.01%
056525108,BMI,BADGER METER INC,5078,5078,773.63K,773.63K,NEW,<.01%
07831C103,BRBR,BELLRING BRANDS INC,47868,47868,770.2K,770.2K,NEW,<.01%
413216300,HMY,HARMONY GOLD MNG LTD,71731,50010,1.1M,768.65K,+230.2%,0.01%
40416E103,HCI,HCI GROUP INC,9257,4971,1.43M,768.57K,+116%,0.02%
23331A109,DHI,D R HORTON INC,196294,5566,26.94M,763.77K,+2.9%,0.32%
86765Q106,SUNC,SUNOCOCORP LLC,12362,12362,762.12K,762.12K,NEW,<.01%
G3922B107,G,GENPACT LIMITED,20392,20392,759.6K,759.6K,NEW,<.01%
25520W107,DEC,DIVERSIFIED ENERGY CO,43546,43546,759.44K,759.44K,NEW,<.01%
35953D401,FUBO,FUBOTV INC,80149,80149,758.21K,758.21K,NEW,<.01%
45579U109,INDV,INDIVIOR PHARMACEUTICALS INC,24768,24768,754.93K,754.93K,NEW,<.01%
81768T108,SFBS,SERVISFIRST BANCSHARES INC,10326,10326,752.04K,752.04K,NEW,<.01%
858586100,SCL,STEPAN CO,14993,14993,749.35K,749.35K,NEW,<.01%
104674106,BRC,BRADY CORP,9199,9199,747.33K,747.33K,NEW,<.01%
92242T101,VVX,V2X INC,25080,10891,1.72M,746.03K,+76.8%,0.02%
12653C108,CNX,CNX RES CORP,19298,19298,743.94K,743.94K,NEW,<.01%
29446Y502,EQX,EQUINOX GOLD CORP,51600,51600,742.82K,742.82K,NEW,<.01%
11133T103,BR,BROADRIDGE FINL SOLUTIONS IN,4501,4501,731.32K,731.32K,NEW,<.01%
12618T105,CRAI,CRA INTL INC,4463,4463,722.47K,722.47K,NEW,<.01%
29786A106,ETSY,ETSY INC,14433,14433,721.36K,721.36K,NEW,<.01%
683797104,OPY,OPPENHEIMER HLDGS INC,8083,8083,720.92K,720.92K,NEW,<.01%
112463104,BKD,BROOKDALE SR LIVING INC,52247,52247,714.74K,714.74K,NEW,<.01%
830879102,SKYW,SKYWEST INC,7768,7768,713.34K,713.34K,NEW,<.01%
16965P202,IMOS,CHIPMOS TECHNOLOGIES INC,19933,19933,713.2K,713.2K,NEW,<.01%
483497103,KALV,KALVISTA PHARMACEUTICALS INC,35123,35123,707.03K,707.03K,NEW,<.01%
10316T104,BOX,BOX INC,29819,29819,704.92K,704.92K,NEW,<.01%
257651109,DCI,DONALDSON INC,8263,8263,701.28K,701.28K,NEW,<.01%
90240B106,TYRA,TYRA BIOSCIENCES INC,18203,18203,697.17K,697.17K,NEW,<.01%
94106B101,WCN,WASTE CONNECTIONS INC,4300,4300,696.42K,696.42K,NEW,<.01%
74017N105,PGEN,PRECIGEN INC,179359,179359,694.12K,694.12K,NEW,<.01%
03969F109,RCUS,ARCUS BIOSCIENCES INC,32108,32108,693.53K,693.53K,NEW,<.01%
24665A103,DK,DELEK US HLDGS INC NEW,15357,15357,692.14K,692.14K,NEW,<.01%
002474104,AZZ,AZZ INC,5502,5502,688.47K,688.47K,NEW,<.01%
12503M108,CBOE,CBOE GLOBAL MKTS INC,12075,2435,3.39M,684.41K,+25.3%,0.04%
928254101,VIRT,VIRTU FINL INC,15463,15463,680.06K,680.06K,NEW,<.01%
57164Y107,VAC,MARRIOTT VACATIONS WORLDWIDE,10432,10432,679.33K,679.33K,NEW,<.01%
H5870P102,OCS,OCULIS HOLDING AG,25482,25482,677.57K,677.57K,NEW,<.01%
45688C107,NGVT,INGEVITY CORP,9489,9489,675.9K,675.9K,NEW,<.01%
G0593M107,AZN,ASTRAZENECA PLC,6705,3418,1.32M,674.16K,+104%,0.02%
50189K103,LCII,LCI INDS,5469,5469,672.58K,672.58K,NEW,<.01%
30040W108,ES,EVERSOURCE ENERGY,9587,9587,664.19K,664.19K,NEW,<.01%
55277P104,MGEE,MGE ENERGY INC,8528,8528,659.13K,659.13K,NEW,<.01%
25460E711,UTSL,DIREXION SHARES ETF TRUST,13510,13510,657.26K,657.26K,NEW,<.01%
388689101,GPK,GRAPHIC PACKAGING HLDG CO,65981,65981,655.85K,655.85K,NEW,<.01%
44916E100,IPX,IPERIONX LTD,40026,25108,1.04M,653.81K,+168.3%,0.01%
76680V108,REI,RING ENERGY INC,426759,426759,652.94K,652.94K,NEW,<.01%
M7516K103,NVMI,NOVA LTD,1494,1494,648.81K,648.81K,NEW,<.01%
780287108,RGLD,ROYAL GOLD INC,2543,2543,647.17K,647.17K,NEW,<.01%
464287440,IEF,ISHARES TR,6751,6751,644.32K,644.32K,NEW,<.01%
221006109,CRVL,CORVEL CORP,11738,11738,641.48K,641.48K,NEW,<.01%
74624M102,P,EVERPURE INC,10842,10842,640.11K,640.11K,NEW,<.01%
758750103,RRX,REGAL REXNORD CORPORATION,3418,3418,640.05K,640.05K,NEW,<.01%
29445S100,EQPT,EQUIPMENTSHARE COM INC,31354,31354,638.68K,638.68K,NEW,<.01%
50187T106,LGIH,LGI HOMES INC,23748,16096,938.76K,636.27K,+210.4%,0.01%
G3223R108,EG,EVEREST GROUP LTD,1945,1945,635.72K,635.72K,NEW,<.01%
G0176J109,ALLE,ALLEGION PLC,4353,4353,632.45K,632.45K,NEW,<.01%
46121Y201,IPI,INTREPID POTASH INC,14764,14764,631.46K,631.46K,NEW,<.01%
Y95308105,WVE,WAVE LIFE SCIENCES LTD,86677,86677,628.41K,628.41K,NEW,<.01%
030420103,AWK,AMERICAN WTR WKS CO INC NEW,4614,4614,627.92K,627.92K,NEW,<.01%
88322Q108,TGTX,TG THERAPEUTICS INC,18877,18877,627.09K,627.09K,NEW,<.01%
361448103,GATX,GATX CORP,3670,3670,626.62K,626.62K,NEW,<.01%
177835105,CHCO,CITY HLDG CO,5226,5226,624.61K,624.61K,NEW,<.01%
76118Y104,REZI,RESIDEO TECHNOLOGIES INC,18523,18523,624.41K,624.41K,NEW,<.01%
02319V103,ABEV,AMBEV SA,213701,213701,624.01K,624.01K,NEW,<.01%
830830105,SKY,CHAMPION HOMES INC,8306,8306,617.72K,617.72K,NEW,<.01%
603158106,MTX,MINERALS TECHNOLOGIES INC,8673,8673,615.09K,615.09K,NEW,<.01%
58039P305,MUX,MCEWEN INC.,30045,30045,613.5K,613.5K,NEW,<.01%
29287L205,PWRD,TCW ETF TRUST,6247,6247,610.74K,610.74K,NEW,<.01%
785688102,SBR,SABINE RTY TR,8080,8080,608.75K,608.75K,NEW,<.01%
G3198U102,ESNT,ESSENT GROUP LTD,10394,10394,607.42K,607.42K,NEW,<.01%
92206C409,VCSH,VANGUARD SCOTTSDALE FDS,7638,7638,605.46K,605.46K,NEW,<.01%
887389104,TKR,TIMKEN CO,5996,5996,603.02K,603.02K,NEW,<.01%
03209R103,AMPH,AMPHASTAR PHARMACEUTICALS IN,30561,30561,598.69K,598.69K,NEW,<.01%
142339100,CSL,CARLISLE COS INC,1773,1773,591.51K,591.51K,NEW,<.01%
126501105,CTS,CTS CORP,12308,12308,587.83K,587.83K,NEW,<.01%
91529Y106,UNM,UNUM GROUP,7942,7942,580K,580K,NEW,<.01%
353514102,FELE,FRANKLIN ELEC INC,6278,6278,578.64K,578.64K,NEW,<.01%
40609P105,HNRG,HALLADOR ENERGY COMPANY,35524,35524,578.33K,578.33K,NEW,<.01%
294268107,PLUS,EPLUS INC,7679,7679,577.85K,577.85K,NEW,<.01%
46438G570,TOPT,ISHARES TR,20132,20132,576.18K,576.18K,NEW,<.01%
750236101,RDN,RADIAN GROUP INC,17408,17408,575.86K,575.86K,NEW,<.01%
69374H881,COWZ,PACER FDS TR,9150,9150,572.42K,572.42K,NEW,<.01%
90353W103,UI,UBIQUITI INC,724,724,572.17K,572.17K,NEW,<.01%
808524847,SCHH,SCHWAB STRATEGIC TR,26538,26538,570.3K,570.3K,NEW,<.01%
374297109,GTY,GETTY RLTY CORP NEW,17915,17915,569.7K,569.7K,NEW,<.01%
65342K105,NEXT,NEXTDECADE CORP,111423,74125,853.5K,567.8K,+198.7%,0.01%
500643200,KFY,KORN FERRY,8995,8995,566.24K,566.24K,NEW,<.01%
054540208,ACLS,AXCELIS TECHNOLOGIES INC,6075,6075,565.46K,565.46K,NEW,<.01%
46138G615,SOXQ,INVESCO EXCH TRADED FD TR II,9461,9461,564.82K,564.82K,NEW,<.01%
71944F106,PHR,PHREESIA INC,93795,67367,786K,564.54K,+254.9%,<.01%
911922102,USLM,UNITED STS LIME & MINERALS I,4322,4322,564.5K,564.5K,NEW,<.01%
155038201,CEPU,CENTRAL PUERTO S A,33076,33076,556.67K,556.67K,NEW,<.01%
681116109,OLLI,OLLIES BARGAIN OUTLET HLDGS,6041,6041,556.01K,556.01K,NEW,<.01%
74164F103,PRIM,PRIMORIS SVCS CORP,3879,3879,554.85K,554.85K,NEW,<.01%
03676C100,ATEX,ANTERIX INC,14502,14502,553.83K,553.83K,NEW,<.01%
98419M100,XYL,XYLEM INC,4633,4633,553.64K,553.64K,NEW,<.01%
03969K108,ARQT,ARCUTIS BIOTHERAPEUTICS INC,23157,23157,545.58K,545.58K,NEW,<.01%
880345103,TNC,TENNANT CO,13897,8210,922.76K,545.14K,+144.4%,0.01%
26622P107,DOCS,DOXIMITY INC,23394,23394,545.08K,545.08K,NEW,<.01%
816300107,SIGI,SELECTIVE INS GROUP INC,7204,7204,543.11K,543.11K,NEW,<.01%
637215104,NPK,NATIONAL PRESTO INDS INC,3959,3959,542.62K,542.62K,NEW,<.01%
981064108,WF,WOORI FINL GROUP INC,8136,8136,541.86K,541.86K,NEW,<.01%
Y64177101,ECO,OKEANIS ECO TANKERS COR,69246,10603,3.5M,536.41K,+18.1%,0.04%
029899101,AWR,AMER STATES WTR CO,7065,7065,534.25K,534.25K,NEW,<.01%
808524797,SCHD,SCHWAB STRATEGIC TR,17200,17200,527.7K,527.7K,NEW,<.01%
126650100,CVS,CVS HEALTH CORP,7345,7345,527.52K,527.52K,NEW,<.01%
398905109,GPI,GROUP 1 AUTOMOTIVE INC,3831,1588,1.27M,525.04K,+70.8%,0.02%
M20791105,CAMT,CAMTEK LTD,3433,3433,520.48K,520.48K,NEW,<.01%
25787G100,DFIN,DONNELLEY FINL SOLUTIONS INC,11017,11017,519.34K,519.34K,NEW,<.01%
398433102,GFF,GRIFFON CORP,7124,7124,517.77K,517.77K,NEW,<.01%
940923105,WBI,WATERBRIDGE INFRASTRUCTURE L,41263,19147,1.11M,512.95K,+86.6%,0.01%
00214Q807,ARKX,ARK ETF TR,107342,17362,3.15M,509.57K,+19.3%,0.04%
09739D100,BCC,BOISE CASCADE CO DEL,6712,6712,509.11K,509.11K,NEW,<.01%
78648T100,SAFT,SAFETY INS GROUP INC,6955,6955,505.21K,505.21K,NEW,<.01%
628877201,NCSM,NCS MULTISTAGE HLDGS INC,8164,8164,504.86K,504.86K,NEW,<.01%
521865204,LEA,LEAR CORP,4150,4150,502.48K,502.48K,NEW,<.01%
92936U109,WPC,WP CAREY INC,7374,7374,501.14K,501.14K,NEW,<.01%
313148306,AGM,FEDERAL AGRIC MTG CORP,3375,3375,500.68K,500.68K,NEW,<.01%
461804106,ITIC,INVESTORS TITLE CO NC,3222,2289,700.27K,497.49K,+245.3%,<.01%
405552100,HLN,HALEON PLC,49562,49562,496.12K,496.12K,NEW,<.01%
419870100,HE,HAWAIIAN ELEC INDS INC MTN B,33213,33213,492.88K,492.88K,NEW,<.01%
Y10230103,BWLP,BW LPG LTD,28227,28227,490.3K,490.3K,NEW,<.01%
535219109,LIND,LINDBLAD EXPEDITIONS HLDGS I,28326,28326,490.04K,490.04K,NEW,<.01%
91359V107,UVE,UNIVERSAL INS HLDGS INC,22592,14318,771.74K,489.1K,+173%,<.01%
913259107,UTL,UNITIL CORP,9307,9307,486.2K,486.2K,NEW,<.01%
042735100,ARW,ARROW ELECTRS INC,3381,3381,484.87K,484.87K,NEW,<.01%
19239V302,CCOI,COGENT COMM HOLDINGS INC,25685,25685,483.9K,483.9K,NEW,<.01%
800422107,JBSS,SANFILIPPO JOHN B & SON INC,9728,6094,771.72K,483.44K,+167.7%,<.01%
37253A103,THRM,GENTHERM INC,17249,17249,479.18K,479.18K,NEW,<.01%
45768S105,IOSP,INNOSPEC INC,12500,6545,912.75K,477.92K,+109.9%,0.01%
26614N102,DD,DUPONT DE NEMOURS INC,10403,10403,476.46K,476.46K,NEW,<.01%
10919W405,DRUG,BRIGHT MINDS BIOSCIENCES INC,6498,6498,474.16K,474.16K,NEW,<.01%
609027107,MCRI,MONARCH CASINO & RESORT INC,4926,4926,470.93K,470.93K,NEW,<.01%
74347G440,BITO,PROSHARES TR,50556,50556,470.68K,470.68K,NEW,<.01%
45774W108,IIIN,INSTEEL INDS INC,13949,13949,468.83K,468.83K,NEW,<.01%
12135Y108,BHRB,BURKE HERBERT FINL SVCS CORP,7517,7517,468.23K,468.23K,NEW,<.01%
389637109,GBTC,GRAYSCALE BITCOIN TRUST ETF,8805,8805,464.55K,464.55K,NEW,<.01%
Y81669106,GASS,STEALTHGAS INC,65272,50357,599.2K,462.28K,+337.6%,<.01%
33734X192,SKYY,FIRST TR EXCHANGE-TRADED FD,8061,4215,881.55K,460.95K,+109.6%,0.01%
043113208,ARTNA,ARTESIAN RES CORP,24719,14393,787.3K,458.42K,+139.4%,<.01%
500631106,KEP,KOREA ELEC PWR CORP,32088,32088,457.25K,457.25K,NEW,<.01%
358054104,FRSH,FRESHWORKS INC,56940,56940,457.23K,457.23K,NEW,<.01%
156504300,CCS,CENTURY COMMUNITIES INC,7936,7936,455.37K,455.37K,NEW,<.01%
74265M205,PDEX,PRO-DEX INC COLO,14986,9262,736.11K,454.95K,+161.8%,<.01%
233051200,DBEF,DBX ETF TR,9143,9143,451.66K,451.66K,NEW,<.01%
25960R105,PLOW,DOUGLAS DYNAMICS INC,10689,10689,449.9K,449.9K,NEW,<.01%
456941103,INR,INFINITY NAT RES INC,25460,25460,448.35K,448.35K,NEW,<.01%
707569109,PENN,PENN ENTERTAINMENT INC,29775,29775,447.52K,447.52K,NEW,<.01%
04965M106,ATAT,ATOUR LIFESTYLE HLDGS LTD,12126,12126,446.36K,446.36K,NEW,<.01%
008252108,AMG,AFFILIATED MANAGERS GROUP,7383,1612,2.04M,446.04K,+27.9%,0.02%
576690101,MTRN,MATERION CORP,3078,3078,445.23K,445.23K,NEW,<.01%
448947507,IDT,IDT CORP,9060,9060,444.85K,444.85K,NEW,<.01%
747619104,NX,QUANEX BLDG PRODS CORP,24681,24681,443.52K,443.52K,NEW,<.01%
761624105,REX,REX AMERICAN RES CORP,9719,9719,442.89K,442.89K,NEW,<.01%
037598109,APOG,APOGEE ENTERPRISES INC,18867,13204,632.8K,442.86K,+233.2%,<.01%
863111100,STRT,STRATTEC SEC CORP,5628,5628,440.9K,440.9K,NEW,<.01%
540424108,L,LOEWS CORP,4122,4122,439.98K,439.98K,NEW,<.01%
911163103,UNFI,UNITED NAT FOODS INC,9696,9696,436.9K,436.9K,NEW,<.01%
46138G474,PSCE,INVESCO EXCH TRADED FD TR II,7163,7163,436.74K,436.74K,NEW,<.01%
695127100,PCRX,PACIRA BIOSCIENCES INC,19266,19266,435.41K,435.41K,NEW,<.01%
81369Y209,XLV,SELECT SECTOR SPDR TR,2960,2960,433.97K,433.97K,NEW,<.01%
058498106,BALL,BALL CORP,12513,7341,739.64K,433.93K,+141.9%,<.01%
70451X104,PAYO,PAYONEER GLOBAL INC,89510,89510,432.33K,432.33K,NEW,<.01%
833034101,SNA,SNAP ON INC,1189,1189,431.87K,431.87K,NEW,<.01%
05961W105,BMA,BANCO MACRO S A,5573,5573,431.18K,431.18K,NEW,<.01%
Y2106R110,LPG,DORIAN LPG LTD,12586,12586,430.44K,430.44K,NEW,<.01%
M84116108,SILC,SILICOM LTD,20363,20363,429.66K,429.66K,NEW,<.01%
92337R101,VERA,VERA THERAPEUTICS INC,10538,10538,423.94K,423.94K,NEW,<.01%
46187W107,INVH,INVITATION HOMES INC,16954,16954,421.31K,421.31K,NEW,<.01%
G50871105,JAZZ,JAZZ PHARMACEUTICALS PLC,7796,2208,1.47M,417.42K,+39.5%,0.02%
33739Q408,FTSM,FIRST TR EXCHANGE-TRADED FD,6900,6900,412.48K,412.48K,NEW,<.01%
608190104,MHK,MOHAWK INDS INC,4172,4172,410.77K,410.77K,NEW,<.01%
222070203,COTY,COTY INC,204090,204090,410.22K,410.22K,NEW,<.01%
23355L106,DXC,DXC TECHNOLOGY CO,32613,32613,409.94K,409.94K,NEW,<.01%
46438G562,QTOP,ISHARES TR,13669,13669,409.25K,409.25K,NEW,<.01%
464286764,EWP,ISHARES INC,7523,7523,408.57K,408.57K,NEW,<.01%
22717L101,CRON,CRONOS GROUP INC,161166,161166,405.7K,405.7K,NEW,<.01%
927107409,VLGEA,VILLAGE SUPER MKT INC,9537,9537,402.75K,402.75K,NEW,<.01%
31847R102,FAF,FIRST AMERN FINL CORP,6671,6671,402.19K,402.19K,NEW,<.01%
92922P106,WTI,W & T OFFSHORE INC,117900,117900,402.04K,402.04K,NEW,<.01%
38911N206,GRVY,GRAVITY CO LTD,6463,6463,400.45K,400.45K,NEW,<.01%
046433108,ATRO,ASTRONICS CORP,5977,5977,398.85K,398.84K,NEW,<.01%
337345102,QTEC,FIRST TR EXCHANGE-TRADED FD,1842,1842,397.83K,397.83K,NEW,<.01%
74158E104,PNRG,PRIMEENERGY RESOURCES CORP,1699,1699,395.61K,395.61K,NEW,<.01%
842873101,SFST,SOUTHERN FIRST BANCSHARES,7252,7252,395.23K,395.23K,NEW,<.01%
577081102,MAT,MATTEL INC,27164,27164,394.69K,394.69K,NEW,<.01%
G4740B105,ICHR,ICHOR HOLDINGS,8380,8380,390.59K,390.59K,NEW,<.01%
724479100,PBI,PITNEY BOWES INC,35254,35254,389.56K,389.56K,NEW,<.01%
46435G334,EWU,ISHARES TR,8520,8520,388.17K,388.17K,NEW,<.01%
87724P106,TMHC,TAYLOR MORRISON HOME CORP,24336,6658,1.42M,387.76K,+37.7%,0.02%
046224101,ASTE,ASTEC INDS INC,7198,7198,387.54K,387.54K,NEW,<.01%
92556V106,VTRS,VIATRIS INC,28672,28672,387.36K,387.36K,NEW,<.01%
359694106,FUL,FULLER H B CO,6224,6224,383.9K,383.9K,NEW,<.01%
73044W302,POET,POET TECHNOLOGIES INC,80926,64374,480.7K,382.38K,+388.9%,<.01%
87484T108,TALO,TALOS ENERGY INC,24085,24085,379.58K,379.58K,NEW,<.01%
853666105,SMP,STANDARD MTR PRODS INC,10863,10863,377.38K,377.38K,NEW,<.01%
589889104,MMSI,MERIT MED SYS INC,5394,5394,371.81K,371.81K,NEW,<.01%
830940102,SKWD,SKYWARD SPECIALTY INS GROUP,8500,8500,371.28K,371.28K,NEW,<.01%
56418H100,MAN,MANPOWERGROUP INC WIS,12561,12561,370.05K,370.05K,NEW,<.01%
74340E103,PGNY,PROGYNY INC,31599,21792,536.55K,370.03K,+222.2%,<.01%
205768302,CRK,COMSTOCK RES INC,17551,17551,369.98K,369.98K,NEW,<.01%
127190304,CACI,CACI INTL INC,679,679,369.29K,369.29K,NEW,<.01%
806037107,SCSC,SCANSOURCE INC,15884,10164,576.59K,368.95K,+177.7%,<.01%
06211J100,BFC,BANK FIRST CORP,2724,2724,367.9K,367.9K,NEW,<.01%
97717Y659,WCBR,WISDOMTREE TR,14721,14721,367.22K,367.22K,NEW,<.01%
92552R406,PRSU,PURSUIT ATTRACTIONS AND HOSP,9959,9959,364.8K,364.8K,NEW,<.01%
047649108,ATKR,ATKORE INC,6174,6174,363.71K,363.71K,NEW,<.01%
047726104,BATRA,ATLANTA BRAVES HLDGS INC,7693,7693,362.73K,362.73K,NEW,<.01%
876511106,TGB,TASEKO MINES LTD,55981,55981,361.34K,361.34K,NEW,<.01%
G3934V109,GENI,GENIUS SPORTS LIMITED,81139,81139,359.45K,359.45K,NEW,<.01%
59522J103,MAA,MID-AMER APT CMNTYS INC,2940,2940,359.03K,359.03K,NEW,<.01%
86771W105,RUN,SUNRUN INC,143486,26430,1.95M,358.39K,+22.6%,0.02%
75281A109,RRC,RANGE RES CORP,7930,7930,358.28K,358.28K,NEW,<.01%
00766T100,ACM,AECOM,4217,4217,357.69K,357.69K,NEW,<.01%
78442P106,SLM,SLM CORP,16658,16658,356.65K,356.65K,NEW,<.01%
04546C304,ASRT,ASSERTIO HOLDINGS INC,18687,18687,356.17K,356.17K,NEW,<.01%
G35947202,FLNG,FLEX LNG LTD,11913,11913,353.94K,353.94K,NEW,<.01%
29272W109,ENR,ENERGIZER HLDGS INC,21533,21533,353.57K,353.57K,NEW,<.01%
92343E102,VRSN,VERISIGN INC,1406,1406,349.19K,349.19K,NEW,<.01%
393657101,GBX,GREENBRIER COS INC,6632,6632,349.18K,349.18K,NEW,<.01%
775109200,RCI,ROGERS COMMUNICATIONS INC,9100,9100,348.86K,348.86K,NEW,<.01%
741511109,PSMT,PRICESMART INC,2317,2317,348.71K,348.71K,NEW,<.01%
277276101,EGP,EASTGROUP PPTYS INC,1877,1877,347.41K,347.41K,NEW,<.01%
88636R479,AIPO,TIDAL TRUST II,13906,13906,347.09K,347.09K,NEW,<.01%
Y62132108,NVGS,NAVIGATOR HLDGS LTD,17860,17860,345.23K,345.23K,NEW,<.01%
237194105,DRI,DARDEN RESTAURANTS INC,1760,1760,345.03K,345.03K,NEW,<.01%
46982L108,J,JACOBS SOLUTIONS INC,2683,2683,341.49K,341.49K,NEW,<.01%
91688F104,UPWK,UPWORK INC,31145,31145,341.35K,341.35K,NEW,<.01%
05379B107,AVA,AVISTA CORP,8459,8459,339.54K,339.54K,NEW,<.01%
G36738105,DMC,FRESH DEL MONTE PRODUCE INC,8425,8425,339.19K,339.19K,NEW,<.01%
29270J100,ERII,ENERGY RECOVERY INC,33559,33559,337.94K,337.94K,NEW,<.01%
30234F101,XZO,EXZEO GROUP INC,22895,22895,335.87K,335.87K,NEW,<.01%
86150R107,STOK,STOKE THERAPEUTICS INC,10293,10293,335.14K,335.14K,NEW,<.01%
041242108,ARKO,ARKO CORP,60258,60258,335.03K,335.03K,NEW,<.01%
313855108,FSS,FEDERAL SIGNAL CORP,3092,3092,334.37K,334.37K,NEW,<.01%
354921108,EZBC,FRANKLIN TEMPLETON DIGITAL H,8498,8498,333.04K,333.04K,NEW,<.01%
714167103,PPIH,PERMA-PIPE INTL HLDGS INC,18080,11098,538.97K,330.83K,+159%,<.01%
72147K108,PPC,PILGRIMS PRIDE CORP,8718,8718,329.19K,329.19K,NEW,<.01%
383082104,GRC,GORMAN RUPP CO,5296,5296,329.04K,329.04K,NEW,<.01%
068463108,BBSI,BARRETT BUSINESS SVCS INC,11205,11205,326.96K,326.96K,NEW,<.01%
29667J101,ESQ,ESQUIRE FINL HLDGS INC,3034,3034,326.15K,326.15K,NEW,<.01%
83307B101,SNDL,SNDL INC,246815,246815,325.8K,325.8K,NEW,<.01%
146229109,CRI,CARTERS INC,9098,9098,325.34K,325.34K,NEW,<.01%
617700109,MORN,MORNINGSTAR INC,1924,1924,325.25K,325.25K,NEW,<.01%
479167108,JOUT,JOHNSON OUTDOORS INC,6983,6983,324.78K,324.78K,NEW,<.01%
02083X103,PINE,ALPINE INCOME PPTY TR INC,18022,18022,324.4K,324.4K,NEW,<.01%
08986R408,BHA,BIGLARI HLDGS INC,186,186,324.14K,324.14K,NEW,<.01%
94106L109,WM,WASTE MGMT INC DEL,1404,1404,322.62K,322.62K,NEW,<.01%
784730103,SSRM,SSR MINING IN,25400,10984,743.68K,321.6K,+76.2%,<.01%
353469109,FC,FRANKLIN COVEY CO,20307,20307,320.65K,320.65K,NEW,<.01%
65345M108,NXDR,NEXTDOOR HOLDINGS INC,228426,228426,319.8K,319.8K,NEW,<.01%
77926X205,XDTE,ROUNDHILL ETF TRUST,8700,8700,319.46K,319.46K,NEW,<.01%
63633D104,NHI,NATIONAL HEALTH INVS INC,3925,3925,317.38K,317.38K,NEW,<.01%
11120U105,BRX,BRIXMOR PPTY GROUP INC,11015,11015,317.23K,317.23K,NEW,<.01%
700658107,PRK,PARK NATL CORP,1940,1940,317.09K,317.09K,NEW,<.01%
868459108,SUPN,SUPERNUS PHARMACEUTICALS,11501,6116,594.49K,316.14K,+113.6%,<.01%
02665T306,AMH,AMERICAN HOMES 4 RENT,11287,11287,315.13K,315.13K,NEW,<.01%
25461H861,EDZ,DIREXION SHARES ETF TRUST,10585,10585,313.32K,313.32K,NEW,<.01%
50216C108,LYTS,LSI INDS INC OHIO,16844,16844,313.3K,313.3K,NEW,<.01%
37892E102,GIC,GLOBAL INDUSTRIAL COMPANY,9922,9922,312.74K,312.74K,NEW,<.01%
359664109,FLGT,FULGENT GENETICS INC,19640,19640,312.28K,312.28K,NEW,<.01%
48563L101,KRT,KARAT PACKAGING INC,11171,11171,311.89K,311.89K,NEW,<.01%
390905107,GSBC,GREAT SOUTHN BANCORP INC,4938,4938,311.74K,311.74K,NEW,<.01%
896215209,TRS,TRIMAS CORP,8670,8670,311.6K,311.6K,NEW,<.01%
69354N106,PRAA,PRA GROUP INC,17736,17736,310.38K,310.38K,NEW,<.01%
070830104,BBWI,BATH & BODY WORKS INC,51689,16590,965.03K,309.74K,+47.3%,0.01%
00439U104,GRCE,GRACE THERAPEUTICS INC,66822,66822,309.39K,309.39K,NEW,<.01%
371532102,GCO,GENESCO INC,10671,10671,309.35K,309.35K,NEW,<.01%
399473206,GRPN,GROUPON INC,25870,25870,307.85K,307.85K,NEW,<.01%
M81873107,RDWR,RADWARE LTD,11686,11686,307.58K,307.58K,NEW,<.01%
M7S64H106,MNDY,MONDAY COM LTD,16229,4447,1.12M,307.33K,+37.7%,0.01%
G8060N102,ST,SENSATA TECHNOLOGIES HLDG PL,8659,8659,304.97K,304.97K,NEW,<.01%
458665304,TILE,INTERFACE INC,12237,12237,304.95K,304.95K,NEW,<.01%
35104E100,FDMT,4D MOLECULAR THERAPEUTICS IN,32524,32524,302.8K,302.8K,NEW,<.01%
18482P103,CLFD,CLEARFIELD INC,11387,11387,301.41K,301.41K,NEW,<.01%
890110109,TMP,TOMPKINS FINL CORP,3814,3814,300.7K,300.7K,NEW,<.01%
36166F100,GBFH,GBANK FINL HLDGS INC,11227,11227,300.44K,300.44K,NEW,<.01%
50015M109,KOD,KODIAK SCIENCES INC,7868,7868,299.93K,299.93K,NEW,<.01%
493732101,KFRC,KFORCE INC,10238,10238,299.36K,299.36K,NEW,<.01%
887399103,MTUS,METALLUS INC,18204,18204,297.45K,297.45K,NEW,<.01%
69007J304,OUT,OUTFRONT MEDIA INC,11220,11220,297.33K,297.33K,NEW,<.01%
901109108,TPC,TUTOR PERINI CORP,3843,3843,296.64K,296.64K,NEW,<.01%
413197104,HRMY,HARMONY BIOSCIENCES HLDGS IN,35131,10580,984.02K,296.35K,+43.1%,0.01%
861896108,SNEX,STONEX GROUP INC,3669,3669,295.9K,295.9K,NEW,<.01%
98138H101,WDAY,WORKDAY INC,29301,2276,3.81M,295.7K,+8.4%,0.05%
553498106,MSA,MSA SAFETY INC,1802,1802,295.44K,295.44K,NEW,<.01%
46140H700,DBB,INVESCO DB MULTI-SECTOR COMM,12549,12549,294.9K,294.9K,NEW,<.01%
343498101,FLO,FLOWERS FOODS INC,36038,36038,293.71K,293.71K,NEW,<.01%
987184108,YORW,YORK WTR CO,9611,9611,292.65K,292.65K,NEW,<.01%
624580106,MOV,MOVADO GROUP INC,11921,11921,291.11K,291.11K,NEW,<.01%
G0585R106,AGO,ASSURED GUARANTY LTD,3571,3571,290.96K,290.96K,NEW,<.01%
09174C104,BITB,BITWISE BITCOIN ETF TR,7870,7870,289.69K,289.69K,NEW,<.01%
69318J100,CNXN,PC CONNECTION INC,4948,4948,289.26K,289.26K,NEW,<.01%
596680108,MSEX,MIDDLESEX WTR CO,5556,5556,289.19K,289.19K,NEW,<.01%
45826T509,ITRG,INTEGRA RES CORP,118726,105686,324.12K,288.52K,+810.5%,<.01%
50060P106,KOP,KOPPERS HOLDINGS INC,7429,7429,287.35K,287.35K,NEW,<.01%
912932100,UNIT,UNITI GROUP LLC,30556,30556,286.62K,286.62K,NEW,<.01%
89679M104,TFPM,TRIPLE FLAG PRECIOUS METAL,8204,8204,284.76K,284.76K,NEW,<.01%
G4690M101,IBEX,IBEX LTD,10538,10538,282.63K,282.63K,NEW,<.01%
713317105,PEPG,PEPGEN INC,158826,158826,281.12K,281.12K,NEW,<.01%
023193105,AMBQ,AMBIQ MICRO INC,11052,11052,280.83K,280.83K,NEW,<.01%
68989M202,OUST,OUSTER INC,30172,15256,554.26K,280.25K,+102.3%,<.01%
03071H100,AMSF,AMERISAFE INC,8373,8373,279.07K,279.07K,NEW,<.01%
92337C203,VSTM,VERASTEM INC,52098,52098,276.12K,276.12K,NEW,<.01%
88162F105,TTI,TETRA TECHNOLOGIES INC DEL,32361,32361,275.72K,275.72K,NEW,<.01%
26154D100,DFH,DREAM FINDERS HOMES INC,19322,19322,268.96K,268.96K,NEW,<.01%
00773T101,ASIX,ADVANSIX INC,11000,11000,268.4K,268.4K,NEW,<.01%
75282U104,RNGR,RANGER ENERGY SVCS INC,15606,15606,267.49K,267.49K,NEW,<.01%
11040G103,VTOL,BRISTOW GROUP INC,5702,5702,267.37K,267.37K,NEW,<.01%
053906103,ASM,AVINO SILVER & GOLD MINES LT,42147,42147,266.37K,266.37K,NEW,<.01%
103002101,BWMN,BOWMAN CONSULTING GROUP LTD,9289,9289,264.18K,264.18K,NEW,<.01%
92189F601,NLR,VANECK ETF TRUST,23300,1983,3.1M,264.12K,+9.3%,0.04%
228368106,CCK,CROWN HLDGS INC,2634,2634,264.06K,264.06K,NEW,<.01%
012348108,AIN,ALBANY INTL CORP,14895,5048,777.67K,263.56K,+51.3%,<.01%
743713109,PRLB,PROTO LABS INC,4611,4611,262.92K,262.92K,NEW,<.01%
296315104,ESE,ESCO TECHNOLOGIES INC,932,932,262.24K,262.24K,NEW,<.01%
Y0207T100,ASC,ARDMORE SHIPPING CORP,17098,17098,260.75K,260.75K,NEW,<.01%
374689107,ROCK,GIBRALTAR INDS INC,6527,6527,260.23K,260.23K,NEW,<.01%
397624107,GEF,GREIF INC,3879,3879,260.17K,260.17K,NEW,<.01%
88557W101,QFIN,QFIN HOLDINGS INC,44242,20084,571.16K,259.28K,+83.1%,<.01%
714236106,PBT,PERMIAN BASIN RTY TR,12015,12015,258.56K,258.56K,NEW,<.01%
74348A210,RWM,PROSHARES TR,15745,15745,255.38K,255.38K,NEW,<.01%
74727A104,QCRH,QCR HLDGS INC,2984,2984,254.98K,254.98K,NEW,<.01%
60741F104,MBLY,MOBILEYE GLOBAL INC,37080,37080,254.74K,254.74K,NEW,<.01%
939653101,ELME,ELME COMMUNITIES,126520,126520,254.31K,254.31K,NEW,<.01%
184499101,CLNE,CLEAN ENERGY FUELS CORP,102064,102064,253.12K,253.12K,NEW,<.01%
L72967109,OEC,ORION S.A.,38870,38870,252.66K,252.66K,NEW,<.01%
00791N201,ADV,ADVANTAGE SOLUTIONS INC,11892,11892,251.4K,251.4K,NEW,<.01%
46090A689,QQA,INVESCO ACTIVELY MANAGED EXC,5032,5032,250.98K,250.98K,NEW,<.01%
25754A201,DPZ,DOMINOS PIZZA INC,692,692,248.28K,248.28K,NEW,<.01%
64082B102,NRDS,NERDWALLET INC,23888,23888,247.96K,247.96K,NEW,<.01%
71535D106,PSNL,PERSONALIS INC,38722,38722,246.66K,246.66K,NEW,<.01%
M84137104,SMWB,SIMILARWEB LTD,94234,94234,245.95K,245.95K,NEW,<.01%
50180M108,LBRX,LB PHARMACEUTICALS INC,9931,9931,244.9K,244.9K,NEW,<.01%
92337F107,VCYT,VERACYTE INC,7594,7594,244.6K,244.6K,NEW,<.01%
000868109,ACNB,ACNB CORP,5107,5107,244.47K,244.47K,NEW,<.01%
718968100,PXED,PHOENIX ED PARTNERS INC,7756,7756,244K,244K,NEW,<.01%
433323102,HIFS,HINGHAM INSTN SVGS MASS,852,852,243.54K,243.54K,NEW,<.01%
14808P109,CASS,CASS INFORMATION SYS INC,5483,5483,241.36K,241.36K,NEW,<.01%
14070B309,CAPR,CAPRICOR THERAPEUTICS INC,7900,7900,240.16K,240.16K,NEW,<.01%
804395101,BFS,SAUL CTRS INC,7359,7359,239.76K,239.76K,NEW,<.01%
890260839,TNXP,TONIX PHARMACEUTICALS HLDG C,17410,17410,239.39K,239.39K,NEW,<.01%
303075105,FDS,FACTSET RESH SYS INC,17039,1101,3.7M,238.91K,+6.9%,0.04%
571748102,MRSH,MARSH & MCLENNAN COS INC,47026,1376,8.16M,238.67K,+3%,0.1%
576853105,MTRX,MATRIX SVC CO,20730,20730,237.98K,237.98K,NEW,<.01%
M5425M103,INMD,INMODE LTD,34893,17374,477.34K,237.68K,+99.2%,<.01%
26923N538,AIPI,ETF OPPORTUNITIES TRUST,6978,6978,234.74K,234.74K,NEW,<.01%
297602104,ETD,ETHAN ALLEN INTERIORS INC,10443,10443,232.46K,232.46K,NEW,<.01%
03969T109,ARCT,ARCTURUS THERAPEUTICS HLDGS,30078,30078,232.2K,232.2K,NEW,<.01%
88822Q103,TIPT,TIPTREE INC,13722,13722,232.18K,232.18K,NEW,<.01%
92764N102,VIR,VIR BIOTECHNOLOGY INC,75658,25858,677.9K,231.69K,+51.9%,<.01%
78467J100,SSNC,SS&C TECH HLDGS,3369,3369,227.64K,227.64K,NEW,<.01%
34959J108,FTV,FORTIVE CORP,4107,4107,227.03K,227.03K,NEW,<.01%
629209305,NMIH,NMI HLDGS INC,6046,6046,226.78K,226.79K,NEW,<.01%
656811106,NOA,NORTH AMERN CONSTR GROUP LTD,135144,16860,1.82M,226.77K,+14.3%,0.02%
872657101,TPG,TPG INC,5590,5590,226.45K,226.45K,NEW,<.01%
987084100,YSS,YORK SPACE SYSTEMS INC,10146,10146,224.94K,224.94K,NEW,<.01%
711040105,PFIS,PEOPLES FINL SVCS CORP,4182,4182,223.03K,223.03K,NEW,<.01%
90337L108,USPH,U S PHYSICAL THERAPY,2951,2951,221.21K,221.21K,NEW,<.01%
45827U109,INTA,INTAPP INC,8605,8605,221.06K,221.06K,NEW,<.01%
33767U107,FSUN,FIRSTSUN CAP BANCORP,6054,6054,220.73K,220.73K,NEW,<.01%
02451V309,ABAT,AMERICAN BATTERY TECHNOLOGY,79030,79030,220.49K,220.49K,NEW,<.01%
011532108,AGI,ALAMOS GOLD INC,4936,4936,219.31K,219.31K,NEW,<.01%
09263B207,BKSY,BLACKSKY TECHNOLOGY INC,8708,8708,219.09K,219.09K,NEW,<.01%
23345M107,DTM,DT MIDSTREAM INC,1606,1606,216.28K,216.28K,NEW,<.01%
L67359106,NEXA,NEXA RES S A,64877,20401,687.05K,216.05K,+45.9%,<.01%
629445206,NVEC,NVE CORP,3244,3244,212.48K,212.48K,NEW,<.01%
440327104,HMN,HORACE MANN EDUCATORS CORP N,4976,4976,212.38K,212.38K,NEW,<.01%
206704108,BBCP,CONCRETE PUMPING HLDGS INC,29723,29723,212.22K,212.22K,NEW,<.01%
29476L107,VMRK,EQUITY RESIDENTIAL,3565,3565,210.87K,210.87K,NEW,<.01%
14154A102,CDNL,CARDINAL INFRASTRUCTURE GROU,5316,5316,210.81K,210.81K,NEW,<.01%
71742Q106,PAHC,PHIBRO ANIMAL HEALTH CORP,3810,3810,210.73K,210.73K,NEW,<.01%
75943R102,RLAY,RELAY THERAPEUTICS INC,21123,21123,210.17K,210.17K,NEW,<.01%
G4095J109,GLRE,GREENLIGHT CAP RE LTD,12145,12145,209.99K,209.99K,NEW,<.01%
947002101,WLTH,WEALTHFRONT CORP,22608,22608,209.12K,209.12K,NEW,<.01%
12634H200,PMTS,CPI CARD GROUP INC,14355,14355,208.29K,208.29K,NEW,<.01%
G4388N106,HELE,HELEN OF TROY LTD,14382,14382,207.39K,207.39K,NEW,<.01%
917488108,UTMD,UTAH MED PRODS INC,3321,3321,205.87K,205.87K,NEW,<.01%
675232102,OII,OCEANEERING INTL INC,5797,5797,205.62K,205.62K,NEW,<.01%
64119V303,NTST,NETSTREIT CORP,10910,10910,205.44K,205.44K,NEW,<.01%
482738101,KVHI,KVH INDS INC,22901,22901,205.19K,205.19K,NEW,<.01%
910340108,UFCS,UNITED FIRE GROUP INC,5521,5521,204.61K,204.61K,NEW,<.01%
86722A103,SXC,SUNCOKE ENERGY INC,50599,31426,329.4K,204.58K,+163.9%,<.01%
514952100,LB,LANDBRIDGE COMPANY LLC,2954,2954,203.97K,203.97K,NEW,<.01%
946760105,CLMB,CLIMB GLOBAL SOLUTIONS INC,10248,10248,203.12K,203.12K,NEW,<.01%
233051432,HYLB,DBX ETF TR,5570,5570,201.41K,201.41K,NEW,<.01%
45778Q107,NSP,INSPERITY INC,7447,7447,201.37K,201.37K,NEW,<.01%
61023L207,MNPR,MONOPAR THERAPEUTICS INC,3673,3673,201.24K,201.24K,NEW,<.01%
16934Q802,CIM,CHIMERA INVT CORP,16027,16027,201.14K,201.14K,NEW,<.01%
92538J106,VERX,VERTEX INC,16822,16822,200.01K,200.01K,NEW,<.01%
G27907107,DOLE,DOLE PLC,13632,13632,194.8K,194.8K,NEW,<.01%
92189F429,PFXF,VANECK ETF TRUST,11088,11088,194.48K,194.48K,NEW,<.01%
80810D103,SDGR,SCHRODINGER INC,16965,16965,192.72K,192.72K,NEW,<.01%
610236101,MNRO,MONRO INC,11595,11595,185.98K,185.98K,NEW,<.01%
G5698W116,LXFR,LUXFER HLDGS PLC,15264,15264,185.92K,185.92K,NEW,<.01%
032797300,AVXL,ANAVEX LIFE SCIENCES CORP,60336,60336,185.23K,185.23K,NEW,<.01%
502160104,LXU,LSB INDS INC,12423,12423,185.1K,185.1K,NEW,<.01%
637372202,NRC,NATIONAL RESH CORP,10892,10892,184.95K,184.95K,NEW,<.01%
66981J102,MNSO,MINISO GROUP HLDG LTD,11357,11357,183.98K,183.98K,NEW,<.01%
M78673114,PERI,PERION NETWORK LTD,32321,18283,322.89K,182.65K,+130.2%,<.01%
55262C100,MBI,MBIA INC,30866,30866,182.42K,182.42K,NEW,<.01%
59935V107,MIST,MILESTONE PHARMACEUTICALS IN,149105,149105,177.44K,177.43K,NEW,<.01%
92919F103,VOXR,VOX ROYALTY CORP,33660,33660,175.76K,175.76K,NEW,<.01%
79957L100,SMTI,SANARA MEDTECH INC,10172,10172,174.75K,174.76K,NEW,<.01%
74347Y698,GLL,PROSHARES TR II,66549,8561,1.34M,172.76K,+14.8%,0.02%
00650F109,ADPT,ADAPTIVE BIOTECHNOLOGIES COR,12387,12387,171.93K,171.93K,NEW,<.01%
Y2065G121,DHT,DHT HOLDINGS INC,20492,9408,374.39K,171.88K,+84.9%,<.01%
91851C201,EGY,VAALCO ENERGY INC,26788,26788,169.84K,169.84K,NEW,<.01%
683416101,OOMA,OOMA INC,11635,11635,169.29K,169.29K,NEW,<.01%
Y3894J187,IMPP,IMPERIAL PETE INC,39203,39203,167.79K,167.79K,NEW,<.01%
913456109,UVV,UNIVERSAL CORP VA MTNS BK EN,15944,3159,840.25K,166.48K,+24.7%,<.01%
25445D101,DDL,DINGDONG CAYMAN LTD,63172,63172,162.35K,162.35K,NEW,<.01%
09352U108,BLND,BLEND LABS INC,94256,94256,160.24K,160.24K,NEW,<.01%
G2717C106,CWK,CUSHMAN AND WAKEFIELD LTD,13065,13065,160.18K,160.18K,NEW,<.01%
65540B303,NDLS,NOODLES & CO,17883,17883,152.9K,152.9K,NEW,<.01%
G00894108,ARX,ACCELERANT HOLDINGS,28000,11437,374.08K,152.8K,+69.1%,<.01%
64107N206,LSAK,LESAKA TECHNOLOGIES INC,29858,29858,151.98K,151.98K,NEW,<.01%
230031106,CGEM,CULLINAN THERAPEUTICS INC,10577,10577,150.3K,150.3K,NEW,<.01%
G0692U109,AXS,AXIS CAP HLDGS LTD,12760,1482,1.29M,150.29K,+13.1%,0.02%
G61188127,LBTYK,LIBERTY GLOBAL LTD,12786,12786,149.98K,149.98K,NEW,<.01%
M25133105,CGNT,COGNYTE SOFTWARE LTD,18231,18231,147.67K,147.67K,NEW,<.01%
55087P104,LYFT,LYFT INC,10979,10979,146.02K,146.02K,NEW,<.01%
488152208,KELYA,KELLY SVCS INC,28815,16387,255.01K,145.03K,+131.9%,<.01%
640979100,NMRA,NEUMORA THERAPEUTICS INC.,85324,73939,166.38K,144.18K,+649.4%,<.01%
528872302,LXRX,LEXICON PHARMACEUTICALS INC,110379,91965,172.19K,143.47K,+499.4%,<.01%
38000Q201,CBIO,CRESCENT BIOPHARMA INC.,20917,7671,384.25K,140.92K,+57.9%,<.01%
68287N100,OSPN,ONESPAN INC,13294,13294,139.99K,139.99K,NEW,<.01%
29479A108,ERAS,ERASCA INC,21688,8526,350.91K,137.95K,+64.8%,<.01%
75686R202,RRBI,RED RIVER BANCSHARES INC,4752,1502,429.77K,135.84K,+46.2%,<.01%
78397T202,SABS,SAB BIOTHERAPEUTICS INC,35264,35264,135.06K,135.06K,NEW,<.01%
18914F103,CLOV,CLOVER HEALTH INVESTMENTS CO,88805,76651,156.3K,134.91K,+630.7%,<.01%
00810F106,ASLE,AERSALE CORPORATION,35935,21617,223.52K,134.46K,+151%,<.01%
71722W107,PHAT,PHATHOM PHARMACEUTICALS INC,12078,12078,134.19K,134.19K,NEW,<.01%
29082K105,EMBC,EMBECTA CORP,15115,15115,133.62K,133.62K,NEW,<.01%
38071H106,GROY,GOLD ROYALTY CORP,37299,37299,133.53K,133.53K,NEW,<.01%
04035M102,ARHS,ARHAUS INC,19549,19549,132.54K,132.54K,NEW,<.01%
03675P102,AVR,ANTERIS TECHNOLOGIES GLOBAL,23590,23590,130.93K,130.93K,NEW,<.01%
62855J104,MYGN,MYRIAD GENETICS INC,28766,28766,129.45K,129.45K,NEW,<.01%
53224K302,LTBR,LIGHTBRIDGE CORP,12111,12111,129.1K,129.1K,NEW,<.01%
64119N608,NTSK,NETSKOPE INC,15021,15021,127.53K,127.53K,NEW,<.01%
84863T106,SPOK,SPOK HLDGS INC,11367,11367,123.9K,123.9K,NEW,<.01%
17248W303,CING,CINGULATE INC,34839,19657,216.35K,122.07K,+129.5%,<.01%
444144109,HDSN,HUDSON TECHNOLOGIES INC,20699,20699,121.71K,121.71K,NEW,<.01%
14280C105,CARL,CARLSMED INC,13352,13352,120.84K,120.84K,NEW,<.01%
654484609,NB,NIOCORP DEVS LTD,27028,27028,120.55K,120.55K,NEW,<.01%
602496101,MDXG,MIMEDX GROUP INC,30316,30316,119.75K,119.75K,NEW,<.01%
92663R105,VMD,VIEMED HEALTHCARE INC,12924,12924,119.03K,119.03K,NEW,<.01%
M4R82T106,FVRR,FIVERR INTL LTD,11856,11856,118.8K,118.8K,NEW,<.01%
257554105,HUCK,DOMO INC,38732,38732,118.52K,118.52K,NEW,<.01%
805111101,SVRA,SAVARA INC,21344,21344,116.54K,116.54K,NEW,<.01%
238337109,PLAY,DAVE & BUSTERS ENTMT INC,10617,10617,114.98K,114.98K,NEW,<.01%
92707Y108,VFF,VILLAGE FARMS INTL INC,40420,40420,114.79K,114.79K,NEW,<.01%
38046C109,GOGO,GOGO INC,28188,28188,113.32K,113.32K,NEW,<.01%
76954A103,RIVN,RIVIAN AUTOMOTIVE INC,257662,7438,3.88M,111.94K,+3%,0.05%
39813G109,GDYN,GRID DYNAMICS HLDGS INC,19623,19623,111.85K,111.85K,NEW,<.01%
073463309,BODI,THE BEACHBODY COMPANY INC,10262,10262,111.44K,111.44K,NEW,<.01%
75025X100,RLGT,RADIANT LOGISTICS INC,15776,15776,111.22K,111.22K,NEW,<.01%
913290102,UNTY,UNITY BANCORP INC,10060,2117,521.41K,109.72K,+26.7%,<.01%
129500104,CAL,CALERES INC,10238,10238,107.91K,107.91K,NEW,<.01%
59124U605,MTA,METALLA RTY & STREAMING LTD,46704,16201,309.65K,107.41K,+53.1%,<.01%
74587V107,PBYI,PUMA BIOTECHNOLOGY INC,16745,16745,107K,107K,NEW,<.01%
76029N106,REPL,REPLIMUNE GROUP INC,28615,13920,218.91K,106.49K,+94.7%,<.01%
34385P108,LAB,STANDARD BIOTOOLS INC,114899,114899,105.63K,105.63K,NEW,<.01%
M25722105,CGEN,COMPUGEN LTD,62306,49510,132.71K,105.46K,+386.9%,<.01%
877619106,TSHA,TAYSHA GENE THERAPIES INC,23499,23499,105.04K,105.04K,NEW,<.01%
700215304,TRAK,REPOSITRAK INC,13813,13813,104.98K,104.98K,NEW,<.01%
98459U103,YALA,YALLA GROUP LTD,16740,16740,104.29K,104.29K,NEW,<.01%
137404109,CADL,CANDEL THERAPEUTICS INC,21023,21023,103.01K,103.01K,NEW,<.01%
517097101,LGO,LARGO INC,156396,91396,176.26K,103.01K,+140.6%,<.01%
78463M107,SPSC,SPS COMM INC,19319,1830,1.08M,101.88K,+10.5%,0.01%
00972D105,AKBA,AKEBIA THREAPEUTICS INC,89261,72700,124.07K,101.05K,+439%,<.01%
00138L108,RERE,ATRENEW INC,62347,21439,292.41K,100.55K,+52.4%,<.01%
50127T109,KURA,KURA ONCOLOGY INC,12227,12227,99.41K,99.41K,NEW,<.01%
20451W101,CMPS,COMPASS PATHWAYS PLC,17891,17891,98.94K,98.94K,NEW,<.01%
46124U107,IVA,INVENTIVA SA,84323,17394,467.99K,96.54K,+26%,<.01%
130788102,CWT,CALIFORNIA WTR SVC GROUP,10524,2111,477.16K,95.71K,+25.1%,<.01%
798241105,SJT,SAN JUAN BASIN RTY TR,19652,19652,94.53K,94.53K,NEW,<.01%
95058W100,WEN,WENDYS CO,13440,13440,93.41K,93.41K,NEW,<.01%
596278101,MIDD,MIDDLEBY CORP,3672,701,486.83K,92.94K,+23.6%,<.01%
35952H700,FCEL,FUELCELL ENERGY INC,13793,13793,90.07K,90.07K,NEW,<.01%
22658D100,CRCT,CRICUT INC,23569,23569,88.15K,88.15K,NEW,<.01%
001228501,MITT,TPG MTG INVTS TR INC,11888,11888,86.9K,86.9K,NEW,<.01%
00851L103,API,AGORA INC,24546,24546,86.89K,86.89K,NEW,<.01%
82003F309,SKYA,SHARPS TECHNOLOGY INC,51074,51074,85.8K,85.8K,NEW,<.01%
591520200,MEI,METHODE ELECTRS INC,15447,15447,85.27K,85.27K,NEW,<.01%
00215F107,ATNI,ATN INTL INC,15830,3001,430.89K,81.69K,+23.4%,<.01%
13462K109,CWH,CAMPING WORLD HLDGS INC,11958,11958,81.67K,81.67K,NEW,<.01%
76122Q105,RGP,RESOURCES CONNECTION INC,21722,21722,81.02K,81.02K,NEW,<.01%
37954Y657,PFFD,GLOBAL X FDS,56300,4394,1.04M,80.85K,+8.5%,0.01%
01626L204,ALGS,ALIGOS THERAPEUTICS INC,10822,10822,80.41K,80.41K,NEW,<.01%
374163103,GERN,GERON CORP,232332,53835,346.18K,80.21K,+30.2%,<.01%
09203E105,BDTX,BLACK DIAMOND THERAPEUTICS I,37474,37474,79.82K,79.82K,NEW,<.01%
29382R107,EVC,ENTRAVISION COMMUNICATIONS C,26640,26640,79.12K,79.12K,NEW,<.01%
47103N106,JBI,JANUS INTERNATIONAL GROUP IN,29140,15286,150.07K,78.72K,+110.3%,<.01%
82024L103,STTK,SHATTUCK LABS INC,12134,12134,78.02K,78.02K,NEW,<.01%
319390100,FBIZ,FIRST BUSINESS FINL SVCS INC,6032,1428,325.31K,77.01K,+31%,<.01%
021513106,ALTO,ALTO INGREDIENTS INC,15551,15551,75.27K,75.27K,NEW,<.01%
53946R106,LDI,LOANDEPOT INC,95864,52324,136.13K,74.3K,+120.2%,<.01%
860897107,SFIX,STITCH FIX INC,22105,22105,73.17K,73.17K,NEW,<.01%
003881307,ACTG,ACACIA RESH CORP,15079,15079,72.53K,72.53K,NEW,<.01%
05153U107,AURA,AURA BIOSCIENCES INC,10667,10667,71.36K,71.36K,NEW,<.01%
758075402,RWT,REDWOOD TRUST INC,12579,12579,70.57K,70.57K,NEW,<.01%
203668108,CYH,COMMUNITY HEALTH SYS INC NEW,23713,23713,69.72K,69.72K,NEW,<.01%
M6240T109,KMDA,KAMADA LTD,30194,8305,251.82K,69.26K,+37.9%,<.01%
464286608,EZU,ISHARES INC,16702,1093,1.05M,68.47K,+7%,0.01%
14161Y200,CRDL,CARDIOL THERAPEUTICS INC,47887,47887,64.65K,64.65K,NEW,<.01%
03212B103,AMPY,AMPLIFY ENERGY CORP NEW,33147,9984,206.84K,62.3K,+43.1%,<.01%
055869101,BTQ,BTQ TECHNOLOGIES CORP,22976,22976,61.35K,61.35K,NEW,<.01%
45719W205,IKT,INHIBIKASE THERAPEUTICS INC,36062,36062,60.58K,60.58K,NEW,<.01%
29446K106,EQ,EQUILLIUM INC,28760,28760,57.52K,57.52K,NEW,<.01%
423403104,MOMO,HELLO GROUP INC,70618,9973,406.76K,57.44K,+16.4%,<.01%
07556Q881,BZH,BEAZER HOMES USA INC,16004,2980,307.92K,57.34K,+22.9%,<.01%
06684L103,BZUN,BAOZUN INC,42937,23675,102.62K,56.58K,+122.9%,<.01%
L01800108,ALVO,ALVOTECH,16412,16412,56.29K,56.29K,NEW,<.01%
02128L106,ALTG,ALTA EQUIPMENT GROUP INC,10393,10393,55.81K,55.81K,NEW,<.01%
00461U105,ACRS,ACLARIS THERAPEUTICS INC,72540,14870,272.02K,55.76K,+25.8%,<.01%
12674W109,CABA,CABALETTA BIO INC,87060,20683,234.19K,55.64K,+31.2%,<.01%
690469101,OVID,OVID THERAPEUTICS INC,111804,23930,248.21K,53.12K,+27.2%,<.01%
69353Y103,PMVP,PMV PHARMACEUTICALS INC,61174,42746,75.86K,53.01K,+232%,<.01%
059460303,BBD,BANCO BRADESCO S A,13495,13495,49.26K,49.26K,NEW,<.01%
G85727108,SDA,SUNCAR TECHNOLOGY GROUP INC,28411,28411,48.3K,48.3K,NEW,<.01%
G33856108,GSM,FERROGLOBE PLC,11602,11602,47.8K,47.8K,NEW,<.01%
26205E107,DTI,DRILLING TOOLS INTL CORP,12008,12008,46.79K,46.79K,NEW,<.01%
00091G104,ACVA,ACV AUCTIONS INC,51484,11023,218.29K,46.74K,+27.2%,<.01%
005329107,ADAG,ADAGENE INC,11617,11617,45.54K,45.54K,NEW,<.01%
38500T200,GTE,GRAN TIERRA ENERGY INC,175598,4967,1.58M,44.56K,+2.9%,0.02%
14167R100,CCLD,CARECLOUD INC,11938,11938,43.57K,43.57K,NEW,<.01%
29259W700,EU,ENCORE ENERGY CORP,141062,23386,253.91K,42.09K,+19.9%,<.01%
747798106,HTT,HIGH TEMPLAR TECHNOLOGY LTD,21209,21209,41.15K,41.15K,NEW,<.01%
868927203,SRFM,SURF AIR MOBILITY INC,125322,35307,144.12K,40.6K,+39.2%,<.01%
799566104,SANA,SANA BIOTECHNOLOGY INC,14004,14004,40.33K,40.33K,NEW,<.01%
92333E104,VENU,VENU HLDG CORP,11707,11707,38.75K,38.75K,NEW,<.01%
G0450A105,ACGL,ARCH CAP GROUP LTD,8539,389,819.66K,37.34K,+4.8%,<.01%
00175J107,POWW,OUTDOOR HOLDING CO,17981,17981,36.14K,36.14K,NEW,<.01%
681936100,OHI,OMEGA HEALTHCARE INVS INC,33064,817,1.45M,35.8K,+2.5%,0.02%
84920Y106,SPWH,SPORTSMANS WHSE HLDGS INC,24843,24843,35.03K,35.03K,NEW,<.01%
92335C106,VRA,VERA BRADLEY INC,10473,10473,33.09K,33.09K,NEW,<.01%
4525EP101,IMUX,IMMUNIC INC,29627,29627,32.89K,32.89K,NEW,<.01%
292765104,EPAC,ENERPAC TOOL GROUP CORP,22262,894,811.89K,32.6K,+4.2%,<.01%
23130Q107,CURI,CURIOSITYSTREAM INC,10805,10805,31.98K,31.98K,NEW,<.01%
61218C103,MNTK,MONTAUK RENEWABLES INC,26928,26928,30.97K,30.97K,NEW,<.01%
19249H103,CHRS,COHERUS ONCOLOGY INC,17775,17775,30.04K,30.04K,NEW,<.01%
G9471C206,EVTL,VERTICAL AEROSPACE LTD,152451,13547,336.92K,29.94K,+9.8%,<.01%
G47862100,CURR,CURRENC GROUP INC,10497,10497,27.5K,27.5K,NEW,<.01%
34962G208,FBRX,FORTE BIOSCIENCES INC,18622,1049,482.31K,27.17K,+6%,<.01%
47580P103,JELD,JELD-WEN HLDG INC,68430,20867,84.85K,25.88K,+43.9%,<.01%
30052C107,EOLS,EVOLUS INC,24068,5973,98.92K,24.55K,+33%,<.01%
74969N103,RLX,RLX TECHNOLOGY INC,10284,10284,22.62K,22.62K,NEW,<.01%
20460L104,SPWR,SUNPOWER INC,17514,17514,22.24K,22.24K,NEW,<.01%
669549107,NWFL,NORWOOD FINANCIAL CORP,9239,727,271.81K,21.39K,+8.5%,<.01%
206787103,CNDT,CONDUENT INC,16571,16571,21.21K,21.21K,NEW,<.01%
78471E105,SKYX,SKYX PLATFORMS CORP,40992,18415,45.91K,20.62K,+81.6%,<.01%
45782T105,INMB,INMUNE BIO INC,32362,15401,36.57K,17.4K,+90.8%,<.01%
05280R100,AUTL,AUTOLUS THERAPEUTICS LTD,54733,12392,75.53K,17.1K,+29.3%,<.01%
268150109,DT,DYNATRACE INC,70000,438,2.59M,16.2K,+0.6%,0.03%
192005106,CDXS,CODEXIS INC,64199,9764,104.64K,15.92K,+17.9%,<.01%
04272N102,AVBP,ARRIVENT BIOPHARMA INC,13307,544,306.99K,12.55K,+4.3%,<.01%
83125X103,SNBRQ,SLEEP NUMBER CORP,21448,6143,38.5K,11.03K,+40.1%,<.01%
766559702,RIGL,RIGEL PHARMACEUTICALS INC,12181,359,329.37K,9.71K,+3%,<.01%
45257L108,IMMP,IMMUTEP LTD,26910,26910,9.45K,9.45K,NEW,<.01%
20454B104,CMPX,COMPASS THERAPEUTICS INC,13845,1552,73.24K,8.21K,+12.6%,<.01%
909214306,UIS,UNISYS CORP,21088,3946,43.65K,8.17K,+23%,<.01%
36257Y109,GOTU,GAOTU TECHEDU INC,43600,4146,85.46K,8.13K,+10.5%,<.01%
05352A100,AVTR,AVANTOR INC,76817,793,602.25K,6.22K,+1%,<.01%
84833T103,SPRO,SPERO THERAPEUTICS INC,40128,2329,93.9K,5.45K,+6.2%,<.01%
107924102,BBOT,BRIDGEBIO ONCOLOGY THERAPEUT,13351,429,119.49K,3.84K,+3.3%,<.01%
18270P109,CLAR,CLARUS CORP NEW,17616,954,47.92K,2.59K,+5.7%,<.01%
80105N105,SNY,SANOFI SA,60025,0,2.89M,0,NO CHANGE,0.03%
921937793,BLV,VANGUARD BD INDEX FDS,21538,0,1.48M,0,NO CHANGE,0.02%
67119K102,NUTR,NUSATRIP INC,108716,0,978.44K,0,NO CHANGE,0.01%
G3139J109,EFTY,ETOILES CAP GROUP CO. LTD,43691,0,656.24K,0,NO CHANGE,<.01%
G3041J106,EMPG,EMPRO GROUP INC,28405,0,493.11K,0,NO CHANGE,<.01%
77106A108,LAWR,ROBOT CONSULTING CO LTD,30707,0,115.15K,0,NO CHANGE,<.01%
184492106,ZONE,CLEANCORE SOLUTIONS INC,59342,0,21.14K,0,NO CHANGE,<.01%
339382103,FLXS,FLEXSTEEL INDS INC,8660,-41,389.18K,-1.84K,-0.5%,<.01%
28657F103,ELTX,ELICIO THERAPEUTICS INC,16912,-247,180.79K,-2.64K,-1.4%,<.01%
68375N103,OPK,OPKO HEALTH INC,88937,-2765,101.39K,-3.15K,-3%,<.01%
G9572D103,BULL,WEBULL CORP,23237,-758,111.54K,-3.64K,-3.2%,<.01%
38149E101,GLDG,GOLDMINING INC,30970,-4458,36.85K,-5.3K,-12.6%,<.01%
G0136M101,AGRZ,AGROZ INC.,0,-13451,0,-10.36K,CLOSE,0%
25253X207,DMAC,DIAMEDICA THERAPEUTICS INC,22039,-1533,149.2K,-10.38K,-6.5%,<.01%
316092865,FUTY,FIDELITY COVINGTON TRUST,97657,-193,5.77M,-11.4K,-0.2%,0.07%
G8437Q101,STFS,STAR FASHION CULTURE HLDGS L,0,-132243,0,-13.26K,CLOSE,0%
G3730L107,GSIW,GARDEN STAGE LIMITED,0,-104369,0,-13.48K,CLOSE,0%
55933J203,MX,MAGNACHIP SEMICONDUCTOR CORP,19169,-5251,53.67K,-14.7K,-21.5%,<.01%
105861306,ATLX,ATLAS LITHIUM CORP,10681,-3820,46.46K,-16.62K,-26.3%,<.01%
00534A102,IVVD,INVIVYD INC,78433,-12808,101.96K,-16.65K,-14%,<.01%
54948X109,LUCD,LUCID DIAGNOSTICS INC,0,-15801,0,-17.22K,CLOSE,0%
47089W104,AIFC,ALT5 SIGMA CORP,0,-15786,0,-17.36K,CLOSE,0%
359523107,FTEK,FUEL TECH INC,0,-11579,0,-18.06K,CLOSE,0%
M20598104,CSTE,CAESARSTONE LTD,0,-10502,0,-19.53K,CLOSE,0%
17166A101,CBUS,CIBUS INC,0,-11618,0,-20.21K,CLOSE,0%
74168J101,PRME,PRIME MEDICINE INC,46893,-5973,163.19K,-20.79K,-11.3%,<.01%
753422104,RPD,RAPID7 INC,23792,-3992,131.09K,-22K,-14.4%,<.01%
48253L205,KLXE,KLX ENERGY SERVICS HOLDNGS I,0,-12568,0,-23.75K,CLOSE,0%
92854B109,VANI,VIVANI MEDICAL INC,0,-19333,0,-23.78K,CLOSE,0%
16679L109,CHWY,CHEWY INC,17394,-912,469.64K,-24.62K,-5%,<.01%
98955K104,ZVIA,ZEVIA PBC,0,-11201,0,-25.99K,CLOSE,0%
686275207,OESX,ORION ENERGY SYS INC,10080,-3076,88.1K,-26.88K,-23.4%,<.01%
00032Q104,WHWK,WHITEHAWK THERAPEUTICS INC,0,-11447,0,-27.7K,CLOSE,0%
68554V108,OSUR,ORASURE TECHNOLOGIES INC,0,-11475,0,-27.77K,CLOSE,0%
205750409,LODE,COMSTOCK INC,29982,-9169,91.44K,-27.97K,-23.4%,<.01%
10482B101,BHR,BRAEMAR HOTELS & RESORTS INC,0,-10317,0,-29.61K,CLOSE,0%
35138V102,FOXF,FOX FACTORY HLDG CORP,19685,-1837,324.01K,-30.24K,-8.5%,<.01%
591774104,MCB,METROPOLITAN BK HLDG CORP,5751,-373,479K,-31.07K,-6.1%,<.01%
624758108,MWA,MUELLER WTR PRODS INC,7384,-1180,202.99K,-32.44K,-13.8%,<.01%
03464C205,AEC,ANFIELD ENERGY INC,19096,-5873,106.56K,-32.77K,-23.5%,<.01%
30219Q106,EXFY,EXPENSIFY INC,0,-22131,0,-33.42K,CLOSE,0%
30052F100,EVGO,EVGO INC,0,-11758,0,-34.22K,CLOSE,0%
527064208,LESL,LESLIES INC,0,-20750,0,-34.24K,CLOSE,0%
88554D205,DDD,3D SYS CORP DEL,31527,-18228,59.27K,-34.27K,-36.6%,<.01%
747301109,QUAD,QUAD / GRAPHICS INC,10743,-5199,71.01K,-34.37K,-32.6%,<.01%
29384C108,TRDA,ENTRADA THERAPEUTICS INC,17538,-2780,221.33K,-35.08K,-13.7%,<.01%
G98338109,YTRA,YATRA ONLINE INC,0,-20105,0,-35.79K,CLOSE,0%
G9087Q102,TROX,TRONOX HOLDINGS PLC,15574,-3707,152.16K,-36.22K,-19.2%,<.01%
09077A106,BMEA,BIOMEA FUSION INC,46162,-23770,70.63K,-36.37K,-34%,<.01%
02155H200,ALT,ALTIMMUNE INC,0,-10101,0,-36.47K,CLOSE,0%
89455T109,TMCI,TREACE MED CONCEPTS INC,32552,-28092,43.62K,-37.64K,-46.3%,<.01%
090683103,BTMD,BIOTE CORP,0,-14769,0,-38.4K,CLOSE,0%
Y73760400,SHIP,SEANERGY MARITIME HLDGS CORP,11754,-2995,151.74K,-38.67K,-20.3%,<.01%
19243B102,CGTX,COGNITION THERAPEUTICS INC,0,-29513,0,-39.84K,CLOSE,0%
65487U108,NKTX,NKARTA INC,0,-22111,0,-40.91K,CLOSE,0%
297584104,ESLA,ESTRELLA IMMUNOPHARMA INC,0,-27781,0,-43.34K,CLOSE,0%
403949100,DINO,HF SINCLAIR CORP,29001,-707,1.81M,-44.11K,-2.4%,0.02%
44955L106,IAUX,I-80 GOLD CORP,183594,-29147,279.06K,-44.3K,-13.7%,<.01%
277802500,BLNE,BEELINE HOLDINGS INC,0,-27471,0,-47.25K,CLOSE,0%
65481N100,NIU,NIU TECHNOLOGIES,0,-15660,0,-47.45K,CLOSE,0%
Y9390M103,VFS,VINFAST AUTO LTD,0,-14412,0,-48.14K,CLOSE,0%
004890109,ACRV,ACRIVON THERAPEUTICS INC,0,-20730,0,-49.96K,CLOSE,0%
G0262A103,AHMA,AMBITIONS ENTERPRISE MGMT CO,0,-10128,0,-50.03K,CLOSE,0%
53566P109,LCTX,LINEAGE CELL THERAPEUTICS IN,0,-30632,0,-51.16K,CLOSE,0%
26443V101,DLTH,DULUTH HLDGS INC,0,-24882,0,-51.75K,CLOSE,0%
G79483106,LAES,SEALSQ CORP,0,-14046,0,-53.09K,CLOSE,0%
00847G804,AGEN,AGENUS INC,0,-17121,0,-53.76K,CLOSE,0%
H82027105,SOPH,SOPHIA GENETICS SA,0,-11649,0,-54.4K,CLOSE,0%
59102M104,MGX,METAGENOMI INC,0,-33917,0,-54.95K,CLOSE,0%
92337U302,TONX,TON STRATEGY CO,0,-27849,0,-55.42K,CLOSE,0%
83419D201,SLSR,SOLARIS RES INC,10093,-6507,86.6K,-55.83K,-39.2%,<.01%
57777K106,MXCT,MAXCYTE INC,0,-36348,0,-56.34K,CLOSE,0%
57667T100,MTLS,MATERIALISE NV,0,-10162,0,-56.4K,CLOSE,0%
83411A205,STKE,SOL STRATEGIES INC,0,-37130,0,-56.81K,CLOSE,0%
64550A107,HOVR,NEW HORIZON AIRCRAFT LTD,24666,-40312,34.78K,-56.84K,-62%,<.01%
92347M100,VERI,VERITONE INC,0,-12342,0,-57.39K,CLOSE,0%
629337106,NNBR,NN INC,20802,-39673,30.16K,-57.53K,-65.6%,<.01%
90114C107,TUYA,TUYA INC,0,-27706,0,-58.46K,CLOSE,0%
91544A109,UPLD,UPLAND SOFTWARE INC,0,-40987,0,-58.61K,CLOSE,0%
105230106,BOF,BRANCHOUT FOOD INC,0,-18516,0,-58.88K,CLOSE,0%
729139105,PLRX,PLIANT THERAPEUTICS INC,50981,-46910,64.24K,-59.11K,-47.9%,<.01%
50105F105,KRO,KRONOS WORLDWIDE INC,0,-13434,0,-59.38K,CLOSE,0%
03837J309,AQMS,AQUA METALS INC,0,-12621,0,-60.58K,CLOSE,0%
86183P102,SRI,STONERIDGE INC,0,-10467,0,-60.6K,CLOSE,0%
07373B109,BEEM,BEAM GLOBAL,0,-40514,0,-60.77K,CLOSE,0%
G55032174,HOLO,MICROCLOUD HOLOGRAM INC,0,-24104,0,-63.63K,CLOSE,0%
96812F102,BAER,BRIDGER AEROSPACE GRP HLDGS,12336,-32222,24.43K,-63.8K,-72.3%,<.01%
42225T107,HCAT,HEALTH CATALYST INC,0,-26888,0,-64.26K,CLOSE,0%
87164F105,SNDX,SYNDAX PHARMACEUTICALS INC,12129,-2757,283.33K,-64.4K,-18.5%,<.01%
G1331C104,BGL,BLUE GOLD LTD,0,-33709,0,-64.72K,CLOSE,0%
45773H409,INO,INOVIO PHARMACEUTICALS INC,0,-37222,0,-64.77K,CLOSE,0%
21833P301,CRBP,CORBUS PHARMACEUTICALS HLDGS,22986,-6903,215.84K,-64.82K,-23.1%,<.01%
371901109,GNTX,GENTEX CORP,18420,-3007,402.48K,-65.7K,-14%,<.01%
04013V108,ACRE,ARES COML REAL ESTATE CORP,0,-13916,0,-66.52K,CLOSE,0%
60510V108,AVO,MISSION PRODUCE INC,19002,-4869,261.47K,-67K,-20.4%,<.01%
21077P108,CNTX,CONTEXT THERAPEUTICS INC,0,-46220,0,-67.94K,CLOSE,0%
46990A102,JRVR,JAMES RIV GROUP HOLDINGS INC,0,-10688,0,-67.98K,CLOSE,0%
83193E102,EM,SMART SH GLOBAL LTD,0,-59126,0,-69.18K,CLOSE,0%
08975B109,BBAI,BIGBEAR AI HLDGS INC,0,-12821,0,-69.23K,CLOSE,0%
911549103,UAMY,UNITED STATES ANTIMONY CORP,0,-14204,0,-71.3K,CLOSE,0%
588056101,MERC,MERCER INTL INC,0,-37009,0,-73.28K,CLOSE,0%
90466Y202,UNCY,UNICYCIVE THERAPEUTICS INC,27917,-11197,183.69K,-73.68K,-28.6%,<.01%
G28687104,DGNX,DIGINEX LTD,0,-17809,0,-74.26K,CLOSE,0%
288578107,EARN,ELLINGTON CREDIT COMPANY,0,-14202,0,-74.84K,CLOSE,0%
500946108,KRRO,KORRO BIO INC,20356,-6708,230.43K,-75.93K,-24.8%,<.01%
00770K202,AMTX,AEMETIS INC,0,-55581,0,-77.26K,CLOSE,0%
83193G107,SMRT,SMARTRENT INC,0,-38770,0,-78.31K,CLOSE,0%
02074J501,ACOG,ALPHA COGNITION INC,0,-12501,0,-81.26K,CLOSE,0%
75508B104,RYAM,RAYONIER ADVANCED MATLS INC,0,-13843,0,-81.53K,CLOSE,0%
88032L605,TENX,TENAX THERAPEUTICS INC,15472,-5176,247.4K,-82.76K,-25.1%,<.01%
50186V102,LPL,LG DISPLAY CO LTD,0,-19889,0,-83.73K,CLOSE,0%
95766K109,HIO,WESTERN ASSET HIGH INCOME OP,0,-23257,0,-86.28K,CLOSE,0%
82536T107,SSTI,SOUNDTHINKING INC,0,-10871,0,-87.29K,CLOSE,0%
G9161K112,MF,U-BX TECHNOLOGY LTD,69129,-26371,230.89K,-88.08K,-27.6%,<.01%
43538H103,HLLY,HOLLEY INC,0,-21420,0,-88.47K,CLOSE,0%
359678109,FLL,FULL HSE RESORTS INC,0,-33955,0,-88.62K,CLOSE,0%
105368203,BDN,BRANDYWINE RLTY TR,0,-30564,0,-89.25K,CLOSE,0%
913483103,UEIC,UNIVERSAL ELECTRS INC,0,-24957,0,-90.09K,CLOSE,0%
140755307,TVRD,TVARDI THERAPEUTICS INC,0,-20964,0,-90.14K,CLOSE,0%
030371108,AVD,AMERICAN VANGUARD CORP,0,-23612,0,-90.2K,CLOSE,0%
014442107,ALEC,ALECTOR INC,19486,-42787,41.9K,-91.99K,-68.7%,<.01%
18270D106,CMTG,CLAROS MTG TR INC,0,-30182,0,-92.36K,CLOSE,0%
640491106,NEOG,NEOGEN CORP,0,-13341,0,-93.25K,CLOSE,0%
M8744T106,TBLA,TABOOLA.COM LTD,27855,-30102,86.35K,-93.32K,-51.9%,<.01%
229050307,CYRX,CRYOPORT INC,0,-10117,0,-97.12K,CLOSE,0%
92827K301,VTSI,VIRTRA INC,0,-23145,0,-97.21K,CLOSE,0%
67010L100,NVX,NOVONIX LIMITED,0,-96306,0,-97.27K,CLOSE,0%
91359E105,UHT,UNIVERSAL HEALTH RLTY INCOME,6837,-2413,276.69K,-97.65K,-26.1%,<.01%
M51474118,GILT,GILAT SATELLITE NETWORKS LTD,27740,-6600,416.65K,-99.13K,-19.2%,<.01%
04071F102,TETH,21SHARES ETHEREUM ETF,14070,-9480,147.31K,-99.26K,-40.3%,<.01%
92511W207,VRCA,VERRICA PHARMACEUTICALS INC,0,-11954,0,-99.34K,CLOSE,0%
72815L107,PLTK,PLAYTIKA HLDG CORP,0,-25463,0,-100.58K,CLOSE,0%
45817G201,IDN,INTELLICHECK MOBILISA INC,19557,-14403,136.7K,-100.68K,-42.4%,<.01%
29286M105,ENGN,ENGENE HOLDINGS INC,33797,-14786,230.16K,-100.69K,-30.4%,<.01%
04523Y105,ASPN,ASPEN AEROGELS INC,0,-35583,0,-100.7K,CLOSE,0%
817323405,SQNS,SEQUANS COMMUNICATIONS S A,0,-22509,0,-101.06K,CLOSE,0%
81578P106,SEER,SEER INC,0,-55308,0,-101.21K,CLOSE,0%
68373J104,LPRO,OPEN LENDING CORP,0,-65376,0,-101.33K,CLOSE,0%
00509G209,ABOS,ACUMEN PHARMACEUTICALS INC,0,-49046,0,-103.49K,CLOSE,0%
171077407,NAGE,NIAGEN BIOSCIENCE INC,0,-16367,0,-104.09K,CLOSE,0%
19188U206,CODA,CODA OCTOPUS GROUP INC,0,-11218,0,-104.33K,CLOSE,0%
N44821101,IFRX,INFLARX NV,0,-103337,0,-104.37K,CLOSE,0%
Y2990R101,HAFN,HAFNIA LTD,0,-19628,0,-104.62K,CLOSE,0%
050734201,AEYE,AUDIOEYE INC,0,-10492,0,-104.81K,CLOSE,0%
88675P103,TYGO,TIGO ENERGY INC,0,-77187,0,-106.52K,CLOSE,0%
39986L109,GRWG,GROWGENERATION CORP,0,-71034,0,-106.55K,CLOSE,0%
589492107,MREO,MEREO BIOPHARMA GROUP PLC,0,-266731,0,-111.15K,CLOSE,0%
640671400,NEPH,NEPHROS INC,0,-23004,0,-112.26K,CLOSE,0%
55279B301,LITS,LITE STRATEGY INC,0,-85149,0,-112.4K,CLOSE,0%
31447P100,FENC,FENNEC PHARMACEUTICALS INC,0,-14761,0,-113.66K,CLOSE,0%
25381B101,DMRC,DIGIMARC CORP NEW,0,-17618,0,-115.57K,CLOSE,0%
747324101,PYXS,PYXIS ONCOLOGY INC,0,-100536,0,-115.62K,CLOSE,0%
45258H106,IMMX,IMMIX BIOPHARMA INC,0,-22120,0,-115.69K,CLOSE,0%
92762J103,VIOT,VIOMI TECHNOLOGY CO LTD,0,-63827,0,-117.44K,CLOSE,0%
85237B101,TRON,TRON INC,0,-94964,0,-117.75K,CLOSE,0%
44975P103,NBP,NOVABRIDGE BIOSCIENCES,0,-29588,0,-117.76K,CLOSE,0%
528877103,LX,LEXINFINTECH HLDGS LTD,104427,-54254,227.65K,-118.27K,-34.2%,<.01%
75574U101,RC,READY CAPITAL CORP,101979,-73016,165.21K,-118.29K,-41.7%,<.01%
68403P203,ORMP,ORAMED PHARMACEUTICALS INC,0,-41734,0,-118.94K,CLOSE,0%
92915B106,VYGR,VOYAGER THERAPEUTICS INC,0,-30425,0,-119.57K,CLOSE,0%
654902204,NOK,NOKIA CORP,0,-18496,0,-119.67K,CLOSE,0%
24661P807,DCTH,DELCATH SYS INC,0,-11888,0,-120.07K,CLOSE,0%
020398707,ALM,ALMONTY INDS INC,99718,-8351,1.44M,-120.92K,-7.7%,0.02%
56155L108,TUSK,MAMMOTH ENERGY SVCS INC,0,-65875,0,-121.87K,CLOSE,0%
471871202,JSPR,JASPER THERAPEUTICS INC,0,-67267,0,-123.1K,CLOSE,0%
78463X202,FEZ,SPDR INDEX SHS FDS,9118,-1986,566.04K,-123.29K,-17.9%,<.01%
69404D108,PACB,PACIFIC BIOSCIENCES CALIF IN,112503,-93907,148.5K,-123.96K,-45.5%,<.01%
68236V401,FRMM,ETHZILLA CORPORATION,0,-25912,0,-126.97K,CLOSE,0%
82728C102,SVCO,SILVACO GROUP INC,13725,-17957,97.17K,-127.14K,-56.7%,<.01%
59982U200,SUIG,SUI GROUP HOLDINGS LIMITED,0,-76905,0,-128.43K,CLOSE,0%
74365U107,TARA,PROTARA THERAPEUTICS INC,0,-24184,0,-128.9K,CLOSE,0%
64440N103,NFGC,NEW FOUND GOLD CORP,0,-43405,0,-128.91K,CLOSE,0%
92828Q109,VRTS,VIRTUS INVT PARTNERS INC,6525,-974,876.63K,-130.86K,-13%,0.01%
05637B105,BLZE,BACKBLAZE INC,0,-28164,0,-131.24K,CLOSE,0%
M0854Q105,ALLT,ALLOT LTD,0,-13481,0,-132.52K,CLOSE,0%
G5331N101,KYIV,KYIVSTAR GROUP LTD,0,-10257,0,-133.14K,CLOSE,0%
49435R102,KRP,KIMBELL RTY PARTNERS LP,0,-11358,0,-133.57K,CLOSE,0%
009422106,AIRO,AIRO GROUP HLDGS INC,0,-16351,0,-133.75K,CLOSE,0%
038923108,ABR,ARBOR REALTY TRUST INC,0,-17294,0,-134.2K,CLOSE,0%
08975P108,CMRC,COMMERCE.COM INC,0,-32624,0,-134.41K,CLOSE,0%
670002401,NVAX,NOVAVAX INC,0,-20226,0,-135.92K,CLOSE,0%
74766Q101,QTRX,QUANTERIX CORP,0,-21707,0,-138.06K,CLOSE,0%
21217B100,CTNM,CONTINEUM THERAPEUTICS INC,12799,-10578,167.16K,-138.15K,-45.2%,<.01%
09076J207,BHST,BIOHARVEST SCIENCES INC,0,-27065,0,-140.47K,CLOSE,0%
47103J105,JANX,JANUX THERAPEUTICS INC,22889,-10113,318.16K,-140.57K,-30.6%,<.01%
08205P209,BNTC,BENITEC BIOPHARMA INC,18085,-13396,192.6K,-142.67K,-42.6%,<.01%
01861F102,AENT,ALLIANCE ENTERTAINMENT HOLDI,0,-17727,0,-143.23K,CLOSE,0%
590717401,MESO,MESOBLAST LTD,17247,-9319,265.26K,-143.33K,-35.1%,<.01%
M6372Q113,KRNT,KORNIT DIGITAL LTD,0,-10022,0,-144.12K,CLOSE,0%
205684202,CHCI,COMSTOCK HLDG COS INC,0,-12423,0,-144.35K,CLOSE,0%
25400W102,APPS,DIGITAL TURBINE INC,0,-29277,0,-146.38K,CLOSE,0%
92214X106,VREX,VAREX IMAGING CORP,0,-12647,0,-147.34K,CLOSE,0%
702712209,PASG,PASSAGE BIO INC,0,-12578,0,-148.42K,CLOSE,0%
68386H103,OPFI,OPPFI INC,0,-14269,0,-149.25K,CLOSE,0%
N71542109,PRQR,PROQR THRAPEUTICS N V,12035,-92196,19.5K,-149.36K,-88.5%,<.01%
46620W201,JILL,J JILL INC,0,-10907,0,-149.64K,CLOSE,0%
09061G101,BMRN,BIOMARIN PHARMACEUTICAL INC,9492,-2653,536.2K,-149.87K,-21.8%,<.01%
826165201,SIDU,SIDUS SPACE INC,0,-48036,0,-150.83K,CLOSE,0%
055298103,BCBP,BCB BANCORP INC,0,-18776,0,-151.52K,CLOSE,0%
344057302,FLUX,FLUX PWR HLDGS INC,0,-119472,0,-151.73K,CLOSE,0%
83356Q108,SY,SO YOUNG INTERNATIONAL INC,0,-59524,0,-152.38K,CLOSE,0%
60742B102,MOB,MOBILICOM LTD,0,-24986,0,-152.41K,CLOSE,0%
G68707101,PAGS,PAGSEGURO DIGITAL LTD,0,-16070,0,-154.91K,CLOSE,0%
094235108,BLMN,BLOOMIN BRANDS INC,0,-25135,0,-155.08K,CLOSE,0%
98985Y108,ZYME,ZYMEWORKS INC,16735,-6282,419.04K,-157.3K,-27.3%,<.01%
25460G815,RETL,DIREXION SHS ETF TR,0,-17186,0,-158.46K,CLOSE,0%
92857W308,VOD,VODAFONE GROUP PLC NEW,0,-11997,0,-158.48K,CLOSE,0%
64051M709,NEON,NEONODE INC,0,-91185,0,-158.66K,CLOSE,0%
46222L108,IONQ,IONQ INC,565293,-5504,16.3M,-158.68K,-1%,0.19%
36866J105,GEMI,GEMINI SPACE STA INC,0,-16122,0,-159.93K,CLOSE,0%
28617K101,ELDN,ELEDON PHARMACEUTICALS INC,0,-106014,0,-160.08K,CLOSE,0%
05350V106,AVNS,AVANOS MED INC,0,-14296,0,-160.54K,CLOSE,0%
48251K100,KREF,KKR REAL ESTATE FIN TR INC,0,-19642,0,-161.46K,CLOSE,0%
501976104,KYTX,KYVERNA THERAPEUTICS INC,38411,-18958,331.49K,-163.61K,-33%,<.01%
92766K403,SPCE,VIRGIN GALACTIC HOLDINGS INC,72235,-67467,175.53K,-163.94K,-48.3%,<.01%
74019P207,DTIL,PRECISION BIOSCIENCES INC,32281,-29848,177.55K,-164.16K,-48%,<.01%
023139884,OSG,OCTAVE SPECIALTY GROUP INC,0,-21219,0,-165.08K,CLOSE,0%
904311107,UAA,UNDER ARMOUR INC,0,-33476,0,-166.38K,CLOSE,0%
871565107,ACNT,ASCENT INDUSTRIES CO,12198,-12691,162.35K,-168.92K,-51%,<.01%
11161T207,BWEN,BROADWIND INC,0,-60154,0,-170.24K,CLOSE,0%
03748R747,AIV,APARTMENT INVT & MGMT CO,0,-28682,0,-170.37K,CLOSE,0%
447324104,HURC,HURCO CO,0,-11055,0,-170.8K,CLOSE,0%
50181P100,LCNB,LCNB CORP,0,-10434,0,-171.01K,CLOSE,0%
405217100,HAIN,HAIN CELESTIAL GROUP INC,0,-159849,0,-171.04K,CLOSE,0%
282914100,EGHT,8X8 INC NEW,0,-86973,0,-171.34K,CLOSE,0%
927926303,VGZ,VISTA GOLD CORP,0,-87227,0,-171.84K,CLOSE,0%
03589W102,ANNX,ANNEXON INC,16903,-31670,93.64K,-175.45K,-65.2%,<.01%
07782B104,BLTE,BELITE BIO INC,23708,-1124,3.78M,-179.21K,-4.5%,0.04%
34960Q307,FBIO,FORTRESS BIOTECH INC,0,-49096,0,-179.69K,CLOSE,0%
09249E101,BHK,BLACKROCK CORE BD TR,0,-18762,0,-179.93K,CLOSE,0%
25862B109,DDI,DOUBLEDOWN INTERACTIVE CO LT,0,-20863,0,-180.05K,CLOSE,0%
12529R107,CCCC,C4 THERAPEUTICS INC,62760,-70352,165.06K,-185.03K,-52.9%,<.01%
68571X301,ORC,ORCHID IS CAP INC,0,-25775,0,-185.58K,CLOSE,0%
03237H101,AMLX,AMYLYX PHARMACEUTICALS INC,0,-15465,0,-186.82K,CLOSE,0%
87918A105,TDOC,TELADOC HEALTH INC,0,-27065,0,-189.46K,CLOSE,0%
749552105,RFIL,RF INDS LTD,0,-32938,0,-190.38K,CLOSE,0%
92719W207,VNCE,VINCE HLDG CORP,0,-46734,0,-190.68K,CLOSE,0%
G9TY5A101,ZURA,ZURA BIO LTD,0,-36572,0,-191.64K,CLOSE,0%
G1144A105,BTBT,BIT DIGITAL INC,387520,-147114,507.65K,-192.72K,-27.5%,<.01%
67080M103,NRIX,NURIX THERAPEUTICS INC,0,-10172,0,-192.96K,CLOSE,0%
38173M102,GBDC,GOLUB CAP BDC INC,0,-14239,0,-193.22K,CLOSE,0%
848560306,SPIR,SPIRE GLOBAL INC,0,-25777,0,-193.33K,CLOSE,0%
67577C105,OCGN,OCUGEN INC,0,-143929,0,-194.3K,CLOSE,0%
31810T101,FINV,FINVOLUTION GROUP,0,-37185,0,-194.48K,CLOSE,0%
04650F101,ATAI,ATAI BECKLEY NV,0,-47848,0,-195.7K,CLOSE,0%
14838T204,CTM,CASTELLUM INC,0,-217471,0,-196.42K,CLOSE,0%
22890A302,ORBS,EIGHTCO HOLDINGS INC,0,-113552,0,-196.44K,CLOSE,0%
90400D108,RARE,ULTRAGENYX PHARMACEUTICAL IN,56590,-9411,1.19M,-197.16K,-14.3%,0.01%
G65163100,JOBY,JOBY AVIATION INC,34809,-24094,287.52K,-199.02K,-40.9%,<.01%
583543301,SLNH,SOLUNA HOLDINGS INC,0,-170733,0,-199.76K,CLOSE,0%
78397Q109,SES,SES AI CORPORATION,235265,-208477,226.32K,-200.55K,-47%,<.01%
44486Q103,HUMA,HUMACYTE INC,0,-208959,0,-200.71K,CLOSE,0%
92512J106,VBNK,VERSABANK NEW,0,-13449,0,-201.36K,CLOSE,0%
84252A106,BCAL,CALIFORNIA BANCORP,0,-10922,0,-203.91K,CLOSE,0%
651229106,NWL,NEWELL BRANDS INC,0,-55142,0,-205.13K,CLOSE,0%
G7709Q104,RPRX,ROYALTY PHARMA PLC,0,-5313,0,-205.29K,CLOSE,0%
985194208,YSG,YATSEN HLDG LTD,0,-53482,0,-208.04K,CLOSE,0%
053807103,AVT,AVNET INC,0,-4331,0,-208.23K,CLOSE,0%
878972108,TECX,TECTONIC THERAPEUTIC INC,0,-10014,0,-208.89K,CLOSE,0%
09174P105,BTMCQ,BITCOIN DEPOT INC,0,-162460,0,-209.57K,CLOSE,0%
88831L202,TII,TITAN MNG CORP,0,-74964,0,-210.55K,CLOSE,0%
74179A107,BPRN,PRINCETON BANCORP INC,0,-6085,0,-211.09K,CLOSE,0%
45783C200,TIL,INSTIL BIO INC,0,-19198,0,-211.18K,CLOSE,0%
31189P102,FATE,FATE THERAPEUTICS INC,120343,-177739,144.41K,-213.29K,-59.6%,<.01%
517125100,LRMR,LARIMAR THERAPEUTICS INC,0,-57646,0,-219.63K,CLOSE,0%
05278C107,ATHM,AUTOHOME INC,0,-9876,0,-219.84K,CLOSE,0%
28106W103,EDIT,EDITAS MEDICINE INC,0,-107376,0,-220.12K,CLOSE,0%
09077V100,BIOA,BIOAGE LABS INC,0,-16769,0,-221.85K,CLOSE,0%
31609R100,FDBC,FIDELITY D & D BANCORP INC,0,-5113,0,-222.57K,CLOSE,0%
10586A108,GRO,BRAZIL POTASH CORP,0,-119407,0,-225.68K,CLOSE,0%
25434V302,DFAE,DIMENSIONAL ETF TRUST,0,-6955,0,-226.52K,CLOSE,0%
96208T104,WEX,WEX INC,0,-1524,0,-227.05K,CLOSE,0%
316092196,FDIG,FIDELITY COVINGTON TRUST,0,-5905,0,-227.5K,CLOSE,0%
142038108,CRBU,CARIBOU BIOSCIENCES INC,39556,-119761,75.16K,-227.54K,-75.2%,<.01%
M15342104,AUDC,AUDIOCODES LTD,0,-26177,0,-228.53K,CLOSE,0%
69553P100,PD,PAGERDUTY INC,24961,-36811,155.01K,-228.6K,-59.6%,<.01%
77313F106,RCKT,ROCKET PHARMACEUTICALS INC,0,-65376,0,-229.47K,CLOSE,0%
64828T201,RITM,RITHM CAPITAL CORP,0,-21090,0,-229.88K,CLOSE,0%
74276L105,PRCT,PROCEPT BIOROBOTICS CORP,0,-7389,0,-232.46K,CLOSE,0%
808524672,SCHY,SCHWAB STRATEGIC TR,0,-7866,0,-234.56K,CLOSE,0%
52736R102,LEVI,LEVI STRAUSS & CO NEW,0,-11373,0,-235.88K,CLOSE,0%
536797103,LAD,LITHIA MTRS INC,0,-716,0,-237.95K,CLOSE,0%
256135203,RDY,DR REDDYS LABS LTD,0,-17010,0,-238.82K,CLOSE,0%
87167T300,TAOX,TAO SYNERGIES INC,0,-64953,0,-239.03K,CLOSE,0%
19058X207,COSO,COASTALSOUTH BANCSHARES INC,0,-10373,0,-241.17K,CLOSE,0%
740367404,PFBC,PREFERRED BK LOS ANGELES CA,4867,-2662,441.39K,-241.42K,-35.4%,<.01%
98943L107,ZNTL,ZENTALIS PHARMACEUTICALS INC,33332,-104236,78K,-243.91K,-75.8%,<.01%
100557107,SAM,BOSTON BEER INC,0,-1251,0,-244.11K,CLOSE,0%
985817105,YELP,YELP INC,0,-8034,0,-244.15K,CLOSE,0%
70339W104,PTRN,PATTERN GROUP INC,0,-21207,0,-244.73K,CLOSE,0%
25461H853,LABD,DIREXION SHS ETF TR,0,-11625,0,-244.82K,CLOSE,0%
086921103,BETA,BETA TECHNOLOGIES INC,0,-8726,0,-246.16K,CLOSE,0%
92189H409,HYD,VANECK ETF TRUST,0,-4871,0,-249.01K,CLOSE,0%
18453H106,CCO,CLEAR CHANNEL OUTDOOR HLDGS,0,-112808,0,-249.31K,CLOSE,0%
682095104,OFLX,OMEGA FLEX INC,0,-8492,0,-250K,CLOSE,0%
46641Q225,BBCA,J P MORGAN EXCHANGE TRADED F,0,-2692,0,-250.36K,CLOSE,0%
538146309,LPSN,LIVEPERSON INC,0,-65259,0,-252.55K,CLOSE,0%
74319B502,PROF,PROFOUND MED CORP,0,-32574,0,-256.36K,CLOSE,0%
887098101,TSBK,TIMBERLAND BANCORP INC,0,-7203,0,-257.87K,CLOSE,0%
64782A107,NEWP,NEW PAC METALS CORP,0,-73853,0,-259.22K,CLOSE,0%
464286707,EWQ,ISHARES INC,0,-5768,0,-259.5K,CLOSE,0%
457730109,INSP,INSPIRE MED SYS INC,0,-2830,0,-261.01K,CLOSE,0%
516544103,LNTH,LANTHEUS HLDGS INC,0,-3924,0,-261.14K,CLOSE,0%
56035L104,MAIN,MAIN STR CAP CORP,0,-4425,0,-267.23K,CLOSE,0%
75383L102,RAPP,RAPPORT THERAPEUTICS INC,0,-8837,0,-268.12K,CLOSE,0%
22053A107,QNCX,QUINCE THERAPEUTICS INC,0,-80134,0,-268.45K,CLOSE,0%
00191U102,EFOR,ASGN INC,0,-5615,0,-270.48K,CLOSE,0%
68828E809,OGG,OSISKO DEVELOPMENT CORP,0,-78201,0,-272.92K,CLOSE,0%
87961M105,TLX,TELIX PHARMACEUTICAL LTD,0,-36828,0,-275.84K,CLOSE,0%
06652N107,BSVN,BANK7 CORP,0,-6803,0,-278.79K,CLOSE,0%
38387Q105,PEW,GRABAGUN DIGITAL HLDGS INC,0,-92842,0,-279.45K,CLOSE,0%
78163D100,RWAY,RUNWAY GROWTH FINANCE CORP,0,-31398,0,-280.38K,CLOSE,0%
82900L102,SMPL,SIMPLY GOOD FOODS CO,0,-13985,0,-280.82K,CLOSE,0%
92332V107,VTYX,VENTYX BIOSCIENCES INC,0,-31501,0,-284.45K,CLOSE,0%
57667L107,MTCH,MATCH GROUP INC NEW,0,-8813,0,-284.57K,CLOSE,0%
75955J402,RLMD,RELMADA THERAPEUTICS INC,12498,-40946,86.99K,-284.98K,-76.6%,<.01%
L44385109,GLOB,GLOBANT S A,6969,-6183,321.34K,-285.1K,-47%,<.01%
45866F104,ICE,INTERCONTINENTAL EXCHANGE IN,0,-1761,0,-285.21K,CLOSE,0%
810186106,SMG,SCOTTS MIRACLE-GRO CO,0,-4899,0,-285.86K,CLOSE,0%
464288182,AAXJ,ISHARES TR,0,-3075,0,-286.34K,CLOSE,0%
316500107,FDUS,FIDUS INVT CORP,0,-14841,0,-286.43K,CLOSE,0%
47737C104,JFIN,JIAYIN GROUP INC,0,-49553,0,-287.41K,CLOSE,0%
34984V209,FET,FORUM ENERGY TECHNOLOGIES IN,7627,-4900,447.4K,-287.43K,-39.1%,<.01%
46434G830,EWI,ISHARES INC,16879,-5410,901.68K,-289K,-24.3%,0.01%
46434G814,EWM,ISHARES INC,0,-10592,0,-289.8K,CLOSE,0%
48666K109,KBH,KB HOME,23467,-5610,1.21M,-290.32K,-19.3%,0.01%
307359885,FFAI,FARADAY FUTURE INTLGT ELEC I,0,-284999,0,-290.7K,CLOSE,0%
565788106,MARA,MARA HOLDINGS INC,23067,-35783,188.23K,-291.99K,-60.8%,<.01%
483007704,KALU,KAISER ALUMINIUM CORPORATION,3517,-2442,423.83K,-294.29K,-41%,<.01%
83601L102,SHC,SOTERA HEALTH CO,0,-16700,0,-294.59K,CLOSE,0%
427746102,HRTX,HERON THERAPEUTICS INC,0,-227784,0,-296.12K,CLOSE,0%
G72800108,PRTA,PROTHENA CORP PLC,0,-31090,0,-296.91K,CLOSE,0%
879512309,TSAT,TELESAT CORP,12471,-8221,451.45K,-297.6K,-39.7%,<.01%
37954Y632,AIQ,GLOBAL X FDS,0,-5865,0,-298.29K,CLOSE,0%
74765K105,QSI,QUANTUM SI INC,0,-276889,0,-304.58K,CLOSE,0%
67623L307,OPAD,OFFERPAD SOLUTIONS INC,0,-252984,0,-306.11K,CLOSE,0%
12685J105,CABO,CABLE ONE INC,0,-2723,0,-307.29K,CLOSE,0%
833635105,SQM,SOCIEDAD QUIMICA Y MINERA DE,8233,-3801,666.38K,-307.65K,-31.6%,<.01%
D18190898,DB,DEUTSCHE BANK A G,0,-8040,0,-310.02K,CLOSE,0%
45769N105,IA,INNOVATIVE SOLUTIONS & SUPPO,0,-16399,0,-310.6K,CLOSE,0%
46138J452,BSJS,INVESCO EXCH TRD SLF IDX FD,0,-14135,0,-310.97K,CLOSE,0%
46435G342,REM,ISHARES TR,0,-14038,0,-311.36K,CLOSE,0%
739650109,PROP,PRAIRIE OPER CO,0,-184446,0,-311.71K,CLOSE,0%
92189F452,MORT,VANECK ETF TRUST,0,-29817,0,-313.38K,CLOSE,0%
30041R108,EVER,EVERQUOTE INC,0,-11683,0,-315.44K,CLOSE,0%
502175102,LTC,LTC PPTYS INC,0,-9184,0,-315.75K,CLOSE,0%
76680R206,RNG,RINGCENTRAL INC,0,-10935,0,-315.8K,CLOSE,0%
47100L301,DFDV,DEFI DEVELOPMENT CORP,0,-62901,0,-317.65K,CLOSE,0%
464286665,EPP,ISHARES INC,0,-6313,0,-318.62K,CLOSE,0%
25460G179,ERY,DIREXION SHS ETF TR,0,-16075,0,-319.73K,CLOSE,0%
81727U303,SENS,SENSEONICS HLDGS INC,0,-58121,0,-320.83K,CLOSE,0%
49456W105,KLC,KINDERCARE LEARNING COMPANIE,0,-74663,0,-322.54K,CLOSE,0%
482497104,BEKE,KE HLDGS INC,0,-20478,0,-322.73K,CLOSE,0%
415864107,NVRI,ENVIRI CORP,0,-18060,0,-323.63K,CLOSE,0%
90355N101,USCB,USCB FINANCIAL HOLDINGS INC,0,-17616,0,-324.49K,CLOSE,0%
88636J600,CHAT,TIDAL TRUST II,0,-5518,0,-325.34K,CLOSE,0%
29842P105,EPRX,EUPRAXIA PHARMACEUTICALS INC,0,-43186,0,-325.62K,CLOSE,0%
382550101,GT,GOODYEAR TIRE & RUBR CO,0,-37215,0,-326K,CLOSE,0%
82686Q101,SLN,SILENCE THERAPEUTICS PLC,0,-54380,0,-330.63K,CLOSE,0%
088786108,BCYC,BICYCLE THERAPEUTICS PLC,0,-46728,0,-330.83K,CLOSE,0%
14019W109,CGXU,CAPITAL GROUP INTL FOCUS EQT,0,-11217,0,-331.46K,CLOSE,0%
880890108,TX,TERNIUM SA,0,-8680,0,-331.49K,CLOSE,0%
39959A205,UPXI,UPEXI INC,23169,-338488,22.84K,-333.61K,-93.6%,<.01%
86889P208,SRZN,SURROZEN INC,0,-14802,0,-334.52K,CLOSE,0%
25460G419,DRV,DIREXION SHS ETF TR,0,-12623,0,-334.76K,CLOSE,0%
67090S108,NCDL,NUVEEN CHURCHILL DIRECT LEND,0,-25370,0,-338.44K,CLOSE,0%
G3398L118,PLGO,FIDELIS INSURANCE HOLDINGS L,12489,-17750,238.66K,-339.2K,-58.7%,<.01%
96524V106,WHF,WHITEHORSE FIN INC,0,-48840,0,-339.44K,CLOSE,0%
37954Y715,BOTZ,GLOBAL X FDS,0,-9492,0,-343.9K,CLOSE,0%
67098H104,OI,O-I GLASS INC,0,-23301,0,-343.92K,CLOSE,0%
72765Q882,PLG,PLATINUM GROUP METALS LTD,0,-146901,0,-346.69K,CLOSE,0%
98372W202,XYF,X FINL,20043,-84303,82.58K,-347.33K,-80.8%,<.01%
167239102,REFI,CHICAGO ATLANTIC REAL ESTATE,0,-28391,0,-348.07K,CLOSE,0%
55374X208,MSIF,MSC INCOME FUND INC,0,-26580,0,-349.26K,CLOSE,0%
45765U103,NSIT,INSIGHT ENTERPRISES INC,0,-4331,0,-352.85K,CLOSE,0%
674482203,OBE,OBSIDIAN ENERGY LTD,300522,-37336,2.85M,-353.67K,-11.1%,0.03%
G5294K110,SUPX,SUPERX AI TECHNOLOGY LTD,0,-22591,0,-354.23K,CLOSE,0%
00776X109,ALMU,AELUMA INC,0,-20711,0,-355.61K,CLOSE,0%
46429B309,EIDO,ISHARES TR,0,-19075,0,-356.7K,CLOSE,0%
85209W109,SPT,SPROUT SOCIAL INC,0,-31748,0,-357.8K,CLOSE,0%
47030M106,JHX,JAMES HARDIE INDS PLC,0,-17253,0,-358K,CLOSE,0%
64049M209,NEO,NEOGENOMICS INC,0,-30894,0,-363.31K,CLOSE,0%
90291C201,USAU,U S GOLD CORP,0,-18721,0,-363.38K,CLOSE,0%
44045A102,HRZN,HORIZON TECHNOLOGY FIN CORP,0,-56559,0,-364.81K,CLOSE,0%
98421M106,XRX,XEROX HOLDINGS CORP,0,-154966,0,-367.27K,CLOSE,0%
046513206,ATRA,ATARA BIOTHERAPEUTICS INC,0,-20321,0,-367.61K,CLOSE,0%
G06973112,AUGO,AURA MINERALS INC,52498,-4516,4.28M,-368.51K,-7.9%,0.05%
039697107,ARDX,ARDELYX INC,0,-63566,0,-370.59K,CLOSE,0%
205887102,CAG,CONAGRA BRANDS INC,0,-21414,0,-370.68K,CLOSE,0%
82846H405,QXO,QXO INC,0,-19363,0,-373.51K,CLOSE,0%
808524730,FNDE,SCHWAB STRATEGIC TR,0,-10435,0,-376.29K,CLOSE,0%
92859G608,VZLA,VIZSLA SILVER CORP,0,-69352,0,-379.37K,CLOSE,0%
926400102,VSXY,VICTORIAS SECRET AND CO,4625,-8194,214.41K,-379.87K,-63.9%,<.01%
157210105,CEVA,CEVA INC,0,-17809,0,-383.25K,CLOSE,0%
032332504,ASYS,AMTECH SYS INC,0,-30542,0,-383.3K,CLOSE,0%
91531W106,TIGR,UP FINTECH HLDG LTD,0,-40493,0,-387.11K,CLOSE,0%
269808101,ECC,EAGLE POINT CREDIT COMPANY I,0,-67546,0,-389.06K,CLOSE,0%
17259U204,CION,CION INVT CORP,0,-40468,0,-391.33K,CLOSE,0%
G2788T111,DOGZ,DOGNESS INTERNATIONAL CORP,0,-36959,0,-391.76K,CLOSE,0%
489398107,KW,KENNEDY-WILSON HOLDINGS INC,0,-40518,0,-391.81K,CLOSE,0%
759419104,REKR,REKOR SYSTEMS INC,0,-284905,0,-393.17K,CLOSE,0%
488401100,KMPR,KEMPER CORP,0,-9743,0,-394.98K,CLOSE,0%
25862V105,DV,DOUBLEVERIFY HLDGS INC,0,-35127,0,-401.85K,CLOSE,0%
N53745100,LYB,LYONDELLBASELL INDUSTRIES N,0,-9304,0,-402.86K,CLOSE,0%
61945C103,MOS,MOSAIC CO,37917,-15828,966.88K,-403.61K,-29.5%,0.01%
25434V732,DFEM,DIMENSIONAL ETF TRUST,0,-12214,0,-404.04K,CLOSE,0%
N20944109,CNH,CNH INDL N V,28477,-37468,307.68K,-404.83K,-56.8%,<.01%
G4337R109,HCHL,HAPPY CITY HLDGS LTD,0,-106115,0,-414.91K,CLOSE,0%
464287861,IEV,ISHARES TR,4015,-6108,272.78K,-414.98K,-60.3%,<.01%
729273102,PLBC,PLUMAS BANCORP,0,-9287,0,-415.04K,CLOSE,0%
900111204,TKC,TURKCELL ILETISIM,38775,-69408,233.81K,-418.53K,-64.2%,<.01%
30320C301,FTCI,FTC SOLAR INC,0,-38382,0,-418.75K,CLOSE,0%
039483102,ADM,ARCHER DANIELS MIDLAND CO,0,-7377,0,-424.1K,CLOSE,0%
25179M103,DVN,DEVON ENERGY CORP NEW,0,-11593,0,-424.65K,CLOSE,0%
34986A104,FWRD,FORWARD AIR CORP,0,-17013,0,-425.32K,CLOSE,0%
05684B107,BCSF,BAIN CAP SPECIALTY FIN INC,0,-30654,0,-426.4K,CLOSE,0%
33738R308,FTHI,FIRST TR EXCHANGE TRADED FD,0,-18084,0,-427.14K,CLOSE,0%
59064R109,MLAB,MESA LABS INC,8693,-4835,768.63K,-427.51K,-35.7%,<.01%
N69605108,PHVS,PHARVARIS N V,13723,-15197,387.68K,-429.32K,-52.5%,<.01%
836100107,SOUN,SOUNDHOUND AI INC,0,-43716,0,-435.85K,CLOSE,0%
38147U107,GSBD,GOLDMAN SACHS BDC INC,0,-47155,0,-437.6K,CLOSE,0%
98585N106,YEXT,YEXT INC,0,-54362,0,-438.16K,CLOSE,0%
48576U205,KPTI,KARYOPHARM THERAPEUTICS INC,0,-59708,0,-439.45K,CLOSE,0%
349932103,FWDI,FORWARD INDUSTRIES INC,39271,-100092,173.97K,-443.41K,-71.8%,<.01%
97717W422,EPI,WISDOMTREE TR,8464,-10882,345.33K,-443.99K,-56.2%,<.01%
092528876,BRTR,BLACKROCK ETF TRUST II,0,-8859,0,-449.81K,CLOSE,0%
418056107,HAS,HASBRO INC,0,-5570,0,-456.74K,CLOSE,0%
48662X105,KBDC,KAYNE ANDERSON BDC INC,0,-31976,0,-457.9K,CLOSE,0%
20440W105,SID,COMPANHIA SIDERURGICA NACION,0,-286586,0,-458.54K,CLOSE,0%
09062X103,BIIB,BIOGEN INC,0,-2611,0,-459.51K,CLOSE,0%
09259E108,TCPC,BLACKROCK TCP CAPITAL CORP,0,-84679,0,-463.19K,CLOSE,0%
03475V101,ANGO,ANGIODYNAMICS INC,0,-36077,0,-463.23K,CLOSE,0%
G6564A105,NOMD,NOMAD FOODS LTD,0,-37368,0,-467.47K,CLOSE,0%
G72245122,PRE,PRENETICS GLOBAL LTD,0,-29701,0,-467.79K,CLOSE,0%
035255108,ANIK,ANIKA THERAPEUTICS INC,12429,-32306,180.22K,-468.44K,-72.2%,<.01%
019770106,ALLO,ALLOGENE THERAPEUTICS INC,81444,-192972,198.72K,-470.85K,-70.3%,<.01%
500767736,IVOL,KRANESHARES TRUST,0,-24619,0,-471.7K,CLOSE,0%
Y1968P121,DAC,DANAOS CORPORATION,9363,-4193,1.05M,-472.3K,-30.9%,0.01%
320557101,INBK,FIRST INTERNET BANCORP,0,-22663,0,-472.98K,CLOSE,0%
90184D100,TWST,TWIST BIOSCIENCE CORP,0,-14998,0,-475.74K,CLOSE,0%
46817M107,JXN,JACKSON FINANCIAL INC,8151,-4518,861.72K,-477.64K,-35.7%,0.01%
29269R105,EFXT,ENERFLEX LTD,10914,-22883,228.32K,-478.71K,-67.7%,<.01%
36315X101,LKFT,GALAPAGOS NV,0,-15006,0,-490.7K,CLOSE,0%
770323103,RHI,ROBERT HALF INC.,0,-18110,0,-491.87K,CLOSE,0%
405024100,HAE,HAEMONETICS CORP MASS,0,-6160,0,-493.72K,CLOSE,0%
90041L105,TPB,TURNING PT BRANDS INC,0,-4577,0,-496.15K,CLOSE,0%
226718104,CRTO,CRITEO S A,0,-24190,0,-498.56K,CLOSE,0%
G6007A100,MSGY,MASONGLORY LTD,0,-191209,0,-506.7K,CLOSE,0%
74350P675,SQQQ,PROSHARES TR,0,-7407,0,-507.38K,CLOSE,0%
989701107,ZION,ZIONS BANCORPORATION N A,0,-8676,0,-507.89K,CLOSE,0%
77543R102,ROKU,ROKU INC,2749,-5368,260.11K,-507.92K,-66.1%,<.01%
04010L103,ARCC,ARES CAPITAL CORP,0,-25134,0,-508.46K,CLOSE,0%
G21082105,CYD,CHINA YUCHAI INTL LTD,0,-14412,0,-511.63K,CLOSE,0%
M7S64L123,PGY,PAGAYA TECHNOLOGIES LTD,0,-24564,0,-513.39K,CLOSE,0%
25461A460,YANG,DIREXION SHS ETF TR,0,-20423,0,-513.43K,CLOSE,0%
46641Q191,BBEU,J P MORGAN EXCHANGE TRADED F,0,-7048,0,-516.62K,CLOSE,0%
566324109,MMI,MARCUS & MILLICHAP INC,0,-19082,0,-520.75K,CLOSE,0%
647551100,NMFC,NEW MTN FIN CORP,0,-56578,0,-521.08K,CLOSE,0%
06654A103,BWFG,BANKWELL FINL GROUP INC,0,-11613,0,-532.11K,CLOSE,0%
01862Q107,ALH,ALLIANCE LAUNDRY HLDGS INC,0,-26503,0,-539.34K,CLOSE,0%
25434V575,DFGX,DIMENSIONAL ETF TRUST,0,-10330,0,-543.72K,CLOSE,0%
74766W108,QUBT,QUANTUM COMPUTING INC,209348,-80030,1.43M,-548.21K,-27.7%,0.02%
29260V105,DAVA,ENDAVA PLC,0,-87177,0,-550.96K,CLOSE,0%
40049J206,TV,GRUPO TELEVISA S A B,0,-189405,0,-551.17K,CLOSE,0%
872540109,TJX,TJX COS INC NEW,0,-3590,0,-551.46K,CLOSE,0%
462260100,IOVA,IOVANCE BIOTHERAPEUTICS INC,158929,-159774,557.84K,-560.81K,-50.1%,<.01%
696389402,PALI,PALISADE BIO INC,0,-240586,0,-565.38K,CLOSE,0%
46138E610,KBWD,INVESCO EXCH TRADED FD TR II,0,-41453,0,-566.43K,CLOSE,0%
92686J106,VKTX,VIKING THERAPEUTICS INC,40131,-17414,1.31M,-566.65K,-30.3%,0.02%
320517105,FHN,FIRST HORIZON CORPORATION,0,-23729,0,-567.12K,CLOSE,0%
316092204,FDIS,FIDELITY COVINGTON TRUST,0,-5616,0,-573.73K,CLOSE,0%
015658107,ASTL,ALGOMA STL GROUP INC,878540,-139560,3.61M,-574.11K,-13.7%,0.04%
00288U106,ABCL,ABCELLERA BIOLOGICS INC,37972,-167123,132.52K,-583.26K,-81.5%,<.01%
75629V104,RXRX,RECURSION PHARMACEUTICALS IN,0,-142667,0,-583.51K,CLOSE,0%
45258D105,IMCR,IMMUNOCORE HLDGS PLC,19254,-19354,580.51K,-583.52K,-50.1%,<.01%
559166103,MGIC,MAGIC SOFTWARE ENTERPRISES L,0,-22772,0,-586.38K,CLOSE,0%
053774105,CAR,AVIS BUDGET GROUP,0,-4585,0,-588.35K,CLOSE,0%
92532F100,VRTX,VERTEX PHARMACEUTICALS INC,0,-1303,0,-590.73K,CLOSE,0%
G1110E107,BHVN,BIOHAVEN LTD,0,-52663,0,-594.57K,CLOSE,0%
48241A105,KB,KB FINL GROUP INC,0,-6939,0,-597.03K,CLOSE,0%
410495204,HAFC,HANMI FINL CORP,0,-22303,0,-602.85K,CLOSE,0%
03753U106,APLS,APELLIS PHARMACEUTICALS INC,0,-24075,0,-604.76K,CLOSE,0%
03062D803,USAS,AMERICAS GOLD AND SILVER COR,0,-118639,0,-606.25K,CLOSE,0%
92189H821,DAPP,VANECK ETF TRUST,34803,-40641,519.26K,-606.36K,-53.9%,<.01%
001744101,AMN,AMN HEALTHCARE SVCS INC,0,-38854,0,-612.34K,CLOSE,0%
090168105,BLLN,BILLIONTOONE INC,0,-7499,0,-613.72K,CLOSE,0%
25460G849,TMV,DIREXION SHS ETF TR,0,-16531,0,-614.29K,CLOSE,0%
687793109,OSCR,OSCAR HEALTH INC,0,-43185,0,-620.57K,CLOSE,0%
74347B235,DOG,PROSHARES TR,0,-26491,0,-622.27K,CLOSE,0%
36164V800,GLIBK,GCI LIBERTY INC,0,-16842,0,-626.69K,CLOSE,0%
00404A109,ACHC,ACADIA HEALTHCARE COMPANY IN,0,-44274,0,-628.25K,CLOSE,0%
921946794,VYMI,VANGUARD WHITEHALL FDS,0,-6988,0,-628.92K,CLOSE,0%
G89479102,TRMD,TORM PLC,0,-32470,0,-635.76K,CLOSE,0%
30050B101,EVH,EVOLENT HEALTH INC,0,-159815,0,-639.26K,CLOSE,0%
35168W103,GUTS,FRACTYL HEALTH INC,0,-290714,0,-639.57K,CLOSE,0%
98956A105,ZETA,ZETA GLOBAL HOLDINGS CORP,0,-31513,0,-641.29K,CLOSE,0%
82889N855,PFIX,SIMPLIFY EXCHANGE TRADED FUN,0,-13514,0,-647.73K,CLOSE,0%
171779309,CIEN,CIENA CORP,0,-2784,0,-651.09K,CLOSE,0%
23256X407,HELP,CYBIN INC,0,-79697,0,-651.92K,CLOSE,0%
06738E204,BCS,BARCLAYS PLC,0,-25628,0,-652.23K,CLOSE,0%
66510M204,NAK,NORTHERN DYNASTY MINERALS LT,133558,-467622,186.98K,-654.67K,-77.8%,<.01%
61559X104,MLTX,MOONLAKE IMMUNOTHERAPEUTICS,0,-50217,0,-661.86K,CLOSE,0%
73642K106,PTLO,PORTILLOS INC,0,-146708,0,-666.05K,CLOSE,0%
25380B102,DGXX,DIGI PWR X INC,35868,-328829,72.81K,-667.52K,-90.2%,<.01%
690742101,OC,OWENS CORNING NEW,0,-5970,0,-668.1K,CLOSE,0%
556099109,MGNX,MACROGENICS INC,32629,-232836,94.3K,-672.9K,-87.7%,<.01%
902973304,USB,US BANCORP DEL,0,-12654,0,-675.22K,CLOSE,0%
89531P105,TREX,TREX INC,13274,-18721,483.44K,-681.82K,-58.5%,<.01%
46435G193,SUSC,ISHARES TR,0,-29279,0,-684.68K,CLOSE,0%
155923105,CTRI,CENTURI HOLDINGS INC,0,-27225,0,-687.43K,CLOSE,0%
921909768,VXUS,VANGUARD STAR FDS,0,-9225,0,-695.93K,CLOSE,0%
693475105,PNC,PNC FINL SVCS GROUP INC,0,-3405,0,-710.73K,CLOSE,0%
92204A884,VOX,VANGUARD WORLD FD,0,-3672,0,-711.01K,CLOSE,0%
46641Q233,BBAX,J P MORGAN EXCHANGE TRADED F,0,-12673,0,-713.49K,CLOSE,0%
83671M105,SOBO,SOUTH BOW CORP,119700,-21800,3.97M,-722.94K,-15.4%,0.05%
33738R720,ROBT,FIRST TR EXCHANGE TRADED FD,0,-14072,0,-729.87K,CLOSE,0%
026948109,AII,AMERICAN INTEGRITY INS GROUP,0,-35397,0,-737.32K,CLOSE,0%
88076W103,TDC,TERADATA CORP DEL,0,-24280,0,-739.08K,CLOSE,0%
68622V106,OGN,ORGANON & CO,0,-103395,0,-741.34K,CLOSE,0%
086516101,BBY,BEST BUY INC,7163,-11568,459.87K,-742.67K,-61.8%,<.01%
G4124C109,GRAB,GRAB HOLDINGS LIMITED,103314,-204598,378.13K,-748.83K,-66.4%,<.01%
90138F102,TWLO,TWILIO INC,0,-5267,0,-749.18K,CLOSE,0%
53656F383,SPRX,LISTED FDS TR,0,-19559,0,-753.01K,CLOSE,0%
376535878,GLAD,GLADSTONE CAPITAL CORP,0,-36791,0,-760.1K,CLOSE,0%
058586108,BLDP,BALLARD PWR SYS INC NEW,0,-301074,0,-764.73K,CLOSE,0%
024061103,DCH,AMERICAN AXLE & MFG HLDGS IN,0,-119864,0,-768.33K,CLOSE,0%
28617B606,ELVA,ELECTROVAYA INC,0,-97593,0,-771.08K,CLOSE,0%
12520L109,CFBK,CF BANKSHARES INC,0,-31548,0,-787.12K,CLOSE,0%
92189F437,ANGL,VANECK ETF TRUST,0,-27036,0,-793.91K,CLOSE,0%
25434V799,DFIC,DIMENSIONAL ETF TRUST,0,-23072,0,-795.06K,CLOSE,0%
25460G328,DRIP,DIREXION SHS ETF TR,0,-88144,0,-796.82K,CLOSE,0%
61774A103,MSDL,MORGAN STANLEY DIRECT LENDIN,0,-48867,0,-805.33K,CLOSE,0%
807066105,SCHL,SCHOLASTIC CORP,0,-27247,0,-807.33K,CLOSE,0%
110122108,BMY,BRISTOL-MYERS SQUIBB CO,168158,-13551,10.2M,-821.87K,-7.5%,0.12%
95805V108,WRN,WESTERN COPPER & GOLD CORP,190475,-328314,481.83K,-830.51K,-63.3%,<.01%
29261A100,EHC,ENCOMPASS HEALTH CORP,0,-7889,0,-837.34K,CLOSE,0%
35473P868,FLMI,FRANKLIN TEMPLETON ETF TR,0,-33712,0,-838.42K,CLOSE,0%
298736109,EEFT,EURONET WORLDWIDE INC,0,-11036,0,-839.95K,CLOSE,0%
02005N100,ALLY,ALLY FINL INC,0,-18651,0,-844.7K,CLOSE,0%
464288273,SCZ,ISHARES TR,0,-10902,0,-845.23K,CLOSE,0%
302491303,FMC,FMC CORP,39534,-49201,680.77K,-847.24K,-55.4%,<.01%
989207105,ZBRA,ZEBRA TECHNOLOGIES CORPORATI,0,-3499,0,-849.63K,CLOSE,0%
025072703,AVDE,AMERICAN CENTY ETF TR,7502,-10023,636.47K,-850.35K,-57.2%,<.01%
744320102,PRU,PRUDENTIAL FINL INC,0,-7536,0,-850.66K,CLOSE,0%
45256X103,IBRX,IMMUNITYBIO INC,0,-436869,0,-865K,CLOSE,0%
693483109,PKX,POSCO HOLDINGS INC,0,-16494,0,-877.65K,CLOSE,0%
125269100,CF,CF INDS HLDGS INC,0,-11380,0,-880.13K,CLOSE,0%
92276F100,VTR,VENTAS INC,8175,-10842,668.55K,-886.66K,-57%,<.01%
86366E106,GPCR,STRUCTURE THERAPEUTICS INC,0,-12761,0,-887.53K,CLOSE,0%
464288240,ACWX,ISHARES TR,0,-13224,0,-887.73K,CLOSE,0%
G75398100,RZLV,REZOLVE AI PLC,0,-347325,0,-892.62K,CLOSE,0%
14021M107,CGIE,CAPITAL GROUP INTERNATIONAL,0,-25703,0,-894.98K,CLOSE,0%
46429B606,EPOL,ISHARES TR,0,-25576,0,-900.02K,CLOSE,0%
749685103,RPM,RPM INTL INC,0,-8723,0,-907.19K,CLOSE,0%
003264108,SIVR,ABRDN SILVER ETF TRUST,6178,-12711,442.41K,-910.24K,-67.3%,<.01%
97717Y691,WCLD,WISDOMTREE TR,0,-26143,0,-915.27K,CLOSE,0%
653656108,NICE,NICE LTD,0,-8099,0,-915.51K,CLOSE,0%
464286426,EEMA,ISHARES INC,0,-9738,0,-915.57K,CLOSE,0%
29446M102,EQNR,EQUINOR ASA,0,-38930,0,-919.92K,CLOSE,0%
74347X831,TQQQ,PROSHARES TR,0,-17538,0,-924.6K,CLOSE,0%
74347G374,DXD,PROSHARES TR,0,-45335,0,-929.37K,CLOSE,0%
46434V423,KSA,ISHARES TR,0,-25756,0,-937.78K,CLOSE,0%
921946810,VIGI,VANGUARD WHITEHALL FDS,0,-10353,0,-946.78K,CLOSE,0%
759351604,RGA,REINSURANCE GRP OF AMERICA I,0,-4715,0,-959.31K,CLOSE,0%
29664W105,ESPR,ESPERION THERAPEUTICS INC NE,0,-259563,0,-960.38K,CLOSE,0%
78463X889,SPDW,SPDR INDEX SHS FDS,0,-21822,0,-969.12K,CLOSE,0%
00847X104,AGIO,AGIOS PHARMACEUTICALS INC,0,-35857,0,-976.03K,CLOSE,0%
922042775,VEU,VANGUARD INTL EQUITY INDEX F,0,-13381,0,-984.31K,CLOSE,0%
70959W103,PAG,PENSKE AUTOMOTIVE GRP INC,12855,-6651,1.92M,-994.46K,-34.1%,0.02%
366651107,IT,GARTNER INC,2021,-6302,320K,-997.86K,-75.7%,<.01%
300426103,ECG,EVERUS CONSTR GROUP,0,-11702,0,-1M,CLOSE,0%
G32089107,ETOR,ETORO GROUP LTD,0,-28541,0,-1M,CLOSE,0%
704551100,BTU,PEABODY ENERGY CORP,0,-34020,0,-1.01M,CLOSE,0%
071734107,BHC,BAUSCH HEALTH COS INC,147314,-189398,793.81K,-1.02M,-56.2%,<.01%
46434V738,IEUR,ISHARES TR,2942,-14538,206.73K,-1.02M,-83.2%,<.01%
22410J106,CBRL,CRACKER BARREL OLD CTRY STOR,0,-40273,0,-1.02M,CLOSE,0%
25434V765,DIHP,DIMENSIONAL ETF TRUST,0,-32813,0,-1.04M,CLOSE,0%
74349Y100,EETH,PROSHARES TR,0,-27968,0,-1.04M,CLOSE,0%
G2662B103,CRML,CRITICAL METALS CORP,0,-150073,0,-1.04M,CLOSE,0%
922042874,VGK,VANGUARD INTL EQUITY INDEX F,14252,-12651,1.17M,-1.04M,-47%,0.01%
25434V880,DFAX,DIMENSIONAL ETF TRUST,0,-31888,0,-1.04M,CLOSE,0%
40090E106,CIB,GRUPO CIBEST SA,0,-16489,0,-1.05M,CLOSE,0%
25460E190,SPXS,DIREXION SHS ETF TR,0,-29976,0,-1.06M,CLOSE,0%
21036P108,STZ,CONSTELLATION BRANDS INC,0,-7707,0,-1.06M,CLOSE,0%
25461A494,TECS,DIREXION SHS ETF TR,0,-61710,0,-1.07M,CLOSE,0%
219350105,GLW,CORNING INC,0,-12285,0,-1.08M,CLOSE,0%
19459J104,COLL,COLLEGIUM PHARMACEUTICAL INC,0,-23275,0,-1.08M,CLOSE,0%
314911108,FRMI,FERMI INC,0,-134893,0,-1.08M,CLOSE,0%
46435U374,EWJV,ISHARES TR,0,-27194,0,-1.08M,CLOSE,0%
H01301128,ALC,ALCON AG,0,-13778,0,-1.09M,CLOSE,0%
48123V102,ZD,ZIFF DAVIS INC,0,-31252,0,-1.1M,CLOSE,0%
88080T104,WULF,TERAWULF INC,0,-97134,0,-1.12M,CLOSE,0%
29357K103,ENVA,ENOVA INTL INC,0,-7117,0,-1.12M,CLOSE,0%
G5279N105,KLAR,KLARNA GROUP PLC,0,-38732,0,-1.12M,CLOSE,0%
052800109,ALV,AUTOLIV INC,0,-9670,0,-1.15M,CLOSE,0%
294821608,ERIC,TELEFONAKTIEBOLAGET LM ERICS,0,-119752,0,-1.16M,CLOSE,0%
922042718,VSS,VANGUARD INTL EQUITY INDEX F,0,-8124,0,-1.16M,CLOSE,0%
83056P715,SKE,SKEENA RES LTD NEW,0,-49100,0,-1.17M,CLOSE,0%
68902V107,OTIS,OTIS WORLDWIDE CORP,0,-13450,0,-1.17M,CLOSE,0%
032724106,ANAB,ANAPTYSBIO INC,0,-24280,0,-1.18M,CLOSE,0%
70932M107,PFSI,PENNYMAC FINL SVCS INC NEW,0,-8999,0,-1.19M,CLOSE,0%
150870103,CE,CELANESE CORP DEL,0,-28091,0,-1.19M,CLOSE,0%
46137V811,PTF,INVESCO EXCHANGE TRADED FD T,0,-15992,0,-1.22M,CLOSE,0%
911718104,CPER,UNITED STS COMMODITY INDEX F,0,-35453,0,-1.24M,CLOSE,0%
372303206,GMAB,GENMAB A/S,33399,-46452,896.1K,-1.25M,-58.2%,0.01%
606822104,MUFG,MITSUBISHI UFJ FINL GROUP IN,0,-79088,0,-1.25M,CLOSE,0%
75776W103,RDW,REDWIRE CORPORATION,0,-166981,0,-1.27M,CLOSE,0%
011659109,ALK,ALASKA AIR GROUP INC,0,-25263,0,-1.27M,CLOSE,0%
003261104,BCI,ABRDN ETFS,0,-65102,0,-1.27M,CLOSE,0%
23834J201,DAVE,DAVE INC,1635,-7413,284.64K,-1.29M,-81.9%,<.01%
020764106,AMR,ALPHA METALLURGICAL RESOUR I,2376,-6328,487.72K,-1.3M,-72.7%,<.01%
17253J106,CIFR,CIPHER MINING INC,0,-88057,0,-1.3M,CLOSE,0%
189054109,CLX,CLOROX CO DEL,0,-12958,0,-1.31M,CLOSE,0%
26923N744,FEPI,ETF OPPORTUNITIES TRUST,9834,-33001,390.12K,-1.31M,-77%,<.01%
647581206,EDU,NEW ORIENTAL ED & TECHNOLOGY,0,-23860,0,-1.31M,CLOSE,0%
53700T827,DBMF,LITMAN GREGORY FDS TR,0,-46907,0,-1.32M,CLOSE,0%
29082A107,EMBJ,EMBRAER S.A.,0,-20593,0,-1.33M,CLOSE,0%
46432F834,IXUS,ISHARES TR,0,-15740,0,-1.33M,CLOSE,0%
25434V807,DFIV,DIMENSIONAL ETF TRUST,0,-26878,0,-1.34M,CLOSE,0%
159864107,CRL,CHARLES RIV LABS INTL INC,0,-6837,0,-1.36M,CLOSE,0%
201723103,CMC,COMMERCIAL METALS CO,0,-19724,0,-1.37M,CLOSE,0%
921910725,VSGX,VANGUARD WORLD FD,0,-19081,0,-1.37M,CLOSE,0%
00123Q104,AGNC,AGNC INVT CORP,0,-127630,0,-1.37M,CLOSE,0%
25434V823,DFAR,DIMENSIONAL ETF TRUST,0,-60091,0,-1.38M,CLOSE,0%
741623102,PRMB,PRIMO BRANDS CORPORATION,0,-84885,0,-1.39M,CLOSE,0%
090043100,BILL,BILL HOLDINGS INC,0,-25467,0,-1.39M,CLOSE,0%
464286103,EWA,ISHARES INC,0,-53173,0,-1.39M,CLOSE,0%
464288687,PFF,ISHARES TR,0,-45037,0,-1.39M,CLOSE,0%
59356Q108,MIAX,MIAMI INTL HLDGS INC,0,-31915,0,-1.42M,CLOSE,0%
74349Y829,QID,PROSHARES TR,0,-70663,0,-1.43M,CLOSE,0%
33737A108,GRID,FIRST TR EXCHANGE TRADED FD,0,-9380,0,-1.44M,CLOSE,0%
745867101,PHM,PULTE GROUP INC,27147,-12385,3.19M,-1.46M,-31.3%,0.04%
25460E216,FAZ,DIREXION SHS ETF TR,0,-38158,0,-1.47M,CLOSE,0%
74280R205,UFO,PROCURE ETF TRUST II,54683,-32817,2.45M,-1.47M,-37.5%,0.03%
01626W101,ALIT,ALIGHT INC,0,-757408,0,-1.48M,CLOSE,0%
37940X102,GPN,GLOBAL PMTS INC,0,-19108,0,-1.48M,CLOSE,0%
38748T103,PLTM,GRANITESHARES PLATINUM TR,0,-75179,0,-1.48M,CLOSE,0%
381430107,GSIE,GOLDMAN SACHS ETF TR,0,-34935,0,-1.5M,CLOSE,0%
22822V101,CCI,CROWN CASTLE INC,10535,-18579,856.6K,-1.51M,-63.8%,0.01%
69047Q102,OVV,OVINTIV INC,349860,-25632,20.71M,-1.52M,-6.8%,0.25%
379577208,GMED,GLOBUS MED INC,0,-17393,0,-1.52M,CLOSE,0%
36352H100,GAU,GALIANO GOLD INC,732407,-610984,1.83M,-1.53M,-45.5%,0.02%
46138W107,FXY,INVESCO CURRENCYSHARES JAPAN,0,-26087,0,-1.53M,CLOSE,0%
02462A104,ABTC,AMERICAN BITCOIN CORP.,0,-911453,0,-1.55M,CLOSE,0%
097023105,BA,BOEING CO,160878,-7799,32.02M,-1.55M,-4.6%,0.38%
72919P202,PLUG,PLUG PWR INC,410400,-692523,927.5K,-1.57M,-62.8%,0.01%
852066208,SII,SPROTT INC,0,-16000,0,-1.57M,CLOSE,0%
25243Q205,DEO,DIAGEO PLC,0,-18206,0,-1.57M,CLOSE,0%
77311W101,RKT,ROCKET COS INC,0,-81688,0,-1.58M,CLOSE,0%
302635206,FSK,FS KKR CAP CORP,0,-107497,0,-1.59M,CLOSE,0%
036752103,ELV,ELEVANCE HEALTH INC FORMERLY,47340,-5444,13.86M,-1.59M,-10.3%,0.16%
25434V203,DFAI,DIMENSIONAL ETF TRUST,0,-41908,0,-1.6M,CLOSE,0%
92203J407,BNDX,VANGUARD CHARLOTTE FDS,0,-33462,0,-1.62M,CLOSE,0%
171340102,CHD,CHURCH & DWIGHT CO INC,0,-19351,0,-1.62M,CLOSE,0%
46436E726,IBDV,ISHARES TR,0,-73758,0,-1.63M,CLOSE,0%
464286715,TUR,ISHARES INC,0,-48030,0,-1.65M,CLOSE,0%
464288448,IDV,ISHARES TR,0,-42016,0,-1.66M,CLOSE,0%
74349Y753,SH,PROSHARES TR,0,-46086,0,-1.66M,CLOSE,0%
46434V456,IQLT,ISHARES TR,0,-36791,0,-1.67M,CLOSE,0%
92892B103,VOYG,VOYAGER TECHNOLOGIES INC,0,-64013,0,-1.67M,CLOSE,0%
15135B101,CNC,CENTENE CORP DEL,109793,-51321,3.59M,-1.68M,-31.9%,0.04%
46435G409,IVLU,ISHARES TR,0,-44179,0,-1.68M,CLOSE,0%
40131M109,GH,GUARDANT HEALTH INC,0,-16504,0,-1.69M,CLOSE,0%
46125A100,LUNR,INTUITIVE MACHINES INC,25000,-90964,464K,-1.69M,-78.4%,<.01%
450913108,IAG,IAMGOLD CORP,241672,-90106,4.53M,-1.69M,-27.2%,0.05%
922042866,VPL,VANGUARD INTL EQUITY INDEX F,0,-18794,0,-1.7M,CLOSE,0%
46138E537,PZA,INVESCO EXCH TRADED FD TR II,0,-73390,0,-1.7M,CLOSE,0%
89677Q107,TCOM,TRIP COM GROUP LTD,0,-23800,0,-1.71M,CLOSE,0%
G2519Y108,BAP,CREDICORP LTD,0,-6059,0,-1.74M,CLOSE,0%
808524805,SCHF,SCHWAB STRATEGIC TR,0,-72978,0,-1.75M,CLOSE,0%
92790C104,VRDN,VIRIDIAN THERAPEUTICS INC,0,-56781,0,-1.77M,CLOSE,0%
45826J105,NTLA,INTELLIA THERAPEUTICS INC,75032,-141009,961.91K,-1.81M,-65.3%,0.01%
03524A108,BUD,ANHEUSER BUSCH INBEV SA/NV,0,-28316,0,-1.81M,CLOSE,0%
45826H109,ITGR,INTEGER HLDGS CORP,0,-23201,0,-1.82M,CLOSE,0%
12769G100,CZR,CAESARS ENTERTAINMENT INC NE,14554,-70070,384.66K,-1.85M,-82.8%,<.01%
808524888,SCHC,SCHWAB STRATEGIC TR,0,-41475,0,-1.89M,CLOSE,0%
464286640,ECH,ISHARES INC,56229,-47543,2.24M,-1.89M,-45.8%,0.03%
433921103,HIVE,HIVE DIGITAL TECHNOLOGIES LT,105365,-995323,200.19K,-1.89M,-90.4%,<.01%
75382E208,RAPT,RAPT THERAPEUTICS INC,0,-57590,0,-1.95M,CLOSE,0%
227046109,CROX,CROCS INC,5099,-23500,423.32K,-1.95M,-82.2%,<.01%
46434V803,HEFA,ISHARES TR,35914,-46047,1.53M,-1.96M,-56.2%,0.02%
464288885,EFG,ISHARES TR,0,-17322,0,-1.97M,CLOSE,0%
464287390,ILF,ISHARES TR,0,-64826,0,-1.97M,CLOSE,0%
666807102,NOC,NORTHROP GRUMMAN CORP,0,-3463,0,-1.97M,CLOSE,0%
25460E869,SPDN,DIREXION SHS ETF TR,0,-215757,0,-2.03M,CLOSE,0%
42824C109,HPE,HEWLETT PACKARD ENTERPRISE C,67559,-85853,1.61M,-2.04M,-56%,0.02%
518439104,EL,LAUDER ESTEE COS INC,0,-19623,0,-2.05M,CLOSE,0%
92189H839,BUZZ,VANECK ETF TRUST,0,-64000,0,-2.08M,CLOSE,0%
46137V134,PBW,INVESCO EXCHANGE TRADED FD T,0,-68933,0,-2.11M,CLOSE,0%
91307C102,UTHR,UNITED THERAPEUTICS CORP DEL,3544,-3578,2.1M,-2.12M,-50.2%,0.03%
776696106,ROP,ROPER TECHNOLOGIES INC,0,-4780,0,-2.13M,CLOSE,0%
46434V449,IMTM,ISHARES TR,0,-45076,0,-2.16M,CLOSE,0%
398182303,AHR,AMERICAN HEALTHCARE REIT INC,0,-46389,0,-2.18M,CLOSE,0%
46435G516,ESGD,ISHARES TR,0,-23092,0,-2.2M,CLOSE,0%
464288117,IGOV,ISHARES TR,0,-52829,0,-2.2M,CLOSE,0%
921943858,VEA,VANGUARD TAX-MANAGED FDS,0,-35514,0,-2.22M,CLOSE,0%
049468101,TEAM,ATLASSIAN CORPORATION,41846,-32712,2.86M,-2.23M,-43.9%,0.03%
00214Q302,ARKG,ARK ETF TR,0,-77072,0,-2.23M,CLOSE,0%
74347B201,TBT,PROSHARES TR,23921,-64055,840.58K,-2.25M,-72.8%,0.01%
464286871,EWH,ISHARES INC,0,-106231,0,-2.26M,CLOSE,0%
204448104,BVN,COMPANIA DE MINAS BUENAVENTU,7082,-63334,255.24K,-2.28M,-89.9%,<.01%
60770K107,MRNA,MODERNA INC,0,-78311,0,-2.31M,CLOSE,0%
808524755,FNDF,SCHWAB STRATEGIC TR,0,-51477,0,-2.33M,CLOSE,0%
443628102,HBM,HUDBAY MINERALS INC,547532,-112268,11.43M,-2.34M,-17%,0.14%
767204100,RIO,RIO TINTO PLC,0,-29397,0,-2.35M,CLOSE,0%
090040106,BILI,BILIBILI INC,0,-97068,0,-2.39M,CLOSE,0%
464287465,EFA,ISHARES TR,0,-25158,0,-2.42M,CLOSE,0%
78464A755,XME,SPDR SERIES TRUST,2743,-22371,296.27K,-2.42M,-89.1%,<.01%
G5960L103,MDT,MEDTRONIC PLC,0,-25213,0,-2.42M,CLOSE,0%
03945R102,ACHR,ARCHER AVIATION INC,280366,-473246,1.45M,-2.45M,-62.8%,0.02%
78464A516,BWX,SPDR SERIES TRUST,0,-108872,0,-2.45M,CLOSE,0%
375916103,GIL,GILDAN ACTIVEWEAR INC,0,-39682,0,-2.48M,CLOSE,0%
91823B109,UWMC,UWM HOLDINGS CORPORATION,0,-565925,0,-2.48M,CLOSE,0%
501044101,KR,KROGER CO,15326,-34321,1.11M,-2.48M,-69.1%,0.01%
74347G184,BITI,PROSHARES TR,0,-108120,0,-2.51M,CLOSE,0%
143130102,KMX,CARMAX INC,33437,-60343,1.39M,-2.51M,-64.3%,0.02%
767292105,RIOT,RIOT PLATFORMS INC,40245,-203745,497.43K,-2.52M,-83.5%,<.01%
925652109,VICI,VICI PPTYS INC,0,-89617,0,-2.52M,CLOSE,0%
46436E577,GOVZ,ISHARES TR,0,-272666,0,-2.52M,CLOSE,0%
26969P108,EXP,EAGLE MATLS INC,2922,-13481,553.57K,-2.55M,-82.2%,<.01%
37954Y855,LIT,GLOBAL X FDS,0,-39414,0,-2.56M,CLOSE,0%
477143101,JBLU,JETBLUE AWYS CORP,0,-562631,0,-2.56M,CLOSE,0%
86333M108,LRN,STRIDE INC,7396,-29437,652.11K,-2.6M,-79.9%,<.01%
828806109,SPG,SIMON PPTY GROUP INC NEW,0,-14341,0,-2.65M,CLOSE,0%
233051879,ASHR,DBX ETF TR,0,-81202,0,-2.67M,CLOSE,0%
74347W353,AGQ,PROSHARES TR II,0,-17492,0,-2.71M,CLOSE,0%
880881107,TERN,TERNS PHARMACEUTICALS INC,0,-67266,0,-2.72M,CLOSE,0%
G6700G107,NVT,NVENT ELECTRIC PLC,0,-26887,0,-2.74M,CLOSE,0%
37954Y236,DTCR,GLOBAL X FDS,17630,-114805,422.42K,-2.75M,-86.7%,<.01%
20825C104,COP,CONOCOPHILLIPS,0,-29970,0,-2.81M,CLOSE,0%
670346105,NUE,NUCOR CORP,1346,-16820,227.61K,-2.84M,-92.6%,<.01%
373737105,GGB,GERDAU SA,0,-784361,0,-2.89M,CLOSE,0%
456788108,INFY,INFOSYS LTD,0,-162570,0,-2.9M,CLOSE,0%
M46528101,FRO,FRONTLINE PLC,81776,-84684,2.85M,-2.95M,-50.9%,0.03%
03823U102,AAOI,APPLIED OPTOELECTRONICS INC,6677,-34994,564.81K,-2.96M,-84%,<.01%
46434G764,EMXC,ISHARES INC,0,-41664,0,-3.03M,CLOSE,0%
00130H105,AES,AES CORP,0,-213206,0,-3.06M,CLOSE,0%
60855R100,MOH,MOLINA HEALTHCARE INC,58256,-23095,7.77M,-3.08M,-28.4%,0.09%
771049103,RBLX,ROBLOX CORP,0,-38190,0,-3.09M,CLOSE,0%
73278L105,POOL,POOL CORP,2674,-15382,541.03K,-3.11M,-85.2%,<.01%
91733P107,USAR,USA RARE EARTH INC,0,-264574,0,-3.15M,CLOSE,0%
35834F104,TE,T1 ENERGY INC,0,-471779,0,-3.15M,CLOSE,0%
16935C109,CHYM,CHIME FINL INC,13946,-170803,261.21K,-3.2M,-92.5%,<.01%
632307104,NTRA,NATERA INC,0,-14079,0,-3.23M,CLOSE,0%
722304102,PDD,PDD HOLDINGS INC,18571,-31639,1.9M,-3.23M,-63%,0.02%
92189L103,ETHV,VANECK ETHEREUM TR,0,-76919,0,-3.34M,CLOSE,0%
74347R842,UWM,PROSHARES TR,0,-71119,0,-3.34M,CLOSE,0%
088606108,BHP,BHP GROUP LTD,0,-56192,0,-3.39M,CLOSE,0%
67079K100,SMR,NUSCALE PWR CORP,396610,-313047,4.3M,-3.39M,-44.1%,0.05%
46435G326,IDEV,ISHARES TR,0,-41421,0,-3.42M,CLOSE,0%
07725L102,ONC,BEONE MEDICINES LTD,0,-11334,0,-3.44M,CLOSE,0%
64110W102,NTES,NETEASE COM INC,9725,-31287,1.09M,-3.5M,-76.3%,0.01%
78464A698,KRE,SPDR SERIES TRUST,0,-55057,0,-3.57M,CLOSE,0%
12008R107,BLDR,BUILDERS FIRSTSOURCE INC,0,-34933,0,-3.59M,CLOSE,0%
016255101,ALGN,ALIGN TECHNOLOGY INC,0,-23391,0,-3.65M,CLOSE,0%
464288653,TLH,ISHARES TR,0,-36159,0,-3.68M,CLOSE,0%
74347G135,SDOW,PROSHARES TR,0,-115200,0,-3.68M,CLOSE,0%
72201R882,ZROZ,PIMCO ETF TR,0,-57331,0,-3.68M,CLOSE,0%
464289180,EUFN,ISHARES TR,6409,-107822,223.35K,-3.76M,-94.4%,<.01%
253393102,DKS,DICKS SPORTING GOODS INC,0,-19169,0,-3.79M,CLOSE,0%
87161C501,SNV,SYNOVUS FINL CORP,0,-75946,0,-3.8M,CLOSE,0%
88636X708,ULTY,TIDAL TRUST II,0,-101906,0,-3.8M,CLOSE,0%
25460G153,DPST,DIREXION SHS ETF TR,0,-38016,0,-3.84M,CLOSE,0%
496902404,KGC,KINROSS GOLD CORP,306300,-127400,9.33M,-3.88M,-29.4%,0.11%
53229C107,LSPD,LIGHTSPEED COMMERCE INC,0,-322000,0,-3.89M,CLOSE,0%
04626A103,ALAB,ASTERA LABS INC,14927,-35892,1.64M,-3.93M,-70.6%,0.02%
433313103,HNGE,HINGE HEALTH INC,0,-86168,0,-4M,CLOSE,0%
46436E338,TLTW,ISHARES TR,0,-177082,0,-4.01M,CLOSE,0%
349381103,FIGR,FIGURE TECHNOLOGY SOLUTIO,0,-98488,0,-4.02M,CLOSE,0%
464288224,ICLN,ISHARES TR,144137,-226719,2.64M,-4.15M,-61.1%,0.03%
952845105,WFG,WEST FRASER TIMBER CO LTD,0,-67800,0,-4.15M,CLOSE,0%
33733E302,FDN,FIRST TR EXCHANGE-TRADED FD,0,-15458,0,-4.16M,CLOSE,0%
18452B209,CLSK,CLEANSPARK INC,22926,-489028,195.1K,-4.16M,-95.5%,<.01%
194162103,CL,COLGATE PALMOLIVE CO,0,-52722,0,-4.17M,CLOSE,0%
78464A284,HYMB,SPDR SERIES TRUST,0,-169164,0,-4.22M,CLOSE,0%
68236H204,ONDS,ONDAS HLDGS INC,0,-434014,0,-4.24M,CLOSE,0%
19247G107,COHR,COHERENT CORP,0,-23033,0,-4.25M,CLOSE,0%
859241101,STRL,STERLING INFRASTRUCTURE INC,0,-14111,0,-4.32M,CLOSE,0%
294429105,EFX,EQUIFAX INC,0,-20107,0,-4.36M,CLOSE,0%
92206C847,VGLT,VANGUARD SCOTTSDALE FDS,0,-80371,0,-4.48M,CLOSE,0%
681919106,OMC,OMNICOM GROUP INC,7295,-59622,549.39K,-4.49M,-89.1%,<.01%
893641100,TDG,TRANSDIGM GROUP INC,0,-3420,0,-4.55M,CLOSE,0%
91917A207,WGMI,VALKYRIE ETF TRUST II,0,-119500,0,-4.57M,CLOSE,0%
25460G187,CWEB,DIREXION SHS ETF TR,0,-116061,0,-4.66M,CLOSE,0%
33734X184,FXU,FIRST TR EXCHANGE-TRADED FD,39149,-94173,1.94M,-4.67M,-70.6%,0.02%
46432F842,IEFA,ISHARES TR,0,-52360,0,-4.68M,CLOSE,0%
923725105,VET,VERMILION ENERGY INC,134200,-342678,1.84M,-4.71M,-71.9%,0.02%
92189F817,VNM,VANECK ETF TRUST,0,-251692,0,-4.8M,CLOSE,0%
37733W204,GSK,GSK PLC,8425,-87904,464.98K,-4.85M,-91.3%,<.01%
75734B100,RDDT,REDDIT INC,0,-21404,0,-4.92M,CLOSE,0%
01921D204,AAUC,ALLIED GOLD CORP,0,-217751,0,-4.99M,CLOSE,0%
92189F692,PPH,VANECK ETF TRUST,0,-48853,0,-5.04M,CLOSE,0%
820014405,SBET,SHARPLINK INC,73035,-802618,471.08K,-5.18M,-91.7%,<.01%
45073V108,ITT,ITT INC,0,-29998,0,-5.2M,CLOSE,0%
78464A888,XHB,SPDR SERIES TRUST,0,-50994,0,-5.25M,CLOSE,0%
629377508,NRG,NRG ENERGY INC,0,-33077,0,-5.27M,CLOSE,0%
143658300,CCL,CARNIVAL CORP,185544,-205421,4.8M,-5.32M,-52.5%,0.06%
03076C106,AMP,AMERIPRISE FINL INC,0,-10854,0,-5.32M,CLOSE,0%
464288877,EFV,ISHARES TR,0,-74866,0,-5.35M,CLOSE,0%
284902509,EGO,ELDORADO GOLD CORP NEW,0,-150200,0,-5.41M,CLOSE,0%
29355A107,ENPH,ENPHASE ENERGY INC,46329,-143602,1.75M,-5.43M,-75.6%,0.02%
670100205,NVO,NOVO-NORDISK A S,1027748,-149185,37.77M,-5.48M,-12.7%,0.45%
92189F411,BIZD,VANECK ETF TRUST,0,-391097,0,-5.55M,CLOSE,0%
74350P667,SDS,PROSHARES TR,0,-80989,0,-5.55M,CLOSE,0%
70450Y103,PYPL,PAYPAL HLDGS INC,0,-97479,0,-5.69M,CLOSE,0%
74350P659,SPXU,PROSHARES TR,0,-115583,0,-5.75M,CLOSE,0%
83406F102,SOFI,SOFI TECHNOLOGIES INC,0,-228892,0,-5.99M,CLOSE,0%
25459Y694,FAS,DIREXION SHS ETF TR,0,-36808,0,-6.2M,CLOSE,0%
152006102,CGAU,CENTERRA GOLD INC,219500,-356621,3.89M,-6.32M,-61.9%,0.05%
199908104,FIX,COMFORT SYS USA INC,5318,-4714,7.33M,-6.5M,-47%,0.09%
808524680,SCHQ,SCHWAB STRATEGIC TR,0,-207781,0,-6.59M,CLOSE,0%
020002101,ALL,ALLSTATE CORP,25833,-31866,5.36M,-6.61M,-55.2%,0.06%
863667101,SYK,STRYKER CORPORATION,0,-18958,0,-6.66M,CLOSE,0%
46138E511,PGX,INVESCO EXCH TRADED FD TR II,0,-600848,0,-6.75M,CLOSE,0%
091955104,ETHW,BITWISE ETHEREUM ETF,0,-318127,0,-6.77M,CLOSE,0%
N97284108,NBIS,NEBIUS GROUP N.V.,2112,-65542,219.14K,-6.8M,-96.9%,<.01%
75886F107,REGN,REGENERON PHARMACEUTICALS,18602,-9009,14.37M,-6.96M,-32.6%,0.17%
25460G138,TMF,DIREXION SHS ETF TR,0,-187401,0,-6.99M,CLOSE,0%
57060D108,MKTX,MARKETAXESS HLDGS INC,0,-39174,0,-7.1M,CLOSE,0%
74347X799,URTY,PROSHARES TR,0,-133571,0,-7.1M,CLOSE,0%
87422Q109,TLN,TALEN ENERGY CORP,0,-19467,0,-7.3M,CLOSE,0%
252131107,DXCM,DEXCOM INC,0,-109985,0,-7.3M,CLOSE,0%
H1467J104,CB,CHUBB LIMITED,0,-23768,0,-7.42M,CLOSE,0%
92204A876,VPU,VANGUARD WORLD FD,41157,-38458,8.15M,-7.62M,-48.3%,0.1%
35671D857,FCX,FREEPORT MCMORAN INC,153721,-131735,9.04M,-7.74M,-46.1%,0.11%
37954Y343,MLPA,GLOBAL X FDS,0,-160544,0,-7.77M,CLOSE,0%
92189F676,SMH,VANECK ETF TRUST,0,-21945,0,-7.9M,CLOSE,0%
26875P101,EOG,EOG RES INC,0,-76547,0,-8.04M,CLOSE,0%
36317J209,GLXY,GALAXY DIGITAL INC.,0,-362590,0,-8.13M,CLOSE,0%
83304A106,SNAP,SNAP INC,0,-1007016,0,-8.13M,CLOSE,0%
97717W851,DXJ,WISDOMTREE TR,0,-56373,0,-8.13M,CLOSE,0%
26922A420,QTUM,ETF SER SOLUTIONS,16826,-77802,1.81M,-8.35M,-82.2%,0.02%
25460G195,YINN,DIREXION SHS ETF TR,0,-197493,0,-8.41M,CLOSE,0%
92864M301,BITX,VOLATILITY SHS TR,0,-306863,0,-8.51M,CLOSE,0%
46120E602,ISRG,INTUITIVE SURGICAL INC,0,-15182,0,-8.6M,CLOSE,0%
25490K596,NAIL,DBX ETF TR,0,-175961,0,-8.73M,CLOSE,0%
30212P303,EXPE,EXPEDIA GROUP INC,0,-31803,0,-9.01M,CLOSE,0%
84858T772,EUAD,SPINNAKER ETF SERIES,0,-217463,0,-9.16M,CLOSE,0%
336433107,FSLR,FIRST SOLAR INC,0,-35214,0,-9.2M,CLOSE,0%
36118L106,FUTU,FUTU HLDGS LTD,66223,-67272,9.06M,-9.2M,-50.4%,0.11%
243537107,DECK,DECKERS OUTDOOR CORP,18999,-92029,1.9M,-9.21M,-82.9%,0.02%
911312106,UPS,UNITED PARCEL SVCS INC,64459,-94100,6.34M,-9.26M,-59.3%,0.08%
45104G104,IBN,ICICI BANK LIMITED,0,-333495,0,-9.94M,CLOSE,0%
844741108,LUV,SOUTHWEST AIRLS CO,0,-252452,0,-10.43M,CLOSE,0%
78464A664,SPTL,SPDR SERIES TRUST,0,-395726,0,-10.47M,CLOSE,0%
464288828,IHF,ISHARES TR,21848,-251511,914.34K,-10.53M,-92%,0.01%
46434G772,EWT,ISHARES INC,0,-168921,0,-10.73M,CLOSE,0%
02376R102,AAL,AMERICAN AIRLINES GROUP INC,946791,-1045431,10.17M,-11.23M,-52.5%,0.12%
78464A714,XRT,SPDR SERIES TRUST,0,-131999,0,-11.26M,CLOSE,0%
35473P744,FLJP,FRANKLIN TEMPLETON ETF TR,0,-328176,0,-11.31M,CLOSE,0%
62944T105,NVR,NVR INC,7255,-1747,47.81M,-11.51M,-19.4%,0.57%
231021106,CMI,CUMMINS INC,9242,-21567,4.97M,-11.6M,-70%,0.06%
871607107,SNPS,SYNOPSYS INC,0,-25265,0,-11.87M,CLOSE,0%
78468R788,SPYD,SPDR SERIES TRUST,0,-286681,0,-12.4M,CLOSE,0%
40412C101,HCA,HCA HEALTHCARE INC,0,-27020,0,-12.61M,CLOSE,0%
464288752,ITB,ISHARES TR,0,-133362,0,-12.84M,CLOSE,0%
46137V100,PPA,INVESCO EXCHANGE TRADED FD T,0,-82136,0,-12.86M,CLOSE,0%
46138E800,CQQQ,INVESCO EXCH TRADED FD TR II,0,-253407,0,-13.18M,CLOSE,0%
882508104,TXN,TEXAS INSTRS INC,0,-77785,0,-13.49M,CLOSE,0%
91912E105,VALE,VALE S A,214494,-849501,3.41M,-13.52M,-79.8%,0.04%
26740W109,QBTS,D-WAVE QUANTUM INC,145767,-975035,2.1M,-14.07M,-87%,0.03%
706327103,PBA,PEMBINA PIPELINE CORP,0,-381300,0,-14.55M,CLOSE,0%
46434G780,EWS,ISHARES INC,43789,-515686,1.24M,-14.55M,-92.2%,0.01%
30231G102,XOM,EXXON MOBIL CORP,0,-125935,0,-15.16M,CLOSE,0%
09075V102,BNTX,BIONTECH SE,0,-160464,0,-15.28M,CLOSE,0%
00214Q203,ARKQ,ARK ETF TR,18474,-138326,2.08M,-15.55M,-88.2%,0.02%
81141R100,SE,SEA LTD,247225,-191035,20.47M,-15.82M,-43.6%,0.24%
14448C104,CARR,CARRIER GLOBAL CORPORATION,56828,-282858,3.2M,-15.93M,-83.3%,0.04%
26922A842,JETS,ETF SER SOLUTIONS,0,-571861,0,-16.05M,CLOSE,0%
46438R105,ETHA,ISHARES ETHEREUM TR,0,-723641,0,-16.23M,CLOSE,0%
884903808,TRI,THOMSON REUTERS CORP,182200,-190500,16.39M,-17.14M,-51.1%,0.2%
00162Q452,AMLP,ALPS ETF TR,146924,-329568,7.73M,-17.35M,-69.2%,0.09%
060505104,BAC,BANK AMERICA CORP,0,-316433,0,-17.4M,CLOSE,0%
580135101,MCD,MCDONALDS CORP,0,-56989,0,-17.42M,CLOSE,0%
03027X100,AMT,AMERICAN TOWER CORP NEW,0,-99316,0,-17.44M,CLOSE,0%
76655K103,RGTI,RIGETTI COMPUTING INC,951705,-1254238,13.36M,-17.61M,-56.9%,0.16%
00217D100,ASTS,AST SPACEMOBILE INC,0,-245194,0,-17.81M,CLOSE,0%
15101Q207,CLS,CELESTICA INC,155403,-65693,43.72M,-18.48M,-29.7%,0.52%
056752108,BIDU,BAIDU INC,0,-145847,0,-19.06M,CLOSE,0%
464287184,FXI,ISHARES TR,0,-513093,0,-19.65M,CLOSE,0%
25459W847,TNA,DIREXION SHARES ETF TRUST,24467,-456851,1.08M,-20.16M,-94.9%,0.01%
247361702,DAL,DELTA AIR LINES INC DEL,0,-294585,0,-20.44M,CLOSE,0%
09290D101,BLK,BLACKROCK INC,52667,-22119,50.65M,-21.27M,-29.6%,0.6%
04016X101,ARGX,ARGENX SE,0,-25399,0,-21.36M,CLOSE,0%
37960A529,SHLD,GLOBAL X FDS,0,-330671,0,-21.42M,CLOSE,0%
040413205,ANET,ARISTA NETWORKS INC,0,-170693,0,-22.37M,CLOSE,0%
15135U109,CVE,CENOVUS ENERGY INC,180837,-845663,4.78M,-22.38M,-82.4%,0.06%
M3760D101,ESLT,ELBIT SYS LTD,10587,-27534,8.99M,-23.38M,-72.2%,0.11%
464286400,EWZ,ISHARES INC,0,-738901,0,-23.47M,CLOSE,0%
14149Y108,CAH,CARDINAL HEALTH INC,0,-115861,0,-23.81M,CLOSE,0%
46429B671,MCHI,ISHARES TR,0,-400784,0,-24.08M,CLOSE,0%
05534B760,BCE,BCE INC,3255392,-973267,81.88M,-24.48M,-23%,0.97%
550021109,LULU,LULULEMON ATHLETICA INC,76749,-160046,11.75M,-24.5M,-67.6%,0.14%
742718109,PG,PROCTER AND GAMBLE CO,0,-173036,0,-24.8M,CLOSE,0%
038169207,APLD,APPLIED DIGITAL CORP,0,-1015481,0,-24.9M,CLOSE,0%
92840M102,VST,VISTRA CORP,121493,-165793,18.26M,-24.92M,-57.7%,0.22%
21873S108,CRWV,COREWEAVE INC,2903,-338316,224.9K,-26.21M,-99.1%,<.01%
084670702,BRK.B,BERKSHIRE HATHAWAY INC DEL,47790,-56059,22.9M,-26.86M,-54%,0.27%
351858105,FNV,FRANCO NEV CORP,0,-130600,0,-27.11M,CLOSE,0%
00214Q104,ARKK,ARK ETF TR,19659,-402945,1.33M,-27.24M,-95.3%,0.02%
620076307,MSI,MOTOROLA SOLUTIONS INC,0,-71441,0,-27.38M,CLOSE,0%
11777Q209,BTG,B2GOLD CORP,2101205,-6089555,9.52M,-27.58M,-74.3%,0.11%
G29183103,ETN,EATON CORP PLC,0,-88859,0,-28.3M,CLOSE,0%
37045V100,GM,GENERAL MTRS CO,0,-349222,0,-28.4M,CLOSE,0%
92537N108,VRT,VERTIV HOLDINGS CO,0,-176669,0,-28.62M,CLOSE,0%
81369Y407,XLY,SELECT SECTOR SPDR TR,0,-248060,0,-29.62M,CLOSE,0%
01609W102,BABA,ALIBABA GROUP HLDG LTD,0,-206606,0,-30.28M,CLOSE,0%
92189H805,REMX,VANECK ETF TRUST,87848,-346645,7.73M,-30.5M,-79.8%,0.09%
00724F101,ADBE,ADOBE INC,144757,-128325,35.19M,-31.19M,-47%,0.42%
494368103,KMB,KIMBERLY-CLARK CORP,0,-314600,0,-31.74M,CLOSE,0%
921910709,EDV,VANGUARD WORLD FD,0,-489400,0,-31.82M,CLOSE,0%
009066101,ABNB,AIRBNB INC,39417,-252328,4.98M,-31.86M,-86.5%,0.06%
92826C839,V,VISA INC,74368,-106486,22.48M,-32.18M,-58.9%,0.27%
03831W108,APP,APPLOVIN CORP,0,-49484,0,-33.34M,CLOSE,0%
910047109,UAL,UNITED AIRLS HLDGS INC,0,-305389,0,-34.15M,CLOSE,0%
46641Q217,BBJP,J P MORGAN EXCHANGE TRADED F,0,-536708,0,-35.37M,CLOSE,0%
09175A206,BMNR,BITMINE IMMERSION TECNOLOGIE,322913,-1789254,6.39M,-35.39M,-84.7%,0.08%
773121108,RKLB,ROCKET LAB CORP,7625,-605601,489.68K,-38.89M,-98.8%,<.01%
87612E106,TGT,TARGET CORP,258024,-324399,31.27M,-39.32M,-55.7%,0.37%
82509L107,SHOP,SHOPIFY INC,23600,-334100,2.79M,-39.52M,-93.4%,0.03%
594972408,MSTR,STRATEGY INC,419224,-337042,52.32M,-42.06M,-44.6%,0.62%
N82405106,STLA,STELLANTIS N.V,7896577,-6328993,55.14M,-44.19M,-44.5%,0.66%
464288760,ITA,ISHARES TR,17410,-202473,3.81M,-44.29M,-92.1%,0.05%
345370860,F,FORD MTR CO,65289,-4112969,753.43K,-47.46M,-98.4%,<.01%
G54950103,LIN,LINDE PLC,52606,-105132,26.08M,-52.12M,-66.6%,0.31%
867224107,SU,SUNCOR ENERGY INC NEW,666500,-802849,43.94M,-52.93M,-54.6%,0.52%
337738108,FISV,FISERV INC,234270,-950844,13.07M,-53.06M,-80.2%,0.16%
911363109,URI,UNITED RENTALS INC,0,-66924,0,-54.16M,CLOSE,0%
06849F108,B,BARRICK MNG CORP,1037703,-1338048,42.3M,-54.54M,-56.3%,0.5%
69608A108,PLTR,PALANTIR TECHNOLOGIES INC,234914,-380373,34.36M,-55.64M,-61.8%,0.41%
21037T109,CEG,CONSTELLATION ENERGY CORP,0,-174491,0,-61.64M,CLOSE,0%
81762P102,NOW,SERVICENOW INC,260249,-627050,27.21M,-65.56M,-70.7%,0.32%
46625H100,JPM,JPMORGAN CHASE & CO,103990,-226175,30.59M,-66.53M,-68.5%,0.36%
063671101,BMO,BANK MONTREAL MEDIUM,11100,-496682,1.5M,-67.06M,-97.8%,0.02%
L8681T102,SPOT,SPOTIFY TECHNOLOGY S A,0,-124470,0,-72.28M,CLOSE,0%
79466L302,CRM,SALESFORCE INC,55243,-396124,10.31M,-73.94M,-87.8%,0.12%
46434G822,EWJ,ISHARES INC,0,-992110,0,-80.1M,CLOSE,0%
595112103,MU,MICRON TECHNOLOGY INC,575592,-247404,194.46M,-83.58M,-30.1%,2.3%
464287432,TLT,ISHARES TR,0,-1004367,0,-87.54M,CLOSE,0%
500767306,KWEB,KRANESHARES TRUST,0,-2688631,0,-91.55M,CLOSE,0%
02079K107,GOOG,ALPHABET INC,86088,-332214,24.7M,-95.3M,-79.4%,0.29%
007903107,AMD,ADVANCED MICRO DEVICES INC,916342,-468556,186.41M,-95.32M,-33.8%,2.2%
22160K105,COST,COSTCO WHOLESALE CORPORATION,7645,-100079,7.62M,-99.72M,-92.9%,0.09%
29250N105,ENB,ENBRIDGE INC,0,-2206300,0,-105.72M,CLOSE,0%
Q4982L109,IREN,IREN LIMITED,0,-2870637,0,-108.42M,CLOSE,0%
539830109,LMT,LOCKHEED MARTIN CORP,101320,-188418,61.24M,-113.88M,-65%,0.73%
58733R102,MELI,MERCADOLIBRE INC,0,-61787,0,-124.46M,CLOSE,0%
532457108,LLY,ELI LILLY & CO,66997,-148867,61.62M,-136.92M,-69%,0.73%
008474108,AEM,AGNICO EAGLE MINES LTD,0,-838500,0,-142.38M,CLOSE,0%
09857L108,BKNG,BOOKING HOLDINGS INC,0,-26602,0,-142.46M,CLOSE,0%
874039100,TSM,TAIWAN SEMICONDUCTOR MFG LTD,0,-494492,0,-150.27M,CLOSE,0%
64110L106,NFLX,NETFLIX INC,0,-1669122,0,-156.5M,CLOSE,0%
136375102,CNI,CANADIAN NATL RY CO,452000,-1809305,46.37M,-185.63M,-80%,0.55%
36828A101,GEV,GE VERNOVA INC,35228,-234451,30.75M,-204.65M,-86.9%,0.37%
80004C200,SNDK,SANDISK CORP,296400,-543107,188.31M,-345.06M,-64.7%,2.2%
Total,,,,,8.4B,-1.42B,-14.5%,100%
